SN,category,headline,date,content,keywords,link
1,science,"Indian-American astronaut Raja Chari to conduct first spacewalk today, upgrade solar panels","(15, 3, 2022)","Indian-American astronaut Raja Chari, who arrived on the Space Station last year will walk out of the safety of the airlock into the vacuum of space to conduct his first spacewalk. He will be joined by Flight Engineers Kayla Barron as they upgrade the International Space Station, whose services have been extended till 2030.

The two astronauts will remain in the vacuum of space for nearly 6.5 hours on Tuesday as they prepare the Space Station for upgrades to the solar panels that power it up. Nasa said that the duo will exit Quest, then translate over to the Starboard-4 truss structure and install modification kits that will ready the space station for its third roll-out solar array.Both Chari and Barron had been preparing for the spacewalk for over a week and had readied their spacesuits and placed their spacewalk tools inside Quest. The green signal was given by Nasa after the final procedures review and a conference with specialists on the ground.Watch spacewalk LIVE HereNasa has planned for the installation of six ISS Roll-Out Solar Arrays (iROSA) that will soak up the energy of the Sun to provide electrical power for the numerous research and science investigations conducted every day. The new panels will give the aging station a much-needed electrical boost, as demand for experiments and space tourists grows. The new panels will increase the station’s total available power from 160 kilowatts to a maximum of 215 kilowatts.While Chari and Barron will be outside the Space Station, astronauts Thomas Marshburn and Matthias Maurer will help the spacewalkers in and out of their suits and monitor and guide them during the exterior maintenance job. While it is the maiden spacewalk for Chari, it will be the second for Barron.Astronaut Raja Chari was selected as the commander of the Crew-3 mission to the International Space Station in 2020 and launched to the flying outpost a year later. A colonel in the US Air Force, Chari was selected to be an astronaut in 2017. Chari has accumulated more than 2,500 hours of flight time in his career. He was also selected as a member of the Artemis Team and is eligible for assignment to a future lunar mission.His father, Srinivas Chari, left for the US from Hyderabad at a young age for an engineering degree.The spacewalk comes amid an ongoing tension between the US, Europe, and Russia over Ukraine that has sparred into space cooperation with all of them imposing sanctions against each other on the ground. Nasa will conduct the second walk of the month on March 23, where astronauts will conduct repairing and maintenance work on the ISS.",NA,https://www.indiatoday.in/science/story/nasa-spacewalk-space-station-raja-chari-solar-panel-repairs-live-1925641-2022-03-15
2,science,Illumina launches multiple-gene test to spot rare treatable cancers,"(15, 3, 2022)","Genome sequencing group Illumina on Tuesday launched a cancer test in Europe that checks for a wide range of tumour genes in one tissue sample, potentially helping patients with rare diseases to be matched up with treatment options.

The test, which Illumina says scans for more mutations than any available kits, comes amid drug industry efforts to develop precision oncology drugs for ever smaller patient groups defined by a genetic profile. This has created pent-up demand for more sophisticated diagnostic tools.Illumina's TruSight Oncology Comprehensive test kit scans for 517 cancer-relevant genes across nearly 30 solid tumour types, it said in a statement.For instance, it reads out a patient's mutational burden score and microsatellite instability status, which cancer researchers have said indicate the need to be given immune drugs such as Merck & Co's Keytruda.Also included is the TRK mutation, which is a genetic driver in less than 1% of cancers and, due to its rarity, often goes untested even though Bayer's Vitrakvi and Roche's Rozlytrek are available as approved treatments.Bayer has said it was struggling to encourage physicians to diagnose patients that qualify for the niche drug.""Consolidating all of the critical biomarkers into a single comprehensive test improves the chances of identifying treatment options that would otherwise require time-consuming sequential gene tests from multiple biopsy procedures,"" Illumina said.The launch comes as Illumina is struggling to win over EU antitrust regulators for its planned $8 billion bid for Grail Inc (GRAL.O), which is working on blood tests to diagnose early stage cancers. read moreIllumina said it was preparing to file for U.S. regulatory approval for the test kit later this year.Access to the European medical devices and diagnostics market is easier because manufacturers routinely go through a process of self-certifying that their products function as stated, without a regulator as gate-keeper.",NA,https://www.indiatoday.in/science/story/illumina-launches-multiple-gene-test-to-spot-rare-treatable-cancers-1925596-2022-03-15
3,science,"Putin can bring his bear, says Elon Musk in fresh challenge for a fight","(15, 3, 2022)","SpaceX chief Elon Musk wants to fight Vladimir Putin. Yes, you read that right. The billionaire techno king on Monday said that he wants to battle it out with the Russian President as Moscow continues to invade Ukraine for the third week now. Musk in a tweet said, ""I hereby challenge Vladimir Putin to single combat.""

However, before Putin, it seems Musk will have to face Russian space agency Dmitry Rogozin, who responded to the challenge by saying that ""You, little devil, are still young, compete with me weak.""Quoting the Russian poet Alexander Pushkin, Rogozin said, ""You, little devil, are still young, Compete with me weak. It would only be a waste of time. Overtake my brother first."", , ,;.- .. . "" "" https://t.co/KuR328iH20— (@Rogozin) March 14, 2022
Musk responded to the challenge by sharing a meme of him with a flame thrower against a picture showing Russian President Vladimir Putin riding a bear. Musk said, ""I see you are a tough negotiator! Ok, you can have 10% more pay per view money. He can even bring his bear.""Musk has been in the spotlight after his company provided internet coverage using its constellation of Starlink satellites as Russian fighters and missiles bombarded Ukrainian cities. Ukrainian president Volodymyr Zelenskiy spoke to Musk and announced the country would receive more of its Starlink satellite internet terminals.I see you are a tough negotiator!Ok, you can have 10% more pay per view money. pic.twitter.com/Nrbkz9IsTP— Elon Musk (@elonmusk) March 15, 2022
The billionaire entrepreneur had previously delivered Starlink broadband internet service to the war-hit Ukraine on February 27. He had tweeted saying, ""The Starlink service is now active in Ukraine. More terminals en route.” Starlink currently operates a constellation of more than 2,000 satellites that aim to provide satellite-based internet access across the planet.Russia invaded Ukraine on February 24, after President Vladimir Putin authorised what he called a special military operation to ""demilitarise and denazify"" Ukraine. The UN has recorded at least 596 civilian deaths since the invasion, though it believes the true toll is much higher. Millions more people have fled their homes, with more than 2.8 million crossing into Poland and other neighboring countries.","['Elon Musk', ' Vladimir Putin', ' SpaceX', ' Roscosmos', ' Ukraine war', ' Ukraine invasion', ' Science News', ' India Today Science']",https://www.indiatoday.in/science/story/elon-musk-vladimir-putin-russia-ukraine-war-dmitry-rogozin-spacex-starlink-1925593-2022-03-15
4,science,"You cannot function on your own, says Nasa on Russian threats of crashing Space Station","(15, 3, 2022)","Weeks after Russian space agency chief Dmitry Rogozin warned of crashing the International Space Station, Nasa has said that they cannot just separate and go on their own way since both the US and Russian segments are interdependent on each other for survival on board the Space Station.

""The international Space Sation was designed to be interdependent, and together we work, it's not a process where one group can separate and function,"" Joel Montalbano, manager of NASA's International Space Station (ISS) program said during a news briefing on Tuesday.The statement comes in the backdrop of Roscosmos chief warning the western nations over sanctions, saying the Russian segment of the station -- which helps correct its orbit -- could be affected, causing the 500-tonne structure to ""fall down into the sea or onto land.""US, RUSSIA INTERDEPENDENT FOR SURVIVALThe International Space Station, which currently has seven astronauts from the US, Europe, and Russian descent has remained the epitome of cooperation for over three decades now. The flying outpost has been designed keeping in mind the interdependency between space agencies that also includes the Canadian Space Agency. The International Space Station. (Photo: Nasa)The interdependency is so much that the US relies on Russia's propellant for collision avoidance in space and thruster controls for conducting spacewalks, dockings of spacecraft, and adjusting altitude for events including flybys. Meanwhile, the Russian segment is dependent on the US for excess power and augmenting communications.Russia has been warning the US of walking out of the Space Station as it looks to design its own outpost like China in microgravity. A propaganda video released days ago showed cosmonauts detaching the Russian segment from the Space Station and moving away.A GAME OF SANCTIONSThe decade-long space collaboration between the US, Europe, and Russia faltered a day after Moscow invaded Ukraine despite stern warnings from western nations. U.S. President Joe Biden announced high-tech export restrictions on President Vladimir Putin's government on February 24 saying they were designed to ""degrade"" Russia's aerospace industry, including its space program. Russian space agency chief Dmitry Rogozin. (Photo: Reuters)A week later, Moscow retaliated by announcing it would stop supplying or servicing Russian-made rocket engines used by two American aerospace companies doing business with NASA. Roscosmos chief then warned that if Washington blocks cooperation, ""Who will save the space station from an uncontrolled deorbit?""""There is also the option of dropping a 500-ton structure to India and China. Do you want to threaten them with such a prospect? The ISS does not fly over Russia, so all the risks are yours. Are you ready for them?"" the Russian space agency chief said in a tweet. Since then, Europe, Britain, and Germany have also stopped cooperating with Moscow.Despite the sanctions and verbal war between Russia and the West, Nasa said that the US, Russia have continued with works around utilisation research program, technology development, Earth orbit commercialisation, and nothing has changed in the last three weeks. ""We are not seeing any impact on what's happening in the world,"" Montalbano said.",NA,https://www.indiatoday.in/science/story/us-russia-sanctions-ukraine-space-station-nasa-roscosmos-iss-biden-putin-1925563-2022-03-15
5,science,"UN gathers countries to save planet's biodiversity, stop extinction of vulnerable species","(15, 3, 2022)","Nearly all the world’s countries kicked off a UN-backed meeting Monday aimed at preventing the loss of biodiversity — seen as critical to avoiding the extinction of many vulnerable species, the emergence of pathogens like the coronavirus, and the damage to both lives and livelihoods of people around the world, Indigenous peoples in particular.

The two-week meeting of over 190 countries on the Convention on Biological Diversity, after a two-year delay due to the COVID-19 pandemic, will be the last gathering of its kind before a major conference in the coming months in Kunming, China, that will try to adopt an international agreement on protecting biodiversity.“We have this one goal, which is to bend the curve on biodiversity loss and really to build that shared future to live in harmony with nature in the long term,” the convention’s executive secretary, Elizabeth Maruma Mrema, told reporters Monday.Possible diplomatic fallout from Russia’s invasion of Ukraine lurked in the background — potentially denting any prospects of global unity on the issue. Russian delegates who had planned to attend had their travel plans canceled amid the closure of much of Europe’s airspace to flights from Russia after the invasion, organizers said, expressing hopes that Russian diplomats based in Geneva would nevertheless participate.An intergovernmental, science-based assessment of biodiversity worldwide three years ago cited a decline of nature at unprecedented rates and an acceleration of the extinction of species — with up to a million species facing possible disappearance in the coming decades.The U.S.-based Campaign For Nature says a major theme in Geneva will be a target to protect and conserve at least 30 percent of the world’s lands, inland waters and oceans to help stanch habitat loss, the “overexploitation” of nature by people and businesses, and the emergence of pathogens that thrive off upheaval in the environment.Convention managers point to five drivers of biodiversity loss: Changes to the use of land and sea; unsustainable exploitation through activities like agriculture; climate change; pollution; and the spread of invasive alien species into new habitats. Indirectly, it says, unsustainable production and consumption also play a role.Mrema said one key issue will be efforts toward repurposing and redirecting harmful subsidies — to the tune of some $500 billion per year currently — and how “these financial flows can move away from nature-negative to biodiversity-positive outcomes.” A draft proposal for the framework to be adopted in China would aim to require that $700 billion would be put into sustaining or improving biodiversity. The issue of reducing pollution from plastics is also part of the draft, she said.",NA,https://www.indiatoday.in/environment/story/un-gathers-countries-to-save-planet-s-biodiversity-stop-extinction-of-vulnerable-species-1925546-2022-03-15
6,science,Order arriving! Startup develops suitcase to deliver goods around the world from space,"(15, 3, 2022)","From packers and movers to cargo aircraft to drone deliveries, the world is headed in a new direction for the doorstep delivery of goods. A new startup company has bigger plans than a plane and a drone -- a space capsule to deliver goods across the world. Dubbed Inversion, the year-old company is developing a capsule to deliver goods anywhere in the world from outer space.

Based in Los Angeles, the startup raised $10 million in 2021 in seed funding to develop a re-entry capsule to return goods from space to Earth. The company wants to build the first high cadence return vehicle for the commercial and defense industries that can provide global delivery of supplies and aid Space Station resupply and return.The company has developed a reusable capsule that will be capable of conducting round trips to space and not only returning but also delivering goods to the International Space Station. With Nasa planning to ramp up launches and private players emerging as the drivers of space exploration in the new decade, the reusable capsule could find a major chunk of business in the new space market.The company is working to develop a capsule four feet in diameter that will carry a payload equivalent to the size of a few carry-on suitcases. The planned timeline for the development is 2025, however, before that, the engineers are testing 1.5-foot diameter capsule dubbed Ray that will act as a technology demonstrator. Inversion recently conducted a parachute test for Ray. (Photo: Inversion)Inversion recently conducted a parachute test for Ray, when it tossed the saucer-like object out of an aircraft flying at 30,000 feet. When fully developed, the spacecraft will hit Earth's upper atmosphere 25 times as fast as the speed of sound, relying on those parachutes for a soft landing.The company told The New York Times that once in orbit, the capsule could navigate itself to a private commercial space station or stay in orbit powered by solar panels until commanded to return to earth. Inversion will demonstrate the technology with a small capsule in 2023.With private players entering the space arena and launch costs going down, the company is hopeful that they will one day be able to launch and maintain hundreds or thousands of containers in orbit for a period of up to five years. The demand for cargo transporters to space are set to boost as private space stations comes up in Low Earth Orbit.Inversion hopes to pitch to both private and government based on requirements and the capsule has been designed to be able to launch on any commercial vehicle.",NA,https://www.indiatoday.in/science/story/order-arriving-startup-develops-suitcase-to-deliver-goods-around-the-world-from-space-1925511-2022-03-15
7,science,"Bezos' Blue Origin to conduct first launch of 2022 on March 23, send 6 tourists to space","(15, 3, 2022)","After successfully completing three private flights to space, Blue Origin is set to conduct the first tourist launch of 2022. The Jeff Bezos founded company will launch Saturday Night Live's Pete Davidson and five others on a brief suborbital flight to space on March 23 on its New Shepard spacecraft.

The fourth crewed flight for New Shepard will be the 20th in its history of development as it launches from Launch Site One in West Texas at 8:30 am CDT (7:00 PM IST). Blue Origin flights give passengers a few minutes of weightlessness above the Earth’s surface before the capsule parachutes and lands in the West Texas desert. The company has not disclosed the ticket price for paying customers.Davidson is not the first celebrity to be flown to space by Blue Origin, William Shatner was on a flight in October, blasting off from West Texas and reaching a height of roughly 100 kilometers above Earth on the 10-minute jaunt. Former NFL great and “Good Morning America” co-host Michael Strahan flew on Blue Origin’s second passenger flight in December, joining astronaut Alan Shepard’s daughter on the journey. Bezos, the founder of Amazon, flew on the company’s first passenger flight last July. 14 humans had brief suborbital flights on Blue Origin’s New Shepard spacecraft last year. (File Pic)WHO IS FLYING TO SPACE WITH BLUE ORIGIN?Saturday Night Live star Pete Davidson is among the six passengers on the next launch of Jeff Bezos’ space travel venture. He joined the cast of Saturday Night Live in 2014. In 2020, he co-wrote and starred in the semi-autobiographical film The King of Staten Island and also appeared in the 2021 film The Suicide Squad directed by James Gunn.The other passengers on next week’s flight are CEO and investor Marty Allen; Sharon and Marc Hagle; teacher and entrepreneur Jim Kitchen and George Nield, a former Nasa manager who has worked to promote commercial spaceflight. Marc Hagle is CEO of the commercial and residential property company Tricor International. His wife, Sharon Hagle, founded SpaceKids Global, a nonprofit aimed at inspiring children about spaceflight. The crew of New Shepard mission set to launch on March 23. (Photo: Blue Origin)DEMAND RISING14 humans had brief suborbital flights on Blue Origin’s New Shepard spacecraft last year. In a presentation at the 24th Annual FAA Commercial Space Transportation Conference, Blue Origin said that it saw robust demand for suborbital flights. “The market is robust. It’s very robust. The challenge for Blue at this point is that we’re actually supply-limited. No business ever wants to be supply-limited when there’s robust demand,"" Bob Smith, chief executive of Blue Origin said.The company has said that it will ramp up flights this year amid competition from SpaceX and Virgin Galactic. In a bid to increase the number of flights, the company is also looking at introducing a new vehicle to launch more frequently than before. The first flight of 2022 will set the stage for the company to push further as it looks to capture the emerging pace tourism market.",NA,https://www.indiatoday.in/science/story/blue-origin-new-shepard-launch-snl-pete-davidson-jeff-bezos-space-tourism-1925475-2022-03-15
8,science,"Amid sanctions, American astronaut Mark Vande Hei to return to Earth on Russian spacecraft","(15, 3, 2022)","With Russia, Europe, and the US embroiled in a game of sanctions over Moscow's invasion of Ukraine, not all hope seems to be lost as the two countries are looking to cooperate on the International Space Station. When US astronaut Mark Vande Hei launched into space a year ago, the relations between the US and Russia, while not the best, were still smooth. A year later, as he plans to return, it's going to be the trickiest assignment riding a Russian capsule amid a major break in ties on the ground.

The astronaut is scheduled to return home on a Russian Soyuz later this month and Nasa has said that the plans remain unchanged as it maneuvers the intricacies of diplomacy between the two nuclear-powered nations going all out against each other over Ukraine. Experts are worried that the break-in ties between the US and Russia in space cooperation could push back decades of development.Vande Hei broke the US single spaceflight record of 340 days will depart from the flying outpost with two Russians aboard a Soyuz capsule for a touchdown in Kazakhstan on March 30. When he returns, he will have successfully logged 355 days in space, setting a new US record. The world record of 438 continuous days in space belongs to Russia. Astronaut and Expedition 65 Flight Engineer Mark Vande Hei sets up the International Space Station's exercise bicycle. (Photo: AP)Vande Hei flew to the orbital outpost aboard a Russian Soyuz spacecraft launched last April from Baikonur.“We need an example set that two countries that historically have not been on the most friendly of terms, can still work somewhere peacefully. And that somewhere is the International Space Station. That’s why we need to fight to keep it,"" Retired Nasa astronaut Scott Kelly told the Associated Press.Joel Montalbano, manager of Nasa's International Space Station (ISS) program, said US-Russian cooperation aboard the orbital research outpost, currently home to four Americans, two Russians, and one German from the European Space Agency, remained free of tension. ""We both need each other to operate the International Space Station,"" Montalbano told a news briefing. Astronaut Mark Vande Hei performs a spacewalk to lubricate the Canadarm2. (Photo: AP)""When you're in space, there are no borders. You don't see country lines or state lines. The teams continue to work together. Are they aware of what's going on Earth? Absolutely. But the teams are professional. They've trained to do a job, and they're going to do that job,"" Montalbano said when asked whether escalating geopolitical tensions over Putin's invasion of Ukraine might spill over to undermine morale or US-Russian cooperation.The durability of longstanding US-Russian collaboration in space was called into question last month when Dmitry Rogozin, head of Russia's space agency, Roscosmos, suggested US sanctions imposed against Moscow over the Ukraine crisis could ""destroy"" ISS teamwork and lead to the demise of the space station itself.",NA,https://www.indiatoday.in/science/story/amid-sanctions-american-astronaut-mark-vande-hei-to-return-to-earth-on-russian-spacecraft-1925460-2022-03-15
9,science,Isro successfully tests boosters that will power Small Satellite Launch Vehicle,"(14, 3, 2022)","The Indian Space & Research Organisation on Monday successfully conducted the ground testing of the newly developed solid booster stage (SS1) for its new Small Satellite Launch Vehicle (SSLV). The test was conducted at the Satish Dhawan Space Centre in Sriharikota.

The test was conducted at 12:05 pm when the booster was fired up. Isro said that the successful testing has given it sufficient confidence to proceed with the first developmental flight of SSLV (SSLV-D1).The remaining stages of SSLV (SS2 & SS3) have successfully undergone necessary ground tests and are ready for integration. The testing comes on the heels of Isro hinting that it will conduct the maiden launch of the new vehicles this year. Smoke rises as boosters of SSLV are fired up. (Photo: Isro)The SSLV will provide a payload capability of 500 kilograms to a 500-kilometer planar orbit. By comparison, the PSLV — the workhorse of Isro — can take up to a 1,750-kilogram payload into SSO of 600 km altitude. It is to be noted that the government has sanctioned Rs 169 crores for the development of the project. This will cover the development & qualification of the vehicle systems and the flight demonstration through three development flights (SSLV-D1, SSLV-D2 & SSLV-D3).""The development of SSLV has been primarily envisaged to build a cost-effective launch vehicle with high launch frequency and quick turnaround capability in order to cater to the growing opportunity in the global launch services market for small satellites,"" the Ministry of Science & Technology had said in a statement earlier.Several sources in Isro have said that SSLV-D1 is targeted to be launched towards the end of March or early April. However, there is no official confirmation on the date so far.",NA,https://www.indiatoday.in/science/story/isro-successfully-tests-boosters-that-will-power-small-satellite-launch-vehicle-1925233-2022-03-14
10,science,This method to clean solar panels could save 10 billion gallons of water every year,"(14, 3, 2022)","Environmentalists across the world are unified on the fact that Earth is headed toward a climate emergency where water will become one of the most contested resources globally. In a bid to save natural resources that could then be used in low and middle-income countries, researchers at the Massachusetts Institute of Technology (MIT) have developed a new method to save water used in cleaning solar panels across the world.

With solar power expected to reach 10 per cent of the global population, an estimated 10 billion gallons of water per year will be used to clean these arrays since most of these solar grids are expected to be set up in desert areas, where sunlight is abundant, where dust can reduce the output of photovoltaic panels by as much as 30 percent in just one month.Researchers at MIT have developed a way of automatically cleaning solar panels in a waterless, no-contact system that could significantly reduce the dust problem. The saved water will be enough to supply drinking water for up to 2 million people, they claim. Accumulation of dust on solar panels or mirrors is already a significant issue. (File Pic)WHAT IS THE NEW WATERLESS CLEANING METHOD?Researchers used electrostatic repulsion to cause dust particles to detach and rise up the panel’s surface, without the need for water or brushes. To activate the system, a simple electrode passes just above the solar panel’s surface, imparting an electrical charge to the dust particles, which are then repelled by a charge applied to the panel itself, according to a statement by MIT.Published in the journal Science Advances, the research is led by MIT graduate student Sreedath Panat and professor of mechanical engineering Kripa Varanasi. Lab test showed that the drop-off of energy output from the panels happens steeply at the very beginning of the process of dust accumulation and can easily reach a 30 percent reduction after just one month without cleaning. Even a 1 percent reduction in power, for a 150-megawatt solar installation, they calculated, could result in a $200,000 loss in annual revenue.“There is so much work going on in solar materials. They’re pushing the boundaries, trying to gain a few percent here and there in improving the efficiency, and here you have something that can obliterate all of that right away,” Varanasi said in the statement.TOO MUCH WATER WASTAGEResearchers estimate that water cleaning makes up to 10 per cent of the operating costs of solar installations and a reduction in these costs could improve the overall power output by allowing for more frequent automated cleanings. “The water footprint of the solar industry is mind-boggling. So, the industry has to be very careful and thoughtful about how to make this a sustainable solution,” Varanasi said.The team added that the new system only requires an electrode, which can be a simple metal bar, to pass over the panel, producing an electric field that imparts a charge to the dust particles as it goes. The team using specially prepared laboratory samples of dust with a range of particle sizes, experiments proved that the process works effectively on a laboratory-scale test installation.“We performed experiments at varying humidities from 5 per cent to 95. As long as the ambient humidity is greater than 30 percent, you can remove almost all of the particles from the surface, but as humidity decreases, it becomes harder,” Panat said. They suggest that each solar panel could be fitted with railings on each side, with an electrode spanning across the panel and the whole process could be automated.",NA,https://www.indiatoday.in/science/story/this-method-to-clean-solar-panels-could-save-10-billion-gallons-of-water-every-year-1925212-2022-03-14
11,science,"Over 20,000 plant species to go extinct since humans don't need them anymore","(14, 3, 2022)","Humans have had an impact on Earth. This impact is now visible in the form of climate change, global warming, rising sea temperatures, and extreme weather events. In research that catalogs over 80,000 plant species, scientists have found that most of them, over 20,000, will go extinct thanks to their minimal usefulness to humans.

The study that categorises plant species worldwide finds that on this human-dominated planet, many more species of plants are poised to “lose” rather than “win.” Researchers suggest that In a rapidly changing world, species may tolerate shifting conditions, adapt, or migrate to new habitats. Species that benefit humankind may have an additional advantage of survival.""Those that cannot tolerate, adapt, migrate, or prove useful will be the ultimate losers in the Anthropocene and may become extinct,"" the report states. The findings of the study have been published in a paper in Plants People Planet, classifying a significant portion of plant species as winners or losers.SURVIVAL OF THE FITTESTNaturalist Charles Darwin, in his theory of evolution, has proposed that evolution works on the theory of survival of the fittest. This means that individuals in a population, or community, are more likely to survive if they are fit in a genetic sense. The new study working on similar lines indicates that human choices now largely dictate the environmental conditions across much of the globe and, as a result, species of plants and animals can survive or will go extinct. The Amazon rainforest. (File Pic)""Species lucky enough to be directly or indirectly aided by human activities are likely to survive and can be thought of as “winners,” while those that are pushed to ecological irrelevance or extinction by those same activities are the ultimate “losers” in evolutionary terms,"" researchers at the Smithsonian said in a statement.MORE LOSERS THAN WINNERSResearchers place 86,592 species of vascular plants—a large group of plants that have vascular tissue that transport water, nutrients, and other substances—into the eight categories that describe their prospects for survival. These categories include winners useful to humans and winners not useful to humans, losers useful to humans and losers not useful to humans, and currently neutral species. Summary of winners and losers of vascular plant diversity. (Source: Plants People Planet)""The results suggest that currently, many more species are losers than winners and that if the tentative winners and potential losers realize their projected trajectories, losers in the future will continue to greatly outnumber future winners,"" the paper read.John Kress, botany curator emeritus at the Smithsonian’s National Museum of Natural History, who led the study said that 86,592 species might sound a large number but it is actually just under 30% of the nearly 300,000 known species of vascular plants. Kress and Krupnick categorized 20,293 species of plants as losers, with the vast majority of those losing species being identified as not useful to humans. By contrast, the researchers found just 6,913 species of winners, with all but 164 of those species having some human use. Species that benefit humankind may have an additional advantage of survival. (File Pic)“Now and in the future, plants have to adapt to the environment humans have created or they will go extinct. Our results suggest that this means the plant communities of the future will be more homogenized than those of today,” Gary Krupnick, head of the museum’s plant conservation unit said in a statement.Changing climate and environmental conditions due to human activities is set to put in motion several triggers that will be highly challenging for plant and animal species to adapt to, hinting at more extinctions in the future to come.","['Extinction', ' Plant species', ' Animal species', ' Wildlife extinction', ' Human use', ' Environment', ' Climate change', ' Global warming', ' Science News', ' India Today Science']",https://www.indiatoday.in/science/story/plant-animal-species-extinction-human-use-climate-change-global-warming-wildlife-1925150-2022-03-14
12,science,Galapagos tortoises belong to new species: Study,"(14, 3, 2022)","Scientists have discovered that a type of giant tortoise present on one of Ecuador's Galapagos Islands is not from the species it was previously thought to be, Galapagos National Park said.

A study concluded that the giant tortoises living on San Cristobal island, previously identified as Chelonoidis chathamensis, correspond genetically to a different species, the park said in a statement late on Thursday.""The scientists concluded that nearly 8,000 tortoises which exist today on San Cristobal are not Chelonoidis chathamensis but correspond to a completely new lineage that has not yet been described,"" the park said.The discovery was made through a genetic comparison of the animals with a sample from the already described species, the statement added, in a study conducted by Newcastle University, Yale University and the Galapagos Conservancy.The lineage previously thought to correspond to the San Cristobal tortoises may belong to an extinct species that cohabited with the surviving one, the statement said. Giant tortoises living on San Cristobal island, previously identified as Chelonoidis chathamensis, correspond genetically to a different species. (Photo: Reuters)""The team of investigators is recovering more DNA from the species thought to be extinct to clarify the state of the tortoises and determine how these two species (the living and the extinct) relate,"" the statement said. ""For them, the name Chelonoidis chathamensis should be assigned to the disappeared species and the living taxon should receive a new name.""Genetic studies of surviving Galapagos tortoises began in 1995 and four years later scientists began studying samples form extinct species.The Galapagos -- whose rich biodiversity inspired Charles Darwin's theory of evolution -- is home to a large variety of flamingos, albatross and cormorants.Ecuador recently extended the marine reserve around the islands by 60,000 square kilometers (23,166 square miles).",NA,https://www.indiatoday.in/science/story/galapagos-tortoises-belong-to-new-species-study-1925119-2022-03-14
