SN,category,headline,date,content,keywords,link
1,science,"Comet from interstellar space is coming to visit Earth, will never return once gone","(5, 4, 2022)","After parts of India witnessed Chinese rocket fragments re-entering skies like meteors breaking apart, a comet is set to light up the skies in the coming month. C/2021 O3 (PanSTARRS) is approaching the inner planets of the solar system and is expected to cross the skies over Earth by May this year.

Discovered in July 2021, the comet is currently flying behind the Sun when seen from Earth and is coming from the Oort Cloud, the most distant region of our solar system. The Oort Cloud is believed to be a giant spherical shell surrounding the rest of the solar system. It is like a big, thick-walled bubble made of icy pieces of space debris the size of mountains and sometimes larger.Cosmic snowballs of frozen gases, rock, and dust that orbit the Sun, comets are frozen leftovers from the formation of the solar system. According to Nasa, they range from a few miles to tens of miles wide, but as they orbit closer to the Sun, they heat up and spew gases and dust into a glowing head that can be larger than a planet. This material forms a tail that stretches millions of miles.Astronomers, while predicting the movement of the comet C/2021 O3, speculate that it might vapourise as it comes close to the Sun. If it survives, that's when it gets exciting. Orbit Diagram of Comet C/2021 O3 (PANSTARRS). (Photo: The Sky Live)The comet is expected to hit the Sun on April 21, coming as close as 0.29 astronomical units (AU) from our star (1 AU = 1 average Earth-sun unit of distance).According to EarthSky, the comet will be at its closest to Earth on May 8, sweeping about 0.60 AU from us or 82 million kilometers from the planet.The comet was first spotted by astronomers using the Panoramic Survey Telescope And Rapid Response System, or 'Pan-STARRS' telescope. At the time of its discovery, the comet was 48 million kilometers from the Sun, putting it beyond the orbit of Jupiter. It was shining roughly 4,00,000 times dimmer than the faintest star visible to the eye.Astronomers said that it is the first time that this comet is visiting the solar system and has traveled millions of years to visit the inner planets. However, if it survives the Sun's gravity, it's never coming back and will remain floating in the Milky Way galaxy. Astronomers stacked 15 unfiltered exposures, 240 seconds each, to obtain this image of newly discovered Comet C/2021 O3 (PanSTARRS) last July. (Photo: E. Guido)As it passes close to our planet, while it will not be visible to the naked eye, it can be seen using binoculars. Since comets are very deceiving in their appearance thanks to their unpredictable nature of brightness, C/2021 O3's brightness could increase or decrease based on its interaction with the Sun later this month.The latest flyby of this comet comes months after Comet Leonard, the brightest comet that passed by Earth in 2021, disintegrated as it moved close to the Sun. The object hit the Sun in January this year after crossing Earth.",NA,https://www.indiatoday.in/science/story/comet-c-2021-o3-panstarrs-earth-flyby-interstellar-space-oort-cloud-solar-system-1933705-2022-04-05
2,science,Bird flu found in fox in Japan's first mammal infection,"(5, 4, 2022)","A dead fox has been found infected with bird flu in Japan's northern Hokkaido region, the environment ministry said on Tuesday, describing it as the country's first case of avian influenza being detected in a mammal.

Akane Shoji, an environment ministry official, said that the fox was believed to have eaten an infected wild bird.The Hokkaido Prefecture raised its alert level on avian influenza in November, running regular checks on bird carcasses. On Monday, it reported five crows that previously tested positive for bird flu were found to have high levels of pathogens in second-stage testing.The ministry official said that in light of data on cases of infected mammals overseas, transmission between foxes is considered unlikely, but officials would continue to monitor the overall bird flu situation in the region.",NA,https://www.indiatoday.in/science/story/bird-flu-found-in-fox-in-japan-s-first-mammal-infection-1933668-2022-04-05
3,science,"Hubble spots a Jupiter still in the womb, showing violent nature of how planets form","(5, 4, 2022)","Scientists have long debated the formation of planets in our solar system. While Earth was formed thanks to gravity pulling dust and matter together over billions of years, the birth of mega-planets like Jupiter and Saturn still remains a mystery. The Hubble Telescope, now, has pointed to a Jupiter-like planet that could hold the answer to the formation of giant planets in our universe.

Described by scientists as ""still in its womb"", this enormous planet, about nine times the mass of Jupiter, is at a remarkably early stage of formation. Hubble has shed light on the ""intense and violent process"" at the center of this planet's formation surrounding a young star that’s estimated to be around 2 million years old.The planet is taking shape by a process called disk instability, where a massive disk around a star cools, and gravity causes it to rapidly break up into one or more planet-mass fragments.Dubbed AB Aurigae b, the Jupiter-like planet orbits its host star at a whopping distance of 8.6 billion miles over two times farther than Pluto is from our Sun.Researchers said that at that distance it would take a very long time, if ever, for a Jupiter-sized planet to form by core accretion. This leads researchers to conclude that the disk instability has enabled this planet to form at such a great distance. In the top right, Hubble’s NICMOS image captured in 2007 shows AB Aurigae b in a due south position compared to its host star, which is covered by the instrument’s coronagraph. The image captured in 2021 by STIS shows the protoplanet has moved in a counterclockwise motion over time. (Photo: Science: NASA, ESA, Thayne Currie)Using the Subaru Telescope located near the summit of an inactive Hawaiian volcano combined with observations of the Hubble, scientists found this planet embedded in an expansive disk of gas and dust, bearing the material that forms planets at a distance of 508 light-years - the distance light travels in a year from Earth.Planets in the process of formation - called protoplanets - have been observed around only one other star. ""Nature is clever; it can produce planets in a range of different ways,"" Thayne Currie of the Subaru Telescope and Eureka Scientific, lead researcher on the study said.A major help came from nature as the vast disk of dust and gas swirling around the star AB Aurigae is tilted nearly face-on to our view from Earth. ""Interpreting this system is extremely challenging. This is one of the reasons why we needed Hubble for this project a clean image to better separate the light from the disk and any planet,"" Currie added. Hubble space telescope. (Photo: Nasa)""In the end, gravity is all that counts, as the leftovers of the star-formation process will end up being pulled together by gravity to form planets, one way or the other,"" "" Alan Boss of the Carnegie Institution of Science in Washington said.Understanding the early days of the formation of Jupiter-like planets provides astronomers with more context into the history of our own solar system.",NA,https://www.indiatoday.in/science/story/jupiter-formation-exoplanet-solar-system-hubble-telescope-saturn-gravity-1933664-2022-04-05
4,science,"Meet four civilians set to become first private astronauts to stay, work on Space Station","(5, 4, 2022)","The International Space Station, which has remained home to astronauts, cosmonauts, and lately some tourists, is set to welcome a new crew -- private astronauts. Four civilians will lift off on a SpaceX Falcon-9 rocket on Friday to become the first private astronauts to live and work on the Space Station as Nasa pushes for commercialisation of the flying laboratory.

The first private astronaut mission, Axiom Space-1 (Ax-1) will launch at 11:17 a.m. EDT from Kennedy Space Center in Florida with four astronauts from three different countries commanded by a former Nasa astronaut. Astronaut Michael Lopez-Alegria will command the SpaceX Dragon Endeavour as it leaves for the flying outpost with Pilot Larry Connor and Mission Specialists Eytan Stibbe and Mark Pathy.The AX-1 mission will dock with the Harmony module’s space-facing port a day later in microgravity. The launch was initially scheduled for Wednesday. An Axiom spokesperson said that the delay would give SpaceX more time to complete pre-launch processing work.WHO ARE THE FIRST PRIVATE ASTRONAUTS?Lopez-Alegria, 63, is the Spanish-born mission commander and Axiom's vice president of business development. He is set to be joined by Larry Connor, a real estate and technology entrepreneur and aerobatics aviator from Ohio designated as the mission pilot. Connor is in his 70s but the company did not provide his precise age. The Ax-1 mission will mark the first all-commercial team of astronauts to use ISS. (Photo: Axiom Space)Rounding out the Ax-1 team are investor-philanthropist and former Israeli fighter pilot Eytan Stibbe, 64, and Canadian businessman and philanthropist Mark Pathy, 52, both serving as mission specialists.Stibbe is set to become the second Israeli in space, after Ilan Ramon, who perished with six NASA crewmates in the 2003 space shuttle Columbia disaster.NOT SPACE TOURISTSWhile the four astronauts have diverse backgrounds from three countries, a common thread remains that they are wealthy, similar to the millionaires club that has been flying on suborbital flights with Blue Origin and Virgin Galactic. However, commander Lopez-Alegria cleared, ""We are not space tourists.""The four astronauts will be involved in a wide range of research when they arrive at the Space Station and work to unravel the mysteries surrounding chronic pain and sleep disturbances during space travel, Spaceflight-Associated Neuro-Ocular Syndrome (SANS), which manifests through changes in visual acuity experienced by many astronauts on long-duration space flights. The International Space Station. (Photo: SpaceX)“The goal for the Ax-1 crew is to set a standard for all future private astronaut missions in terms of our preparation and professionalism,"" López-Alegría said. The Ax-1 team will be carrying equipment and supplies for 26 science and technology experiments to be conducted before they are slated to leave orbit and return to Earth 10 days after launch.While the space station has hosted visits by civilian visitors from time to time, the Ax-1 mission will mark the first all-commercial team of astronauts to use ISS for its intended purpose as an orbiting laboratory. They will be sharing the weightless workspace alongside seven regular crew members of the ISS - three U.S. astronauts, a German astronaut, and three Russian cosmonauts.",NA,https://www.indiatoday.in/science/story/axiom-space-ax-1-mission-space-station-nasa-private-astronaut-falcon-9-1933641-2022-04-05
5,science,Hyderabad’s Biological E to get mRNA technology from WHO to produce Covid vaccines,"(5, 4, 2022)","Hyderabad-based vaccine manufacturer Biological E. Limited (BE) on Monday announced that it had been selected as a recipient of mRNA technology from the World Health Organisation (WHO) technology transfer hub.

The company produces a number of critical and life-saving vaccines, including Corbevax.The company was selected by WHO’s Advisory Committee on Vaccine Product Development (ACPDV) after they examined a number of proposals from India.WHO and their partners will work with the Indian government and BE to develop a roadmap and put in place the necessary training and support for the company to start producing mRNA vaccines as soon as possible.Primarily set up to address the Covid-19 emergency, the WHO mRNA technology transfer hub has the potential to expand manufacturing capacity for other products as well, including treatments, and target other priorities.How do the mRNA vaccines work?mRNA vaccines use a messenger RNA created in a laboratory to teach the human cells how to produce a protein that in turn initiates an immune response inside the body against a particular disease.The immune response will fight the actual virus as it gets into the body. At present, India has no Covid-19 vaccine made on mRNA platform.Mahima Datla, Managing Director, Biological E. Limited, said ""We are excited about this remarkable milestone in our efforts to produce affordable vaccines for the world. We are very pleased with the trust that WHO places in our organisation, which adheres to the standards set by the WHO. This is also a reflection of our world-class processes, scale and effectiveness.”She further added that the company had been investing in mRNA technologies since last year. “This new technology will definitely strengthen our resolve to develop and manufacture more vaccines in future. This partnership with WHO will enhance our ability to develop next generation mRNA vaccines that could be more suitable globally and expand the reach of vaccines availability worldwide,” she said.Live TVRead| Have appealed to govt for booster dose to those who need to travel: SII CEO Adar PoonawallaAlso Read| With WHO suspending Covaxin UN supply, Bharat Biotech sources say no setbacks to vaccine-makers",NA,https://www.indiatoday.in/science/story/hyderabad-biological-e-mrna-technology-who-covid-vaccines-1933543-2022-04-05
6,science,"'Now or never’: Window to avoid 1.5 degree Celsius rise in temp closing, scientists call for drastic action","(4, 4, 2022)","As the world suffers the catastrophic impact of climate change, scientists say that the window to avoid 1.5 degrees Celsius rise in temperature is fast closing unless drastic actions are taken.

The Working Group-III of the Intergovernmental Panel on Climate Change under the United Nations said that 50-80 per cent of emissions from fossil fuels could still be avoided with currently available technologies, given that climate action is a key part of developmental plans for countries.The report found that the world can afford to emit just 500 billion tonnes of CO2 from 2020 onwards for a 50 per cent chance of holding temperature rise to 1.5 degrees Celsius.The panel found that reaching net-zero carbon emissions in the industrial sector is possible by managing demand, energy and materials efficiency, circular material flows, as well as abatement technologies, and transformational changes in production processes.ASLO READ | New WHO data shows 99 per cent of world’s population breathes unhealthy airThe report comes in the backdrop of two successive reports that found that human activities were at the core of climate change emissions and were the primary cause behind rising temperatures across the world. The panel found that greenhouse gas emissions have been on the rise from the period 2010-2019 and it was 12 per cent higher in 2019 than in 2012. The panel looked at emissions from fossil fuel combustion. (Photo: Reuters)Mitigating emissionsThe panel looked at emissions from fossil fuel combustion and industrial processes, land use, and methane emissions. ""Net greenhouse gas emissions have increased since 2010 across all major sectors globally. An increasing share of emissions can be attributed to urban areas,"" the panel said in its draft report.The report identified that reducing greenhouse gas emissions across the full energy sector requires major transitions, including a substantial reduction in overall fossil fuel use, the deployment of low-emission energy sources, switching to alternative energy carriers, and energy efficiency and conservation. Meanwhile, it stated that the reduction of carbon from the atmosphere will depend on a city’s land use, spatial form, development level, and state of urbanisation.Prof. Navroz K. Dubash, Researcher at Delhi-based public policy think tank, Centre for Policy Research, and Coordinating Lead Author of the report said, ""The unavoidable reality is that human emissions over this past decade have been the highest in history. Limiting warming to 1.5 degrees Celsius is out of reach without immediate and substantial short-term measures by 2030, in addition to long-term efforts to reduce emissions to net-zero."" Extreme weather events are becoming more intense and frequent. (Photo: AP)ALSO READ: IPCC to release key report on climate change today: What have previous reports found?The professor added that Development choices regarding urban, energy, and land system shape can shift development pathways toward sustainability. And, because of growing impacts, sustainable development isn’t possible without accelerated mitigation and adaptation. Climate and development can no longer be seen as separate issues development decisions are climate decisions, and vice-versa.More money neededThe report further highlighted slow progress on financial flows towards the goals of the Paris Agreement with uneven distribution of finances across regions. ""The Paris Agreement, with near-universal participation, has led to policy development and target-setting at national and sub-national levels, in particular in relation to mitigation, as well as enhanced transparency of climate action and support,"" the panel said.“Financial flows are a factor of three to six below what is required by 2030 to limit warming to 1.5 or 2 degrees C, and closing this gap is particularly hard for developing countries,” added Prof. Dubash. It is worth mentioning that the developed countries have agreed upon setting aside nearly $100 billion per year in funds for underdeveloped and developing countries to fight climate change. However, that funding goal is yet to be reached. The United States has recently announced that rich countries can finally meet their pledge to provide $100 billion annually by 2023.The United States is the second-largest emitter of greenhouse gases, with China the largest emitter and India the third-largest. The panel found that greenhouse gas emissions have been on the rise from the period 2010-2019. (File Pic)What has IPCC reports said in past?In its last two reports, the Working Groups-I II pointed out that every region in the world was witnessing irreversible changes in climate due to human influence and that there will be increased heat waves, longer warm seasons, and shorter cold seasons. The report found that once-in-a-decade heavy rain events are now 1.3 times more likely and 6.7% wetter, compared with the 50 years up to 1900 when major human-driven warming started.The second report released earlier this year focused on how nature and societies are being affected by climate change and what they can do to adapt. The report added to its warning saying that the world faces multiple unavoidable climate hazards over the next two decades with global warming of 1.5 degrees Celcius, stating that some of the consequences of this rising temperature will be irreversible.ALSO READ: Climate change could cost US $2 trillion a year by the end of century: White HouseALSO READ: Online wildlife trade on rise in Myanmar: WWF",NA,https://www.indiatoday.in/environment/story/scientists-warn-window-to-avoid-rise-in-temp-closing-call-for-drastic-action-1933465-2022-04-04
7,science,New WHO data shows 99 per cent of world’s population breathes unhealthy air,"(4, 4, 2022)","Almost the entire global population (99 per cent) breathes air that exceeds WHO air quality limits, and threatens their health. A record number of over 6,000 cities in 117 countries are now monitoring air quality, but the people living in them are still breathing unhealthy levels of fine particulate matter and nitrogen dioxide, with people in low and middle-income countries suffering the highest exposures, a new WHO data stated.

The findings have prompted the World Health Organization to highlight the importance of curbing fossil fuel use and taking other tangible steps to reduce air pollution levels.Released in the lead-up to World Health Day on April 7, with this year’s theme being ‘Our planet, our health’, the 2022 update of the World Health Organization’s air quality database introduces, for the first time, ground measurements of annual mean concentrations of nitrogen dioxide (NO2), a common urban pollutant and precursor of particulate matter and ozone. It also includes measurements of particulate matter with diameters equal or smaller than 10 m (PM10) or 2.5 m (PM2.5). Both groups of pollutants originate mainly from human activities related to fossil fuel combustion.ALSO READ: IPCC to release key report on climate change today: What have previous reports found?The new air quality database is the most extensive yet in its coverage of air pollution exposure on the ground. Some 2,000 more cities are now recording ground monitoring data for particulate matter, PM10 and/or PM2.5, than the last update. This marks an almost 6-fold rise in reporting since the database was launched in 2011.Impact of air pollution on human healthMeanwhile, the evidence base for the damage air pollution does to the human body has been growing rapidly and points to significant harm caused by even low levels of many air pollutants.Particulate matter, especially PM2.5, is capable of penetrating deep into the lungs and entering the bloodstream, causing cardiovascular, cerebrovascular (stroke) and respiratory impacts. There is emerging evidence that particulate matter impacts other organs and causes other diseases as well.NO2 is associated with respiratory diseases, particularly asthma, leading to respiratory symptoms (such as coughing, wheezing or difficulty breathing), hospital admissions and visits to emergency roomsLast year, WHO revised its Air Quality Guidelines, making them more stringent in an effort to help countries better evaluate the healthiness of their own air.ALSO READ: Climate change could cost US $2 trillion a year by the end of century: White House“Current energy concerns highlight the importance of speeding up the transition to cleaner, healthier energy systems,” said Dr Tedros Adhanom Ghebreyesus, WHO Director-General.He added, “High fossil fuel prices, energy security, and the urgency of addressing the twin health challenges of air pollution and climate change, underscore the pressing need to move faster towards a world that is much less dependent on fossil fuels.”Steps governments can take to improve air quality and healthA number of governments are taking steps to improve air quality, but WHO is calling for a rapid intensification of actions to:Adopt or revise and implement national air quality standards according to the latest WHO Air Quality GuidelinesMonitor air quality and identify sources of air pollutionSupport the transition to exclusive use of clean household energy for cooking, heating and lightingBuild safe and affordable public transport systems and pedestrian- and cycle-friendly networksImplement stricter vehicle emissions and efficiency standards; and enforce mandatory inspection and maintenance for vehicleInvest in energy-efficient housing and power generationImprove industry and municipal waste managementReduce agricultural waste incineration, forest fires and certain agro-forestry activities (e.g. charcoal production)Include air pollution in curricula for health professionals and providing tools for the health sector to engage.Air quality in 117 countriesHigher income countries see lower particulate pollution, but most cities have trouble with nitrogen dioxide. In the 117 countries monitoring air quality, the air in 17 per cent of cities in high-income countries fall below the WHO’s Air Quality Guidelines for PM2.5 or PM10.In low- and middle-income countries, air quality in less than 1 per cent of the cities complies with WHO recommended thresholds.ALSO READ: Online wildlife trade on rise in Myanmar: WWFGlobally, low- and middle-income countries still experience greater exposure to unhealthy levels of PM compared to the global average, but NO2 patterns are different, showing less difference between the high- and low- and middle-income countries.About 4,000 cities or human settlements in 74 countries collect NO2 data at ground level. Aggregated, their measurements show that only 23 per cent of people in these places breathe annual average concentrations of NO2 that meet levels in the recently updated version of WHO’s Air Quality Guidelines.“After surviving a pandemic, it is unacceptable to still have 7 million preventable deaths and countless preventable lost years of good health due to air pollution. That’s what we’re saying when we look at the mountain of air pollution data, evidence, and solutions available. Yet too many investments are still being sunk into a polluted environment rather than in clean, healthy air,” said Dr Maria Neira, WHO Director, Department of Environment, Climate Change and Health.Improvement in monitoring neededPeople living in lower and middle-income countries are the most exposed to air pollution. They are also the least covered in terms of air quality measurement — but the situation is improving.Europe and, to some extent, North America, remain the regions with the most comprehensive data on air quality. In many low- and middle-income countries, while PM2.5 measurements are still not available, they have seen large improvements for measurements between the last database update in 2018 and this one, with an additional 1500 human settlements in these countries monitoring air quality.WHO’s Air Quality GuidelinesThe evidence base for the harm caused by air pollution has been growing rapidly and points to significant harm caused by even low levels of many air pollutants. Last year, the WHO responded by revising its Air Quality Guidelines to reflect the evidence, making them more stringent, especially for PM and NO2, a move strongly supported by the health community, medical associations and patient organizations.The 2022 database aims to monitor the state of the world’s air and feeds into progress tracking of the Sustainable Development Goals.World Health Day, 2022World Health Day, marked on 7 April, will focus global attention on urgent actions needed to keep humans and the planet healthy and foster a movement to create societies focused on well-being. WHO estimates that more than 13 million deaths around the world each year are due to avoidable environmental causes.ALSO READ: Global economy lost $82 billion due to floods in 2021: Study",NA,https://www.indiatoday.in/science/story/who-data-shows-99-per-cent-world-population-breathes-unhealthy-air-1933412-2022-04-04
8,science,"Gaganyaan mission gets a boost as HAL delivers key hardware to Isro, vehicle integration facility inaugurated","(4, 4, 2022)","The Hindustan Aeronautics Limited (HAL) on Monday delivered the first set of hardware for India's maiden manned mission to space. The hardware will be used by the Indian Space &Research Organisation (Isro) in the ambitious Gagnyaan mission that is likely to see the maiden uncrewed flight later this year.

HAL, India's premier aerospace manufacturer, has been working with Isro in providing a key set of equipment for the Gaganyaan mission. Isro chief S Somnath also inaugurated a vehicle integration facility in Bengaluru that will be used to bring together the primary and secondary stages of the mission before they are rolled onto the launch pad.""HAL hands over the first set of Gaganyaan hardware to ISRO, also PS2/GS2 stage integration facility inaugurated in Bengaluru,"" HAL said in a tweet.HAL has been working with Isro in the development of its big launcher, the PSLV, and the GSLV. The aerospace unit in 2021 delivered the heaviest semi-cryogenic propellant tank (SC120- LOX) ever fabricated to be used in the Mk-III launch vehicle for future missions. It has in the past also delivered tanks, and satellite structures for the PSLV, GSLV-Mk-II, and GSLV-Mk III launch vehicles. Various projects like PS2/GS2 integration, semi-cryo structure fabrication, and manufacturing of cryo and semi-cryo engines are being taken up at HAL.The latest development comes weeks after Minister for Science & Technology Dr Jitendra Singh said that the work on the space mission has picked up pace. Isro has commissioned an astronaut training facility in Bengaluru and the training of the four, undisclosed Indian Air Force Officers, is underway.The minister said that the design of all systems and sub-systems for Gaganyaan has been completed and the construction of the integration facility for Orbital module preparation is nearing completion. He added that roles and responsibilities for crew recovery operations and rehearsals have also been finalised and detailed operational requirements for nominal missions scenarios worked out.Isro is meanwhile working on activities related to the development of microgravity experiments and a conceptual design for experiments is under review. The Indian space agency had in January successfully conducted the third long-duration hot test on the liquid propellant Vikas engine that would launch the Gaganyaan mission. The engine was fired for 240 seconds at the test facility of Isro Propulsion Complex (IPRC), Mahendragiri in Tamil Nadu.",NA,https://www.indiatoday.in/science/story/isro-gaganyaan-mission-hal-gslv-vehicle-integration-s-somnath-1933353-2022-04-04
9,science,IPCC to release key report on climate change today: What have previous reports found?,"(4, 4, 2022)","The United Nations Intergovernmental Panel on Climate Change (IPCC) will release the third set of reports aimed at finding ways to mitigate the dangers of rising temperatures. With emissions acting as the biggest villain, the climate panel will release details on reducing carbon dioxide levels from the atmosphere to prevent the planet from heating further.

The IPCC prepares comprehensive Assessment Reports about the state of scientific, technical, and socio-economic knowledge on climate change, its impacts and future risks, and options for reducing the rate at which climate change is taking place.The global body under the UN has released two synthesis reports since last year that have given a stark warning of where we are headed if urgent action is not taken.EARTH TO CROSS KEY TEMPERATURE LIMITIn August 2021, the Working Group-I released the first set of findings under the Sixth Assessment Report, which stated that Earth's climate was reaching a tipping point. The panel warned of dangerous trends warning that Earth will hit the critical 1.5 degrees Celsius warming in two decades.Quantifying the likelihood of extreme events, the report said that for 1.5 degrees Celsius of global warming, there will be increased heat waves, longer warm seasons, and shorter cold seasons. At 2 degrees Celsius of global warming, heat extremes would more often reach critical tolerance thresholds for agriculture and health. A regional train sits in the flood waters at the local station in Kordel, Germany. (Photo: AP)The future looks even grimmer, with more warming meaning more frequent extreme events. Should the world become 4 degrees Celsius hotter, as could happen in a high-emissions scenario, those heat waves would happen every one to two years. It found that further warming of the earth will amplify permafrost thawing, the loss of seasonal snow cover, melting of glaciers and ice sheets, and loss of summer Arctic Sea ice.BILLIONS VULNERABLE TO CLIMATE CHANGEThe Working Group-II, releasing its findings in March this year, stated that 3.6 billion people are highly vulnerable to climate change. The panel said that climate change is likely to make the world sicker, hungrier, poorer, gloomier, and way more dangerous in the next 18 years with an “unavoidable” increase in risks.The experts reiterated that if human-caused global warming isn’t limited to just another couple tenths of a degree, an Earth now struck regularly by deadly heat, fires, floods, and drought in future decades will degrade in 127 ways with some being “potentially irreversible.” By 2050, a billion people will face coastal flooding risks from rising seas, the report says. More people will be forced out of their homes by weather disasters, especially flooding, sea-level rise, and tropical cyclones.The panel of more than 200 scientists puts out a series of these massive reports every five to seven years, with this one, the second of the series, devoted to how climate change affects people and the planet.",NA,https://www.indiatoday.in/environment/story/climate-change-global-warming-un-ipcc-report-emissions-wildfire-extreme-weather-heatwave-floods-1933330-2022-04-04
10,science,Jupiter has an identical twin. Einstein helps in finding this new world,"(4, 4, 2022)","Known for its bright colours and dominated by a massive swirl of storm, Jupiter is a unique world in our Solar System. Astronomers have now found it's not alone and has a near-identical twin which is located at a similar distance from its star as Jupiter is from our Sun.

Dubbed K2-2016-BLG-0005Lb, the exoplanet has been detected by an international team of astrophysicists using data obtained in 2016 by NASA's Kepler space telescope. The telescope has so far detected nearly 2700 planets in the Milky Way galaxy, but this Jupiter-like planet is twice as distant as any seen previously.Located 17,000 light-years from Earth, scientists used Albert Einstein's Theory of Relativity and a method known as gravitational microlensing to spot this unique world as it temporarily bent and magnified the light from a background star.The study has been published as a preprint on ArXiv.org and submitted to the journal Monthly Notices of the Royal Astronomical Society.Led by Jodrell Bank Centre for Astrophysics and PhD student, David Specht from The University of Manchester, the team searched through Kepler data collected between April and July 2016 when it regularly monitored millions of stars close to the centre of the Galaxy. The Kepler telescope was designed to survey a region of the Milky Way galaxy to discover hundreds of Earth-size and smaller planets. (Photo: University of Manchester)""To see the effect at all requires almost perfect alignment between the foreground planetary system and a background star. The chance that a background star is affected this way by a planet is tens to hundreds of millions to one against. But there are hundreds of millions of stars towards the centre of our galaxy. So, Kepler just sat and watched them for three months,"" Eamonn Kerins, Principal Investigator for the Science and Technology Facilities Council (STFC), who founded the project, said in a statement.Several teams had been scanning the same patch of sky as Kepler. However, the space-based telescope was faster in picking up the anomaly from its location nearly 135 million kilometres from Earth. Uninterrupted by weather or daylight, the Kepler telescope determines precisely the mass of the exoplanet and its orbital distance from its host star.It is basically Jupiter's identical twin in terms of its mass and its position from its Sun, which is about 60% of the mass of our own Sun, the team said adding that this was the first time the Kepler telescope had discovered a planet using Einstein's microlensing. Jupiter as seen by the Hubble space telescope. (Photo: Nasa)""This event is the first bound microlensing exoplanet to be discovered from space-based data. Even though a space telescope is not designed for microlensing studies, this result highlights the advantages for exoplanet microlensing discovery that come from continuous, high-cadence temporal sampling that is possible from space,"" the team said in its preprint paper.The Kepler telescope was designed to survey a region of the Milky Way galaxy to discover hundreds of Earth-size and smaller planets in or near the habitable zone and determine the fraction of the hundreds of billions of stars in our galaxy that might have such planets. Working in deep space for nine years, before retiring, Kepler discovered planets from outside the solar system. Many of these planets could be promising places for life.",NA,https://www.indiatoday.in/science/story/jupiter-has-an-identical-twin-einstein-helps-in-finding-this-new-world-1933282-2022-04-04
11,science,Heavy machinery damages 112 million-year-old tracks made by 10 dinosaur species,"(4, 4, 2022)","Dinosaur tracks from 112 million years ago have been damaged in southeastern Utah by heavy machinery used to rebuild a boardwalk at the popular tourist area, U.S. officials say.

The damage at the Mill Canyon Dinosaur Tracksite is minor but some footprints had fractures around the rims, the U.S. Bureau of Land Management recently said in a report.The agency also said an area where a prehistoric crocodile crossed a mud flat appeared to have been driven over multiple times by a backhoe, causing fracturing, the Salt Lake Tribune reported.The site is considered among the most important dinosaur track areas in the nation, containing tracks from at least 10 different species.The agency in the report said the project should be reevaluated, the area clearly marked and work crews briefed on where they can and can’t go.The report also noted that the agency should fill a vacancy for a regional paleontologist that has been vacant since 2018.“To ensure this does not happen again, we will follow the recommendations in the assessment, seek public input, and work with the paleontology community as we collectively move forward on constructing boardwalks at the interpretive site,” the agency said.That revised report should be done this summer.“It’s good that we stopped more damage from happening,” said Jeremy Roberts, among those who sought to have the Bureau of Land Management pause the project. “But this will continue to plague the state until we get a paleontologist.”",NA,https://www.indiatoday.in/science/story/heavy-machinery-damages-112-million-year-old-tracks-made-by-10-dinosaur-species-1933261-2022-04-04
12,science,"If you want to sing on Mars, you will have to shout: Study finds Mars has different music taste than Earth","(4, 4, 2022)","As rovers and a tiny helicopter explores Mars, trying to figure out how the planet evolved and if ever life survived on this desolate world, a new study finds why deep silence prevails on the Red Planet. Analysis of sound recordings shows that the speed of sound is slower on the Red Planet than on Earth. The sounds of Mars were recorded by the Perseverance rover trundling in the Jazero crater.

The rover recorded its mechanical whining and clicks in the light Martian wind, the whirs of rotors on Ingenuity, the Mars helicopter, the crackling strike of a rock-zapping laser on the Red Planet. Scientists have now performed the first of its kind acoustic analysis of these sounds coming from Mars, revealing how fast sound travels through the extremely thin, mostly carbon dioxide atmosphere.The study published in the journal Nature provides a new method for engineers and planetary scientists to use audio recordings to probe subtle air-pressure changes in another world. “It’s a new sense of investigation we’ve never used before on Mars. I expect many discoveries to come, using the atmosphere as a source of sound and the medium of propagation,” Sylvestre Maurice, an astrophysicist at the University of Toulouse, lead author of the paper said.WHAT DID PERSEVERANCE HEAR ON MARS?The Perseverance rover has been in the isolated world for over a year now, scooping samples from the surface to be returned to Earth in the future. Equipped with microphones, one on SuperCam, mounted on the head of the rover’s mast and the other on the chassis of the rover, it heard the mechanical clicks, pings, and even sounds of dust devils that blow on the planet.The Jet Propulsion Laboratory, that drives the rover on Mars, said that the microphone also reveals previously unobserved pressure variations produced by turbulence in the Martian atmosphere as its energy changes at tiny scales. Martian wind gusts at very short timescales were also measured for the first time.The sound team also analyzed the acoustics coming from the whirring of the helicopter at 2,500 revolutions per minute. The helicopter produced a distinctive, low-pitched sound at 84 hertz, an acoustic measure of vibrations per second, and the rotation rate for both rotors. The perseverance rover after landing on Mars. (Photo: Nasa)Researchers found that on Earth, sounds typically travel at 343 meters per second. But on Mars, low-pitched sounds travel at about 240 meters per second, while higher-pitched sounds move at 250 meters per second. The variable sound speeds on the Red Planet are an effect of the thin, cold, carbon-dioxide atmosphere.Scientists also noticed that due to this thin atmosphere, sounds carry only a short distance, and higher-pitched tones carry hardly at all. On Earth, sound might drop off after about 65 meters, on Mars, it falters at just 8 meters, with high-pitched sounds being lost completely at that distance.MARS IS HAUNTINGLY QUIETWhen the microphones first began listening to Mars, engineers thought that the equipment had been damaged. Thanks to the extreme quiet on the Red Planet. Sylvestre Maurice said that one of the most striking features of the sound recordings is the silence that seems to prevail on Mars.“At some point, we thought the microphone was broken, it was so quiet,"" he added. Scientists said that this quiet is due to low atmospheric pressure on the planet. However, it changes with the seasons. Researchers are hopeful that with Autumn approaching, the Red Planet will become noisier and provide even more insights into its otherworldly air and weather.“We are entering a high-pressure season. Maybe the acoustic environment on Mars will be less quiet than it was when we landed,” Baptiste Chide of Los Alamos National Laboratory, coauthor of the study said.",NA,https://www.indiatoday.in/science/story/mars-sound-music-earth-acoustics-perseverance-rover-nasa-1933255-2022-04-04
