SN,category,headline,date,content,keywords,link
1,science,Scientists open last lunar sample that was vacuum sealed on the Moon 50 years ago,"(24, 3, 2022)","As humans plan to return on the Moon, scientists have removed the seals of one of the last unopened Apollo-era lunar samples collected during the Apollo 17 mission. The Astromaterials Research and Exploration Science (ARES) Division at Nasa opened the sample that had been kept preserved since the late 1970s and is set to offer insights into the permanent geological record of Earth's only natural satellite.

Scientists said that Nasa astronauts and engineers at the time had the forethinking of saving this last lunar sample for a future period in time when the technology improves to examine them in a better way than when they were first brought to Earth. The last lunar sample is being studied by the Apollo Next Generation Sample Analysis Program.“We have had an opportunity to open up this incredibly precious sample that’s been saved for 50 years under vacuum, and we finally get to see what treasures are held within,” Thomas Zurbuchen, associate administrator of Nasa’s Science Mission Directorate in Washington said in a statement. The Apollo program gave NASA the chance to try sampling methods they believed would work on the Moon based on what worked on Earth and evolve those methods with each mission. (Photo: Nasa)OPENING SAMPLE 73001The last remaining sample recovered from the Moon, fifty years ago, has been classified as sample 73001, which was scooped from the lunar surface by astronauts Eugene Cernan and Harrison “Jack” Schmitt. The two astronauts had scrapped this sample by hammering thin cylindrical drive tubes into a landslide deposit in the Moon’s Taurus-Littrow Valley.Sample 73001 is the second half of a bigger sample, whose top half was opened in 2019 and scientists have been studying it. Before recovering the lower half of the sample, scientists conducted extensive scans using X-ray CT technology to capture high-resolution 3D images of the sample’s makeup inside the tube.“The drive tube was very full, which is one of the things we learned with the CT scans, and it caused a slight complication in how we were initially planning to extrude it, but we have been able to adapt using these scans,” Ryan Zeigler, Apollo sample curator said. The work to open the last lunar sample began earlier this year with the team working to capture any gas present within the outer protective tube and, finally, by piercing the inner container, to extract any lunar gases remaining inside. This sample, 73001, is the lower half of a double drive tube. The upper drive tube, sample 73002, was returned from the Moon in a normal, unsealed container. (Photo: Nasa)“We are the first people who got to actually see this soil for the first time. It’s just the best thing in the world like a kid in the candy store, right?” deputy Apollo sample curator Juliane Gross said.WINDOW INTO THE PASTScientists hope that the sample will open a window into the ancient history of the Moon, and since Artemis astronauts will go beyond the more familiar lunar equator to the South Pole, with its sometimes cryogenic, or frozen conditions, and its dramatic lighting, the lunar soil there offers tantalizing prospects for study.“The Moon’s South Pole is a great place for potentially building up large deposits of what we call volatiles, [substances that evaporate at normal temperatures, like water ice and carbon dioxide. These volatiles can give us clues about where the water came from in this part of the solar system whether from comets, asteroids, solar wind, or otherwise,” Lori Glaze, director of the Planetary Science Division said.With humans set to return to the Moon, analysis of the last remaining lunar sample from the Apollo era is set to provide new information about volatile reservoirs and the geologic evolution of the Moon.",NA,https://www.indiatoday.in/science/story/scientists-open-last-lunar-sample-that-was-vacuum-sealed-on-the-moon-50-years-ago-1928920-2022-03-24
2,science,"Nasa looks to conduct one Moon landing every year, wants another lunar lander apart from SpaceX's Starship","(24, 3, 2022)","With the Space Launch System (SLS) already on the launch pad for initial testing ahead of the maiden uncrewed mission to the Moon, Nasa is looking for several private players to ferry astronauts to the Moon. The American space agency is looking for a sustained presence on the lunar surface and aims to conduct at least one lunar landing every year over a decade.

Nasa has announced plans to invite commercial companies to develop an astronaut Moon lander apart from SpaceX. The competition is set to get tough for Elon Musk as Nasa looks for another private vendor for a second landing system to put humans on the Moon.“Competition is critical to our success on the lunar surface and beyond, ensuring we have the capability to carry out a cadence of missions over the next decade,"" NASA Administrator Bill Nelson said in a media briefing. The administrator further added that this new astronaut lander opportunity will ultimately strengthen and increase flexibility for Artemis.Nasa had in 202 picked SpaceX to land the next American astronauts on the lunar surface, and the company is working to demonstrate the system in 2025. The space agency has now asked SpaceX to transform the company’s proposed human landing system into a spacecraft for recurring services for a second demonstration mission. Nasa’s plans call for long-term lunar exploration and include landing the first woman and first person of color on the Moon as part of future Artemis missions.The second contract dubbed Sustaining Lunar Development contract expedites progress toward a long-term, sustaining lander capability as early as the 2026 or 2027 timeframe. “We expect to have two companies safely carry astronauts in their landers to the surface of the Moon under Nasa’s guidance before we ask for services, which could result in multiple experienced providers in the market,"" Lisa Watson-Morgan, program manager for the Human Landing System Program said in a statement.Nasa will release the details of requirements for future development and demonstration lunar landing capability to take astronauts between orbit and the surface of the Moon in the coming weeks. The agency said that the effort is meant to maximize NASA’s support for competition and provides redundancy in services to help ensure NASA’s ability to transport astronauts to the lunar surface.The agency is in no mood to remain limited to the Moon and aims to push forward to Mars in the coming decades. “Under Artemis, NASA will carry out a series of groundbreaking missions on and around the Moon to prepare for the next giant leap for humanity: a crewed mission to Mars,"" Nelson added.",NA,https://www.indiatoday.in/science/story/nasa-moon-mission-artemis-astronauts-spacex-starship-lunar-lander-mars-1928893-2022-03-24
3,science,"Leonard, the brightest comet to fly past Earth in 2021, has broken apart. It is dying","(23, 3, 2022)","The brightest comet that passed by Earth, in 2021, lighting up the sky for days has disintegrated and is missing key parts as it moves away from the Sun. The object hit the Sun in January this year after crossing Earth. The comet is now missing its core nucleus and its coma that makes up the temporary atmosphere.

With its nucleus missing, the comet has been fading in brightness and could end up being just another whiff of dust and gas as it keeps moving in its orbit. Discovered by Gregory Leonard, the remnants of the comet can be seen in the morning sky in the Southern Hemisphere.""The comet's legacy was the tail structure made up of charged particles, known as ions. The tail was subject to ""spectacular outburst-induced displays"" after spotting the comet on Jan. 3, 2021,"" Gregory Leonard told EarthSky. He added that the comet will be known for the appearance of the tails, some of the best ever observed.Leonard told EarthSky that it was an utterly surreal experience having a much-anticipated comet sailing dimly overhead for most of 2021, and I was thrilled when it began brightening and tracking across the autumn and winter skies, and of course, bearing my family’s name as it was.Comet Leonard entered Earth's skies nearly a year after it was first discovered around Jupiter in January 2021. Gregory, a senior research specialist, spotted the faint object, which was nearly 1,60,000 times dimmer than the faintest stars visible to the unaided eye. At the time, the comet was 149.565 million kilometers from the Sun near the orbit of Jupiter.The comet turned out to be the brightest object to pass in the skies in 2021 and a rare object that must have visited this region about 70,000 years ago. Since the object has been far away from solar rays for so long it could have frozen carbon dioxide, nitrogen, and carbon monoxide, which vapourised giving it a high brightness. But as they came closer to the Sun its brightness began diminishing. Comet Leonard has been observed and studied by several spacecraft. (Photo: ESA)The comet was already on a path taking it outside of the solar system and not returning for another glimpse anytime soon. Talking about the demise of the comet, Leonard said, ""I don’t mind the fact that it may have disintegrated. With its post-perihelion hyperbolic orbit, I once imagined the comet sometime in the deep future haunting another solar system. Now with its nucleus possibly disintegrated, it may more strangely appear as a ghostly, hyperbolic wisp of dust and gas if that.""Ground-based telescopes and spacecraft have been tracking this unique visitor from deep space. Europe's Solar Orbiter caught a glimpse of the fiery tail of the comet as it monitored its evolution going closer to the Sun. The Heliospheric Imager onboard the spacecraft captured the comet streaking diagonally across the field of view with the Milky Way as a backdrop. Venus and Mercury can also be seen moving in the back drop from left to right.",NA,https://www.indiatoday.in/science/story/leonard-the-brightest-comet-to-fly-past-earth-in-2021-has-broken-apart-it-is-dying-1928612-2022-03-23
4,science,"China sets green hydrogen target for 2025, eyes widespread use","(23, 3, 2022)","China's top economic planner announced a target on Wednesday to produce up to 200,000 tonnes per year of green hydrogen, a zero-carbon fuel generated from renewable energy sources, by 2025, but envisions a more widespread industry over the long term.

The country aims to produce 100,000 tonnes to 200,000 tonnes of green hydrogen a year and have about 50,000 hydrogen-fuelled vehicles by 2025, the National Development and Reform Commission (NDRC) said in a statement.China, the world's largest emitter of greenhouse gases, has been striving to balance energy security and achieve its climate change goals, and is focusing on hydrogen to reduce carbon emissions from its transportation and industrial sectors.Green hydrogen is gas produced from breaking down water in electrolysis using renewable energy sources, reducing the amount of carbon emissions released during the process compared to hydrogen created from natural gas or coal.""Development of hydrogen is an important move for energy transition and a great support for China's carbon peak and carbon neutrality goals,"" said Wang Xiang, the deputy director of the High Technology Department at the NDRC, at a press briefing.China currently produces 33 million tonnes of hydrogen a year, with about 80% of hydrogen coming from coal and natural gas, and the rest mainly a by-product from industrial sectors, according to the government.Data from the China Hydrogen Alliance, an industrial association, shows the country produced 500,000 tonnes of hydrogen from water electrolysis in 2019.Wang said that even though most of China's hydrogen is produced from fossil fuels, the potential of green hydrogen is huge since the country has the world's largest renewable power capacity.The NDRC statement said that China aims to establish a complete hydrogen industry covering transportation, energy storage and industrial sectors, and ""significantly improve"" the portion of green hydrogen in China's energy consumption by 2035.The China Hydrogen Alliance has estimated China's hydrogen demand will reach 35 million tonnes per year by 2030, from 20 million tonnes now, and reach 60 million tonnes by 2050.Hydrogen can be used in fuel cells and in internal combustion engines.High production costs are one of the major obstacles impeding hydrogen development. Analysts estimate that hydrogen prices would need to halve in order to compete with gasoline and diesel.The NDRC called for a rational layout of hydrogen projects based on resources and market demand to avoid disorderly competition.""Local government will be strictly forbidden to blindly follow the trend of hydrogen project construction and will be prevented from building low-end projects in order to avoid the waste of resources,"" said Wang.Almost all provinces and regions in China have included hydrogen into their development plans.Some major Chinese companies in the energy, auto and metallurgy sectors, such as Sinopec, Baosteel and GCL, have also expanded their businesses to include hydrogen production, using natural gas and renewable energy, building hydrogen filling stations and using hydrogen in steelmaking and transportation.",NA,https://www.indiatoday.in/environment/story/china-sets-green-hydrogen-target-for-2025-eyes-widespread-use-1928549-2022-03-23
5,science,China completes rocket engine test to launch new lab to under-construction Space Station,"(23, 3, 2022)","China has successfully conducted the engine test of its high-thrust oxyhydrogen engine that will power its Long March-5 rocket to space. The rocket will be used to launch the next lab module to its under-construction Space Station, which is currently inhabited by three Chinese taikonauts.

Scientists at the China Aerospace Science and Technology Corporation fired the engine for a duration of 100 seconds on Monday, confirming that it is ready to enter the final assembly of the rocket. According to Xinhua, the engine is the most advanced cryogenic liquid rocket engine ever designed and manufactured in China.Following the successful engine fire, the rocket still has to complete at least 20 experimental tasks for engineers to test its performance and green light the launch of the new mission. The Long March-5 rocket will carry the Mengtian module to Tiangong, which is expected to be finished by the end of this year.The Chinese space station has so far seen two crewed missions docking with astronauts living in microgravity and readying the outpost for future research and deep space explorations. A total of six astronauts, all of Chinese descent, have so far lived on the space station.The Chinese National Space Administration has said that once the construction is completed, the flying laboratory will be able to house six astronauts at any present time. Beijing recently hinted that it will also open up its Space Station to private players as it looks for commercial use of the outpost.Meanwhile, the country is also looking to open foreign astronauts on Tiangong in the future. Zhou Jianping, the chief designer of China's manned space programme said, ""We would actively promote foreign astronauts' participation in the work in China's space station, which is an important part of international cooperation. You look forward to it, I look forward to it too.""",NA,https://www.indiatoday.in/science/story/china-completes-rocket-engine-test-to-launch-new-lab-to-under-construction-space-station-1928544-2022-03-23
6,science,Climate change: Scientists to identify ways to remove carbon in IPCC report to be released on Apr 4,"(23, 3, 2022)","As the impact of climate change is felt in various parts of the world, the United Nations Intergovernmental Panel on Climate Change (IPCC) is set to release a key report focusing on how to mitigate the aggravating situation. The experts are likely to look at technologies that can help in the removal of carbon dioxide from the atmosphere that is responsible for the warming of the planet.

The third installment of the Sixth Assessment Report will not just have the experts in attendance but also leaders from all across the world, who will have to sign and approve the document for it to become binding when the panel releases it on April 4.The panel has so far released two sets of reports detailing the causes, challenges, and impacts of the rising temperatures. While the first showed that unless there are immediate, rapid, and large-scale reductions in greenhouse gas emissions, limiting warming to close to 1.5 degrees Celsius to 2 degrees Celsius will be beyond reach, the second report found that human-induced climate change is causing dangerous and widespread disruption in nature. It’s affecting the lives of billions around the world and the window for action is narrowing.Professor Navroz K. Dubash from the Centre for Policy Research, who is a Coordinating Lead Author (CLA) for the third report, said that the IPCC Working Group 3 report faces the daunting task of assessing the research and guiding policymakers on solutions to the urgent challenge of climate change. Extreme weather events have become much more common and intense in last few years across the world. (Photo: AP)""India certainly faces the risk of serious climate harms that will impact our development prospects and has a strong interest in the collective implementation of solutions by the world community,"" Professor Navroz said adding that the IPCC will inform this action by assessing scenarios, policies, laws, and governance and prospects in specific sectors.The third report will lay out a way forward for how governments can mobilise to accelerate mitigation action to avoid the worst impacts of climate change.WHAT HAVE IPCC REPORTS FOUND SO FAR?The UN body has released two reports in the last eight months that have found that climate change is emerging as one of the biggest threats concerning not just the world, but the entire planet. In its first report, released in August last year, the panel expressed concerns over the climate reaching a tipping point.Quantifying the likelihood of extreme events in a wide variety of scenarios, the UN panel said that for 1.5 degrees Celsius of global warming, there will be increased heat waves, longer warm seasons, and shorter cold seasons. At two degrees Celsius of global warming, heat extremes would more often reach critical tolerance thresholds for agriculture and health.The second part of the report released last month revealed that if human-caused global warming isn’t limited to just another couple tenths of a degree, an Earth now struck regularly by deadly heat, fires, floods, and drought in future decades will degrade in 127 ways with some being “potentially irreversible.”The reports shed light on how climate change interacts with global trends such as unsustainable use of natural resources, growing urbanization, social inequalities, losses and damages from extreme events, and a pandemic, jeopardizing future development.",NA,https://www.indiatoday.in/science/story/un-ipcc-report-climate-change-mitigation-carbon-global-warming-april-4-1928529-2022-03-23
7,science,Nearly half a kilometer wide 'potentially hazardous' asteroid to come close to Earth on Thursday,"(23, 3, 2022)","Days after astronomers spotted an asteroid hours before it hit Earth, another potentially hazardous object is set to come close to the planet on Thursday. Asteroid 2013 BO76 will swing past Earth at a distance of 51,11,759 kilometers, which is extremely close for Nasa to term it a potentially hazardous asteroid.

The asteroid has a diameter of around 450 meters, making it big enough to cause a lot of destruction if it hit Earth. However, the planet remains safe from it since it will just look on as the asteroid goes into its orbit. At its close, the asteroid will be flying at a staggering speed of 49513.45 kilometers per hour.The Jet Propulsion Laboratory, which tracks Near-Earth Objects, has released the orbital parameters of the asteroid along with its orbital diagram around Earth that extends beyond the orbit of Mars in an elongated shape. The asteroid, if compared to objects on the planet, has a similar size as the Empire State Building in the United States. The Orbit of asteroid 2013 BO76 is shown in white, while Blue shows Earth's orbit aroudn Sun. (Photo: JPL)The asteroid last visited us in 2013, when it flew as close as 78,88,295 kilometers from Earth. The JPL has said that after Thursday's close flyby, the asteroid will next visit Earth on July 14, 2033. During its 2033 approach, asteroid 2013 BO76 will be at a distance of 1,91,85,926 kilometers.The latest asteroid flyby comes days after astronomers detected an asteroid with a low chance of hitting Earth, crashing to the surface hours later. The object, which was barely two meters in size, entered the atmosphere southwest of Jan Mayen, a Norwegian island 470 kilometers off the east coast of Greenland and northeast of Iceland. The impact was confirmed by infrasound detectors.Asteroids are rocky fragments left over from the formation of the solar system about 4.6 billion years ago. According to the Nasa Joint Propulsion Laboratory (JPL), which tracks asteroid movement, an asteroid is classified as a near-Earth object when its distance from our planet is less than 1.3 times the distance from Earth to the Sun (the Earth-Sun distance is about 93 million miles).",NA,https://www.indiatoday.in/science/story/nearly-half-a-kilometer-wide-potentially-hazardous-asteroid-to-come-close-to-earth-on-thursday-1928490-2022-03-23
8,science,Japan turns down the heat and dims the lights to avoid power cut after quake,"(23, 3, 2022)","Japanese turned off neon signs, dimmed their lights and dialled down thermostats on Tuesday after the government issued an urgent call to save energy to avoid blackouts after an earthquake last week caused a serious power shortage.

Up to 3 million households faced the threat of blackouts on Tuesday night, as utility Tokyo Electric Power Co (Tepco) warned of tight supply and surging demand as snow fell across Tokyo and the temperature dropped to 2 degrees Celsius (35.6 Fahrenheit).But by later in evening, the country appeared likely to avoid blackouts, the Ministry of Economy, Trade and Industry (METI) said. Still, authorities were keeping a power-supply warning in place for Wednesday, public broadcaster NHK said, meaning the world's no.3 economy could still face blackouts.A similar warning for the northeastern area was lifted, NHK said.A magnitude 7.4 earthquake last week off the northeastern coast - the same region devastated by an earthquake and tsunami in 2011 - temporarily cut power to about 2 million households, including hundreds of thousands in Tokyo.""At this rate, we are coming closer to a state where we will have to conduct power outages similar to those that took place after the quake,"" the trade minister, Koichi Hagiuda, said earlier on Tuesday.The quake hit six thermal plants, knocking them out of operation in areas served by Tepco and Tohoku Electric Power Co (9506.T), and the damage could leave some of them idle for weeks or even months, Hagiuda said.Chief Cabinet Secretary Hirokazu Matsuno earlier called on residents in eastern Japan affected by the power crisis to do their part, including by lowering thermostats to around 20C (68F) and switching off unnecessary lights.Numerous users responded to the call.National broadcaster NHK dimmed its studio lights while electronics retailer Bic Camera (3048.T) turned off about half of the televisions at dozens of its stores.The 634-metre (693-yard) Tokyo Skytree tower turned off its lights for the whole day for the first time and operators of the city-centre Tokyo Tower lit up only its bottom half.'RESTART NUCLEAR POWER'Retail giant Seven & I Holdings (3382.T) said 8,500 7-Eleven stores set their thermostats to 20C - one degree cooler than usual - while its Ito-Yokado supermarkets were dimming their lights by 10%.Nissan Motor (7201.T) said it was using an in-house power generator for 13 hours at its factory north of the capital.Many individual consumers also did their bit.""I use the heater a lot so I will try to do my part to save energy,"" said college student Shuntaro Ishinabe, 22.Government spokesperson Matsuno said the request to save energy was unlikely to extend beyond Tuesday, given an expected rise in temperatures and the addition of more solar power generation as the weather improved.Japan has faced a tough energy market since the 2011 earthquake and tsunami crippled Tepco's Fukushima Daiichi plant, causing the worst nuclear disaster since Chernobyl and leading to the suspension of operations at most of Japan's nuclear reactors.With energy prices surging on tight global supply and the Ukraine crisis, Japan's biggest business lobby, Keidanren, has been calling for a swift restart of the nuclear plants.""A sudden halt of energy causes a lot of problems, and I think (the general public) has really felt the importance of energy security given recent events,"" Keidanren Chairman Masakazu Tokura said.""Given the larger trend to become carbon neutral and cut back on greenhouse gases, I believe there will be more difficulties unless we restart nuclear power plants swiftly.""",NA,https://www.indiatoday.in/science/story/japan-turns-down-the-heat-and-dims-the-lights-to-avoid-power-cut-after-quake-1928477-2022-03-23
9,science,Ingenuity helicopter aces 22nd flight on Mars as it flies to new destination,"(23, 3, 2022)","The little helicopter that has surprised its makers remain airborne on an alien planet as it soared into Martian air for a 22nd successful flight. The Ingenuity helicopter that reached Mars over a year ago, has exceeded its expectation that was initially limited to a few technological demonstrations.

Since its arrival on Mars, Ingenuity has emerged as a big player in deep space exploration, boosting our capabilities of aerial reconnaissance on a planet that has remained inhospitable for millions of years. With 22 flights under its belt, the Ingenuity team is not in a resting mode and is already planning the 23rd flight later this week.During its 22nd flight on Mars, the helicopter remained in the air for 101.4 seconds, climbing to an altitude of 10 meters above the rugged Martian terrain. The 1.8 kilogram quadcopter was originally scheduled to conduct just five flights on Mars, showing that it was possible to fly in the Martian air. The Ingenuity helicopter arrived on Mars in the belly of Perseverance rover. (Photo: Nasa)The helicopter has flown for 4,647 meters on Mars as it is currently flying to the northwest portion of a region known as Séítah in the Jazero crater, where it will be staged for the next phase of operations. The quadcopter will support the Perseverance rover, trundling on the surface, in its science operations trying to look for evidence of ancient microbial life in the inhospitable terrain.The Jet Propulsion Laboratory, which flies the helicopter on Mars, impressed by the ruggedness of the spacecraft, had recently increased its operational lifetime till September.Scientists believe that Séítah, part of the ancient river delta of Jezero Crater, holds numerous geologic revelations, perhaps even the proof necessary to determine that microscopic life once existed on Mars billions of years ago. The new destination is filled with jagged cliffs, angled surfaces, projecting boulders, and sand-filled pockets that could stop a rover in its tracks.While Ingenuity is flying overhead, the Perseverance rover is busy scooping materials from the surface that will be returned to Earth by future Mars missions.",NA,https://www.indiatoday.in/science/story/ingenuity-helicopter-aces-22nd-flight-on-mars-as-it-flies-to-new-destination-1928465-2022-03-23
10,science,What is GSAT-7B satellite that will boost Indian Army's communication capabilities?,"(23, 3, 2022)","The Indian Army is set to get a long-awaited dedicated military communication satellite as the Defence Acquisition Council approved Acceptance of Necessity (AoN) for Capital Acquisition proposals of Armed Forces. Defence Minister Rajnath Singh gave his nod to the Acceptance of Necessity for GSAT-7B Satellite that will enhance operational preparedness of the Armed Forces and boost its communication capabilities.

Apart from the communication satellite, the Defence Acquisition Council also accorded its nod to the procurement of Night Sight (Image Intensifier), Light Vehicles GS 4X4 and Air Defence Fire Control Radar (Light) that will provide better visibility, enhanced mobility, improved communication and increased capability of detecting enemy aircraft.""As an impetus to ‘Aatmanirbhar Bharat’, all of these proposals have been approved under the ‘buy (Indian IDDM)’ category with a focus on indigenous design & development and manufacturing in India,"" the ministry said in a statement. GSAT-7 that was launched in 2013. (Photo: Isro)WHAT IS GSAT-7B SATELLITE?The GSAT-7B is a communication satellite part of the GSAT-7 series, which was first launched in 2013 by the Indian Space & Research Organisation (Isro). The launch of the satellite ended the dependency of the Indian Navy on foreign satellites like Inmarsat for communication services.According to Isro, ""GSAT-7 is an advanced communication satellite built by ISRO to provide a wide range of service spectrum from low bit rate voice to high bit rate data communication. The GSAT-7 Communication payload is designed to provide communication capabilities to users over a wide oceanic region including the Indian land-mass.""Launched in the geosynchronous transfer orbit, the satellite, also dubbed Rukmini, has emerged as a potent communication tool for the armed forces for nearly a decade. The spacecraft was equipped with transponders in Ku band, S-band, C band and UHF (ultra-high frequency) band to improve the maritime communications among the Indian Navy's warships.Rukmini was the first military satellite developed by Isro and launched atop an Ariane 5 ECA rocket from Kourou in French Guiana. The satellite connects the Navy's warships, aircraft, submarines and land-based communication systems in real-time. Union Defence Minister Rajnath Singh and Chief of Army Staff, General MM Naravane during the flag-in ceremony of ARMEX-21 expedition team at South Block in New Delhi. (PTI Photo)India followed GSAT-7 with GSAT-7A, dubbed the ""Indian Angry Bird"", launched in 2018. This satellite helped in the formation of a band of communications satellites for the Indian military. The 2,250-kg military communications satellite helped in connecting all assets of the Indian Air Force and serves as a force multiplier. GSAT-7A provides communication capability to users in Ku-band over the Indian region, Isro said, adding that the mission life of GSAT-7A is eight years.At the moment, GSAT-7 and GSAT-7A are the only two dedicated satellites for the Indian armed forces and with GSAT-7B, their tribe is set to grow. GSAT-7B will be used by the Indian Army, which so far uses 30 per cent of GSAT-7A’s transponder capacity.""As part of the Aatmanirbhar Bharat initiative, Defence Acquisition Council has approved the acquisition of a state of the art, multiband, military-grade satellite for the Indian Army. The satellite will be a force multiplier in providing fail-safe communication support,"" the Indian Army said in a statement.",NA,https://www.indiatoday.in/science/story/what-is-gsat-7b-satellite-that-will-boost-indian-army-s-communication-capabilities-1928442-2022-03-23
11,science,Arctic missing ice that could have covered twice the area of Rajasthan,"(23, 3, 2022)","With climate change raging and impacts seen across the world, the situation on Earth's pole is no different. The Arctic Sea Ice has hit yet another low and struck its annual maximum extent on February 25. Nasa, which has been tracking the ice melting and growth in the frigid world, said that this year’s wintertime extent is the 10th-lowest in the satellite record maintained.

The records are maintained by the National Snow and Ice Data Center, one of NASA’s Distributed Active Archive Centers. According to data, the Arctic sea ice extent peaked at14.88 million square kilometers and is roughly 7,70,000 square kilometers below the 1981-2010 average maximum -- equivalent to missing an area of ice over twice the size of Rajasthan.Sea ice in the Arctic grows and melts based on seasonal changes in the region every year, it reaches its maximum extent around March after growing through the colder months and shrinks to its minimum extent in September after melting through the warmer months. Meanwhile, in the Southern Hemisphere, the Antarctic sea ice follows an opposite cycle. Gathering ice dataSatellite sensors gather sea ice data that are processed into daily images, each image grid cell spanning an area of roughly 25 kilometers by 25 kilometers. Scientists then use these images to estimate the extent of the ocean where sea ice covers at least 15% of the water.Nasa said that since satellites began reliably tracking sea ice in 1979, maximum extents in the Arctic have declined at a pace of about 13% per decade, with minimum extents declining at about 2.7% per decade. ""These trends are linked to warming caused by human activities such as emitting carbon dioxide, which traps heat in the atmosphere and causes temperatures to rise. NASA’s analysis also shows the Arctic is warming about three times faster than other regions,"" Nasa said in a statement. This image shows the average concentration of Arctic sea ice on Feb. 25, 2022. The yellow outline shows the median sea ice extent for the month of March, when the ice generally reaches its maximum extent, as observed by satellites from 1981 to 2010. A median is the middle value. That is, half of the extents were larger than the line, and half were smaller. (Photo: Nasa Earth Observatory)Sea ice in the Arctic is surrounded by land, whereas sea ice in the Antarctic is surrounded only by the ocean and can thus spread out more freely. Overall, the Antarctic sea ice record shows a slightly upward but nearly flat trend or increase.Scientists have been warning of a faster and more abrupt breakdown in the already worsening climate situation on the planet. Experts speculate that Earth’s poles are undergoing simultaneous freakish extreme heat with parts of Antarctica more than 40 degrees Celsius warmer than average and areas of the Arctic more than 30 degrees Celsius warmer than average.Scientists were hoping that the Antarctic would cool down at the moment after its summer as the Arctic slowly emerges from its winter. However, melting on both poles together has surprised experts.",NA,https://www.indiatoday.in/science/story/climate-change-arctic-sea-ice-lowest-nasa-global-warming-melting-poles-ipcc-1928394-2022-03-23
12,science,"India not alone in facing heatwave, both of Earth's poles feeling unprecedented heat","(22, 3, 2022)","With the climate crisis becoming rampant and effects being observed not just in India but across the world, the situation on Earth's poles is no different. Both the Arctic and Antarctic are feeling the heat as the planet warms. Scientists have warned of a faster and more abrupt breakdown in the already worsening climate situation on the planet.

The Concordia station on the Antarctic Plateau hit a record temperature when it jumped to -20 degrees Celsius from the seasonal norm of over -50 degrees Celsius on Tuesday. The sudden rise in temperature shows the heat has been playing its part and a similar situation was observed on the Russia-led Vostok station.Experts speculate that Earth’s poles are undergoing simultaneous freakish extreme heat with parts of Antarctica more than 70 degrees (40 degrees Celsius) warmer than average and areas of the Arctic more than 50 degrees (30 degrees Celsius) warmer than average.Dr. Robert Rohde, Lead Scientist at Berkeley Earth, in a tweet said that the remote research station at Dome C recorded a temperature nearly 40 degrees Celsius above normal for this time of year, beating the previous March record by a startling 20 degrees Celsius.WHY ARE EARTH'S POLES HEATING UP?Scientists were hoping that the Antarctic would cool down at the moment after its summer as the Arctic slowly emerges from its winter. However, melting on both poles together has surprised experts. “They are opposite seasons. You don’t see the north and the south (poles) both melting at the same time. It’s pretty stunning,” Walt Meier, a scientist at the National Snow and Ice Data Center said. The sudden rise in temperature shows the heat has been playing its part. (File Pic)Scientists have called the rapid rise in temperatures on both the poles together a sign of Earth's climate going through an unprecedented change. The continuous melting could bring in new problems for humans as sea levels will rise faster than expected, submerging current-day coastlines in several parts of the world.Scientists said that strong winds coming from Australia were contributing to the unusual temperatures in Antarctica. ""We have had a combination of strong weather systems over the Southern Ocean to the south of Australia that aligned to produce very strong poleward winds stretching from Australia to eastern Antarctica,” Alex Sen Gupta, an associate professor at the University of New South Wales in Sydney told The Guardian.Dr. Rohde, explaining the situation, said that the warm conditions over Antarctica were spurred by an extreme atmospheric river, or a narrow corridor of water vapor in the sky, on its east coast. ""The excessive moisture from the atmospheric river was able to retain large amounts of heat. This event is rewriting record books and our expectations about what is possible in Antarctica. Is this simply a freakishly improbable event, or is it a sign of more to come? Right now, no one knows,"" he added.",NA,https://www.indiatoday.in/science/story/earth-poles-heating-climate-change-global-warming-heatwave-arctic-antarctica-1928156-2022-03-22
