SN,category,headline,date,content,keywords,link
1,science,"This astronaut circled Earth 5,680 times. Now he is coming back","(30, 3, 2022)","Astronaut Mark Vande Hei arrived on the International Space Station in April 2021 on a journey that has made him the record holder of the longest single spaceflight by an American astronaut. As he closes the hatch of the Soyuz MS-19 spacecraft to begin a journey back home, he will have logged 523 days in space.

Vande Hei who is on his second spaceflight mission onboard the International Space Station (ISS) has wrapped up 355-days in space this time. He previously spent 168 days during his first mission. During the course of the current mission, Vande Hei has completed 5,680 orbits of Earth covering 24 crore kilometers of distance on the flying laboratory.The American astronaut is returning home on a Russian spacecraft with two cosmonauts Anton Shkaplerov and Pyotr Dubrov. While Dubrov had docked on the Station with Mark Vande Hei, Shkaplerov launched on Soyuz MS-19 on October 5, 2021. This was Dubrov’s first flight. Shkaplerov is ending his fourth mission with 708 cumulative days spent in space.""Vande Hei, along with Anton Shkaplerov and Pyotr Dubrov, will close the hatch to the Soyuz MS-19 spacecraft to begin the journey back to Earth. The Soyuz will undock from the Rassvet module, heading for a parachute-assisted landing on the steppe of Kazakhstan, southeast of the remote town of Dzhezkazgan,"" Nasa said in a statement. The International Space Station. (Photo: Nasa)With the three astronauts returning, Expedition 67 will formally begin aboard the station, with new station Commander Tom Marshburn, NASA astronauts Raja Chari, and Kayla Barron, European Space Agency (ESA) astronaut Matthias Maurer, and Roscosmos cosmonauts Oleg Artemyev, Denis Matveev, and Sergey Korsakov.Ahead of returning, cosmonaut Anton Shkaplerov handed over the command of the Space Station to astronaut Tom Marshburn.A major event will be unfolding when the three astronauts land on Earth. Amid a complete breakdown of relations between the US and Russia over the war in Ukraine, space cooperation has been severed in different fields including rocket sharing and launch services.Nasa, however, said that after landing, the Soyuz MS-19 crew will split up, as per standard crew return practice, with Vande Hei returning to his home in Houston, while the cosmonauts fly back to their training base in Star City, Russia.Meanwhile, the next mission to the orbiting lab will be the Axiom Space-1 mission, or Ax-1, carrying a former NASA astronaut and three U.S. crew members. Commander Michael Lopez-Alegria will be making his fifth visit to space and his third visit to the space station while commanding the first private mission for Axiom Space. He will lead first-time space visitors Pilot Larry Connor and Mission Specialists Eytan Stibbe and Mark Pathy aboard Endeavour, during the vehicle’s second mission to the station.",NA,https://www.indiatoday.in/science/story/astronait-mark-vande-hei-nasa-russian-cosmonaut-soyuz-space-station-ukraine-war-1931309-2022-03-30
2,science,"Sun explodes again: Geomagnetic storm to hit Earth at 21,85,200 kmph on Thursday","(30, 3, 2022)","The Sun, which is becoming increasingly active as its new solar cycle becomes more and more violent, exploded a Coronal Mass Ejection that is headed towards Earth. The Center of Excellence in Space Sciences at the Indian Institute of Science Education and Research, Kolkata, estimates that a massive surge of energy and plasma will hit Earth on Thursday.

Coronal mass ejection is one of the biggest eruptions from the Sun's surface that can contain a billion tons of matter accelerated to several million miles per hour into space. This solar material streams out through the interplanetary medium, impacting any planet or spacecraft in its path. When a really strong CME blows past the Earth, it can damage the electronics in our satellites and disrupt radio communication networks on Earth.The solar flares were released from the active regions 12975 and 12976 on the Sun on March 28. The Center said that as these flares strike Earth's magnetic field there is a possibility of coronal mass ejection induced moderate geomagnetic storms. "" Our model fit indicates a very high probability of Earth impact on 31 March with speeds ranging between 496-607 km/s,"" the center said in a tweet. (1 kmps = 3600 kmph). CESSI also flagged new sunspots on the surface of the Sun that could produce more flares in the future. ""AR12975 and AR12976 have magnetically connected and continue to be flagged as M/X class flare productive, with reasonable chances of producing an X class flare. AR 12978 is also now being flagged as flare positive,"" it said.The US-based Space Weather Prediction Center at the National Oceanic and Atmospheric Administration (NOAA) also corroborated the observation and predicted a G3 class strong geomagnetic storm to hit Earth on March 31. It warned that surface charging may occur on satellite components, drag may increase on low-Earth-orbit satellites, and corrections may be needed for orientation problems. "" Intermittent satellite navigation and low-frequency radio navigation problems may occur, HF radio may be intermittent,"" Noaa said in a warning.AR12975 and AR12976 have magnetically connected and continue to be flagged as M/X class flare productive, with reasonable chances of producing a X class flare. AR 12978 is also now being flagged as flare positive.+ pic.twitter.com/trsmpz7N9e— Center of Excellence in Space Sciences India (@cessi_iiserkol) March 29, 2022
This is not the first time that a geomagnetic storm is set to hit Earth, the frequency of space weather events has increased as the Sun is now its new solar cycle ramping up activity. Elon Musk's SpaceX was on the receiving end of one of these geomagnetic storms earlier this year that killed 40 Starlink satellites. The geomagnetic storm was the result of a coronal mass ejection from the Sun by an M1-class solar flare that lasted for about four hours.Thursday's impact is likely to trigger auroras that could be observed at lower altitudes. Meanwhile, it could also have the power of affecting power grids and communication networks.OTHER INTERESTING SCIENCE NEWS STORIES:Into the wild: Animals the latest frontier in Covid fightThis astronaut circled Earth 5,680 times. Now he is coming backDelhi feels the heat: How does India measure heatwave and why temperatures that define it are so high",NA,https://www.indiatoday.in/science/story/geomagnetic-storm-to-hit-earth-solar-flare-sun-coronal-mass-ejection-auroras-1931273-2022-03-30
3,science,Delhi feels the heat: How does India measure heatwave and why temperatures that define it are so high,"(29, 3, 2022)","The United Kingdom on Monday raised the temperature at which forecasters will declare a heatwave in an area as climate change makes these extreme weather events more frequent. The UK Meteorological office raised the thresholds in some counties from 27 degrees Celsius to 28 degrees Celsius threshold and in others from 26 degrees Celsius to 27 degrees Celsius followed by 25 degrees Celsius to 26 degrees Celsius in one.

The decision comes in the backdrop of global warming intensifying the occurrence of these weather-related events. As the world grapples with heat waves, India is no different. The India Meteorological Department on Tuesday predicted a heatwave spell over Northwest, Central & West India for the coming four to five days.The IMD in a statement said that there could be a gradual rise in maximum temperatures by about 2 degrees Celsius over many parts of Central and East India during the next three days. The weather agency warned that heatwave could lead to moderate health concerns for vulnerable people and there is an increased likelihood of heat illness symptoms in people who are either exposed to the sun for a prolonged period or doing heavy work. A woman carries water can on her head, on a hot summer day, at Fort St George, in Chennai, Thursday, March 24, 2022. (PTI Photo)HOW DOES IMD DEFINE HEATWAVE IN INDIA?A heatwave is defined when a region experiences predominantly high temperatures for a sustained period of time. The India Meteorological Department defines a heatwave as a condition of air temperature which becomes fatal to the human body when exposed. ""It is defined based on the temperature thresholds over a region in terms of actual temperature or its departure from normal. In certain countries, it is defined in terms of the heat index based on temperature and humidity or based on the extreme percentile of the temperatures.""IMD considers an area experiencing a heatwave if the maximum temperature of a station reaches at least 40 degrees Celsius or more for the plains and at least 30 degrees Celcius or more for hilly regions. A heatwave is also characterised if the temperature goes at least 4.5 to 6.4 notches up and if ts exceeds over 6.4 degrees Celcius above normal, the IMD classifies it as a severe heatwave.Meanwhile, when it comes to coastal regions, a heatwave is announced if the maximum temperature is 4.5 degrees Celsius or more than the normal temperature experienced in the area.IMD predicts heatwave based on synoptic analysis of various meteorological parameters and from the consensus guidance from various regional & global numerical prediction models. The IMD in its latest projections has predicted a gradual rise in maximum temperatures by about 2 degrees Celsius. (File PIc)WHY IS THE HEATWAVE THRESHOLD SO HIGH IN INDIA?The heatwave threshold in India is high compared to what the United Kingdom has deemed fit to declare a heatwave, since India has tropical weather conditions where temperatures are generally high.Senior IMD scientist R K Jenamani told indiatoday.in that heatwave thresholds differ across the world based on the climatic factors experienced in those regions. ""Different countries have different climatic conditions, scoping capabilities and therefore, while in some countries it's high, in others it's low. The Indian sub-continent has a tropical climate with high temperatures. Therefore, in countries like India, Bangladesh, and Sri Lanka heatwave is declared at higher temperatures compared to that of the United Kingdom.""The senior scientist denied any plans for the weather agency to alter the heatwave threshold for the country in the coming times, even as he acknowledged that climate change is leading to extreme weather events across the world. Temperatures recorded across India on March 28. (IMD)IMD'S LATEST PREDICTION: MORE HEAT INCOMINGThe IMD in its latest projections has predicted a gradual rise in maximum temperatures by about 2 degrees Celsius very likely over many parts of Central and East India during the next three days. A rise in maximum temperatures by 2-4 degrees Celsius is very likely over Maharashtra during the next five days. The weather agency has also predicted severe heatwave conditions in most parts very likely over West Rajasthan, in some parts over East Rajasthan & West Madhya Pradesh on March 29, 30.While parts of North India and Central India, northeast India is likely to experience light to moderate rainfall duringthe next five days with a possibility of isolated heavy falls over Assam-Meghalaya and Arunachal Pradesh on March 31 and April 1.Maximum temperatures have been rising in Delhi and parts of the national capital region in the last couple of days, hovering between 39-41 degrees Celsius. However, the IMD said that for it to declare a heatwave or severe heatwave the temperatures need to be consistently above normal by 4.5 degrees.",NA,https://www.indiatoday.in/science/story/heatwave-temperatures-india-imd-uk-threshold-climate-change-global-warming-1931001-2022-03-29
4,science,Leak in Earth's core brings us close to solving mystery of how our world formed,"(29, 3, 2022)","The Earth has evolved over billions of years, however, the mystery of its formation remains shrouded. A leak in the core of the planet has now given hints about the formation of our world that begins with the Big Bang and the secret lies inside a solar nebula.

Scientists have detected Helium-3, a rare isotope of helium gas, leaking from the Earth's core. This primordial gas was created shortly after the Big Bang and acquired from the solar nebula as the Earth formed. Scientists have now estimated how much of this gas is leaking, which was previously only seen in the middle layers, called the mantle.The detection of Helium-3 indicates that Earth has deep reservoirs of this element, but its locations and abundances remain uncertain. It is worth mentioning that helium-3 can be produced by some natural processes as well, such as the radioactive decay of tritium, however, this primordial element is made primarily in the nebula.The study published in the Journal AGU Geochemistry, Geophysics, Geosystems states that volatile exchange during Earth's formation and evolution implicates the metallic core as a leaky reservoir that supplies the rest of the Earth with helium-3. ""Mainly produced by the decay of uranium and thorium, terrestrial Helium-3 is large of primordial origin, synthesized in the aftermath of the Big Bang (Bania et al., 2002) and incorporated into the Earth primarily during its formation,"" the paper said.The new research provides evidence of the formation of Earth in a solar nebula. Layers of Earth. (Getty)According to Nasa, Nebula are made of dust and gases—mostly hydrogen and helium. The dust and gases in a nebula are very spread out, but gravity can slowly begin to pull together clumps of dust and gas. As these clumps get bigger and bigger, their gravity gets stronger and stronger.Eventually, the clump of dust and gas gets so big that it collapses from its own gravity. The collapse causes the material at the center of the cloud to heat up-and this hot core is the beginning of a star.The researchers modeled helium during early formation when the planet was accumulating helium and following the formation of the Moon, after which helium was lost. Scientists believe around 4 billion years ago, an object one-third the size of the Earth hit the planet that re-melted the Earth’s crust, allowing much of the helium to escape, which continues to this day.The team estimated that each year, about 2 kg of the rare gas helium-3 escapes from Earth's interior.""The core offers a possible reservoir for 3He because it is less vulnerable to large impacts compared to other parts of the Earth system, it does not participate directly in plate cycling, and it has remained mostly liquid over Earth's history,"" the paper said.The team is now trying to go deeper under the surface to explore the true nature of the leak and understand the formation of the planet.MORE ARTICLES FROM THE WORLD OF SCIENCE:Climate change: As UK raises temperatures that define heatwave, here's how India measures heatChina's wind project produces enough clean energy to power 5 lakh families of three for a yearIn detecting alien life on a faraway planet, methane may be the keyIsraeli startup develops helmet to test how space causes neurological changes in brain$26000000000: That's how much Nasa wants in 2023 as it plans to put humans on Moon, Mars",NA,https://www.indiatoday.in/science/story/leak-in-earth-s-core-provides-clues-to-mystery-around-how-our-world-formed-1930920-2022-03-29
5,science,China's wind project produces enough clean energy to power 5 lakh families of three for a year,"(29, 3, 2022)","As China pushes for renewable energy, its first gigawatt-scale offshore wind farm has produced over 1 billion kilowatt-hours of energy that can provide electricity to 5,00,000 families of three for a year. The energy produced by the wind farm is equivalent to 3,07,600 tonnes of standard coal that would have been burned.

According to CGTN, with a total installed capacity of 2 gigawatts, the project can provide 5.6 billion kilowatt-hours of clean electricity for the Guangdong-Hong Kong-Macao Greater Bay Area annually. The Wind Farm, located in the coastal area of Shapa Town, south China's Guangdong Province has successfully managed to reduce 840,000 tonnes of carbon dioxide emissions.""The Shapa project employs top-of-the-line technologies that are used in offshore wind power projects globally,"" Wang Wubin, chairman of China Three Gorges Renewables (Group), told China Media Group. The wind farm consists of 315 offshore turbines, four offshore booster stations, and almost 1,000 kilometers of submarine cables.The wind farm is the first of its kind project in China that has an active anti-typhoon system, which can be remotely controlled with the help of satellites. The project has made inroads by supplying clean energy using submarine cables that can withstand harsh oceanic environments and resist corrosion, among other factors.""We have laid more than 770 kilometers of cables in total for the Shapa offshore wind project. We have also overcome a number of worldwide technical problems, such as manufacturing and quality control of super-large scale marine cables. Our team has mastered core techniques such as the large-size cable forming technology,"" Xia Feng, president of Orient Cable, told CMG. The wind farm is the first of its kind project in China that has an active anti-typhoon system. (Photo: AFP)CHINA NOT ALONEChina is not alone in boosting offshore wind farms in a bid to produce clean energy amid rising concerns over global warming. India has agreed to develop three Sri Lankan wind farms on islets between the countries. A joint statement issued Tuesday after a visit to Colombo by India's foreign minister S Jaishankar said a memorandum of understanding had been signed to build the installations.The Biden administration in the US has also announced it will hold a wind energy auction for two areas off the coast of North and South Carolina in May as part of its plan to ramp up clean energy production. The sale notice includes several stipulations meant to boost the domestic offshore wind supply chain, including offering a 20% credit to bidders if they invest in workforce training programs or supply chain development.Offshore wind power in the United States has lagged European nations in deploying the technology. Currently, the United States has just two small offshore wind facilities, off the coasts of Rhode Island and Virginia, along with two additional commercial-scale projects recently approved for development.The Netherlands has also hinted that it will ramp up the building of offshore wind farms in the coming years, doubling the planned capacity by 2030. Current plans aim at a total capacity of about 10 GW in offshore wind energy in 2030, with about 3 GW already operational or under construction following a series of tenders in recent years.",NA,https://www.indiatoday.in/science/story/china-clean-energy-production-offshore-wind-farms-emissions-xi-jinping-global-warming-1930900-2022-03-29
6,science,"In detecting alien life on a faraway planet, methane may be the key","(29, 3, 2022)","For humankind, evidence for life beyond Earth is unlikely to be as dramatic as an alien spaceship landing, say, next to the Eiffel Tower in Paris. It is more likely to come from telescope observations of a faraway planet bearing atmospheric chemicals suggestive of biological activity.

Researchers on Monday said methane may be the first detectable sign of extraterrestrial life if discovered in the atmosphere of a rocky planet orbiting in the ""habitable zone"" - the area not too hot and not too cold for liquid water to exist on the planetary surface - around a sun-like star.Scientists are working to understand the indicators of life - biosignatures - that might be present in observations of planets in other solar systems, called exoplanets, knowing that increasingly capable telescopes soon will be available.The researchers, in a study published in the journal Proceedings of the National Academy of Sciences, showed that abundant atmospheric methane could be a persuasive sign of life in the right planetary context. Methane is an important trace gas in Earth's atmosphere, at less than 2 parts per million by volume.Unlike other potential biosignatures such as atmospheric oxygen, methane is one of the few gases that should be readily detectable using the James Webb Space Telescope, launched by NASA in December and due to become operational within months.""On Earth, the vast majority of methane is produced by life,"" said study lead author Maggie Thompson, a University of California, Santa Cruz graduate student in astronomy and astrophysics.Most of it is generated directly by life: methane-producing microbes in wetlands, rice fields or in the guts of large animals. Methane is also generated through human activities such as burning fossil fuels including coal and oil, which are remnants of dead organisms. The proportion of Earth's nonbiologically generated methane is miniscule. Oxygen, more plentiful in Earth's atmosphere than methane, is another potential biosignature. (Representative Image)The researchers made a three-part case for methane as a promising biosignature.""First, it would be unsurprising for life elsewhere to produce methane. Even if the biochemistry of alien life was radically different to that of Earth's biosphere, methanogenesis is an obvious and easy metabolic strategy for any carbon-based life given the energy sources likely to be present on rocky exoplanets,"" said co-author Joshua Krissansen-Totton, a NASA Sagan Fellow in UCSC's Department of Astronomy and Astrophysics.Secondly, they said, methane would not persist for long in atmospheres of habitable rocky planets without constant replenishment, possibly by living organisms. On Earth, atmospheric methane is unstable - destroyed by the chemical effects of light - but has constant biologically-generated replenishment.Thirdly, they said, it would be difficult for nonbiological processes such as volcanism or chemical reactions in mid-ocean ridges and hydrothermal vents to maintain replenishment without leaving a ""fingerprint"" indicating the methane was not biologically generated.Gas-spewing volcanoes, for instance, would release carbon monoxide alongside methane, but biological activity tends to devour carbon monoxide and reduce its atmospheric concentrations. Thus, they said, nonbiological processes cannot easily produce rocky planet atmospheres rich in both methane and carbon dioxide, as on Earth, but with little or no carbon monoxide.Scientists are expecting greater insight into exoplanet atmospheres using Webb and other new telescopes, examining their chemistry as these distant worlds pass in front of their host stars from the perspective of Earth.Oxygen, more plentiful in Earth's atmosphere than methane, is another potential biosignature. It too is fed into Earth's atmosphere via biological processes - in this case photosynthesis by plants and microbes. But oxygen could elude Webb's detection.""Methane is not a hypothetical biosignature. We know life on Earth has been producing methane for essentially its entire history, and atmospheric methane concentrations may have been high on the early Earth, before there was oxygen in the atmosphere,"" Krissansen-Totton said. ""But it's important to note that the diversity of planetary environments elsewhere is probably vast, and there could be other non-biological methane-making producing processes that no one has yet considered.""",NA,https://www.indiatoday.in/science/story/in-detecting-alien-life-on-a-faraway-planet-methane-may-be-the-key-1930878-2022-03-29
7,science,Israeli startup develops helmet to test how space causes neurological changes in brain,"(29, 3, 2022)","Israeli startup Brain.Space is all set to begin a crucial phase of testing a helmet designed to monitor the space-induced neurological changes in astronauts' brains. The company will send its helmets to the International Space Station when the Axiom-1 mission lifts off on April 3 on a SpaceX Falcon-9 rocket.

The company is planning to fill the gaps in data regarding the neural changes in prolonged space missions that can be vital in assessing day-to-day plastic changes in the brain and predicting how the brain will adapt to long-term space travel. Dubbed neurowellness, the system is a portable Electroencephalography (EEG) headset that will observe differences in cognitive performance in 1-G and microgravity, when exposed to a similar stimulus.""We actually know that the microgravity environment impacts the physiological indicators in the body. So, it will probably impact the brain and we would like to monitor that,"" Brain.Space Chief Executive Yair Levy told Reuters. The company added that the ability to analyze brain waves can be an essential component in making cognitive diagnoses and monitoring the neuro-health of crews in space. Three of the four astronauts -- including Israeli Eytan Stibbe -- will wear the helmet, which has 460 airbrushes that connect to the scalp. (Photo: Brain.Space)EEG IN SPACEThe experiment has been designed and developed by Ben Gurion University’s Department of Cognitive and Brain Sciences. The helmet will be put to test in the US segment of the Space Station after the Axiom-1 private astronauts arrive on a 10-day mission.The headset will record and analyze the neurological activity of crewmembers in order to determine whether results obtained in microgravity are different from those achieved on the ground. The headset and data will return to Earth for deeper analysis when Axiom-1 astronauts return.""By performing the first-ever cognitive experiment using a high-density easy setup EEG system, along with study-proven multi-modal P300 paradigms in space, Brain.Space will be able to both assess whether there are changes in the astronauts’ cognitive functions and characterize their dynamics,"" Brain.Space's website said. Three astronauts on the planned private space-flight firm Axiom Space's mission to the ISS will use the special electroencephalogram (EEG)-enabled helmet. (Photo: Brain.Space)The company aims to demonstrate the feasibility of monitoring cognitive performance and brain activity in a microgravity environment. The team aims to develop future long-term space missions with a simple to use, comfortable and accurate device for daily gauging of astronaut competence.Three of the four astronauts -- including Israeli Eytan Stibbe -- will wear the helmet, which has 460 airbrushes that connect to the scalp and perform a number of tasks for 20 minutes a day, during which data will be uploaded to a laptop on the space station. The tasks include a ""visual oddball"" one that the company says has been effective in detecting abnormal brain dynamics.Brain.Space, which also said it raised $8.5 million in a seed funding round, bills itself as a brain infrastructure company. ""Space is an accelerator. The idea is to revolutionize and make possible brain activity apps, products, and services that are as easy as pulling data from an Apple Watch,"" Levy said",NA,https://www.indiatoday.in/science/story/israeli-startup-develops-helmet-to-test-how-space-causes-neurological-changes-in-brain-1930836-2022-03-29
8,science,US seeks new lithium sources as demand for batteries grows,"(29, 3, 2022)","The race is on to produce more lithium in the United States.

The U.S. will need far more lithium to achieve its clean energy goals — and the industry that mines, extracts and processes the chemical element is poised to grow. But it also faces a host of challenges from environmentalists, Indigenous groups and government regulators.Although lithium reserves are distributed widely across the globe, the U.S. is home to just one active lithium mine, in Nevada. The element is critical to development of rechargeable lithium-ion batteries that are seen as key to reducing climate-changing carbon emissions created by cars and other forms of transportation.Worldwide demand for lithium was about 350,000 tons (317,517 metric tons) in 2020, but industry estimates project demand will be up to six times greater by 2030. New and potential lithium mining and extracting projects are in various stages of development in states including Maine, North Carolina, California and Nevada.“Nobody really foresaw this huge spike in demand,” said Tim Crowley, vice president of government affairs for Lithium Nevada, a subsidiary of a company developing a mine in Thacker Pass, Nevada. “We owned the lithium space for a long time, and we forfeited it to China.”Much of the world’s lithium comes from South America and Australia, and China dominates the worldwide supply chain for lithium-ion batteries. The U.S. produces less than 2% of the world’s supply of lithium, although it has about 4% of the reserves. The largest reserves in the world are in Chile.Expanding domestic lithium production would involve open pit mining or brine extraction, which involves pumping a mineral-rich brine to the surface and processing it. Opponents including the Sierra Club have raised concerns that the projects could harm sacred Indigenous lands and jeopardize fragile ecosystems and wildlife. An evaporation pond used to measure lithium and other minerals levels sits in the Uyuni salt desert near Colchani, Bolivia on Monday. (Photo: AP)But the projects could also benefit the environment in the long run by getting fossil fuel-burning cars off the road, said Glenn Miller, emeritus professor of environmental sciences at the University of Nevada.“A domestic source has tremendous value. Then we can do things that only China is doing with production,” Miller said.Lithium — the lightest metal on Earth — was discovered by Swedish chemist Johan August Arfwedson more than 200 years ago. Since then, lithium and its compounds have been used in everything from psychiatric medicine to lubricating grease.But interest in lithium has exploded in recent years because of its use in rechargeable batteries for electric and hybrid cars, lawnmowers, power tools and more. Lithium batteries also power laptops and cell phones.The Biden administration has made a plan for half a million charging stations for electric vehicles a signature piece of its infrastructure goals. That effort, and the growth of electric vehicle companies such as Tesla, will require much more lithium to make batteries.The new lithium mining project closest to development is the one proposed for Thacker Pass by Lithium Americas. That northern Nevada mine would make millions of tons of lithium available, but Native American tribes have argued that it’s located on sacred lands and should be stopped.Construction could start late this year, said Lithium Americas CEO Jonathan Evans, noting that it would be the first lithium project on federal land permitted in six decades.Evans said there will likely be more U.S. attempts to extract lithium because of the rising demand. “It has been a small industry and it has grown quickly,” he said. “I do expect larger companies to enter the space via acquisitions or other means.” Interest in lithium has exploded in recent years because of its use in rechargeable batteries for electric and hybrid cars, lawnmowers, power tools and more. (Photo: AP)Australian-based Ioneer also wants to build a large lithium mine in Nevada, which the company says is expected to produce 22,000 tons (19,958 metric tons) of lithium — enough to power hundreds of thousands of electric vehicles annually.Lithium mining projects represent a challenge for environmentalists because they carry the promise of decarbonization in exchange for heavy impacts on ecosystems and local communities. Lithium mining could jeopardize water quality and ranching in some states, the Sierra Club has argued.The big challenge is making sure lithium mines are located in places where they do the least amount of damage, said Lisa Belenky, senior attorney for the Center for Biological Diversity.“It really is very site specific as far as what impacts it would have to the local species, water,” Belenky said. “Almost every energy project we look at for climate change has its own greenhouse gas footprint.”The drive for more domestic lithium has opened the potential for mining and extracting in states beyond Nevada. An Australian company called Piedmont Lithium wants to develop an open-pit mining project it has proposed for the Kings Mountain area west of Charlotte, North Carolina. The area was a major supplier of lithium from the mid-20th century into the 1980s, the company said.California’s largest lake, the salty and shrinking Salton Sea, is also primed to host lithium operations. Lithium can be extracted from geothermal brine, and the Salton Sea has been the site of geothermal plants that have pumped brine for decades. Proponents of extracting lithium from the lake said it would require less land and water than other brining operations.One project, led by EnergySource Minerals, is expected to be operational next year, a spokesperson for the company said. General Motors Corp. is also an investor in another project on the Salton Sea that could start producing lithium by 2024.Gov. Gavin Newsom, a Democrat, envisions that California’s lithium can position the state to become a leader in the production of batteries. He called the state the “Saudi Arabia of lithium” during a January address.Dee Dee Myers, a senior adviser to Newsom focused on business, said that lithium is an “increasingly critical resource” as California and the world pursue clean energy development to slow climate change impacts.The state has an opportunity to produce “epic quantities of lithium” given the resources around the Salton Sea, Myers said. But she said it wants to ensure lithium is extracted and produced sustainably.State government could play a role in regulating the extraction process. In 2020, California also created the Lithium Valley Commission to review and analyze incentives for lithium extraction. They must file a report with their findings by October.In Maine, Plumbago Mountain in the western part of the state has attracted mining interest. The mountain is “a potentially significant new lithium resource,” with a higher average lithium content than similar deposits around the world, according to a 2020 paper in the scientific journal Mineralium Deposita.However, Maine mining regulations could make it difficult to extract the lithium. The Maine Department of Environmental Protection is reviewing the possibility of quarrying for lithium at Plumbago at the request of the property’s owners, state mining coordinator Mike Clark said.Plumbago Mountain is the kind of site that could be significant for the U.S. as it seeks to fulfill its clean energy goals, said Alicia Cruz-Uribe, an associate professor of petrology and mineralogy at University of Maine.The country’s lithium reserves rank among the largest in the world, Cruz-Uribe said. “But the amount that we produce is peanuts.”",NA,https://www.indiatoday.in/science/story/us-seeks-new-lithium-sources-as-demand-for-batteries-grows-1930812-2022-03-29
9,science,"$26000000000: That's how much Nasa wants in 2023 as it plans to put humans on Moon, Mars","(29, 3, 2022)","With plans afoot to return to the Moon, Nasa has placed a budget demand of $26 billion in front of the United States Congress for its missions and expenses in 2023. The American space agency said that the fiscal year budget would allow it to sustain global innovation leadership and keep it at the forefront of exploration and discovery by returning to the Moon with the Artemis program, among other efforts.

Under the Joe Biden administration, the agency has placed the demand with a focus on Moon landings and sending humans to Mars by 2040, along with pioneering new Earth science missions. The new demand is nearly $1.93 billion, eight per cent over the 2022 budget that was approved by Congress.“Greater than a number, statistic, or fact is what the President’s budget request represents. It’s an investment in the businesses and universities that partner with Nasa in all 50 states and the good-paying jobs they are creating. It’s a signal of support for our missions in a new era of exploration and discovery,” Nasa Administrator Bill Nelson said. Nasa has plans to return to the Moon with the Artemis mission. (Photo: AP)WHAT WILL NASA DO WITH $26 BILLION?Stating that the money will be used to unravel the secrets of the universe from deep space to Mars to planets in our solar system, Nasa laid out several proposals under which the staggering budget will be used. The space agency in a statement said that the money will enable missions on and around the Moon through Artemis while preparing for Mars exploration.The agency wants $7.6 billion for deep space exploration as it plans to land the first woman and person of color on the lunar surface, deepen the scientific understanding of the Moon, and test technologies that will prepare for human exploration of Mars. $4.7 billion has been requested for Common Exploration Systems Development to support lunar missions including funding for the Orion spacecraft and Space Launch System (SLS).Nasa has marked $2.4 billion for Earth-observing satellites and related research to improve the understanding of climate change, while $1.4 billion for space technology research and development will support new technologies. To maintain the country's leadership in aircraft development, $970 million has been requested for aeronautics research, which includes $500 million to reduce aviation’s climate impact. The American space agency which is exploring Mars with rovers, plans to send humans on the surface by 2040. (Photo: Nasa)With the Mega Moon rocket on the launch pad ready for wet dress rehearsals, Nasa officials have hinted that the first human Moon landing of the 21st century will happen by 2026 followed by another in 2028, 2029, 2030, and 2031. The human exploration plans for Mars will take a dip in the budget at $161 million compared to $195 million in 2022. Meanwhile, the Mars sample return mission has been pushed back as Nasa sets its eyes on developing two Mars landers.Meanwhile, the space agency is also planning to develop a commercial space station in Low Earth Orbit after extending the services of the International Space Station till 2030. The budget has a $224 million allocation for future space stations, double the 2022 budget.",NA,https://www.indiatoday.in/science/story/nasa-budget-moon-mission-mars-artemis-human-lunar-landings-joe-biden-us-congress-1930804-2022-03-29
10,science,Blue Origin's maiden crew flight of 2022 delayed to March 31 as high winds play villain,"(29, 3, 2022)","Blue Origin on Tuesday delayed its maiden space launch of 2022 to March 31 due to poor weather conditions. The first crew launch of the year for the Jeff Bezos-led company is poised to take six paying customers on a brief flight to space in the New Shepard spacecraft.

Tuesday's launch was scrubbed citing high winds in the launch area of West Texas from where New Shepard will liftoff for a nearly 10-minute-long journey to the Karmen line about 100 kilometers above Earth before returning. The mission is the fourth crewed flight for the company that has been striving for a major chunk of the emerging space tourism market.""NS-20 is now scheduled for launch on Thursday, March 31. New Shepard Mission Operations has successfully completed Flight Readiness Review and the weather is the only remaining factor to get to launch,"" Blue Origin said in a tweet. The company added that astronauts are completing their training.""Due to forecasted high winds during launch and recovery operations on Tuesday, March 29, and Wednesday, March 30, the New Shepard Mission Operations team has made the decision to move the launch of NS-20 to Thursday, March 31,"" the Jeff Bezos-led company said in a statement.The launch is scheduled for around 6:00 pm Indian Standard Time now on Thursday. The New Shepard spacecraft on the launch pad. (Photo: Reuters)Live TVAlso Read | Bezos' Blue Origin to conduct first launch of 2022The first flight of 2022 for the company will have Marty Allen, Fary Lai, husband and wife duo Sharon and Marc Hagle, Jim Kitchen, and Dr. George Nield. This is not the first time the NS-20 mission has been delayed. It was initially planned to launch on March 23. However, the plans were canceled after American comedian Pete Davidson pulled out of the mission and Blue Origin decided instead to send Gary Lai, best known as the architect of the New Shepard system, including leading the team responsible for the design and development of many of the key safety systems on the Crew Capsule.The New Shepard spacecraft is part of the reusable system developed by Blue Origin similar to the SpaceX Falcon-9 that returns to Earth after launching the crew capsule. The spacecraft has so far flown 19 times in nearly two decades of its development, testing, and demonstration phase and in 2021, Jeff Bezos himself flew on the maiden crewed mission to showcase the agility and safety of the spacecraft.Blue Origin has been flying celebrities in a bid to garner more eyeballs for its spacecraft and, in the past, it has flown William Shatner, best known for his portrayal of Captain Kirk. Former NFL great and “Good Morning America” co-host Michael Strahan flew on Blue Origin’s second passenger flight in December, joining astronaut Alan Shepard’s daughter on the journey.",NA,https://www.indiatoday.in/science/story/blue-origin-new-shepard-launch-space-tourism-jeff-bezos-spacex-1930791-2022-03-29
11,science,SpaceX ending production of flagship Crew Dragon spacecraft that transports astronauts,"(28, 3, 2022)","SpaceX has ended production of new Crew Dragon astronaut capsules, a company executive told Reuters, as Elon Musk's space transportation company heaps resources on its next-generation spaceship program.

Capping the fleet at four Crew Dragons adds more urgency to the development of the astronaut capsule's eventual successor, Starship, SpaceX's moon and Mars rocket. Starship's debut launch has been delayed for months by engine development hurdles and regulatory reviews.It also poses new challenges as the company learns how to maintain a fleet and quickly fix unexpected problems without holding up a busy schedule of astronaut missions.""We are finishing our final (capsule), but we still are manufacturing components, because we'll be refurbishing,"" SpaceX President Gwynne Shotwell told Reuters, confirming the plan to end Crew Dragon manufacturing.She added that SpaceX would retain the capability to build more capsules if a need arises in the future, but contended that ""fleet management is key.""Musk's business model is underpinned by reusable spacecraft, so it was inevitable the company would cease production at some point. But the timing was not known, nor was his strategy of using the existing fleet for its full backlog of missions.Crew Dragon has flown five crews of government and private astronauts to space since 2020, when it flew its first pair of NASA astronauts and became the U.S. space agency's primary ride for getting humans to and from the International Space Station. Like Crew Dragon, SpaceX's workhorse reusable rocket, the Falcon 9, and its more powerful variant Falcon Heavy are also refurbished. (Photo: SpaceX)After each flight, the capsules undergo refurbishment at SpaceX facilities in Florida, which the company calls ""Dragonland.""""There's lifetime cycle issues, where once you start using it the third, fourth, fifth time, you start finding different things,"" said retired NASA astronaut and former SpaceX executive Garrett Reisman, who now consults for the company on human spaceflight matters.""SpaceX is really good about identifying these issues quickly and then acting quickly to fix them,"" Reisman added, pointing to an investigation in 2021 in which SpaceX discovered and fixed within months a toilet leak aboard a Crew Dragon capsule that had flown humans twice.NASA has given SpaceX some $3.5 billion to help develop and subsequently use Crew Dragon for six flights to the space station. It added three more missions to fill in for delays with Boeing Co's BA.N Starliner capsule. Read full storySpaceX has flown four crews of astronauts to the space station under its NASA contract at roughly $255 million per flight. The company carried out a fully private mission last year with four passengers, including a billionaire entrepreneur who funded the flight, for a three-day trip in Earth orbit.At least four more private astronaut missions on Crew Dragon are planned with Houston-based space station builder and spaceflight manager Axiom Space, with the first so-called Ax-1 mission scheduled for April carrying four entrepreneurs to the space station to conduct scientific research.Musk, SpaceX's founder and chief executive, has focused intensely in recent years on the company's hasty development of a re-usable Starship, the centerpiece of Musk's aim to eventually colonize Mars.Like Crew Dragon, SpaceX's workhorse reusable rocket, the Falcon 9, and its more powerful variant Falcon Heavy are also refurbished after each flight, and not every component is able to fly to space more than once.""The goal is to get more and more like aircraft operations, where you can take the vehicle after it lands, fill it back up with gas and oxygen, and go again very rapidly,"" Reisman said.""Starship, if it achieves its design objectives, would be able to affordably replace everything that Falcon 9, Falcon Heavy and Dragon can do.""",NA,https://www.indiatoday.in/science/story/spacex-ending-production-of-flagship-crew-dragon-spacecraft-that-transports-astronauts-1930532-2022-03-28
12,science,Scientists find Arctic sinkholes big enough to swallow city blocks with six-storied buildings,"(28, 3, 2022)","Climate change is causing changes on the poles that will be very difficult to recover from. Researchers mapping the area have found sinkholes being formed in the Arctic that are so big that entire city blocks with six-storied buildings could submerge in them. Worryingly, all these depressions have developed in less than a decade.

The new developments were observed in the high-resolution bathymetric surveys in the Canadian Beaufort Sea that occurred from 2010 to 2019. The detailed survey has been conducted in the permanently frozen region of the Arctic that has largely remained inaccessible to humans. Nearly one-quarter of the land in the Northern Hemisphere is permafrost or frozen ground.Researchers from Monterey Bay Aquarium Research Institute have documented these dramatic changes indicating how the thawing of permafrost submerged underwater at the edge of the Arctic Ocean is affecting the seafloor. The study has been published in the National Academy of Sciences.“We know that big changes are happening across the Arctic landscape, but this is the first time we’ve been able to deploy technology to see that changes are happening offshore too,” Charlie Paull, a geologist at MBARI who led the study, said in a statement. They conducted repeated mapping of the seafloor with ship-based sonar and an autonomous underwater vehicle (AUV) to a resolution of a one-meter (about three-feet) square grid, or roughly the size of a dinner table.WHAT DID THEY FIND?Researchers in 2010 found a band of unusually rough seafloor terrain along a 95-kilometer stretch of the shelf roughly 180 kilometers offshore, along what was once the seaward limit of Pleistocene permafrost. Repeated surveys allowed researchers to begin to understand the processes creating the distinctively rugged seafloor terrain in the Canadian Beaufort Sea.Researchers documented the formation of new, irregularly shaped, steep-sided depressions. The largest was an oval-shaped depression 28 meters deep, 225 meters long, and 95 meters wide. These new terrains were attributed to intermittent seafloor collapse due to the gradual warming of the permafrost sediment frozen beneath the Arctic Shelf. Repeated mapping of the seafloor was conducted with ship-based sonar and an autonomous underwater vehicle (AUV).“While the underwater sinkholes we have discovered are the result of longer-term, glacial-interglacial climate cycles, we know the Arctic is warming faster than any region on Earth. As climate change continues to reshape the Arctic, it’s critical that we also understand changes in the submerged permafrost offshore,” Charlie Paull added.IS IT DUE TO CLIMATE CHANGE?The continuous thawing of these permanently frozen regions in the Arctic is not completely being attributed to climate change and rising mean sea temperatures from human actions. Researchers said that the changes being seen in the Arctic derive from much older, slower climatic shifts related to our emergence from the last ice age, and similar changes appear to have been happening along the seaward edge of the former permafrost for thousands of years.“We don’t have a lot of long-term data for the seafloor temperature in the Canadian Beaufort Sea, but the available data do not show a warming trend, which ruled out anthropogenic climate change driving the dramatic changes in the seafloor terrain. Instead, heat carried in slowly moving groundwater systems is driving these changes,” explained Paull.The team has also documented other seafloor features created by water from thawing permafrost.Researchers believe that a similar process must be going on in other permafrost regions of the world. ""These rapid changes to the seafloor demand our attention. We need to understand how the decay of relict submarine permafrost will impact the vast areas underlying the Arctic continental shelves,"" Paull added.",NA,https://www.indiatoday.in/science/story/climate-change-arctic-sinkholes-depressions-antarctic-polar-warming-1930526-2022-03-28
