SN,category,headline,date,content,keywords,link
1,science,"Woman got pregnant after sexual encounter with alien, claims new US defence report","(7, 4, 2022)","Several witnesses have alleged that UFOs have had sexual encounters with humans and also left one woman pregnant.

The absurd claims were made in Pentagon documents from the Defense Intelligence Agency, as obtained and reported by The Sun.The report was obtained as part of a Freedom of Information request.The report titled 'Anomalous Acute and Subacute Field Effects on Human and Biological Tissues' investigates the health impact on humans who have had paranormal experiences or “injuries to human observers by anomalous advanced aerospace systems"".READ | Is that a UFO? Video of unidentified object in Islamabad skies leaves internet abuzz | WATCHThe US-based civilian research agency MUFON compiled a list, which featured in the “useful database” of the report, and listed the biological effects of UFO sightings on humans and their frequency.Bizarre occurrences such as ""apparent abduction"", ""unaccounted for pregnancy"", sexual encounters, experience of telepathy and perceived teleportation, were included in the report.The study states five reported sexual encounters between UFOs and humans.The report states that UFO sightings can leave witnesses injured or suffering from radiation burns, brain problems and damaged nervesThe report which had been prepared for the DIA also warned that such objects may be a ""threat to United States interests"".One statement in the report read, “Humans have been found to have been injured by exposure to anomalous vehicles, especially airborne and when in close proximity.”The injuries were reported to be related to electromagnetic radiation and linked them to ""energy related propulsion systems"". Heating and burn injuries from radiation, damage to the brain and the ability to impact nerves were listed as possible injuries.The report, a part of over 1500 pages of DIA documents, related to the Pentagon's secretive UFO programme, the Advanced Aviation Threat Identification Program (AATIP), included another document which sets out how to categorise ""anomalous behaviour"" - with encounters with ""ghosts, yetis, spirits, elves and other mythical/ legendary entities"" classed as ""AN3"" and ""witness interaction with AN3 entities"" such as near-death experiences and religious miracles classed as AN4.ALSO READ | Second alien moon orbiting a planet discovered outside our solar system, it's big and strange","['UFO', ' US', ' Pentagon', ' health effects', ' paranormal ']",https://www.indiatoday.in/science/story/woman-pregnant-sexual-encounter-alien-claims-us-defence-report-pentagon-1934770-2022-04-07
2,science,NA,NA,NA,NA,https://www.indiatoday.in/science/video/all-you-need-to-know-about-nasa-s-space-launch-system-videographic-1934724-2022-04-07
3,science,Scientists discover microplastic stuck deep inside lungs of living people,"(7, 4, 2022)","Scientists have for the first time discovered microplastics stuck in the lungs of living people in a major study indicating that we are inhaling these dangerous substances without even knowing. The new study hints at the dangerous impact this could have on the respiratory system, causing severe problems.

Microplastics are small plastic pieces that are less than five millimeters long and have been found to be spread across oceans, mountains, and in the air. These are generated from large plastic debris that degrades into smaller and smaller pieces. These tiny particles easily pass through water filtration systems and end up in the ocean, posing a potential threat to aquatic life.A team of scientists from Hull York Medical School and the University of Hull found 39 microplastics in 11 of the 13 lung tissue samples tested, higher than any previous laboratory tests. The study has been accepted for publication by the journal Science of the Total Environment.""Microplastics have previously been found in human cadaver autopsy samples - this is the first robust study to show microplastics in lungs from live people. ""It also shows that they are in the lower parts of the lung. Lung airways are very narrow so no one thought they could possibly get there, but they clearly have,"" said Dr. Laura Sadofsky, Senior Lecturer in Respiratory Medicine at Hull York Medical School and lead author of the paper.The study was conducted on living lung tissues as collected from surgical procedures carried out on patients who were still alive, as part of their routine medical care.Scientists have discovered 12 different types of microplastics which have many uses and are commonly found in packaging, bottles, clothing, rope/twine, and many manufacturing processes. The team said that they also found considerably higher levels of microplastics in male patients compared to females.""We did not expect to find the highest number of particles in the lower regions of the lungs, or particles of the sizes we found. This is surprising as the airways are smaller in the lower parts of the lungs, and we would have expected particles of these sizes to be filtered out or trapped before getting this deep into the lungs,"" Dr. Laura said.The study revealed the presence of 11 microplastics in the upper part of the lung, seven in the mid part, and 21 in the lower part of the lung ""which was an unexpected finding."" Researchers also found microplastics of the size and shape which are inhalable by humans.Researchers had earlier found these tiny plastic particles in the blood raising health concerns across the world. Earlier, scientists studying these tiny particles had detected them in the air surrounding Pic du Midi at an altitude of 2,877 meters in the French Pyrenees.NOW READ: Shashi Tharoor chatting with Supriya Sule in Lok Sabha sparks viral memesOnePlus 10 Pro display is the unsung hero that gives it an edge over competitorsChina used compromised cameras to snoop into India's power grids, says reportWest won't stop at destroying Russia; India will be next: Donetsk on Russia-Ukraine warCentre to announce 3-year Agnipath entry scheme for youngsters to join defence forcesJo shuru kiya hai, use khatam toh karna hi hai, Javed Akhtar on legal battle with Kangana Ranaut","['Microplastics', ' What are microplastic', ' Plastic pollution', ' Lungs', ' Plastic in lungs', ' Science News', ' Health', ' India Today Science']",https://www.indiatoday.in/science/story/scientists-discover-microplastic-stuck-deep-inside-lungs-of-living-people-1934702-2022-04-07
4,science,"Italian astronaut lands on the Moon. For now, in a simulator","(7, 4, 2022)","European Space Agency has landed its astronaut on the Moon.

At the moment, this successful lunar landing was done in a simulator, which Europe hopes to turn into a real event in the coming years as Artemis soars to the lunar surface. Italian astronaut Roberto Vittori conducted the test landing on the heavily cratered surface mired in shadows on the lunar south pole.The astronaut used the advanced flight simulator to try out a mock polar touchdown as part of a project to design a ‘human-in-the-loop’ lunar landing system. A veteran astronaut of six spaceflights, Vittori jumped into a unique motion simulator based at the German Aerospace Center at Oberpfaffenhofen.The simulator has been designed for extreme tilt angles and manoeuvres that could be a requirement when humans return to the Moon by the end of this decade. The simulator on the end of an industrial robot arm with a flight deck capsule attached to it is fitted in turn with a virtual flight deck window. Mosaic of the lunar south pole from images acquired by ESA’s SMART-1. (Photo: ESA)“It was a beautiful run. The simulator is an incredible machine, probably one of the best I have experienced. This experiment today is for me showing that Europe can play a key role in the future of exploration,” Vittori said after the simulation.The European Space Agency in a statement said that the astronaut was able to experience how a spacecraft behaves during critical flight phases and then take action to control it. He was put through different test scenarios to encapsulate the full process of the lunar landing, which included a scenario where the autopilot was set to land in a landing zone littered with boulders.""Vittori was able to intervene within a given time window and select a safer alternative landing site via touch screens. In another scenario, the autopilot experienced a technical fault. Here, the Italian astronaut was able to switch to fully manual control and pilot the module manually as it descended onto the lunar surface,"" the space agency said. The DLR Robotic Motion Simulator is based on an industrial robot arm with a flight deck capsule attached to it, fitted in turn with a virtual flight deck window. (Photo: ESA)The primary goal of the simulation was to evaluate human-machine interfaces and assistance functions for spacecraft as the space agency establishes a preliminary design and the preliminary requirements for a human lunar landing, with astronauts in the loop to improve robustness and reliability of the flight system.Europe is already working on an intermediate station for crewed missions to the Moon dubbed Lunar Gateway. The station will act as a basecamp for surface exploration.","['Artemis mission', ' Moon landing', ' Moon mission', ' European Space Agency', ' ESA', ' Science News', ' India Today Science']",https://www.indiatoday.in/science/story/moon-landing-italian-astronaut-european-space-agency-nasa-artemis-mission-1934661-2022-04-07
5,science,China energy goals a problem as UN report calls for deeper coal cuts,"(7, 4, 2022)","A new U.N. report detailing what the world needs to do to combat climate change has highlighted the need for China - by far the world's biggest greenhouse gas emitter - to accelerate its shift towards clean and low-carbon energy.

This week's report by the Intergovernmental Panel on Climate Change (IPCC) said global emissions needed to peak by 2025 and fall 43% below 2010 levels by the end of the decade if temperature rises are to be kept below 1.5 degrees Celsius.It also recommended a 65%-95% cut in coal consumption by 2050 and further cuts in oil and gas, putting China's efforts to decarbonise its coal-heavy energy system - and its renewed emphasis on energy security - under the spotlight.Frank Jotzo, economist at the Australia National University (ANU) and one of the authors of the IPCC report, told a briefing this week that China was one of several countries currently falling short when it comes to meeting global goals aimed at curbing temperature rises.""The opportunity is there,"" he said, ""but the short-term actions overall and the near-term pledges that have been made are incompatible.""China, which produces about a third of global annual emissions, has not officially responded to the IPCC report, and media coverage has been scant. Chinese researchers who helped draft the report also declined to comment.Beijing has already pledged to bring greenhouse gases to a peak ""before 2030"" and achieve carbon neutrality by 2060.But its recent focus has shifted towards energy security, following disruptive power cuts as well as the geopolitical uncertainties brought about by Russia's invasion of Ukraine, which has also prompted countries like Germany to reconsider coal as a replacement for Russian natural gas.Economic stability has also been a growing concern, especially as the ongoing battle against new COVID-19 outbreaks stifles businesses and disrupts supply chains.Recent policy documents show China remains committed to coal as an energy source, at least in the short-term, with plans to start reducing consumption after 2025.""The language at the moment is for coal-fired power generation, and more accepting of it,"" said Jorrit Gosens, an ANU researcher on Chinese energy policies.In its latest energy five-year plan, China said ""advanced coal technologies"" would help the transition to green energy, with coal-fired electricity providing baseline power for renewable energy bases across the country.""They are saying it is necessary in order to allow growth in renewable energy,"" said Gosens.Another 33 gigawatts (GW) of coal-fired power capacity went into construction last year, and researchers estimate it could rise by 150 GW by 2025. read moreChina has pledged to raise wind and solar capacity to 1,200 gigawatts by 2030, but many think it could easily build more.Peter Newman, another author involved in the IPCC report, acknowledged that China had made big contributions to decarbonisation, driving down manufacturing costs for wind and solar, and working quickly to electrify transportation, but it had to show more ambition.""That is a sign of how commitment can occur, but it needs to extend right through China's economy,"" said Newman, who is from Australia's Curtin University.","['climate change', ' IPCC', ' Science News', ' UN', ' UN IPCC highlights', ' China emissions', ' India emissions', ' India Today Science', ' Environment']",https://www.indiatoday.in/environment/story/china-energy-goals-a-problem-as-un-report-calls-for-deeper-coal-cuts-1934654-2022-04-07
6,science,"Centre says draft bill to create DNA data banks, save profiles under consideration","(7, 4, 2022)","The Centre has approved projects to strengthen DNA analysis and cyber-forensics under the Nirbhaya Fund Scheme as it plans to work on regulating evolving DNA technology. Minister for Science & Technology Dr. Jitendra Singh said that the government has formulated the DNA Technology (Use and Application) Regulation Bill.

The bill will provide ""regulation of the use and application of Deoxyribonucleic Acid (DNA) technology with the aim to establish the identity of certain categories of persons including the victims, offenders, suspects, undertrials, missing persons and unknown deceased person,"" the minister said.In a written reply to a question in the Rajya Sabha, the minister said that the Draft Bill under consideration has the provision to set up DNA data banks across the country and to store DNA profiles to track these categories of people across India. He added that the Directorate of Forensic Science Services (DFSS), MHA, has issued quality manuals and working procedure manuals for biology and DNA division, and guidelines for collection of forensic evidence in sexual assault cases and the standard components in a sexual assault evidence collection kit. The DNA technology has been evolving across the world. (File Pic)The ministry said that 23,233 Investigation Officers (IQs), Prosecution Officers (POs), and Medical Officers have been trained to collect forensic evidence in sexual assault cases and the standard components in a sexual assault evidence collection kit. Meanwhile, a DNA analysis laboratory has also been set up by MHA in the Central Forensic Sciences Laboratory in Chandigarh.The Parliamentary Standing Committee on Science and Technology, Environment, Forests, and Climate Change in 2021 raised concerns flagging the provision for the creation of a national databank of crime scene DNA profiles stating it could be used to target communities.""The risk with a national data bank of crime scene DNA profiles is that it will likely include virtually everyone since DNA is left at the crime scene before and after the crime by several persons who may have nothing to do with the crime being investigated,"" the standing committee said.""There is also DNA to be present of those who were nowhere near the crime scene but bodily material like hair may have been transported to the crime scene inadvertently by a variety of ways,"" the report said.The bill was first introduced in Lok Sabha by Harsh Vardhan as the Minister for S&T in August 2018 and passed in January 2019. However, the bill lapsed due to the dissolution of the Lok Sabha.After the reconstitution of the government following the 2019 Lok Sabha elections, the Cabinet approved the bill and it was again introduced in Lok Sabha in July 2019.","['DNA bill', ' What is DNA bill', ' DNA technology', ' Science', ' DNA', ' DNA databank', ' India Today Science']",https://www.indiatoday.in/science/story/centre-says-draft-bill-to-create-dna-data-banks-save-profiles-under-consideration-1934651-2022-04-07
7,science,"Isro's Small Satellite Launch Vehicle's maiden flight delayed, launch now between July-Sept","(7, 4, 2022)","The Indian Space & Research Organisation (Isro) will launch Earth Observation Satellite-02 on board the Small Satellite Launch Vehicle (SSLV) in the second quarter of this year. The maiden launch of the SSLV, now delayed, will boost India as a major launch destination to deploy commercial satellites in Low Earth Orbit (LEO).

Science & Technology Minister Dr. Jitendra Singh on Thursday said that EOS-02 is a technology demonstration satellite for various new technologies with applications that include agriculture, forestry, geology, hydrology, miniaturised power electronics, reaction wheels.The launch of the SSLV was initially targetted in the fourth quarter of 2021, however, due to Covid-19 induced lockdown, the development process was affected. Disruption in the domestic supply chain was a factor for the delay of spacecraft realization due to the non-availability of components, manpower, and facilities.The latest announcement comes weeks after Isro successfully conducted the ground testing of the newly developed solid booster stage (SS1) that will power its liftoff. The remaining stages of SSLV (SS2 & SS3) have successfully undergone necessary ground tests and are ready for integration.Isro had initially planned to launch SSLV in the first quarter of this year. The SSLV will provide a payload capability of 500 kilograms to a 500-kilometer planar orbit. By comparison, the PSLV — the workhorse of Isro — can take up to a 1,750-kilogram payload into SSO of 600 km altitudeThe government has sanctioned Rs 169 crores for the development of the project. This will cover the development & qualification of the vehicle systems and the flight demonstration through three development flights (SSLV-D1, SSLV-D2 & SSLV-D3).The minister also highlighted the findings behind the failure of the GSLV-F10 mission that launched with an Earth observation Satellite last year. ""Initial investigations with the post-flight data conducted immediately after the launch indicated that an anomaly in the Cryogenic Upper Stage led to the failure of the mission. A National level Failure Analysis Committee (FAC) consisting of experts from academia & ISRO was immediately constituted to identify the causes of the anomaly in the Cryogenic Upper Stage of GSLV, that led to a mission abort and to recommend corrective actions for future missions,"" the minister said.The 51.70-meter-tall rocket GSLV-F10/EOS-03 had successfully lifted off from the second launch pad at the Sriharikota spaceport as planned at 05.43 am on August 12. While the first and second stages of the mission kicked in successfully with a nominal burn, it was the third stage that did not go as planned.","['Isro', ' SSLV', ' Small satellite launch Vehicles', ' What is SSLV', ' Science News', ' India Today Science']",https://www.indiatoday.in/science/story/isro-small-satellite-launch-vehicle-sslv-pslv-earth-observation-satellite-1934635-2022-04-07
8,science,Scientists discover ancient cemetery of flying reptiles in Chile's Atacama desert,"(7, 4, 2022)","Scientists in Chile say they have unearthed a rare cemetery with well-preserved bones of ancient flying reptiles that roamed the Andean country's Atacama desert more than 100 million years ago.

The remains belong to pterosaurs, scientists determined, flying creatures that lived alongside dinosaurs that had a long wingspan and fed by filtering water through long thin teeth, similar to flamingos.The group of scientists, led by Jhonatan Alarcon, an investigator at the University of Chile, have been searching for pterosaurs for years, but this discovery surpassed their hopes.""This has global relevance because these types of findings are relatively rare,"" Alarcon said. ""Almost everywhere in the world, the pterosaur remains that are found are isolated.""The discovery of this rare cemetery will allow scientists to study the pterosaur's habits, not just its anatomy, he said. A palaeontologist works at the place where pterosaur fossils were found. (Photo: Reuters)""We could determine how groups of these animals were composed, if they raised their babies or not,"" he added.Another unexpected surprise was how well-preserved the bones scientists discovered were.""Most pterosaur bones that are found are flattened, broken,"" said David Rubilar, head of paleontology at Chile's Museum of National History. ""Nevertheless we were able to recover preserved three-dimensional bones from this site.""This well help scientists better understand pterosaur anatomy.The find was made 65 km (40.39 miles) away from another site where other pterosaur remains were found. This discovery supports scientists' hypothesis that pterosaurs were once widespread in northern Chile.","[' flying reptiles', ' anatomy', ' evolution', ' reptiles', ' science news', ' Chile', ' Atacama desert']",https://www.indiatoday.in/science/story/scientists-discover-ancient-cemetery-of-flying-reptiles-in-chile-s-atacama-desert-1934551-2022-04-07
9,science,"Hubble spots a mysterious planet where rain does not have water, but rocks","(7, 4, 2022)","The Hubble Telescope has been known to find unique mysterious worlds in our Milky Way galaxy, that have remained elusive to ground-based telescopes. The flying observatory has now probed the atmospheres of two different planets, that are similar to Jupiter but are so close to their host star that they are being roasted at seething temperatures.

The temperatures on these planets are so high that they are enough to vapourise even one of the strongest metals, like Titanium. While on one planet it's raining vaporized rock, the other has its upper atmosphere being sunburned by intense ultraviolet (UV) radiation from its star.Astronomers have in two different papers detailed the findings of these two mysterious worlds, which give astronomers new insights into the diversity, complexity, and exotic chemistry taking place in the far reaches of our galaxy.ITS RAINING ROCKSAstronomers observed WASP-178b using Hubble, located nearly 1,300 light-years away from Earth, where the atmosphere is enriched in silicon monoxide gas. In a paper published in the journal Nature, astronomers said that on the daytime side the atmosphere is cloudless, while on the night side of the planet the torrid atmosphere whips around super-hurricane speeds exceeding 2,000 miles per hour. The Hubble space telescope. (Photo: Nasa)The planet is tidally locked to its star, which means one side continuously remains facing the star similar to the Moon that remains locked with Earth. Astronomers said that On the dark side, the silicon monoxide may cool enough to condense into rocks that rain out of clouds, but even at dawn and dusk, the planet is hot enough to vaporize rock. ""We knew we had seen something really interesting with this silicon monoxide feature,"" said Josh Lothringer of the Utah Valley University in Orem, Utah.GETTING ROASTEDIn another paper, published in Astrophysical Journal Letters, astronomers have detailed the findings of a super-hot Jupiter, KELT-20b, located about 400 light-years away. Using the Hubble, they observed that a blast of ultraviolet light from its parent star is creating a thermal layer in the atmosphere, much like Earth's stratosphere.While on Earth Ozone layer absorbs the ultraviolet rays of the Sun and raises temperatures in a layer between 7 to 31 miles above Earth's surface. On KELT-20b the situation is different. On this planet, UV radiation from the star is heating metals in the atmosphere which makes for a very strong thermal inversion layer.""The emission spectrum for KELT-20b is quite different from other hot Jupiters. This is compelling evidence that planets don't live in isolation but are affected by their host star,"" Guangwei Fu of the University of Maryland, said in a statement.Astronomers have long said that while hot Jupiters are inhabitable, thanks to their extremely high temperatures, they do pave the way to better understanding the atmospheres of potentially inhabitable terrestrial planets.","['Hubble telescope', ' hot jupiter', ' what is hot jupiter', ' exoplanets', ' what ar exoplanets', ' Science news', ' India Today Science']",https://www.indiatoday.in/science/story/hubble-spots-a-mysterious-planet-where-rain-does-not-have-water-but-rocks-1934541-2022-04-07
10,science,James Webb Telescope has its own fridge in space that will make it shiver at -266 degrees Celsius,"(7, 4, 2022)","Hanging in the vacuum of space, nearly 15,00,000 kilometers away from Earth, the James Webb Telescope is cooling down. The Mid-Infrared Instrument (MIRI) and other key equipment onboard the world's most powerful observatory are radiating heat into space. But, that's not enough to cool it down. Webb has its own high-tech refrigerator onboard.

The cryocooler on the telescope is circulating cold helium gas on the MIRI optical bench, which will help cool it to about 15 kelvins or nearly -260 degrees Celcius. The cryocooler will redirect the circulating helium gas and force it through a flow restriction, and as the gas expands when exiting the restriction, it becomes colder, and can then bring the MIRI detectors to their cool operating temperature of below 7 kelvins, (-266 degrees Celcius).However, it's not going to be this simple as turning the valve and letting Helium flow. Nasa said that if the cooling is not immediately achieved, MIRI will start warming. If MIRI starts warming, it will raise a new challenge for the Webb team since MIRI’s detectors need to be colder to be able to detect photons of longer wavelengths.""MIRI will support the instrument suite to explore the infrared universe with depth and detail that is far beyond anything that has been available to astronomers to date,"" Nasa said. Scientists hope that the instrument will help reveal astronomical targets ranging from nearby nebulae to distant interacting galaxies with a clarity and sensitivity far beyond what we’ve seen before. The James Webb Telescope beamed this selfie from its location at second Lagrange Point. (Photo: Nasa)All this depends on MIRI being cooled to a temperature below the rest of the observatory, using its own dedicated refrigerator.The instrument has been equipped with four coronagraphs, which have been carefully designed to detect exoplanets at temperatures similar to Earth. The detailed colours of exo-giant planets (similar to our own Jupiter) can then be measured by MIRI’s two spectrometers to reveal chemical identities, abundances, and temperatures of the gases of their atmospheres (including water, ozone, methane, ammonia, and many more).""Getting this instrument cold is one of the last major challenges faced by Webb before the MIRI team can truly relax, and passing through the cooler’s ‘pinch point’ will be the most daunting step in this challenge. At that time, the cooler will have pulled out almost all of the heat left in MIRI’s 100 kilograms (220 pounds) of metal and glass from that tropical launch day morning, three months ago,"" Nasa said.The James Webb Telescope had earlier made global headlines when it dropped the first images of a star that it saw to align its iconic golden mirrors in shape. The telescope is so sensitive that it not only captured the star but hundreds of distant galaxies in the background.","['James webb space telescope', ' James webb telescope pictures', ' Who was James webb', ' James webb space telescope launch', ' James webb space telescope live', ' James webb space telescope science', ' James webb space telescope live video', ' James webb space telescope images', ' James webb space telescope', ' what is James webb space telescope', ' science news', ' Nasa', ' ESA', ' Isro', ' ']",https://www.indiatoday.in/science/story/james-webb-telescope-image-nasa-infrared-instrument-cryocooler-1934524-2022-04-07
11,science,18 nations have gone green on climate and kept economies growing: UN,"(7, 4, 2022)","Proponents of clean energy and thinks tanks have long said it’s possible to reduce emissions and keep an economy growing. Now the latest report from the world’s top climate scientists says 18 countries have done just that, sustaining emissions reductions “for at least a decade” as their economies continue to grow.

The United Nation’s Intergovernmental Panel on Climate Change (IPCC) did not name the countries, citing inconsistency in the data.But using figures from Global Carbon Project, which are not part of the report, The Associated Press found 19 nations where the pre-pandemic annual carbon dioxide emissions were at least 10 million metric tons less in 2019 than in 2010. They are the United States, the United Kingdom, Germany, Japan, Italy, Ukraine, France, Spain, Greece, Netherlands, Mexico, Finland, Singapore, Denmark, the Czech Republic, Belgium, Poland, Romania and Sweden.The IPCC identified three common factors for countries that have been able to decarbonize: They used less energy, transitioned away from fossil fuels to renewable energy and increased the energy efficiency of their products.Such countries “can export a model that shows we can reduce emissions and still have high levels of well-being,” said Greg Nemet, a professor of energy and public policy at the University of WisconsinMadison La Follette School of Public Affairs. ”We can export policies that have played a role in achieving that.”While the list of countries points a way forward, it also raises questions of equity. The United States, Germany, Japan and the United Kingdom are among the largest contributors to historical carbon emissions. Their residents already have electricity and to a large degree, vehicles.Nemet, who is also a lead author of the IPCC report, added that developed countries that have been historical contributors to climate change and have been able to decarbonize need to take a “leadership” role in helping developing countries do the same.Historic emissions and discussions of responsibility are always discussed during U.N. climate conferences. But getting industrialized countries to agree on whether compensation for damages is warranted or how much they should pay to help poorer countries invest in green technologies, has all proved elusive.The least developed countries in the world are estimated to have emitted just 3.3% of global greenhouse gases in 2019, Inger Andersen, executive director of the United Nations Environment Programme, pointed out in a statement to the AP. Some experts note that developing countries often are forced to borrow money at higher rates of interest than developed nations, which can make large capital projects prohibitive.“The 18 countries that have balanced emissions reduction and economic growth are indeed examples that give us hope for the future but... all developed nations have a historic responsibility to ensure that they lean in whether on the Paris Accord targets of delivering $100 billion a year in climate finance, on ensuring poorer countries have access to technology and knowledge to make these shifts,” or by leading, making these transitions first, she said.Michael Grubb, a lead writer on the IPCC report and professor of energy and climate change at the University College of London, said in the report that scientists ran economic and emissions scenarios to see what would happen globally at different levels of carbon pollution reduction. In nearly every scenario -- including the “most aggressive” ones to cut carbon emissions -- the global gross domestic product still nearly doubled by mid-century. Even in the scenario with the deepest emission cuts, GDP jumped 96%, Grubb said.“The point is in practice, what we do in climate mitigation in macroeconomic terms is really going to be lost in the noise of the overall effectiveness of our economic policies,” he said.Grubb said the IPCC report declined to name the 18 countries because the data for some counted only carbon dioxide while for others included all greenhouse gases. Baseline years also differed. Depending on the parameters, there are more nations that reduced emissions while growing their economies, he said.Patricia Romero-Lankao, a senior scientist at the National Renewable Energy Laboratory and lead author of the portion of the IPCC report on national and subnational policies, said she’s optimistic. But she stressed how much more must be done to aid disadvantaged communities and regions in decarbonizing and repairing the impacts of climate change.“This is not a technical problem,” she said. “We need to understand what they need, what challenges they face and how we can adapt our toolset to help us respond to that.”READ | IPCC to release key report on climate change today: What have previous reports found?","['UN panel IPCC', ' climate control', ' climate change ']",https://www.indiatoday.in/science/story/un-panel-ipcc-nations-green-on-climate-control-emissions-1934480-2022-04-07
12,science,"WHO calls on countries to prioritise equitable health to ensure healthier, fairer, greener world","(6, 4, 2022)","As climate change endangers the health, well-being, and sustainable development of billions of people across the globe, the World Health Organisation (WHO) has called on countries to prioritise equitable health now and for future generations in order to promote a healthier, fairer, and greener world.

“Climate change is putting the health, well-being, and sustainable development of billions of people across the Region and the world at risk. It imperils decades of progress in reducing disease-related morbidity and mortality. We must act now to keep humans and our planet healthy,” said Dr Poonam Khetrapal Singh, Regional Director, WHO South-East Asia Region.THREAT OF CLIMATE CHANGEThe WHO said that climate change is expected to cause an additional 250,000 deaths annually between 2030 and 2050. The world health body is urging governments and people to take measures to protect the planet.ALSO READ: 'Now or never’: Window to avoid 1.5 degree Celsius rise in temp closing, scientists call for drastic actionThe threat is worse for South-East Asia, which is home to more than 2 billion people. The population is highly vulnerable to climate change and has the highest estimated number of deaths due to climate change.Intense rainfall, frequent floods, forest fires, and droughts triggered by climate change are already impacting health and livelihood and causing huge sufferings, mental health issues, deaths and displacement, globally and in the region.Apart from this, rising temperatures because of climate change are also leading to outbreaks of infectious disease, heat strokes, trauma, and even death from extreme heat.Crop failure linked to climate change is driving malnutrition and undernutrition.According to the recent data by the global health body, almost the entire global population (99 per cent) breathes air that exceeds WHO air quality limits, and threatens their health.The ongoing Covid-19 pandemic has further exposed the inequitable and unsustainable nature of existing political, social, and commercial decisions.Dr Poonam Khetrapal Singh noted, “We have a once-in-a-century opportunity to drive transformative, lasting change. The COVID-19 pandemic has shown us that if decision-making is transparent, evidence-based, and inclusive, people will support bold and far-reaching policies that protect their health, families and livelihoods.”MEASURES RECOMMENDED BY WHO The WHO is calling for prioritizing equitable health and accelerating steps to protect ecological systems and health to build well-being societies. The measures include long-term investments, well-being budgets, social protection, and legal and fiscal strategies to allow for societies to flourish and fulfill everyone’s right to health and development while protecting our planet.ALSO READ: These Himalayan glaciers are melting fast in IndiaThe priority measures include :Protect and preserve the source of human health- nature. Improve air quality, support afforestation and sustainable farming, and strengthen food systems.Invest in essential services from water and sanitation to clean energy in health care facilities. In line with the 2017 Malé declaration, build climate-resilient health facilities which promote environmentally sustainable practices.Ensure quick and healthy energy transformation. While countries in the Region have made commendable progress towards renewable energy, increased action is needed, accompanied by rigorous enforcement of air quality standards.Promote healthy and sustainable food systems. Disease caused by lack of access to food or consumption of unhealthy ultra-processed food and beverages is a major contributor of noncommunicable diseases (NCDs).Build healthy and livable sustainable cities with green and healthy spaces to encourage physical activity, reduce greenhouse gas emissions and road traffic injuries.“We are at a pivotal moment. The decisions and actions we take now can either escalate damage to the ecological systems that sustain human health and livelihoods, or they can promote a healthier, fairer, and greener world. Together we must confront the climate crisis, protect health for all and ensure a fairer, healthier, and greener future for generations to come,” said the Regional Director, WHO South-East Asia Region.Live TV--- ENDS ---ALSO READ | What measures UN IPCC report suggests to reduce emissions by 2030?","['WHO', ' climate change', ' equitable health', ' ecological system']",https://www.indiatoday.in/science/story/who-calls-on-countries-prioritise-equitable-health-for-healthier-fairer-greener-world-1934333-2022-04-06
