SN,category,headline,date,content,keywords,link
1,science,"After killer asteroid, mammals got bigger before they got smarter","(1, 4, 2022)","In the aftermath of the asteroid impact 66 million years ago that doomed the dinosaurs, it appears that brawn was more important than brains for the mammals that managed to survive the calamity and conquer a changed world.

Researchers said on Thursday an analysis of fossils of mammals from the Paleocene Epoch - spanning the 10 million years after the asteroid wiped out three-fourths of Earth's species - found that while their bodies got much bigger, their brain size relative to body mass actually declined.The findings contradict the notion that it was intelligence that drove mammals - bit players during the age of dinosaurs - to become the planet's new rulers following the mass extinction at the end of the Cretaceous Period.""The process to get large brains to emerge in mammals after the extinction was much slower than we previously thought,"" said Ornella Bertrand, a postdoctoral researcher in mammal paleontology at the University of Edinburgh and lead author of the study published in the journal Science.The researchers performed CT scans on fossils of 28 Paleocene mammal specimens and 96 from the subsequent Eocene Epoch, spanning 56-34 million years ago. They assessed brain size and the development of specific cerebral components. Brain growth, they found, kicked in during the Eocene, along with a change in the importance of various functions. The cranium of the Paleocene mammal Arctocyon primaevus, a carnivorous predator most closely related to the group including living pigs, sheep and other even-toed ungulates, is seen at the Royal Belgian institute of Natural Sciences in Brussels. (Photo: Reuters)""Contrary to our expectations, the mammals that survived the asteroid and outlasted the dinosaurs were fairly dim-witted. They didn't have near the brainpower of modern-day mammals - and keen intelligence came only many millions of years later,"" University of Edinburgh paleontologist and study co-author Steve Brusatte said.Mammals began to evolve greater body size almost immediately after the mass extinction that eliminated the dinosaurs, aside from their bird descendants. Before it, mammals typically were about the size of a shrew. During the Paleocene, some got as big as bears.""When the non-avian dinosaurs went extinct, an unprecedented opportunity became available for mammals, and they started invading the ecological niches left emptied by becoming bigger,"" Bertrand said.The researchers learned that the sense of smell - gauged by the development of the brain's olfactory bulbs - was crucial for Paleocene mammals as they seized new ecological roles. During the Eocene, other capabilities such as the greater integration of vision, hearing, memory and motor control - tied to neocortex development - became more critical for survival.""There is a cost associated in having a large brain. The energy allocated to the brain represents 20% of the entire energy allocated to the body. So, the evolution of large brains might only occur when the benefit of having a large brain outweighs the cost of maintaining it,"" Bertrand said. A comparison of the cranium and brain size of the Paleocene mammal Arctocyon primaevus and the Eocene mammal Hyrachyus modestus is seen in this undated handout image. (Photo: Reuters)Mammals now boast the animal kingdom's largest brains relative to body size. Their Eocene brain growth occurred as competition for resources intensified and complex behavior became vital for species survival, Bertrand said. Some archaic Paleocene lineages disappeared, supplanted by mammals more like those living today.With dinosaur predators and plant-eaters gone, mammals began to fill these roles in the Paleocene, a time of evolutionary experimentation. Panther-sized Arctocyon, one of the mammals studied, bore large canine teeth and ate meat and possibly plants, too. Llama-sized herbivore Ectoconus, also studied, was heavily built with strong limbs and feet.The study focused on placentals, by far the most common mammals. Fossils unearthed in recent years in New Mexico, Colorado and France provided insight into Paleocene mammals.""Within 100,000 years after the extinction, species richness increased, and mammals rapidly became morphologically diverse,"" Bertrand said. ""Some Paleocene species were chunky overall, and quite different from the modern groups, while others lived in trees and may have been possible ancestors to primates - the group that much later includes humans. In the Paleocene, the mammals are doing their own thing.""",NA,https://www.indiatoday.in/science/story/after-killer-asteroid-mammals-got-bigger-before-they-got-smarter-1932319-2022-04-01
2,science,Nasa's SOFIA observatory studies neighboring galaxy from Chile,"(1, 4, 2022)","An airplane-borne telescope has flown high above Chile at night this month to observe a sliver of the universe as scientists aim to gain a better understanding of how stars are born.

The U.S. space agency NASA's Stratospheric Observatory for Infrared Astronomy (SOFIA), a state-of-the-art Boeing 747 fitted with a telescope able to observe the entire infrared spectrum, arrived in Chile this month, marking its first visit to South America.""We're an infrared observatory and we are filling the gap between the visible light and the X-ray light for astronomers to study the universe,"" said Ed Harmon, manager of operations for SOFIA.SOFIA's main goal in Chile, Harmon added, was to collect data on the Large Magellanic Cloud - one of the closest galaxies to our Milky Way - which is easily observable from the vantage point of Santiago. The team also collected data on a number of celestial objects visible only from Earth's southern hemisphere.Harmon said SOFIA has been mapping infrared observations for years and hopes the recent flights in Chile can help complete the study. The two-week mission in Chile started on March 18.""This mission here in Chile will help us conclude and finalize that proposal and hopefully produce a very important science paper on the Magellanic Cloud characteristics in the near future,"" Harmon said.NASA hopes that data about the Large Magellanic Cloud will help scientists better understand how stars are formed.SOFIA flies at an altitude of more than 45,000 feet (13,700 meters) at the edge of the atmosphere, which blocks most infrared rays. Once at the required altitude, the fuselage opens up so a telescope with a 8.2-foot (2.5-meter) diameter can observe the sky and start recording data that scientists analyze later.",NA,https://www.indiatoday.in/science/story/nasa-s-sofia-observatory-studies-neighboring-galaxy-from-chile-1932349-2022-04-01
3,science,Satellites confirm people in northern hemisphere emitted less carbon dioxide in 2020,"(1, 4, 2022)","In a first of its kind study to identify human and natural emissions of carbon dioxide, scientists found fluctuations in atmospheric CO2 across the globe due to emissions from human activities.

Scientists used a combination of satellites observing the planet to conduct atmospheric modelling and measure drops in CO2 emissions during the Covid-19 pandemic from space. Using the Orbiting Carbon Observatory-2 (OCO-2), scientists found that global CO2 levels dropped slightly in 2020.“Early in 2020, we saw fires in Australia that released CO2, we saw more uptake from plants over India, and we saw all these different influences mixed up. The challenge is to try to disentangle that and understand what all the different components were,” Lesley Ott, a research meteorologist said.Carbon dioxide (CO2) is a greenhouse gas present in the atmosphere and its concentration changes due to natural processes like respiration from plants, exchange with the world’s oceans, and human activities like fossil fuel combustion and deforestation. Its concentration has jumped nearly 49 per cent in the atmosphere, and can last in the atmosphere for up to a century after it is released, which is why short-term changes could get lost in the overall global carbon cycle.The OCO-2 tracked how human emissions shifted in response to climate policies, which are expected to produce small, gradual changes in CO2. The satellite has high-precision spectrometers designed to pick up even smaller fluctuations in CO2, and combined with the comprehensive GEOS Earth system model, were a perfect fit to spot the pandemic-related changes. The team’s results showed that growth in CO2 concentrations dropped in the Northern Hemisphere from February through May 2020 (corresponding to global emissions decrease of 3% and 13%).The team compared the measured changes in atmospheric CO2 with independent estimates of emissions changes due to lockdowns. In addition to confirming those other estimates, the agreement between emissions models and atmospheric CO2 measurements provides strong evidence that the reductions were due to human activities.The results represent a leap forward for researchers studying regional effects of climate change and tracking results of mitigation strategies, the team said. The method allows detection of changes in atmospheric CO2 just a month or two after they happen, providing fast, actionable information about how human and natural emissions are evolving.",NA,https://www.indiatoday.in/science/story/climate-change-carbon-emission-northern-hemisphere-co2-nasa-global-warming-1932288-2022-04-01
4,science,Online wildlife trade on rise in Myanmar: WWF,"(1, 4, 2022)","A report by the World Wildlife Fund shows illegal purchases of wildlife online are growing in Myanmar in a threat both to public health and to endangered species.

The report released Friday found that enforcement of bans on such transactions has weakened amid political turmoil following a 2021 military takeover.The number of such dealings rose 74% over a year earlier to 11,046, nearly all of them involving sales of live animals. For the 173 species traded, 54 are threatened with global extinction, the report said.Researchers identified 639 Facebook accounts belonging to wildlife traders. The largest online trading group had more than 19,000 members and dozens of posts per week, it said.The animals bought and sold included elephants, bears and gibbons, Tibetan antelope, critically endangered pangolins and an Asian giant tortoise. The most popular were various species of monkeys, often bought as pets.Most of the animals advertised for sale were taken from the wild. They also included civets, which along with pangolins have been identified as potential vectors in the spread of diseases such as SARS and COVID-19.Shaun Martin, who heads the WWF’s Asia-Pacific regional cybercrime project, said monitoring of the online wildlife trade shows different species being kept close together, sometimes in the same cage.“With Asia’s track record as a breeding ground for many recent zoonotic diseases, this sharp uptick in online trade of wildlife in Myanmar is extremely concerning,” he said.The unregulated trade in wild species and resulting interactions between wild species and humans raise the risks of new and possibly vaccine-resistant mutations of illnesses such as the COVID-19 that could evolve undetected in non-human hosts into more dangerous variants of disease, experts say.COVID-19 is one of many diseases traced back to animals. The killing and sale of what is known as bushmeat in Africa was thought to be a source for Ebola. Bird flu likely came from chickens at a market in Hong Kong in 1997. Measles is believed to have evolved from a virus that infected cattle.“Illegal wildlife trade is a serious concern from the point of view of biodiversity preservation and conservation and its potential impact on health security,” said Mary Elizabeth G. Miranda, an expert on zoonotic diseases and illness and CEO of the Field Epidemiology Training Program Alumni Foundation in the Philippines.Social media and other online platforms have joined a worldwide effort to crack down on the thriving trade in birds, reptiles, mammals and animal parts. In Myanmar, much of the trade in wildlife is through Facebook, which as a member of the Coalition to End Wildlife Trafficking online has taken action to block or remove accounts of people engaged in such transactions.But as is true elsewhere, new accounts often pop up just as soon as old ones are shut down, hindering enforcement, the report noted. Easy online access to the animals also is driving up demand, worsening the problem.Discussions of purchases of protected species often took place in open Facebook groups, suggesting that such dealings remain “largely risk-free,” the report said. Since payments and deliveries often are done using messenger apps, controlling the problem is doubly difficult.Highlighting the lack of enforcement, people in the illegal wildlife trade in Myanmar often use rudimentary methods of moving the animals and animal products around — with buses being the usual form of transport.The study by WWF in Myanmar focused on trade online of animals and other creatures inside the country, though there were some imports from neighboring Thailand, mainly of birds such as hornbills and salmon crested cockatoos, and of crocodiles, to India.Some deals might involve animals or parts being sent into China, it said.The conservation group said it plans future studies to better understand Myanmar’s role in the global trade in endangered species.",NA,https://www.indiatoday.in/environment/story/online-wildlife-trade-on-rise-in-myanmar-wwf-1932244-2022-04-01
5,science,"World's most powerful rocket to face the toughest test yet, prove it can go to the Moon","(1, 4, 2022)","After successfully rolling out on the launch pad, engineers are ready to put the mega Moon rocket to the test. A wet dress rehearsal will be conducted to test the system before a launch date for the Artemis-1 mission is finalised. Nasa will test the Space Launch System (SLS) rocket, Orion spacecraft, and Exploration Ground Systems to validate that all systems are fine-tuned and working as desired.

The Artemis mission is one of the most ambitious missions undertaken by Nasa that will see humans return to the Moon, this time with plans for a longer presence and to push forward into deep space, with the first stop at Mars. ""Artemis I will provide a foundation for human deep space exploration and demonstrate our commitment and capability to extend human existence to the Moon and beyond prior to the first flight with crew on Artemis II,"" the American space agency has said.What happens during wet dress rehearsals?As part of the critical test to validate the Moon rocket's systems and designs, Nasa will load propellant into the rocket’s tanks, conduct a full launch countdown, demonstrate the ability to recycle the countdown clock, and also drain the tanks to give them an opportunity to practice the timelines and procedures they will use for launch.The agency said that during the approximately two-day test, teams will start by activating the facilities needed for launch and formally beginning the countdown sequence. They will practice a synergy between the rocket, the ground control, and the mission control for Artemis. Nasa will release the date for the mission, when the Artemis lifts off for the Moon decades after the Apollo program was shut. (Photo: Nasa)More than 700,000 gallons of cryogenic, or super cold, propellants including liquid hydrogen and liquid oxygen will be loaded into the tanks, and the Artemis team practice every phase of the countdown, including weather briefings, pre-planned holds in the countdown, conditioning, and replenishing the propellants as needed, and validation checks.""During the wet dress rehearsal, once launch controllers reach the point just before the rocket’s RS-25 engines will ignite on launch day, they will recycle back to the T-10-minute point, and then resume the countdown once more after a hold,"" Nasa said in a statement.Once the rehearsal is completed, the data will be analysed and the integrated rocket and spacecraft will be rolled back to the Vehicle Assembly Building (VAB), where sensors specifically used for monitoring during the wet dress rehearsal, charge Orion and other system batteries, stow late-load cargo into Orion, and run final checkouts on several elements, among other tasks will be removed for analysis.Following the analysis, Nasa will release the date for the mission, when the Artemis lifts off for the Moon decades after the Apollo program was shut. ""Orion and SLS will roll to the launch pad for a final time about a week before launch,"" Nasa said.",NA,https://www.indiatoday.in/science/story/nasa-artemis-space-launch-system-wet-dress-rehearsal-moon-mission-1932206-2022-04-01
6,science,"Meet Jim Kitchen, the man who went to space with Ukrainian flag after travelling to 193 countries","(1, 4, 2022)","A space dreamer since childhood, Jim Kitchen’s wish to be in space came true on Thursday when he, along with five other crew members, went on a brief ride outside the planet on the New Shepard spacecraft launched by Jeff Bezos-led Blue Origin.

Currently, a professor at the University of North Carolina, his passion for space travel was ignited when he had watched NASA’s Apollo Rocket launch in Florida, US when he was a child.His interest in space tourism continued even in college, where he promoted low Earth orbit space trips for a startup.Apart from his interest in space travel, Kitchen is also a globetrotter who has visited over 193 countries in the world over the years.On his trip to space, he carried 10 passports with him, including the one that had Ukrainian stamps on it.Last week, I asked you all for some suggestions on what I should take with me in my #space bag, and you pulled through! Here's what I'm bringing: pic.twitter.com/vaVYB2hP3F— Jim Kitchen (@JimKitchen) March 23, 2022
Kitchen had also brought the Ukrainian flag with him to show his support for the people of Ukraine amid the ongoing Russia-Ukraine war.The New Shepard spacecraft had taken them on a brief joyride outside the Earth, 100 kilometers above the surface of the planet, with the journey lasting for over 10 minutes. The passengers had unbuckled and floated in zero gravity for a few moments as the spacecraft touched the Karaman line, which is designated as the boundary of space.Apart from Kitchen, the other crew members included angel investor Marty Allen, real estate veteran Marc Hagle and his wife Sharon Hagle, George Nield, the founder-president of Commercial Space Technologies, and Garry Lai, senior director and chief architect of New Shepard.This was Blue Origin’s maiden space mission in 2022 and was the fourth crew mission for the New Shepard spacecraft and the 20th in its two decades of development, testing, and demonstration.Live TVRead | | Blue Origin to increase space tourism flights this year; SpaceX, Virgin Galactic on similar courseWatch | | Watch LIVE | Blue Origin launches six tourists on joyride trip to space",NA,https://www.indiatoday.in/world/story/jim-kitchen-man-space-ukrainian-flag-193-countries-1932126-2022-04-01
7,science,Mission End TB: NARI-ICMR moves ahead with phase 3 trials for world’s first TB vaccine,"(1, 4, 2022)","In a breakthrough for eradication of tuberculosis, the Pune-based National AIDS Research Institute (NARI) under the Indian Council of Medical Research (ICMR) is moving forward with phase 3 trials for a vaccine for TB in healthy household contacts or newly diagnosed positive pulmonary TB patients.

Two vaccines are being looked as potential vaccines for TB; VPM1002 and Immuvac. The trials are being done in 18 sites in six Indian states, of which two sites are in Pune-based NARI. If these vaccines prove to be effective, then, India will be the first in the world to create a vaccine for TB.The 1593 participants were enrolled through a randomised procedure and they will be followed for 38 months. Children above six years are also part of these clinical trials.“We are working as one of the sites for the ICMR initiative TB vaccine trials. The TB trial for vaccines will have two different vaccines and there will also be a placebo. We have already completed enrollments. It is being given to high-risk contacts of diagnosed TB patients, particularly those who have been diagnosed recently with their family members living in close proximity,” said Dr Sheela Godbole, scientist and nodal officer for communications at NARI- ICMR, Pune.With this, NARI is also evaluating shorter oral regimens for multi-drug resistant TB with medicines sans frontiers as collaborators.In one of the trials to evaluate Metformin when given along with regular TB treatment among adults with newly diagnosed sputum positive pulmonary TB, it was found that Metformin did not reduce the time required for sputum culture to become negative and hence was ineffective in the treatment of TB.Dr Godbole said there are a few studies that are being planned to identify cases in the community as well.HIV TREATMENT AND TBSince NARI is predominantly an AIDS research institute, studies are being done to assess treatment of HIV to the occurrence of TB. In an ongoing study, factors associated with adherence among HIV infected patients attending ART centres are being studied.It has been found that there is deterrence of the development of TB among people living with HIV on anti-HIV medications at ART Center.NARI also plans to begin studies on viral load monitoring of people with HIV as well.Live TVREAD | | Why India still faces an arduous fight against tuberculosisALSO READ | | Adequate scientific data required to make recommendation on mixing Covid vaccines: Govt",NA,https://www.indiatoday.in/science/story/mission-end-tb-nari-icmr-moves-phase-3-trials-tb-vaccine-1932127-2022-04-01
8,science,"Blue Origin conducts first space tourism launch of 2022, sends six tourists on joyride trip outside Earth","(31, 3, 2022)","Space Tourism is back!!!

Blue Origin on Thursday launched six tourists on its maiden space mission in 2022. Among the six, five had paid an undisclosed amount, estimated in millions of dollars, to reserve a seat on the New Shepard spacecraft to go outside Earth.The spacecraft took them on a brief joyride outside the planet, giving them moments of weightless and zero-gravity as the spacecraft climbed 100 kilometers above the surface of the planet. The passengers unbuckled and floated in zero gravity for a few moments as the spacecraft touched the Karaman line, which is designated as the boundary of space.The New Shepard spacecraft lifted off from Launch Site One in West Texas and lasted for just over 10 minutes with the capsule conducting a parachuted landing in the desert. The six space tourists who flew on New Shepard-20 mission with Blue Origin. (Photo: Blue Origin)During the flight on Thursday, the spacecraft reached a top speed of Mach 3, three times the speed of sound. Three minutes into the flight, New Shepard separated from the booster and the passengers began experiencing zero gravity and weightlessness, as they unbuckled from their seats. At four minutes, New Shepard crossed the Karman line, entering space, while the boosters began their journey back to Earth.Six minutes into the flight, the crew strapped themselves back onto their seats as the spacecraft began the descent. The first parachute was deployed at nine minutes, slowing the capsule to a speed of 26 kilometers per hour before landing safely in the desert at a speed of 1.6 kilometers per hour.Thursday's launch was the fourth crew mission for the New Shepard spacecraft and the 20th in its two decades of development, testing, and demonstration. Graphic: India Today/Pradeep Singh SainiAngel investor Marty Allen, real estate veteran Marc Hagle and his wife Sharon Hagle, entrepreneur and University of North Carolina professor Jim Kitchen, and George Nield, founder-president of Commercial Space Technologies were on the trip along with guest passenger Garry Lai.University of North Carolina professor Jim Kitchen, who has travelled to 193 countries of the world, carried 10 passports to space, including the one that had Ukrainian stamps on it. He also carried the Ukrainian flag to space in support of the people of Ukraine, who are fighting a Russian invasion.Gary Lai was inducted into the mission after American comedian Pete Davidson pulled out of the flight delaying the mission by a week. The launch was initially scheduled for March 23.Lai is best known as the architect of the New Shepard system, including leading the team responsible for the design and development of many of the key safety systems on the Crew Capsule. According to Blue Origin, Lai is currently Senior Director and Chief Architect of New Shepard, responsible for all next-generation designs, upgrades, and new product development. The capsule lands in the desert assisted with parachutes. (Photo: Blue Origin)Lai was a guest passenger on the flight just like William Shatner, best known for the portrayal of Captain Kirk on the screen, who was invited on the second Crew mission last year. In the third crewed flight of New Shepard, morning TV host Michael Strahan and astronaut Allan Shepard's daughter were invited.Blue Origin had launched 14 humans to space in 2021 across three flights, and the company hopes to conduct at least nine missions in 2022. Jeff Bezos and his brother Mark had flown on the first crewed flight to show the reliability and safety of the spacecraft his company had built after nearly two decades of development.",NA,https://www.indiatoday.in/science/story/blue-origin-new-shepard-mission-launch-space-tourism-jeff-bezos-gary-lai-1932034-2022-03-31
9,science,Watch LIVE | Blue Origin launches six tourists on joyride trip to space,"(31, 3, 2022)","Blue Origin is launching six tourists into space on its New Shepard spacecraft today. The spacecraft will carry the crew to an altitude of 100 kilometers above the surface of the planet, the Karaman Line, which is officially designated as the boundary from where space begins.

The company said on Monday it had postponed the launch of the NS-20 mission to March 31 due to forecasts of high winds during the launch and recovery of the spacecraft. Blue Origin said the vehicle has met all mission requirements for flight and weather is the only factor stalling launch.WATCH BLUE ORIGIN NS-20 LAUNCH LIVEUnlike Blue Origin's first three commercial flights, with passenger rosters including ""Star Trek"" actor William Shatner, morning TV host Michael Strahan and even Bezos himself, nobody among the latest group of customers even comes close to being famous. The company this time is launching angel investor Marty Allen, real estate veteran Marc Hagle and his wife Sharon Hagle, entrepreneur and University of North Carolina professor Jim Kitchen, and George Nield, founder-president of Commercial Space Technologies.While these five passengers have likely paid millions to reserve a seat on the spacecraft, Garry Lai is flying for free.The entire flight, from liftoff to touchdown, is expected to last just over 10 minutes. The crew will experience a few minutes of weightlessness at the very apex of their suborbital ride, some 350,000 feet (106,680 metres) high before their capsule falls back to Earth for a parachute landing on the desert floor.",NA,https://www.indiatoday.in/science/story/blue-origin-ns-20-launch-live-space-tourism-jeff-bezos-1931904-2022-03-31
10,science,Global economy lost $82 billion due to floods in 2021: Study,"(31, 3, 2022)","Flooding cost the global economy more than $82 billion last year, accounting for nearly a third of all losses from natural catastrophes, reinsurance agency Swiss Re Institute reported Wednesday.

In some parts of Europe, such losses could climb. A new study in the journal Nature found that stormy seas around Scotland and northern England have unleashed an increasing number of extreme storm surges in recent decades.“Floods affect nearly a third of the world population, more than any other peril,” said Martin Bertogg, head of catastrophe perils at Swiss Re, in a statement. In 2021, there were more than 50 severe flood events across the world, often triggered by extreme rainfall and coastal storm surges. read moreScientists long thought that more severe flooding along low-lying coastlines was driven only by the world’s rising sea levels, caused by climate change melting polar ice and warming ocean waters so they expand.But scientists found that, in northern areas of the United Kingdom, stronger and more frequent storms over the North Atlantic since 1960 led to more extreme storm surges, according to the Nature study released Wednesday. The increased storm activity was as much to blame for the increase in extreme storm flooding as was sea level rise. In 2021, there were more than 50 severe flood events across the world. (File Pic)Around mainland Europe, however, calmer weather canceled out the storm surge impacts of sea level rise between 1960 and 2018.""Most countries assume that the likelihood of surge extremes will remain the same and only account for sea level rise,"" said lead author Francisco Calafat at the National Oceanography Centre in the United Kingdom. This may cause governments to underestimate future flooding, he said.If European countries do not adapt to increasing flood risks, they could face up to nearly 1 trillion euros ($1.1 trillion) in yearly damages by 2100, according to a 2018 study in the journal Nature Climate Change. The United Kingdom would be hardest hit, experiencing about a fifth of those damages.Understanding storm dynamics ""is essential for coastal planning and protecting near shore societies,"" said oceanographer Michalis Vousdoukas with the European Commission.",NA,https://www.indiatoday.in/environment/story/global-economy-lost-82-billion-due-to-floods-in-2021-study-1931871-2022-03-31
11,science,European spacecraft spot complex patterns on Mars similar to those in human brain,"(31, 3, 2022)","The European Space Agency's Mars Express has captured intriguing details about the largest known impact basin in the solar system. The Utopia region on Mars is characterised by craters in the planet's Northern Hemisphere and ice has been spotted lying both at and just below the surface, and at greater depths.

With a diameter of 3,300 km, this area is just under twice the north-south size of Earth’s Sahara Desert. The Mars Express has now observed features on the surface that resemble patterns seen in the human brain.The latest image captured by Europe's Mars Express shows a slice of Utopia Planitia, likely to have formed as the basin was filled with sediments, lavas, and volatile substances transported by Martian wind and water in its ancient history. The image shows large, smooth patches of surface known as mantled deposits.The European Space Agency said that these are thick layers of ice and dust-rich material that have smoothed the surface and were likely deposited as snow back when Mars’ rotational axis was much more tilted than it is today. The two largest impact craters were captured by the spacecraft from above surrounded by double-layered mounds of material. This oblique perspective view of Utopia Planitia on Mars was generated from the digital terrain model and the nadir and colour channels of the High Resolution Stereo Camera on ESA’s Mars Express. (Photo: ESA)Scientists observed that material on the second largest crater in the basin has become deformed and warped in a concentric pattern that resembles the complex patterns and ridges found on the surface of the human brain. ""Brain terrain is associated with the icy material found near the boundary between Mars’ northern plains and its southern highlands, a ‘dichotomy’ located to the south/south-west (upper left) of this scene,"" ESA said in a statement.Next to this brain-textured crater lies the dark-coloured region, created as the ice-rich ground contracted and cracked at low temperatures. This formed polygonal patterns and fractures that subsequently captured dark dust blown across Mars by wind, leading to the dark appearance seen here.The space agency speculated that these features are the result of ground ice either melting or turning to gas, which then causes the surface to weaken and collapse. Upon closer look, layered mantled deposits can also be seen in and around these scalloped depressions. Brain terrain is associated with the icy material found near the boundary between Mars’ northern plains and its southern highlandsOrbiting the Red Planet since 2033, the Mars Express has been imagining the surface, mapping its minerals, identifying the composition and circulation of its tenuous atmosphere, probing beneath its crust, and exploring how various phenomena interact in the martian environment.""The mission’s High-Resolution Stereo Camera (HRSC), responsible for these latest images, has revealed much about Mars’ diverse surface features, with recent image releases showing everything from wind-sculpted ridges and grooves to geologically rich regions filled with volcanoes, impact craters, tectonic faults, river channels and ancient lava pools,"" ESA said.",NA,https://www.indiatoday.in/science/story/european-spacecraft-spot-complex-patterns-on-mars-similar-to-those-in-human-brain-1931867-2022-03-31
12,science,"Sun is getting violent: Geomagnetic storm causes radio blackout, more headed towards Earth","(31, 3, 2022)","As the Sun gains momentum and activity ramps up, the brightest star in our Solar System is getting violent. The Sun emitted a second solar flare in two days on late Thursday night. Nasa’s Solar Dynamics Observatory, which watches the Sun constantly, captured an image of the event.

Classified as an X-Class flare, which is the most intense burst of energy and plasma, this eruption can impact radio communications, electric power grids, navigation signals, and pose risks to spacecraft and astronauts. The second solar flare was hurtled just hours after a geomagnetic storm from a previous Coronal Mass Ejection caused a radio blackout in some parts.""An X1 flare (R3 - Strong Radio Blackout) occurred at 1:37 pm EDT (1737 UTC) March 30. The flare source location was from the magnetically complex sunspot group, Region 2975,"" the Space Weather Prediction Center said in a statement. The agency added that the initial indications are this flare was associated with a new coronal mass ejection (CME) and SWPC forecasters are currently examining data to confirm any CME, and if verified, analyze further to determine whether there may be any Earth-directed component. Solar Dynamics Observatory captured this image of a solar flare as seen in the bright flash in the top right portion of the image on March 30, 2022.The solar flares were released from the active regions 12975 and 12976 on the Sun on March 28. The Center of Excellence in Space Sciences at the Indian Institute of Science Education and Research, Kolkata had said that as these flares strike Earth's magnetic field there is a possibility of coronal mass ejection induced by moderate geomagnetic storms.Geomagnetic storms are a major disturbance of Earth's magnetosphere that occurs when there is a very efficient exchange of energy from the solar wind into the space environment surrounding Earth. The largest storms that result from these conditions are associated with solar coronal mass ejections (CMEs) where a billion tons or so of plasma from the sun, with its embedded magnetic field, arrives at Earth.These storms can add energy in the form of heat that can increase the density and distribution of density in the upper atmosphere, causing extra drag on satellites in low-earth orbit. The storm could trigger aurorasThe Sun is currently in Solar Cycle 25, which began in December 2019. A new solar cycle comes roughly every 11 years and over the course of each cycle, the Sun transitions from relatively calm to active and stormy, and then quiet again.",NA,https://www.indiatoday.in/science/story/geomagnetic-storm-hits-earth-sun-solar-flare-radio-blackout-nasa-isro-1931824-2022-03-31
