SN,category,headline,date,content,keywords,link
1,binge-watch,Alia Bhatt-starrer Gangubai Kathiawadi to release on Netflix on April 26,"(20, 4, 2022)","Alia Bhatt’s Gangubai Kathiawadi to premiere on Netflix on April 26. Alia Bhatt’s solid performance in Sanjay Leela Bhansali’s directorial venture, Gangubai Kathiawadi, received love from all quarters in theatres. Now, the film is all set to premiere on Netflix. The official Instagram account of the streaming giant announced the same today, April 20.

GANGUBAI KATHIAWADI TO RELEASE ON NEKTFLIX ON APRIL 26Alia Bhatt’s biggest career risk, Gangubai Kathiawadi, performed remarkably well at the box office since its opening day, February 25. Now, it is all set to premiere on streaming giant, Netflix, on April 26. “Dekho, dekho chaand Netflix pe aaraha hai #GangubaiKathiawadi arriving on 26th April (sic),” read the post on Instagram.View this post on InstagramA post shared by Netflix India (@netflix_in)
GANGUBAI KATHIAWAD BOX OFFICE COLLECTIONAlia Bhatt’s Gangubai Kathiawadi earned Rs 10.5 crore at the box office on its opening day, February 25. In 15 days, Gangubai Kathiawadi minted more than Rs 107 crore. When the film crossed the Rs 100-crore mark, the official Instagram handle of Bhansali Productions shared a special post. The caption read, ""She reigns over our hearts & the box office (sic).""View this post on InstagramA post shared by Bhansali Productions (@bhansaliproductions)
ABOUT GANGUBAI KATHIAWADIGangubai Kathiawadi is a biographical crime drama based on Hussain Zaidi’s book, Mafia Queens of Mumbai. Apart from Alia Bhatt, the film stars Ajay Devgn, Shantanu Maheshwari and Seema Pahwa in pivotal roles. The story is about a woman, Ganga, who travels from Gujarat to Mumbai with her partner, but is betrayed and sold off, ending up in a life of prostitution. She then becomes a madame named Gangubai in the redlight area of Kamathipura and rises to power.Live TV--- ENDS ---ALSO READ | | RRR Hindi beats The Kashmir Files and Gangubai Kathiawadi to become fastest entrant to Rs 100-crore club","['Gangubai Kathiawadi', ' Gangubai Kathiawadi box office collection', ' Gangubai Kathiawadi nextlfix']",https://www.indiatoday.in/binge-watch/story/alia-bhatt-starrer-gangubai-kathiawadi-to-release-on-netflix-on-april-26-1939607-2022-04-20
2,binge-watch,Netflix's Bridgerton Season 2 overtakes Season 1 in all-time TV rankings,"(20, 4, 2022)","Bridgerton Season 2 released on March 25. It has now been reported that the second season has knocked the show's first season out of the number one slot on Netflix's ranking. It is now one of the most popular English-language TV series of all time.

On Tuesday, April 19, Netflix revealed its weekly Top 10. In that, it was mentioned that Bridgerton Season 2 had reached 627.11 million hours viewed since its March 25 launch.Netflix said, “After four weeks atop the English TV list, Lady Whistledown is most pleased to reveal that Bridgerton Season 2 has ascended to the #1 spot on the Most Popular list with 627.11M hours viewed, ahead of Bridgerton Season 1 in second place. This marks the first-ever series to hold both the first and second place on a Most Popular list. This week, Season 2 clocked 66.61M hours viewed and appeared in the Top 10 in 88 countries.”Bridgerton Season 2 starts with Anthony pursuing Kate's younger sister Edwina (Charithra Chandran). While Kate tries to stop this match, the two become unlikely companions. Naturally, much drama ensues.Live TV--- ENDS ---ALSO READ I | Bridgerton Season 2 Review: Kate Sharma brings balls and beauty to epic Netflix series","['netflix', ' bridgerton season 1', ' bridgerton season 2', ' netflix bridgerton']",https://www.indiatoday.in/binge-watch/story/netlfix-bridgerton-season-2-overtakes-season-1-in-all-time-tv-rankings-1939606-2022-04-20
3,binge-watch,Sidharth Malhotra to make his OTT debut with Rohit Shetty's cop drama Indian Police Force. Watch,"(20, 4, 2022)","Sidharth Malhotra is set to make his digital debut with a cop drama, Indian Police Force, directed by Rohit Shetty. The first look of the series was unveiled today, April 20. On Tuesday, April 19, Sidharth made the formal announcement about entering Shetty’s Cop Universe. The eight-part high-octane action series also marks the digital debut of filmmaker Rohit Shetty, who is known for his big ticket mass entertainers like Singham, Simmba and Sooryavanshi.

SIDHARTH MALHOTRA ENTER ROHIT SHETTY'S COP UNIVERSE IN STYLEAmazon Prime Video today, April 20, announced its upcoming cop drama, Indian Police Force, in collaboration with Rohit Shetty Picturez. The series promises to be a high-octane action drama, starring popular actor Sidharth Malhotra in the lead role.. ""Taking the action-packed cop-verse to the next level with #RohitShetty @SidMalhotra @RSPicturez #IndianPoliceForceOnPrime, now filming (sic),"" read the caption.Take a look at the announcement video:taking the action-packed cop-verse to the next level with #RohitShetty @SidMalhotra @RSPicturez #IndianPoliceForceOnPrime, now filming pic.twitter.com/4ChUYD5Hsk— amazon prime video IN (@PrimeVideoIN) April 20, 2022
Rohit Shetty shared the announcement on Instagram and wrote, ""NDIAN POLICE FORCE Our cop universe goes digital And when we go Digital it has to be BIG. Proud to bring you India’s biggest Action series on Amazon prime. #FilmingNow @sidmalhotra @rohitshettypicturez @primevideoin (sic).""View this post on InstagramA post shared by Rohit Shetty (@itsrohitshetty)
ROHIT SHETTY ON INDIAN POLICE FORCESpeaking about his digital debut with Indian Police Force, director-producer Rohit Shetty said ""Indian Police Force is a very special one for me and I’ve been working on it for years. I’m delighted to be collaborating with Amazon Prime Video to breathe life into this story which will transcend geographies and linguistic barriers, providing me an opportunity to showcase the same to audiences worldwide. I am super excited to be working with the amazingly talented Sidharth Malhotra in this series. I have always strived to push the envelope of action-first entertainment and with this series, I am confident we will create a new benchmark.”Rohit Shetty delivered a big Diwali dhamaka in 2021 with Akshay Kumar-starrer Sooryavanshi. Now, he has collaborated with Sidharth Malhotra. On April 19, taking to his Instagram, the actor shared his picture in a cop's attire and wrote, ""Rohit Shetty’s cop universe goes digital tomorrow at 11am (sic)!""View this post on InstagramA post shared by Sidharth Malhotra (@sidmalhotra)
Rohit's Shetty also announced the project on Instagram. His caption read, ""Action begins tomorrow at 11:00 AM! #NowFilming @primevideoin @sidmalhotra (sic).""View this post on InstagramA post shared by Rohit Shetty (@itsrohitshetty)
WHEN SIDHARTH HINTED AT A PROJECT WITH ROHIT SHETTYLast year, Sidharth Malhotra had shared a glimpse of his character from the sets of Thank God in which he donned a cop’s uniform and looked every bit dashing in a police jeep. He captioned the still, “Just on my way to say hi to Mr. Rohit Shetty P.s - Sneak peek from #ThankGod (sic).”View this post on InstagramA post shared by Sidharth Malhotra (@sidmalhotra)
Are you looking forward to Sidharth's OTT debut?Live TV--- ENDS ---ALSO READ | Sidharth Malhotra shares a peek into his Thank God look. Rohit Shetty reacts","['Sidharth Malhotra', ' indian police force', ' rohit shetyy cop universe', ' Sidharth Malhotra rohit shetty', ' Sidharth Malhotra digital debut']",https://www.indiatoday.in/binge-watch/story/sidharth-malhotra-to-make-his-ott-debut-with-rohit-shetty-s-cop-drama-indian-police-force-watch-1939578-2022-04-20
4,binge-watch,Sidharth Malhotra steps into Rohit Shetty's Cop Universe on Amazon. First look out,"(19, 4, 2022)","For a long time, there had been reports of Sidharth Malhotra making his OTT debut with a cop drama directed by Rohit Shetty. Today, April 19, the actor made the formal announcement about entering Shetty’s Cop Universe. More details about the series will be shared on Wednesday (April 20) morning at 11 am. For now, Sidharth’s first look from the Amazon Prime Video project is going viral.

SIDHARTH MALHOTRA’S COP AVATARRohit Shetty delivered a big Diwali dhamaka in 2021 with Akshay Kumar-starrer Sooryavanshi. Now, he has collaborating with Sidharth Malhotra. Taking to his Instagram, the actor shared his picture in a cop's attire and wrote, ""Rohit Shetty’s cop universe goes digital tomorrow at 11am (sic)!""View this post on InstagramA post shared by Sidharth Malhotra (@sidmalhotra)
Rohit's Shetty also announced the project on Instagram. His caption read, ""Action begins tomorrow at 11:00 AM! #NowFilming @primevideoin @sidmalhotra (sic).""View this post on InstagramA post shared by Rohit Shetty (@itsrohitshetty)
WHEN SIDHARTH HINTED AT A PROJECT WITH ROHIT SHETTYLast year, Sidharth Malhotra had shared a glimpse of his character from the sets of Thank God in which he donned a cop’s uniform and looked every bit dashing in a police jeep. He captioned the still, “Just on my way to say hi to Mr. Rohit Shetty P.s - Sneak peek from #ThankGod (sic).”View this post on InstagramA post shared by Sidharth Malhotra (@sidmalhotra)
Are you looking forward to Sidharth's OTT debut?Live TV--- ENDS ---ALSO READ | Sidharth Malhotra shares a peek into his Thank God look. Rohit Shetty reacts","['Sidharth Malhotra', ' Sidharth Malhotra rohit shetty', ' Sidharth Malhotra digital debut']",https://www.indiatoday.in/binge-watch/story/sidharth-malhotra-steps-into-rohit-shetty-s-cop-universe-on-amazon-first-look-out-1939401-2022-04-19
5,binge-watch,"Mai's Sakshi Tanwar to help Disha Parmar, Nakuul Mehta in Bade Acche Lagte Hain 2, calls it homecoming","(19, 4, 2022)","Sakshi Tanwar's Sheel from Netflix’s Mai will be seen crossing paths with Priya (Disha Parmar) and Ram (Nakuul Mehta) from Sony TV's Bade Acche Lagte Hain 2, in the upcoming episode. As the recent promo suggests, Sheel will be seen helping Priya get out of a challenging situation.

SAKSHI TANWAR TO PROMOTE MAI ON BALH 2On Bade Acche Lagte Hain 2, while Ram is struggling to find the truth behind his father’s death, and is convinced it’s a planned murder, he faces a lot of hurdles to arrive at a conclusion. On the other hand, Sheel, Sakshi’s character in Mai, comes all the way from Lucknow to Mumbai seeking help in attaining justice for her late daughter whose death was made to look like an accident. While Ram and Sheel are convinced their respective family members have fallen prey to a deviously planned murder, both are adamant to unearth the truth. View this post on InstagramA post shared by Sony Entertainment Television (@sonytvofficial)
In the upcoming episode, Sheel will come to Ram and Priya’s rescue in a thrilling turn of events. Having shot the episode recently, Sakshi Tanwar spoke about her experience of collaborating with the cast of Bade Acche Lagte Hain 2. She said, “Shooting on the set of Bade Acche Lagte Hain felt like homecoming to me. In a first, the audience will witness a crossover from OTT to television. It’s interesting and engaging the way this episode has been scripted. My character, Sheel, has been roped in to help solve the piece of a puzzle that Ram and Priya are struggling with. I felt a perfect synergy between the two narratives and I am hoping the audience enjoys this cameo.""DISHA PARMAR ON WORKING WITH SAKSHI TANWARDisha Parmar, who is seen as Priya in Bade Acche Lagte Hain 2 added, “To see her enter the set as Sakshi and transform into Sheel was a visual delight for me. The ease with which she performs and brings the character alive is a treat to watch. To collaborate on an episode and seamlessly integrate our respective characters to overcome a challenging yet thrilling situation was quite an experience. I would like to wish Sakshi the very best for her series, Mai. I know she’ll nail it! As for our viewers, I would urge them not to miss the upcoming episode!”Essaying the character of Sheel a grieving mother who undergoes extraordinary situations to avenge her daughter’s death, Sakshi Tanwar will now be seen in the recently released crime drama and thriller Mai on Netflix.Bade Acche Lagte Hain 2 airs Mon-Fri at 8.30 on Sony TV.Live TV--- ENDS ---ALSO READ | Sakshi Tanwar: Television made me who I am and that base has given me the freedom to do what I am doing today","['sakshi tanwar', ' bade acche lagte hain 2', ' disha parmar', ' nakuul mehta', ' ']",https://www.indiatoday.in/television/soaps/story/mai-s-sakshi-tanwar-to-help-disha-parmar-nakuul-mehta-in-bade-acche-lagte-hain-2-calls-it-homecoming-1939273-2022-04-19
6,binge-watch,London Files Review: Arjun Rampal’s series promises much but delivers none,"(19, 4, 2022)","A good thriller should ideally consist of three things - unexpected plot twists, continuous build-up of tension and a narrative that keeps every character in the story under the scanner of suspicion till the very end. If any of these key ingredients are missing, the outcome could be a major letdown. Movies like Shutter Island, Primal Fear and Zodiac are not memorable for nothing. They keep you guessing till the end and never fail to surprise you with twists and turns. Arjun Rampal’s London Files promises to deliver something unlike you have seen before. But, eventually, it gets predictable and banal. Halfway through the six-episode series, you know where this is heading.

The entire story unfolds against the backdrop of protests and chaos in the city of London, United Kingdom, caused by the passing of the Anti-Immigration Bill by the Conservative government in power. Arjun Rampal plays the character of Om Singh, a homicide detective with the London Metropolitan Police. From the very first sequence, it is established that Om has undergone some personal trauma and his story unfolds gradually as the series progresses.View this post on InstagramA post shared by Arjun (@rampal72)
His close confidante and friend, DCS Ranjh Randhawa, assigns him media tycoon Amar Roy’s (Purab Kohli) daughter Maya’s missing case. Now, Amar is an advocate of the Anti-Immigration Bill. And that puts him and his family under threat from the people against it. However, there is more than what meets the eyes. Initial evidence points towards foul play from Amar Roy’s end. The father-daughter duo shared a bitter-sweet relationship and her going missing just a few days after a heated argument between them puts Amar under the police’s scanner.Then, a body is recovered. Perfect DNA match and witness’ statement against Amar Roy makes him a clear suspect. Now that’s an open-and-shut case, right? Well, we told you there’s more than what meets the eyes. Om discovers some brow-raising evidence after Amar’s arrest that turns the table completely. He eventually figures out that Amar Roy and Maya’s case has a connection to his past. Is Maya actually dead? Is Om’s past taking a toll on his efficiency in solving the case? All this is answered in the six-episode series.View this post on InstagramA post shared by Arjun (@rampal72)
The story is fast-paced, and this is probably why certain parts are not well established. The screenplay tends to get clumsy and doesn’t manage to arrest your attention for long. While the twists and turns are well incorporated, it just does not manage to shock you enough or catch you off guard. The lacklustre performance is another reason why London Files fails to become a memorable watch.Arjun Rampal plays a detective undergoing emotional turmoil and, at the same time, strives to prove himself and his prowess at work. He does well in parts, but there isn’t a scene that stays with you after the show. Purab Kohli doesn’t get to play the chunkier parts, but in the little that you see of him, he plays it well. Sapna Pabbi has a forgettable appearance. Gopal Dutt is a wonderful actor and one thing that you will remember him for is his comic timing. Here, he plays quite a different role, but surely not something that you will remember him for. Sagar Arya, who plays Om’s close friend Ranjh, is good and perhaps one of the actors you are going to remember after the show.View this post on InstagramA post shared by Purab H Kohli (@purab_kohli)
Director Sachin Pathak, who has given us a riveting show like Rangbaaz, somehow fails to deliver this time. The lack of a gripping screenplay is to be blamed. The basics of a thriller are never really met.Live TV--- ENDS ---ALSO READ| Arjun Rampal shares throwback pics with his kids, says time flies","['london files review', ' london files', ' arjun rampal', ' purab kohli']",https://www.indiatoday.in/binge-watch/story/london-files-review-arjun-rampal-s-series-promises-much-but-delivers-none-1939209-2022-04-19
7,binge-watch,"Prince Narula excited to be on Lock Upp, says entering as a troublemaker not a contestant","(19, 4, 2022)","After winning Roadies 13, Splitsvilla 8, Bigg Boss 8 and Nach Baliye 9, Prince Narula has now entered Ekta Kapoor's captive reality show, Lock Upp. The reality TV star says that he has entered as a troublemaker not a contestant. His entry will surely add more spice to the show.

PRINCE EXCITED TO BE ON LOCK UPPPrince Narula is thrilled to be on Lock Upp. Speaking about being a part of the show, he said, “I am very excited. Lock Upp is a different show and I am entering the show as a troublemaker and not a contestant. More than anything, this is Ektaa Mam’s show which makes the concept undoubtedly amazing. To add to it, it's streamed on India's leading OTT platform MX Player along with ALTBalaji.""He further added, “Lockup is the reality show that is a big hit in its first year. Even during the IPL season, the ratings are increasing, and it’s a huge thing.""HERE'S WHY PRINCE CHOSE LOCK UPPPrince loves Lock Upp's concept. ""The show is amazing! My main reason to enter this show is that it is judgment-free. People are often judged when they reveal their secrets on a show, but Lock Upp’s concept is badass in itself. Moreover, it asks you to be badass as well. And this makes the show one of a kind,"" he said.Lock Upp is currently one of the most viewed shows on OTT. In the latest episode, Karan Kundrra ousted Zeeshan Khan for hitting Azma Fallah with a broom.","['prince narula', ' lock upp', ' prince narula on lock upp']",https://www.indiatoday.in/television/reality-tv/story/prince-narula-excited-to-be-on-lock-upp-says-entering-as-a-troublemaker-not-a-contestant-1939190-2022-04-19
8,binge-watch,Thar trailer out. Anil Kapoor and Harsh Varrdhan team up for gritty Netflix thriller,"(18, 4, 2022)","The trailer of Thar was unveiled today, April 18, at a launch event in Mumbai. The thriller, which stars Anil Kapoor, Harsh Varrdhan Kapoor and Fatima Sana Shaikh, will begin streaming on Netflix from May 6. Directed by Raj Singh Chaudhary, Thar trailer promises an intriguing watch, which will be full of twists and turns.

THAR TRAILER OUT!Set in the heart of an unforgiving desert, Thar, unfolds as a gritty thriller. The official social media handles of Netflix India shared the trailer of Thar. ""Verified Mysteries and mirages, twists and turns. In the heart of an unforgiving desert, unfolds a gritty thriller, unlike any other. #TharOnNetflix (sic),"" read the caption. View this post on InstagramA post shared by Netflix India (@netflix_in)
The film traces Siddharth (Harsh Varrdhan Kapoor), an antique dealer’s journey through a remote village in Rajasthan that has recently been rocked by a series of violent killings. As the local cop Surekha Singh (Anil Kapoor) investigates these murders, he comes across Siddharth and find him suspicious.Speaking about Thar, Harsh Varrdhan Kapoor, who is also producing the film, said, ""The wait is almost over and we’re very excited to be handing our Film over to audiences all over the world . We’ve paid attention to the little details and they have added up to create a world and a narrative that is unique. Netflix is the perfect platform for Thar to reach audiences globally who will connect with the film.""Watch Thar trailer here: Anil Kapoor will be seen sharing the screen with his son in Thar. He spoke about the same and shared how much he enjoyed it. ""I love working with young and new talent and with Thar bringing onboard young actors and filmmakers it gives me a completely different perspective on films. Returning to Netflix after AK vs AK and the audiences across the globe it traveled to, I can’t wait for Thar to premiere on the streaming service and for it to reach people across continents since it’s a unique story that audiences anywhere will enjoy.""Thar is set to release on May 6.Live TV--- ENDS ---ALSO READ | Anil Kapoor reveals Thar was brought to him by son Harsh. Says he's very passionate about the film","['thar', ' thar trailer', ' anil kapoor', ' harsh varrdhan kapoor', ' fatima sana shaikh']",https://www.indiatoday.in/binge-watch/story/thar-trailer-out-anil-kapoor-and-harsh-varrdhan-team-up-for-gritty-netflix-thriller-1938842-2022-04-18
9,binge-watch,"Suhana Khan, Khushi Kapoor, Agastya Nanda’s debut film The Archies goes on floors","(18, 4, 2022)","Comic book characters Archie Andrews and his friends will now be seen in an Indian film version on Netflix. Directed by Zoya Akhtar, the live action musical set in 1960s India will be based on the teenagers of Riverdale. The Indian adaptation of the iconic comics will be produced by Tiger Baby and Graphic India. Suhana Khan, Khushi Kapoor and Agastya Nanda are all set to make their acting debut with the remake of The Archies. Producer Reema Kagti shared today, April 18, that the show has hit the floors finally.

THE ARCHIES HITS THE FLOORThe Zoya Akhtar directorial venture, The Archies, was announced last year. Suhana Khan, Khushi Kapoor and Agastya Nanda have begun shooting for the project. As per a recent update, The Archies has finally hit the floors today. The news was shared by producer Reema Kagti on Instagram.Taking to her Instagram handle, Reema shared a pic of a clapboard giving details of the first shot of The Archies. She captioned the post as, “#Archie’s #shootstarts #TigerBaby’s first solo production #partnerincrime @zoieakhtar @Netflix (sic).” Soon, Farhan Akhtar re-shared the post on his Instagram story and sent best wishes to the team.Check it out:View this post on InstagramA post shared by Reema Kagti (@reemakagti1)
Suhana is Shah Rukh Khan's daughter, while Khushi Kapoor is Sridevi and Boney Kapoor's younger daughter. Agastya is Amitabh Bachchan's grandson. According to reports, Agastya will be seen playing the role of Archie Andrews, while Khushi and Suhana will be seen as Betty and Veronica.Live TV--- ENDS ---ALSO READ I | Suhana Khan as Veronica, Khushi Kapoor in golden hair, The Archies shoot begins","['Suhana Khan', ' Khushi Kapoor', ' Agastya Nanda', ' The Archies', ' the archies shooting']",https://www.indiatoday.in/binge-watch/story/suhana-khan-khushi-kapoor-agastya-nanda-s-debut-film-the-archies-goes-on-floors-1938739-2022-04-18
10,binge-watch,The Kardashians Episode 1 Review: Billionaire family serves old wine in classy new bottle,"(15, 4, 2022)","If us saying that the Kardashians are back is a difficult pill for you to swallow, we won’t hold it against you. It’s just how Hulu marketed their new reality show, The Kardashians, which feels like a repackaged sequel of the long-running Keeping Up with the Kardashians. That series ended less than a year ago, in June 2021. Surely, it doesn’t feel like the Kardashians went away, all thanks to their presence on other platforms. But now, their lives are once again in front of the camera, and as a consequence, under the scanner.

The Kardashians - Kim, Khloe, Kourtney, Kylie, Kendall and Kris know the fame game well. They love to hate the camera. We are not even kidding! They constantly talk about wanting to safeguard their lives from the public and crib about their lack of privacy. In the first episode of this new series, Kim even says, ""I hate talking about myself.” But they know and we know that they can’t quit the camera or the modern celebrity game, just as we can’t help but be aware of their drama. Let’s face it... You might not know who is who in the Kardashian family, or might have lost track of their relationships, but you certainly know that they dominate pop culture and make billions.That rich aspect of their lives is fully shown in The Kardashians. The show opens with shots of their luxurious homes and offices. You can’t relate to this family, given their impossible beauty standards, glamorous closets, unimaginable wealth and lifestyle, and histrionics over trivial issues. So you watch it with a sense of detachment. There are larger debates about how these women have impacted the youth and how unreal the reality show is, but the show has its own audience. They might be fans or just curious viewers, but there certainly are eyes on the show.Watch the trailer of The Kardashians here:So, what’s new in The Kardashians? It’s classy and elegant. The framing of the show is more sophisticated and there seem to be calculated conversations. The topics driving the first episode are Kim’s excitement and nervousness about hosting Saturday Night Live, Kourtney's relationship with Travis Barker, Kylie embracing motherhood, Scott being upset over not being invited to the Kardashians' barbecue, Kris being occupied with business, and other matters. But one thing that struck out was the re-emergence of Kim’s sex tape. Yes, that again! The Kardashians themselves joked about it since that was what propelled the family into the spotlight. But, Kim has come a long way and wants to take challenges head-on, especially when it comes to protecting her four kids.It’s clear from the first episode of The Kardashians that the family has taken some time to understand their own brand and wants to present it in a familiar, yet engaging way. It'll be interesting to have the Kardashians' exes make cameos in the show. Nevertheless, you can be assured that they will serve plenty of drama, quarrels and emotional breakdowns all by themselves.Is the show worth your time? If you are familiar with the format and are excited to know how the family balances love, life and career, you already know the answer. If you have been oblivious to them all these years, well, ignorance is indeed bliss. For all we choose to do, the Kardashians will still remain the most talked about family in the world. Some things never change.Live TV--- ENDS ---ALSO READ | Kim Kardashian and Kendall Jenner are the most stylish sisters in new pics. Khloe Kardashian reactsALSO READ | Pete Davidson to make an appearance on The Kardashians? Kim Kardashian has this to say","['The Kardashians. The Kardashians review', ' kim kardashian', ' kylie jenner', ' kendall jenner', ' kris jenner', ' khloe kardashian', ' kourtney', ' where to stream The Kardashians ']",https://www.indiatoday.in/binge-watch/story/the-kardashians-episode-1-review-billionaire-family-serves-old-wine-in-classy-new-bottle-1937975-2022-04-15
11,binge-watch,"What to watch on Netflix, Disney+ Hotstar and SonyLiv this weekend","(15, 4, 2022)","There is a lot for you to explore on OTT platforms this weekend. From Sakshi Tanwar's thriller Mai to the reality show, The Kardashians, you have a long list to choose from.

Here's the list of fresh content you can stream this weekend:ON NETFLIXMaiSakshi Tanwar, Jay Shanker Pandey, Prashant Narayanan, Ravish Srivastava and Vishwanath Kulkarni star in Mai. Sakshi plays Sheel, a middle-class wife, mother and volunteer nurse who witnesses her daughter's murder. This incident changes her world forever and she gets entangled in the world of violence, crime and power.Anatomy of a scandalThe six-episode series has been created by Emmy winner David E. It revolves around British politician James Whitehorse and his wife Sophie.Heirs To The LandSpanish television series Heirs To The Land drops on Netflix on April 15. Based on the novel of the same title, the story is set in 14th-century Barcelona and follows Hugo Llor, who aspires to be a shipbuilder.Choose or DieChoose or Die is about a young coder who stumbles upon a text-based retro game. He then tries to beat it to win the top prize.ON DISNEY+ HOTSTARThe KardashiansThe Kardashians follows up on Keeping Up with the Kardashians. The series’ focus is on the personal lives of Kim Kardashian, Kourtney, Khloe, Kendall Jenner and Kylie Jenner, and their partners. From the pressures of billion-dollar businesses to struggles of being a parent, the series unfolds the lives on Kardashians, who are used to being in the spotlight.ON AMAZON PRIME VIDEOBachchhan PaandeyAkshay Kumar, Kriti Sanon and Jacqueline Fernandez-starrer Bachchhan Paandey released on Holi in theatres. Now it’s ready for OTT release. Bachchhan Paandey is a full blown action entertainer. Read our review here.Outer RangeOuter Range revolves around Royal Abbott, played by Josh Brolin. He is a rancher who has to save his land and family while trying to deal with the disappearance of his daughter-in-law. There are supernatural and mysterious elements at play. Will the Abbotts survive? Watch the show to know.ON APPLE TVRoarNicole Kidman and Alison Brie’s Roar is based on a book of short stories of the same name by popular author, Cecelia Ahern. It portrays what it’s like to be a woman in today’s world.ON DISCOVERY+High Design with Kim MylesHigh Design with Kim Myles is based on the struggles of cannabis industry business owners. The show started streaming from April 13.Handcrafted HotelsHotelier Ben Weprin and his team have expertise in creating custom stay for guests across cities and towns. But the last say is always with the guests! Watch them celebrate the spirit of nostalgia and charm.ON SONYLIVJamesJames is late Kannada superstar Puneeth Rajkumar's last film. Directed by Chethan Kumar, the commercial entertainer was shot much before he passed away. James AKA Santhosh Kumar, acts as a security officer and avenges the death of his friends. The film also features Sarathkumar, Priya Anand and Meka Srikanth. Read our review.ON LIONSGATE PLAYGreenlandGreenland stars Gerard Butler and Morena Baccarin. The show explores rising concerns of climate change. Helmed by Rick Roman Waugh, the film depicts the perilous journey of John Garrity, his estranged wife, and their son, who embark on a journey to find sanctuary as a planet-killing comet rushes towards Earth.HorsemenHorsemen, directed by Jonas Akerlund, follows the life of Aidan Breslin, played by Dennis Quaid. He is an emotionally distracted detective, who has grown apart from his two sons after the death of his wife. In the middle of investigating a series of murders, he discovers a terrifying link between himself and the suspects that seem to be based on the Biblical prophecies concerning the Four Horsemen of the Apocalypse: war, famine, conquest, and death.ON MX PLAYERDhahanamAgasthya Manju's Dhadhanam stars Isha Koppikar, Naina Ganguly, Abhishek Duhan, Abhilash Chaudhary and Sayaji Shinde. The series is a crime thriller set in Andhra Pradesh and shows how the death of a communist labourer causes a stir. The series is also dubbed in Hindi and Tamil.Live TV--- ENDS ---ALSO READ | Bachchhan Paandey Movie Review: Akshay Kumar, Kriti Sanon deliver bhaukaal wali Holi","['What to watch on Netflix', ' What to watch on amazon', ' new shows', ' new movies OTT']",https://www.indiatoday.in/binge-watch/story/what-to-watch-on-netflix-disney-hotstar-and-sonyliv-this-weekend-1937930-2022-04-15
12,binge-watch,Akshay Kumar's Bachchhan Pandey to stream on Amazon Prime Video from April 15,"(14, 4, 2022)","Akshay Kumar’s action-comedy Bachchhan Paandey will be available for streaming in India on Amazon Prime Video from April 15. Directed by Farhad Samji and produced by Sajid Nadiadwala, the action-comedy film stars Akshay Kumar, Kriti Sanon, Bobby Deol, Jacqueline Fernandez, Arshad Warsi and Riteish Deshmukh, among others.

Amazon Prime Video recently shared that Bachchhan Paandye will stream exclusively on the OTT platform. The film revolves around a gangster, Bachchhan Paandey (played by Akshay Kumar) and an aspiring director, Myra Devekar (Kriti Sanon), who decides to make a biopic on a real-life gangster. While researching the topic, Myra is led to Bachchhan Paandey of Baghwa. During her research, she gets to know more about the gangster and also gets an insight into Bachchhan's life by getting caught by him.View this post on InstagramA post shared by amazon prime video IN (@primevideoin)
Speaking about the film, Akshay Kumar said, “Bachchhan Paandey is an out and out comedy-entertainer and I am quite excited to bring this film to the audiences who’ve missed out on their dose of entertainment.""He further added, ""Filled with a whole lot of action, drama, and comedy, the audiences can enjoy the film from the comfort of their living room premiering on Prime Video on April 15. I hope you enjoy watching the film as much as we enjoyed filming it.""Bachchhan Paandey was earlier set to premiere on December 25, 2020. However, the release date was pushed and Farhad Samji’s directorial later released theatrically on March 18, 2022.Live TV--- ENDS ---ALSO READ | Bachchhan Paandey Movie Review: Akshay Kumar, Kriti Sanon deliver bhaukaal wali Holi","['akshay kumar', ' bachchhan paandey', ' bachchhan pandey digital premiere', ' amazon prime video']",https://www.indiatoday.in/binge-watch/story/akshay-kumar-s-bachchhan-pandey-to-stream-on-amazon-prime-video-from-april-15-1937190-2022-04-14
