SN,category,headline,date,content,keywords,link
1,binge-watch,Puja Banerjee to play Vanraaj’s ex-girlfriend in web series Anupama Namaste America,"(2, 4, 2022)","After the massive popularity of Rajan Shahi's Anupamaa, Disney+ Hotstar is geared up to bring the prequel of the show, Anupama - Namaste America. The Hotstar Specials' show promises to keep the viewers hooked with its intriguing narrative and an amazing cast. Apart from an engaging storyline and Anupamaa’s younger look, there’s more to look forward to in the series. Actress Puja Banerjee, who was last seen in Star Bharat’s Vaishnodevi, will be seen in Anupma - Namaste America. The series premieres on April 25.

PUJA BANERJEE ON HER ROLE IN ANUPAMAA PREQUELPooja Banerjee has been roped to play Vanraaj’s ex-girlfriend, Rittika, in Anupma - Namaste America. While talking about the series, Puja Banerjee said, ""Me and Sudhanshu share a great bond. We are like best friends! When I heard about Anupama-Namaste America, I was excited to work with him yet again after our first film together, Rajdhani Express. In the prequel series, I will be playing the role of Ritika who is Vanraaj’s ex-girlfriend from his college days. Ritika’s character in the show is bold and empowering, which perfectly resonates with my personality""On associating with a show like Anupamaa, she said, ""It is an overwhelming moment for me to be associated with a highly successful show like Anupamaa and share the screen with such a versatile actor Sudhanshu Pandey. I hope viewers will enjoy watching Ritika on the screen as I much as I enjoyed playing it.""Puja shared a picture with Sudhanshu on Instagram and wrote, ""Here i present u Rittika Watch me & @sudanshu_pandey with a new avatar in #anupamanamasteamerica america only on @disneyplushotstar soon (sic),""Take a look at Puja Banerjee's post:View this post on InstagramA post shared by Puja Banerjee (@banerjeepuja)
ABOUT ANUPAMAA - NAMASTE AMERICAThe 11-episode prelude to the television series Anupamaa will see Rupali Ganguly, who plays the lead character on television, reprise her popular role in the digital space. Joining her will be her on-screen husband Vanraj, played by Sudhanshu Pandey, as well as the entire cast of the TV show, which includes Alpana Buch, Arvind Vaidya, Paras Kalnwat, Ashish Mehrotra and Ekta Sariya. Anupama- Namaste America will also introduce a brand-new character from Anupamaa’s early years, Moti Baa played by veteran television actor Sarita Joshi. This special character will play a pivotal role in forming Anupamaa’s early life as an aspiring dancer. The episodes will be released over 11 days and will remain exclusively on the platform. The prequel to Anupamaa will not be aired on television.ALSO READ | Rupali Ganguly's 11 episode Anupamaa prequel to premiere on Disney+ HotstarLive TVALSO READ | Anupamaa tops the list, Yeh Hai Chahatein grabs 2nd spot in TV Rating War",NA,https://www.indiatoday.in/television/soaps/story/puja-banerjee-to-play-vanraaj-s-ex-girlfriend-in-web-series-anupama-namaste-america-1932730-2022-04-02
2,binge-watch,Game of Thrones prequel House of the Dragon to premiere on Aug 21. See first look of characters,"(1, 4, 2022)","Game of Thrones fans can't keep calm as HBO has dropped the premiere date of the spin-off series, House of the Dragon. The makers also unveiled the first look of the character on the show. The GOT prequel series was announced two years ago. Based on George RR Martin’s Fire and Blood, the series will deal with the history of the Targaryen family.

HOUSE OF THE DRAGON TO PREMIERE ON AUGUST 21House of the Dragon teaser was launched in October last year. On March 30, HBO shared the first look of the characters and the premiere date of the GOT prequel. The official Twitter handle of House of the Dragon shared the new poster of the series featuring the premiere date. The caption read, ""August 21. #HouseoftheDragon (sic).""Take a look:August 21. #HouseoftheDragon pic.twitter.com/xH6T7b9sa9— House of the Dragon (@HouseofDragon) March 30, 2022
The official Instagram handle of HBO Max shared the first look of the characters on House of the Dragon. ""King Viserys Targaryen. Prince Daemon Targaryen. Princess Rhaenyra Targaryen. Alicent Hightower. Otto Hightower. August 21. #HouseoftheDragon (sic),"" read the caption.Take a look at the post:View this post on InstagramA post shared by HBO Max (@hbomax)
HOUSE OF THE DRAGON TEASER HBO released a teaser of House of the Dragon on October 21 to announce that the series will drop in 2022. It has been a long wait from fans ever since the show was announced about two years ago, and Covid-19 played spoilsport.Watch the teaser trailer here:Dreams didn’t make us kings. Dragons did.The @HBO original series #HouseoftheDragon is coming to @HBOMax in 2022. #HBOMaxEurope pic.twitter.com/y29bn3nFIA— House of the Dragon (@HouseofDragon) October 5, 2021
ALL ABOUT HOUSE OF THE DRAGONHouse of the Dragon is a fantasy series based on George RR Martin’s book Fire & Blood. It stars Paddy Considine, Olivia Cooke, Matt Smith, Emma D’Arcy, Fabien Frankel, Rhys Ifans, Steve Toussaint, Eve Best and Sonoya Mizuno, among others.House of the Dragon will take fans through the story of House Targaryen, from where Mother of Dragons, Daenerys Targaryen, emerged. The Targaryens fled to the Seven Kingdoms from the Doom of Valyria and established their castle on Dragonstone. Years later, Aegon Targaryen and his sisters regained power over the Seven Kingdoms with the help of their dragons.Miguel Sapochnik and Ryan Condal will be the showrunners, and the pair will also serve as executive producers along with Martin and Vince Gerardis.Live TVALSO READ | HBO’s Game of Thrones spin-off House of the Dragon to release in 2022, teaser out",NA,https://www.indiatoday.in/binge-watch/story/game-of-thrones-prequel-house-of-the-dragon-to-premiere-on-aug-21-see-first-look-of-characters-1932411-2022-04-01
3,binge-watch,Ranbir Kapoor reveals why he didn’t wear prosthetics to look like Rishi in Sharmaji Namkeen,"(1, 4, 2022)","Rishi Kapoor’s swan song, Sharmaji Namkeen, is a special film. The project has Paresh Rawal stepping into Rishi's shoes to complete the remaining scenes after the veteran actor's demise in April 2020. But before Paresh Rawal became an option, the makers also toyed with the idea of getting Ranbir Kapoor on board, using prosthetic makeup and CGI to make him look like his dad, Rishi Kapoor. However, the idea was later dropped. In an exclusive interview with IndiaToday.in, Ranbir Kapoor reveals why.

WE TRIED CGI AND PROSTHETICS, BUT NOTHING WORKED: RANBIRIn an exclusive conversation, Ranbir Kapoor revealed why he didn’t wear prosthetic makeup to become his father, Rishi Kapoor, in Sharmaji Namkeen. Ranbir said, ""I remember when I came back from a shooting schedule, we sat together and discussed how we would take this forward. I sent [the makers] some pictures of mine and they sent them abroad to some CGI and special-effects experts [to see] if I could just perform as me and they could digitally enhance it to look like my father. Or do prosthetics. But nothing was working out. That is when they had this great idea of casting Paresh Rawal ji, who is such a fine actor. I have so much love and respect for him that he stepped in to complete this film, to pay tribute to an actor that is my father. He has done it in such a beautiful way that I wouldn’t have been able to do. Everything just turned out well for this film.”View this post on InstagramA post shared by amazon prime video IN (@primevideoin)
DAD WAS A HARSH CRITIC, TOLD ME NOT TO DO ARTY FILMS: RANBIRSpeaking to IndiaToday.in, Ranbir also revealed that Rishi Kapoor was a hard critic, and once after watching Barfi, he told Ranbir that though he is a good actor, he shouldn't do arty films. Ranbir said, ""Dad was a harsh critic. He never appreciated me in my face. I don’t think he understood my choices. He was always worried ki what is he doing. I remember even when he saw Barfi for the first time he called me. I am always nervous when my father called me after a film. He told me 'Haan tu acting achi kar leta hai (You act well) but don’t do arty films next time'.""Don't miss #RanbirKapoor's tribute to his dad #RishiKapoor at 2:30 pm on #InDaClub, only on India Today TV. #Promo pic.twitter.com/BZuCEZwcG8— IndiaToday (@IndiaToday) March 31, 2022
However, Rishi was immensely impressed with Ranbir Kapoor's Sanju. ""Of course, when Sanju was released, he was very proud that the film did well. He was proud of my work and I think that sense of acknowledgement from him means the world to me. Because being such a harsh critic of mine, when he finally liked something, it meant something. I will never forget it,"" said Ranbir.Sharmaji Namkeen, also starring Juhi Chawla, is streaming on Amazon Prime Video now.Live TVALSO READ | Ranbir Kapoor reveals he wanted to finish dad Rishi’s last film Sharmaji Namkeen using prosthetics. WatchALSO READ | Not Alia Bhatt, Ranbir Kapoor's phone wallpaper is a happy picture of THIS person. Fans go awwwALSO READ | Rishi Kapoor told Ranbir 'Tu acting achi kar leta hai but don’t do arty films next time' after Barfi",NA,https://www.indiatoday.in/binge-watch/story/ranbir-kapoor-reveals-why-he-didn-t-wear-prosthetics-to-look-like-rishi-in-sharmaji-namkeen-1932297-2022-04-01
4,binge-watch,"May Calamawy hopes Arabs love Moon Knight, is excited to invite them into the MCU","(1, 4, 2022)","May Calamawy, who plays Layla in the recently released web series Moon Knight, is excited about inviting Arabs into the Marvel world. Written for television by Jeremy Slater, Marvel Studios’ Moon Knight stars Oscar Isaac and Ethan Hawke, alongside May Calamawy in lead roles. Directed by filmmaking duo Justin Benson and Aaron Moorhead, and Mohamed Diab, the series deals with Egyptian mythology.

Actress May Calamawy is is an Egyptian-Palestinian actress known for her comedy drama Ramy on Apple+ TV. She plays Layla El-Faouly, Marc Spector's (played by Oscar Issac) wife and fellow adventurer and archeologist in Moon Knight. Speaking about the series, May said, ""I want to see how it all comes together, more as a whole collective thing.""“What’s most important to me are the relationships. I just want to feel like we have honored them and that it’s believable and that you can feel what everyone’s going through. I have lived so much in the acting of it that I am excited to see that combined with everything else. And as an Arab I am so excited to invite Arabs into the MCU and let them feel like they are a part of it. I hope they all love it,” added the actor.Marvel Studios’ Moon Knight is currently streaming on Disney+ Hotstar.Live TVALSO READ | Moon Knight Episode 1 Review: A refreshing departure from Marvel’s run-of-the-mill superhero stuffALSO READ | All about Marvel's Moon Knight before series premieres on Disney+ Hotstar",NA,https://www.indiatoday.in/binge-watch/story/may-calamawy-hopes-arabs-love-moon-knight-is-excited-to-invite-them-into-the-mcu-1932275-2022-04-01
5,binge-watch,Lock Upp's Mandana Karimi recalls horrific jail experience in Iran when her friends got 85 lashes,"(1, 4, 2022)","Mandana Karimi, who is currently seen on Lock Upp, recently opened up on being arrested while she was visiting her country, Iran. Speaking to her co-contestant Payal Rohatgi, she revealed that she was put behind bars for allegedly being intoxicated.

Earlier on Lock Upp, Karan Kundrra had lashed out at Mandana Karimi for playing the woman card. Recently on the show, the actress recalled being arrested and how she was made to watch her friends being beaten up. She said that she was not punished because she was injured at the time and had undergone surgery. However, she was made to watch her friends getting lashed.Mandana was talking to Payal when she shared, ""I went back to Iran for my friend’s sister’s wedding. So, I missed the wedding and then we were all to go to Shomal. It is a place near Tehran. You know, like we go to Lonavala with friends here. So, we went there and in the villa, they had a bike. I love riding bikes, so I was playing around with the bike. While riding it, I had an accident at a turn.”She further added, ""My knee was injured badly and the whole thing busted out. They had to put it all together and I was about to have a surgery. I could hear my friends talking and having full masti time as they waited for me to come out of the operation theatre. But, someone was watching us and realised ‘ye log ka kuch nasha hai (these people seem to be intoxicated)’. When we were changing clothes, we felt a kick on the door and a woman cop fully covered came with a man and asked us ‘get the f*** out’. I was like, ‘Dude, what happened?’ And, the guy who arrested us was one of the fellows who went to war.""Sharing the rest of the story, Mandana shared why she doesn't want to return to Iran. “He wanted to teach us a lesson and that guy made me watch my friends being lashed. All my friends got 85 lashes and they made me watch it as they could not lash me because I was (injured). He told me that I could not escape it all just because of the injury. I had to watch my friends getting the lashes. That was my jail experience. That is the reason I do not want to be in a country that treats its citizens like that,"" she said.Live TVALSO READ | Karan Kundrra accuses Mandana Karimi of playing the woman card on Lock Upp, says 'leave the show'",NA,https://www.indiatoday.in/television/reality-tv/story/lock-upp-s-mandana-karimi-recalls-horrific-jail-experience-in-iran-when-her-friends-got-85-lashes-1932243-2022-04-01
6,binge-watch,"Son Ye-jin, Jeon Mi-do's Thirty-Nine ends on a high note, garners massive views","(1, 4, 2022)","South Korean series Thirty-Nine, starring Ye-jin, Jeon Mi-do and Kim Ji-hyun, has ended on an all-time high rating. The Kdramas last episode was aired on JTBC on Thursday, March 31. The complete series is available on Netflix.

The March 31 episode of Thirty Nine garnered its highest viewership ever. As per a report on Soompi.com, according to Nielsen Korea, the series finale Thirty-Nine secured an average nationwide rating of 8.1 per cent, which is the show's new personal record.Meawhile, tvN’s Kill Heel's latest episode got an average rating of 2.6 per cent. On the other hand, another Korean show Sponsor got a combined total of 1.1 per cent for the night.Thirty-Nine is a heartwarming tale that revolves around three friends who have been together for 20 years and are now on the verge of turning 40. The Kdrama traces the journey of three 39-year-old women and how they face unforeseen circumstances.In the series, Son Ye-jin plays Cha Mi-jo, who is the head dermatologist of a clinic in Gangnam. Her character is warm and caring who grew up in a well-to-do family. Jeon Mi-do is Jung Chan-young, who aspired to be an actress but things didn't work out and she became an acting teacher instead. Her world came crashing down after she was diagnosed with pancreatic cancer. Kim Ji-hyun is seen as Jang Joo-hee, who works as a cosmetics manager at a department store and has never been in a romantic relationship.Live TVALSO READ | Son Ye-jin-starrer Thirty Nine's new episodes won't stream this week. Here's why",NA,https://www.indiatoday.in/binge-watch/story/son-ye-jin-jeon-mi-do-s-thirty-nine-ends-on-a-high-note-garners-massive-views-1932229-2022-04-01
7,binge-watch,"What to watch on Amazon Prime Video, Disney+ Hotstar and Apple TV this weekend","(31, 3, 2022)","Sharmaji Namkeen, a perfect and heartwarming tribute to Rishi Kapoor, is now available on Amazon Prime Video. Other exciting movies and shows like Prabhas and Pooja Hegde’s Radhe Shyam, Oscar Isaac’s Moon Knight and Shreyas Talpade’s Kaun Pravin Tambe, among others.

Here’s the list:ON AMAZON PRIME VIDEOSharmaji NamkeenRishi Kapoor’s swan song, Sharmaji Namkeen, is the story of a retired man who sets out on a path of self-discovery. Paresh Rawal plays the same character as the late veteran actor in the film. The cast also features Juhi Chawla, Suhail Nayyar, Taaruk Raina, Satish Kaushik, Sheeba Chaddha and Isha Talwar. Read our review here.Radhe ShyamDirected by Radha Krishna Kumar, Prabhas and Pooja Hegde's Radhe Shyam released in theatres on March 11. After receiving mixed reviews from audience and critics, the film is now going ahead with its OTT release. Radhe Shyam is an epic love saga that talks about the war between love and destiny. Read our review here.MoonshotDirected by Christopher Winterbauer, Moonshot is a romantic comedy starring Cole Sprouse, Lana Condor, Mason Gooding, Emily Rudd and Zach Braff. The story is about people in their 20s embarking on a journey to reunite with their partners. But they go off course, which leads to something unexpected and amazing.ON DISNEY+ HOTSTARMoon KnightMoon Knight, which released on March 30, features Oscar Isaac in the role of Marc Spector. The Marvel web series is based on a superhero who suffers from dissociative identity disorder. Now, that’s a first! Moon Knight also grapples with a mystery involving Egyptian Gods.Kaun Pravin TambeStarring Shreyas Talpade, Ashish Vidyarthi, Parambrata Chatterjee and Anjali Patil, Kaun Pravin Tambe releases on April 1. It is a sports biopic which chronicles the extraordinary journey of cricketer Pravin Tambe, a right-armed leg spinner.ON APPLE TVSlow HorsesSlow Horses is a spy thriller series based on Mick Herron’s novel of the same name. Gary Oldman plays the role of Jackson Lamb, who heads a team of British intelligence agents who have made career-ending mistakes and now serve in the disgraced branch of MI5 - Slough House.ON NETFLIXGet Organized with The Home Edit Season 2Clea and Joanna are back to tame celebrities and everyday clients' homes in their signature style. The description reads, ""A man narrates stories of his life as a 10-year-old boy in 1969 Houston, weaving tales of nostalgia with a fantastical account of a journey to the moon.""Apollo 10 1/2: A Space Age ChildhoodApollo 10 1/2: A Space Age Childhood is a sci-fi animation film. The plot of the movie revolves around the Apollo 11 moon landing.ON SONYLIVAadavallu Meeku JohaarluThe romantic comedy stars Rashmika Mandanna, Khushbu Sundar, Raadhika Sarathkumar, Urvashi, and Sharwanand. Directed by Tirumala Kishore the story explores arranged marriages in India in a heartwarming manner.DISCOVERY+Queen of Versailles Reigns AgainJackie Siegel and her family are on a mission to finally finish their 90,000 square-foot palace, often regarded as Versailles. Can they do it? Queen of Versailles Reigns Again is now available for streaming.White Water SummerIf you want a dose of adrenaline rush through a travel show, watch White Water Summer. The show will take you to the tiny river town of Maupin, Oregon, where tourists bond over adventurous activities, love triangles and endless party scenes.Inventions That Changed HistoryHistorians, scientists, pop culture experts and Hollywood celebrities host informative rides with incredible stories. Fasten your seatbelts for some invention stories that can blow your mind.LIONSGATE PLAYGomorrah Season 5Gomorrah is a crime drama which is back with its fifth season. The description of the show reads, ""The Camorra rule the suburbs of Napoli. And Don Pietro rules the Camorra, with the help of Ciro Di Marzio, his trusted right hand. But is Gomorrah truly such a simple Italian crime drama?""Live TVALSO READ | Sharmaji Namkeen Movie Review: A fitting tribute to Rishi Kapoor",NA,https://www.indiatoday.in/binge-watch/story/what-to-watch-on-amazon-prime-video-disney-hotstar-and-apple-tv-this-weekend-1932018-2022-03-31
8,binge-watch,Crash Landing On You couple Son Ye-jin and Hyun Bin are married! See inside pics and videos,"(31, 3, 2022)","South Korean actors Son Ye-jin and Hyun Bin got married today in an intimate wedding ceremony in Seoul. The couple, who have appeared together in Crash Landing On You and Negotiation, have been in a relationship for around two years now. Pictures and videos from their wedding have gone viral.

SON YE-JIN AND HYUN BIN ARE MARRIED!Son Ye-Jin and Hyun Bin are now husband and wife. The couple exchanged vows and rings in a private wedding ceremony held in Seoul, which was attended by family and close friends of the couple. A picture is now being shared where the bride and groom can be seen exchanging rings.Take a look at the photo:BINJIN MARRIED #BinJin #binjinwedding pic.twitter.com/QpuEnpMVUb— TERESA () BINJIN WEDDING SOOOOOON (@binjinshearteu) March 31, 2022
A video has gone viral where Hyun Bin can be seen holding Ye-jin's hand as they walked towards the aisle.AHHH THIS WILL BE MY FAVOURITE VIDEO OF BINJIN THE SHIP REALLY ENDED INTO ENDGAME.. WHAT KDRAMA SUPERPOWER IS THIS #TheBinJinWedding #BinJin #BinJinWedding pic.twitter.com/sSULcgyMZA— (@_DevAkshi__) March 31, 2022
Take a look at other photos and videos from the wedding ceremony:We're finally getting a video clip! Our bride as she walks down the aisle! What a lovely sight to see!#BinJin # #TheBinJinWedding pic.twitter.com/pQGzInmCmi— (@EdelweissPH_FC) March 31, 2022
Bride, Son Yejin, and groom, Hyun Bin, talking to each other at their wedding ceremony #CLOYEpisode17 #TheBinJinWedding pic.twitter.com/nIUaaqtmTX— SIGRISWILPH (@sigriswilph) March 31, 2022
""#SonYejin shed tears at their wedding, while #HyunBin protected her by her side.""OHMYGOD MY BABY IS CRYING TT#TheBinJinWedding #BinJin #CLOYEpisode17 https://t.co/TgCXvEtjmM pic.twitter.com/bXyG8vAFAb— (@serineblack) March 31, 2022
Hyun Bin's agency shared photos from the wedding along with a note about the couple's wedding. In the picture, while Son Ye-jin was dressed in a pristine white flowy gown, Hyun Bin coordinated her in an all-white suit set. The note in Korean roughly translates to, ""This is VAST Entertainment. Today, actor Hyun Bin and actor Son Ye-jin got married. We took our first steps as a couple. We apologize for the fact that this ceremony will be held privately in consideration of the Covid-19 situation. We are sharing the news with their wedding photos instead.""Take a look at the post:View this post on InstagramA post shared by VAST (@vast.ent)
 The note further read, ""Thank you from the bottom of my heart for the many blessings and warm support sent for their new beginning. Actors Hyun Bin and Son Ye Jin along with their agencies will continue to put in full effort to give back for the love received. Thank you.""Son Ye-jin is currently seen in the Netflix series Thirty-Nine. Recently, when she was asked about her first love, she said, ""My current love is my first love,"" The actress also thanked fans for their loving wishes on her engagement. ""I am just so thankful. I am not sure what to say about such a personal matter in my life, here at the press conference for the drama Thirty-Nine, but I feel that I am encountering such important events at the start of 2022, both as an actress and as a person, and so it almost feels like destiny. I have received so many congratulations from everyone, and so I want to take this opportunity to thank you all,"" she said during a press conference for Thirty-Nine.Congratulations, Hyun Bin and Son Ye-jinLive TVALSO READ | Crash Landing On You star Son Ye-jin says beau Hyun Bin is her first love",NA,https://www.indiatoday.in/binge-watch/story/crash-landing-on-you-couple-son-ye-jin-and-hyun-bin-are-married-see-inside-pics-and-videos-1931913-2022-03-31
9,binge-watch,Sharmaji Namkeen Movie Review: A fitting tribute to Rishi Kapoor,"(31, 3, 2022)","Like the title, Sharmaji Namkeen is deliciously savoury. Rishi Kapoor’s last film and one that he would have been very proud of, the story of a senior citizen whose desire to not let age defy his dreams, is a sweet story filled with several emotional moments that give acting stalwarts Rishi Kapoor and Paresh Rawal a chance to shine. Debutant director Hitesh Bhatia takes on the mammoth challenge of giving direction to a cast that boasts names like Paresh Rawal, Juhi Chawla and, of course, Rishi Kapoor. Fortunately, he doesn’t let these heavyweights bog him down with expectations and instead, plays to their strengths.

Sharmaji Namkeen isn’t original or different from what we have seen before. A story of aspirations and dreams and finding one's own voice in a crowd, where age plays an important role, has been done before. We have even seen the track of parental strife with their children as life goes on in many films. But, what makes this story of a retired senior citizen finding solace in his culinary skills as he attempts to give life a second chance interesting, is the lead performances by Paresh Rawal and Rishi Kapoor, who play Sharmaji. The seamless transition from one actor to another playing the same role is oddly smooth and doesn’t feel jarring.Watch the trailer of Sharmaji Namkeen here:The supporting cast, especially the kitty party brigade led by Juhi Chawla, brings those light-hearted sweet moments in places that sometimes feel heavy. As a film, Sharmaji is light. It goes beyond being just a tribute to Rishi Kapoor. Of course, each time Chintu ji fills up the frame in his trademark sweater, you can’t help but realise what a terrific actor we have lost. His love for cinema is unparalleled.Sharmaji Namkeen doesn’t need a rating. It is an opportunity for all of us to relive and celebrate the life of Rishi Kapoor, a star, a performer and an actor who, like Sharmaji, never let the digits under the age bracket define him.PS: Don’t miss the end credits and watch Rishi Kapoor’s bloopers, moments that we rarely get to witness.Live TVALSO READ | Ranbir Kapoor reveals he wanted to finish dad Rishi’s last film Sharmaji Namkeen using prosthetics. WatchALSO READ | Rishi Kapoor told Ranbir 'Tu acting achi kar leta hai but don’t do arty films next time' after BarfiNOW READ:Beast to KGF Chapter 2, South films and shows to watch in theatres and OTT in April 2022Alia Bhatt quashes rumours about being upset with RRR team, says she loved working with SS RajamouliRanbir Kapoor is grateful to Sharmaji Namkeen makers for completing his father's last workHeropanti 2 song Jalwanuma teaser out. Tiger Shroff, Tara Sutaria promise melody for aching hearts",NA,https://www.indiatoday.in/binge-watch/story/sharmaji-namkeen-movie-review-a-fitting-tribute-to-rishi-kapoor-1931815-2022-03-31
10,binge-watch,"Bridgerton star Simone Ashley confirms Season 3, says Kate and Anthony are just getting started","(31, 3, 2022)","Bridgerton Season 2 recently dropped on Netflix, making fans swoon over the amazing chemistry of Kate Sharma (Simone Ashley) and Anthony Bridgerton (Jonathan Bailey). And now, Simone has dropped another exciting update! The Viscount and the Viscountess Bridgerton will return for the show's Season 3. Simone Ashley also hinted that the third season's story will focus more on Kate and Anthony's married life, with an interesting twist. Well, we can't wait now!

BRIDGERTON IS COMING WITH SEASON 3!In an exclusive conversation with Deadline, Ashley said, “We’re going to be back! Kate and Anthony are just getting started. We have the amazing Jess Brownell who is taking the lead as showrunner in Season 3. In Season 2, there was a lot of push and pull between Kate and Anthony, there were complications with the family, and then they find each other towards the end. I think everything is just starting. I’d like to see Kate just let go a bit more and play more in Season 3 and kind of swim in that circle of love together. I think they both deserve it.”WHAT WILL THE STORY FOCUS ON?Even though viewers love the intense love connection between Kate and Anthony, Simone Ashley promises that the Viscountess will thrive on her own. She added, “She’s in charge of the household now and she’s got big boots to put on. I think she can do it. I want to keep that softness and vulnerability to Kate, for sure, and she can share that with Anthony. I’m just excited for her to have a home and to have a family. I’m excited to see her grow. I think I’d like to see Kate being much braver and less headstrong and more heart strong.”ABOUT BRIDGERTON SEASON 2Bridgerton Season 2 starts with Anthony pursuing Kate's younger sister Edwina (Charithra Chandran). While Kate tries to stop this match, the two become unlikely companions. Naturally, much drama ensues. Season 2 of Bridgerton premiered on Netflix on March 25, 2022.Live TVALSO READ I | Bridgerton Season 2 Review: Kate Sharma brings balls and beauty to epic Netflix series",NA,https://www.indiatoday.in/binge-watch/story/bridgerton-star-simone-ashley-confirms-season-3-says-kate-and-anthony-are-just-getting-started-1931808-2022-03-31
11,binge-watch,Crash Landing On You couple Son Ye-jin and Hyun Bin to marry today. See dreamy wedding photoshoot pics,"(31, 3, 2022)","Son Ye-jin and Hyun Bin, who worked together in the popular drama Crash Landing On You, are getting married today, March 31. The couple's agencies have shared wedding photos of the couple along with a note. A year ago, the couple publicly revealed that they were in a relationship.

Hyun Bin's agency shared photos from the wedding along with a note about the couple's wedding. In the picture, while Son Ye-jin was dressed in a pristine white flowy gown, Hyun Bin coordinated her in an all-white suit set. The note in Korean roughly translates to, ""This is VAST Entertainment. Today, actor Hyun Bin and actor Son Ye-jin got married. We took our first steps as a couple. We apologize for the fact that this ceremony will be held privately in consideration of the Covid-19 situation. We are sharing the news with their wedding photos instead.""Take a look at the post:View this post on InstagramA post shared by VAST (@vast.ent)
 The note further read, ""Thank you from the bottom of my heart for the many blessings and warm support sent for their new beginning. Actors Hyun Bin and Son Ye Jin along with their agencies will continue to put in full effort to give back for the love received. Thank you.""Son Ye-jin is currently seen in the Netflix series Thirty-Nine. Recently, when she was asked about her first love, she said, ""My current love is my first love,"" The actress also thanked fans for their loving wishes on her engagement. ""I am just so thankful. I am not sure what to say about such a personal matter in my life, here at the press conference for the drama Thirty-Nine, but I feel that I am encountering such important events at the start of 2022, both as an actress and as a person, and so it almost feels like destiny. I have received so many congratulations from everyone, and so I want to take this opportunity to thank you all,"" she said during a press conference for Thirty-Nine.Congratulations, Hyun Bin and Son Ye-jinLive TVALSO READ | Crash Landing On You star Son Ye-jin says beau Hyun Bin is her first love",NA,https://www.indiatoday.in/binge-watch/story/crash-landing-on-you-couple-son-ye-jin-and-hyun-bin-to-marry-today-see-dreamy-wedding-photoshoot-pics-1931776-2022-03-31
12,binge-watch,Rishi Kapoor told Ranbir 'Tu acting achi kar leta hai but don’t do arty films next time' after Barfi,"(31, 3, 2022)","Rishi Kapoor’s passing has left a huge void not just in the lives of his family members, but also in those who relished his work and enjoyed his performances. His last film, Sharmaji Namkeen, releases on Amazon Prime Video today, March 31, and is a fitting tribute to his acting legacy. As a special gesture to celebrate his dad's work and share some personal memories, Ranbir Kapoor recently did an exclusive interaction with IndiaToday.in, where he spoke about how harsh his father was about his work. Ranbir said that his dad didn’t somehow understand the choices he made.

DAD WAS A HARSH CRITIC: RANBIRSpeaking to IndiaToday.in, Ranbir said, ""Dad was a harsh critic. He never appreciated me in my face. I don’t think he understood my choices. He was always worried ki what is he doing. I remember on the 7th or 8th day of shoot of Saawariya, he came on set. You probably know the sets of Saawariya - they were such large, daunting sets - and Mr Bhansali (Sanjay Leela Bhansali) was the director. Dad took me to a corner and asked me several questions, starting with 'why is it so dark here?' I said, 'Papa, it is a story of nights'. He said 'it is such a huge set but where are the people?' I said 'Mr Bhansali is trying a different style and it is just two of us walking on the street'. He asked 'why is this bridge so low and why are you bending down and going from the boat?'""Don't miss #RanbirKapoor's tribute to his dad #RishiKapoor at 2:30 pm on #InDaClub, only on India Today TV. #Promo pic.twitter.com/BZuCEZwcG8— IndiaToday (@IndiaToday) March 31, 2022
Ranbir Kapoor went on, ""So, he asked me all these questions and I am wondering why is he asking me these questions. After 5 minutes, he took me to a corner and told my mother 'I don’t think this picture is going to work'. He said you cannot alienate people of place and time. And so, he had that instinct. But having said that, my father has never sat me down and given me tips on acting or told me 'you have to behave this way'. He always told me don’t take success to head and failure to heart. You have to work very hard. I have imbibed the qualities of chasing the process of being good at your work and being disciplined.""DAD SAID DON'T DO ART FILMS NEXT TIME: RANBIRTalking about the remarks Rishi made about his film choices, Ranbir added, ""He was very harsh. I remember even when he saw Barfi for the first time he called me. I am always nervous when my father called me after a film. He told me 'Haan tu acting achi kar leta hai (You act well) but don’t do arty films next time'.""Rishi Kapoor's reaction to Ranbir's Rockstar was also epic. Ranbir said, ""When he saw Rockstar, he called me and said 'woh ladki end mein marr gayi thi ya vaapas aa gayi (that girl died in the end or came back)?'""But Ranbir Kapoor's Sanju impressed Rishi. ""Of course, when Sanju was released, he was very proud that the film did well. He was proud of my work and I think that sense of acknowledgement from him means the world to me. Because being such a harsh critic of mine, when he finally liked something, it meant something. I will never forget it,"" reveals Ranbir.View this post on InstagramA post shared by amazon prime video IN (@primevideoin)
Ranbir, much like the rest of us, is looking forward to Rishi Kapoor's last film, Sharmaji Namkeen. The film is extra special because Paresh Rawal steps into Rishi's shoes to complete the project after the actor's demise in 2020. Sharmaji Namkeen, also starring Juhi Chawla is streaming on Amazon Prime Video now.Live TVALSO READ | Ranbir Kapoor reveals he wanted to finish dad Rishi’s last film Sharmaji Namkeen using prosthetics. WatchALSO READ | Not Alia Bhatt, Ranbir Kapoor's phone wallpaper is a happy picture of THIS person. Fans go awww",NA,https://www.indiatoday.in/binge-watch/story/rishi-kapoor-told-ranbir-tu-acting-achi-kar-leta-hai-but-dont-do-arty-films-next-time-after-barfi-sharmaji-namkeen-1931769-2022-03-31
