SN,category,headline,date,content,keywords,link
1,binge-watch,"What to watch on Amazon Prime Video, SonyLiv and Netflix this weekend","(17, 3, 2022)","Get ready to have a fantastic Holi weekend with exciting new films like Watch Vidya Balan's Jalsa on Amazon Prime Video, Dulquer Salmaan's Salute on SonyLiv and many other new shows.

Here’s the list:ON AMAZON PRIME VIDEOJalsa Vidya Balan is coming back to your OTT screens since 2021’s powerful film, Sherni. In Jalsa, the actress has teamed up with Shefali Shah, Manav Kaul, Rohini Hattangadi and Iqbal Khan. Touted to be a riveting thriller, Jalsa is a tale of conflict that unfolds over the course of a single night.Deep WaterDirected by Adrian Lyne, Deep Water is a psychological thriller based on Patricia Highsmith’s 1957 novel of the same name. Starring Ben Affleck and Ana De Armas in lead roles, the film shows the turbulent marriage of an affluent couple. It explores themes of extra-marital affairs, jealousy and possessiveness.ON ZEE5Bloody BrothersJaideep Ahlawat and Zeeshan Ayyub play brothers Jaggi and Daljeet Grover who commit a hit-and-run crime. The thriller then shows how their life spins out of control. The series also stars Desai, Shruti Seth, Maya Alagh, Mugdha Godse, Satish Kaushik and Jitendra Joshi.ON SONYLIVSaluteDulquer Salmaan dons the khaki in this cop drama, directed by Rosshan Andrrews. He will be seen as Sub-Inspector Aravind Karunakaran in the film. The film showcases his past and the present-day scenario, where, a once committed and fiery sub-inspector, Salmaan has been reduced to a disgraced policeman. How Aravind copes with it forms the story.ON NETFLIXEternally Confused and Eager for LoveStarring Vihaan Samat, Rahul Bose, Suchitra Pillai, Jim Sarbh, Ankur Rathee and Dalai, the series is created and directed by Rahul Nair. It is a quirky look into the life of Ray, a confused 24-year-old boy who takes all the wrong turns in the hope of finding love.Rescued by RubyRescued by Ruby is a true-story drama, featuring an adorable pup called Ruby and her relationship with an aspiring K-9 officer, Dan. It releases in March 18.WindfallWindfall, directed by Charlie McDowell with a screenplay by Justin Lader and Andrew Kevin Walker features Jason Segel as Nobody, Lily Collins as Wife and Jesse Plemons as CEO.ON APPLE TVWeCrashedAnne Hathaway and Jared Leto-starrer We Crashed releases on Apple Tv on March 18. The series has been co-written and executive produced by Lee Eisenberg and Drew Crevello.ON MX PLAYERLock UppIf you are a lover of controversial reality shows, Lock Upp is your thing! It stars celebrities like Nisha Rawal, Poonam Pandey, and others who have been locked up inside a jail-like setup for 72 days. The show streams on MX Player and ALTBalaji all through March.ON LIONSGATE PLAYPower Book IV: ForcePower Book IV: Force is a sequel to Power, created by Courtney A. Kemp. The web series revolves around protagonist Tommy Edgan, played by Joseph Sikora who loses his best friend and business partner. Soon after, he shifts to Chicago from New York and attempts to rebuild his business from scratch. Will he be successful?DeadlockDeadlock stars legendary actor Bruce Willis in the lead. The storyline revolved around a retired army officer who works at a power plant in Georgia. A group of soldiers invade the plant and it then falls on Bruce to emerge as hero of the situation. The action-packed film releases on March 18.ON DISCOVERY+Holy HeistHoly Heist is a new documentary that depicts the story of a $7.4 million bank heist spearheaded by an IRA soldier, a crooked ex-cop, a popular boxer, and even a priest! The show has been streaming from March 15.Pig Royalty Season 2Did you know pig showing is actually 'a thing'? You have to watch it to believe it! After a successful first season, the sequel has been streaming from March 16.","['new movie Amazon Prime Video', ' new shows netflix', ' salute']",https://www.indiatoday.in/binge-watch/story/what-to-watch-on-amazon-prime-video-sonyliv-and-netflix-this-weekend-1926596-2022-03-17
2,binge-watch,"Rishi Kapoor, Paresh Rawal get goofy as retired widowers in Sharmaji Namkeen. Trailer out now","(17, 3, 2022)","Amazon Prime Video unveiled the trailer of its upcoming film, Sharmaji Namkeen today, March 17. The family entertainer stars an ensemble cast including late Rishi Kapoor and Paresh Rawal, alongside Juhi Chawla, Suhail Nayyar, Taaruk Raina, Satish Kaushik, Sheeba Chaddha and Isha Talwar. In a first for Hindi cinema, Sharmaji Namkeen features two veteran actors Rishi Kapoor and Paresh Rawal - play the same character.

SHARMAJI NAMKEEN TRAILER OUT!The trailer of Sharmaji Namkeen showcases the story of self-realization and discovery of a retired widower who takes up the most random of chores to keep himself busy and away from loneliness. He finally finds happiness after discovering his passion for cooking. Paresh Rawal and Rishi Kapoor's acting will crack you up.Watch the trailer here:ABOUT SHARMAJI NAMKEENThe storyline of Sharmaji Namkeen follows BG Sharma, a 58-year-old widower. One fine day, the company he was working for, lays him off and his life comes to a standstill. Sharma struggles to cope with retirement and keeps finding ways to stay relevant, but only ends up getting in his sons’ ways. One day, he finds his passion for cooking in a kitty party.Directed by Hitesh Bhatia and produced by Ritesh Sidhwani and Farhan Akhtar under the banner of Excel Entertainment in association with Honey Trehan and Abhishek Chaubey of MacGuffin Pictures, Sharmaji Namkeen will premiere on Prime Video across 240 countries and territories worldwide on March 31.ALSO READ| Paresh Rawal to take up Rishi Kapoor's portions in his last film Sharmaji NamkeenALSO READ| Neetu, Riddhima remember Rishi Kapoor with special posts before his 69th birth anniversary","['sharmaji namkeen', ' rishi kapoor', ' sharmaji namkeen rishi kapoor', ' rishi kapoor', ' paresh rawal']",https://www.indiatoday.in/binge-watch/story/rishi-kapoor-paresh-rawal-get-goofy-as-retired-widowers-in-sharmaji-namkeen-trailer-out-now-1926343-2022-03-17
3,binge-watch,Ukraine President Zelenskyy-starrer Servant of the People back on Netflix after repeated requests from fans,"(17, 3, 2022)","Back on popular demand on Netflix is comedy series Servant of the People starring Ukrainian president Volodymyr Zelenskyy. The Ukrainian political satire is now available on Netflix and fans are super-excited. The show has three-season, which ran from 2016 to 2019.

SERVANT OF THE PEOPLE BACK ON NETFLIXServant of the People stars Zelenskyy as a teacher who suddenly becomes the president of Ukraine after a video of him complaining about corruption goes viral. The show is back on demand since the Ukraine-Russia war began.Netflix made the announcement on Twitter and wrote, ""You asked and it’s back! Servant of the People is once again available on Netflix in The US. The 2015 satirical comedy series stars Volodymyr Zelenskyy playing a teacher who unexpectedly becomes President after a video of him complaining about corruption suddenly goes viral (sic).""You asked and it’s back!Servant of the People is once again available on Netflix in The US. The 2015 satirical comedy series stars Volodymyr Zelenskyy playing a teacher who unexpectedly becomes President after a video of him complaining about corruption suddenly goes viral. pic.twitter.com/Pp9f48jutF— Netflix (@netflix) March 16, 2022
Watch teaser:HOW DID FANS REACT?Fans were delighted with the news and soon commented on the Tweet by Netflix. While one user said that he will be watching the show during the weekend, many netizens found it cool.Need it back on UK Netflix https://t.co/OgUW8VNDa7— Arthur Hayes ! (@ArthurJHayes1) March 16, 2022
The incredible irony when fiction becomes reality! Thanks #Netflix for making the video #ServantOfThePeople available for streaming. https://t.co/0lOJB4xq3H— Adrienne Washingto (@Adrienn27411765) March 16, 2022
Ok, this is cool https://t.co/w14Q3lHfKJ— Harry Godwyn (@harrygod) March 16, 2022
I know what my weekend plans are. https://t.co/73foFeesXY— Elizabeth Faddis (Libby) (@elfaddis) March 16, 2022
For those who have wanted to see this, Netflix has you covered. https://t.co/kaoaJyurgV— Abby D. Phillip (@abbydphillip) March 16, 2022
Definitely must see or RE-watch! https://t.co/k76s2PndFM— eriche (@ericheagency) March 17, 2022
The series helped launch Zelenskyy's real-life political career. He was elected president of Ukraine in 2019 in a huge landslide victory.ALSO READ | Kareena Kapoor makes OTT debut with Sujoy Ghosh’s Netflix film, shares BTS videos and pics","['Servant of the People', ' Ukrainian President', ' Volodymyr Zelenskyy', ' Volodymyr Zelenskyy ukraine', ' Volodymyr Zelenskyy movie star', ' Volodymyr Zelenskyy comedy show']",https://www.indiatoday.in/binge-watch/story/ukrainian-president-zelenskyy-starrer-servant-of-the-people-is-back-on-netflix-after-repeated-requests-from-fans-1926289-2022-03-17
4,binge-watch,NA,NA,NA,NA,https://www.indiatoday.in/movies/celebrities/story/entertainment-live-updates-power-star-puneeth-rajkumar-s-last-film-james-releases-today-1926267-2022-03-17
5,binge-watch,Eeb Allay Ooo producer Shwetaabh Singh says I am not making films for festivals or just 100 people,"(16, 3, 2022)","Shwetaabh Singh has produced Eeb Allay Ooo and Aise Hee. Both films won accolades on the national and international film festival circuit. However, Shwetaabh, who is an alumnus of the Film and Television Institute of India (FTII), feels winning recognition at film festivals doesn't help films much. In an exclusive conversation with IndiaToday.in, Shwetaabh Singh speaks about his two films, and how things are still difficult for independent filmmakers despite the emerging digital medium.

Shwetaabh Singh's Eeb Allay Ooo was selected for the 70th Berlin International Film Festival. It won the Filmfare Award for the Best Film (Critics) in 2021, and awards at the MAMI Film Festival. On the other hand, his second film, Aise Hee, received a Special Jury Mention at the Busan International Film Festival. It was also awarded the Film Critics Guild Award at MAMI. Currently, Eeb Allay Ooo is streaming on Netflix. Directed by debutant filmmaker Prateek Vats and written by Shubham, the film revolves around a young migrant worker, Anjani Prasad (played byShardul Bharadwaj), who struggles to find a foothold in his new job as a monkey repeller.View this post on InstagramA post shared by Shwetaabh Singh (@shwetaabh.singh)
When asked what made him choose to back these two films, Shwetaabh said, ""I am a student of FTII. So, the kind of cinema I was drawn to was mostly like those. Films that excite me are films that have a certain style to them. There is something unique in it. I am not talking about a story or concept. A film is a director's medium and there are so many different voices involved there. I was looking out for unique ideas and unique presentations and I found them in these two scripts. It was not just about what the story is saying but also the idea of 6-7 film students coming together and making something in a very distinctive manner. I know both the directors, as they are my seniors from FTII.""However, making independent films has its own set of challenges. ""Challenges are many. The money aspect as well as getting recognition. We are not making films for festivals. I am not making films for 100 people. When I am backing a project, I want it to reach out to millions of people so that they know that yeh log bhi exist karte hain (these people exist),"" he added.Here's the trailer of Eeb Allay Ooo:View this post on InstagramA post shared by NaMa Productions (@nama.productions)
Shwetaabh opened up on how it is difficult to get their films on OTT apps. ""We need to go to festivals not just because it gives us a mark that it is a good film, but also because it is very difficult to get into OTT... [much like] theatricals earlier. Theatrical [release] is challenging because you don't get distributors and don't have ample funds. Now with OTT, it has also become a challenge as they are looking for bankable things to reduce their risk factor.""The 32-year-old producer revealed how, even after winning awards and recognition, it was difficult for him to get his films on OTT platforms. ""With Eeb Allay Ooo, the first award that we won was at MAMI. We won the Best Film Award. Even after that, there was no interest from any OTT (platforms). After that, we went to the Berlin Film Festival, which is one of the Top 5 festivals in the world. Even then, there was no interest. My thing is 'what else can you do?' I am not making my films for OTT! I am not making my films for theatre! I can't make films thinking I am making my film for Netflix or Amazon. My only thing is, if I find something interesting, I am going to make it. And we will overcome the challenges. Like finally Eeb did get on Netflix, no?""Shwetaabh also feels that films like Eeb Allay Ooo should be marketed by the OTT platforms. After getting his first film streaming on Netflix, Shwetaabh is still struggling to find a place for his second film Aise Hee on an OTT app. ""One feels that my first film is out on OTT, then my second film will garner more interest. But that's not the case. We are in talks with OTT platforms but nothing is confirmed right now.""Shwetaabh Singh recently collaborated with Abhishek Banerjee and launched their production house Freaks. They are developing scripts and have recently completed a short film with Satish Kaushik, which has been directed by debutant director Tarun Sharma.ALSO READ | Shwetaabh Singh on Aise Hee going to Busan: If you make a good film, who is backing you doesn't matter","['eeb allay ooo', ' shwetaabh singh', ' shwetaabh singh interview', ' eeb allay ooo netflix', ' ']",https://www.indiatoday.in/movies/celebrities/story/eeb-allay-ooo-producer-shwetaabh-singh-says-i-am-not-making-films-for-festivals-or-just-100-people-1926176-2022-03-16
6,binge-watch,"Lock Upp's Ali Mercchant reveals he cheated on Sara Khan when she was in BB house, says regretted a lot","(16, 3, 2022)","Ali Mercchant, who is currently locked in the Lock Upp house, revealed that he cheated on ex-wife Sara Khan soon after their much-hyped wedding on Bigg Boss 4 in 2010. At present the former couple can be seen on Lock Upp. While chatting with co-contestant Payal Rohatgi, Ali spoke about getting married to Sara and what went wrong in their relationship. He also revealed that he cheated on Sara with a girl he met at a Delhi club.

ALI MERCCHANT REVEALS HE CHEATED ON SARAEarlier, Sara Khan had revealed that ex-husband Ali Mercchant had cheated on her with several women. When Payal Rohatgi asked Ali about what went wrong between him and Sara after their much-hyped wedding on Bigg Boss 4. He replied, “I was about 23 at that time. Our generation at that time, we were very kiddish, and immature. I thought it would be a great opportunity to make history as the first couple to get married on a reality show (Bigg Boss 4). And when two people are in love, the next step is to get married. The wedding took place and then I came out of the Bigg Boss house. Before the show, we were living in for two years. After I came out of the show, I realised there were a lot of issues between our families. Main pagal ho gaya tha (I had gone mad). I couldn’t figure out what to do. When I had left the show, she was being linked up with co-contestant Ashmit Patel.""Ali confessed to cheating on Sara and shared, ""Then I went to Delhi on a trip. I was in a club and I got carried away. I met a girl, we spoke over the phone. We met and I got carried away and I regretted a lot.""He further added how things went out of control and the couple parted ways. ""I wanted to share with her. She was still in the show. So that girl got in touch with her maamu and they told her (Sara). So it was all out in the media. Before I could damage control, the media was there and everything started falling apart. So then we separated,"" he said.ALL ABOUT LOCK UPPEkta Kapoor's Lock Upp promises exciting tasks, dramatic fights, and above all, an interesting mix of some controversial contestants who are willing to do just about anything to survive. Ekta Kapoor launched the show in Mumbai on February 3. The show will live stream 24x7. Lock Upp is touted to be the biggest and the most fearless reality show and is being positioned as the world's first metaverse-based fantasy game. It promises to be an engaging captive reality show with all the ingredients that will keep you glued to your seat - a daring celebrity host, compelling tasks, dramatic fights, and an interesting mix of contestants.ALSO READ| Lock Upp's Sara Khan reveals ex husband Ali Merchant cheated on her with several womenALSO READ | Raveena Tandon's entry to Shivam-Sidharth Sharma's physical brawl, Lock Upp Grand Premiere Highlights","['lock upp', ' ali mercchant', ' sara khan', ' ali merchhant cheated on sara khan']",https://www.indiatoday.in/television/reality-tv/story/lock-upp-s-ali-mercchant-reveals-he-cheated-on-sara-khan-when-she-was-in-bb-house-says-regretted-a-lot-1926102-2022-03-16
7,binge-watch,Abhishek Bachchan’s Dasvi trailer to release on March 23. Big B says ‘jaldi jaldi laao’,"(16, 3, 2022)","Abhishek Bachchan’s Dasvi trailer will drop on March 23. His father, Amitabh Bachchan, expressed his eagerness to watch it. Dasvi also stars Yami Gautam and Nimrat Kaur in lead roles. The film will release on April 7 on Netflix and Jio Cinemas.

DASVI TRAILER UPDATEAbhishek Bachchan shot for Dasvi in Agra last year. Now, the team is ready with the film. Sharing the trailer date announcement, Abhishek shared a new poster where he can be seen in a stylish look, accessorised with shades and a turban. Sitting on a grand chair, the actor is full of swag. He wrote, Kal kare so aaj kar, aaj kare so ab, sabka ek hi sawaal, #Dasvi ka trailer aayega kab? #DasviTrailer out on 23rd March (sic)!”View this post on InstagramA post shared by Abhishek Bachchan (@bachchan)
Amitabh Bachchan took to the comments section of son Abhishek’s post and wrote, “Jaldi jaldi laao (sic).” Abhishek’s sister, Shweta Bachchan also showered love on his post, while Amit Sadh wrote, “Looking good bro !!! Love the dialect (sic).”Take a look: ABOUT DASVITushar Jalota is making his directorial debut with Dasvi, which is written by Ritesh Shah. Abhishek Bachchan essays the role of Ganga Ram Chaudhary in the film, while Yami Gautam plays a cop Jyoti Deswal. Sharing the teaser and announcing the film's release date, Abhishek wrote, ""From one student to another, Dasvi ke exams ke liye dher saari best wishes! #Dasvi streaming from 7th April on @officialjiocinema & @netflix_in (sic).”View this post on InstagramA post shared by Abhishek Bachchan (@bachchan)
Dasvi is produced by Dinesh Vijan's Maddock Films and Jio Studios.ALSO READ | Abhishek Bachchan and Yami Gautam begin shooting for Dasvi. See first-look postersALSO READ | When Vivek Oberoi turned down a role in Abhishek-Aishwarya's Guru. On Tuesday Trivia","['Dasvi', ' Dasvi trailer', ' Dasvi abhishek bachchan', ' yami gautam dasvi', ' amitabh bachchan']",https://www.indiatoday.in/binge-watch/story/abhishek-bachchan-s-dasvi-trailer-to-release-on-march-23-big-b-says-jaldi-jaldi-laao-1926074-2022-03-16
8,binge-watch,"Jahaan trailer out. Mrunal Thakur, Avinash Tiwary’s thrilling short film to release on March 17","(16, 3, 2022)","Mrunal Thakur and Avinash Tiwary’s award-winning short film is finally set to release on Amazon miniTV on March 17. The intriguing trailer promises a romantic drama with a thrill factor.

JAHAAN TRAILERJahaan tells the story of a married couple, Ghazal and Inder. The trailer shows their romantic moments and how they find happiness in each other. But, this takes a sinister turn as a real estate agent tries to get a new tenant in the house. But, the couple isn’t ready to give up on the home they are emotionally attached to.The description of Jahaan on YouTube reads, “They say love is like a silk thread - soft and tough at the same time... and Jahaan is also a beautiful journey about two young people Ghazal and Inder unravelling their love story while building their world of love.”Watch the trailer here:ABOUT JAHAANJahaan starring Mrunal Thakur and Avinash Tiwary in lead roles is directed by Celina John and produced by Unbox films. Jahaan has already won many awards, both nationally and in the international circuit. It has also featured in the Official Selection at The Standalone Film Fest & Award, The New York Flash Film Festival and Sessions by Lift-Off Global Network.Sanjay Sharma, Unbox Films producer, talked about Jahaan. He said, “Jahaan is one of our most special projects. This short film narrates a very innocent yet a riveting love story that will surely entertain audiences. Jahaan’s premiere on Amazon miniTV will ensure that this film travels across the length and breadth of the country given the wide reach of the Amazon shopping app. Audiences are in for a treat for free (sic)!”You can stream Jahaan for free on Amazon miniTV, March 17 onwards.ALSO READ| Shahid Kapoor helped Mrunal Thakur to slap him for a shot in Jersey, actress says I was very scaredALSO READ| Shahid Kapoor and Mrunal Thakur discuss 'exes'. Who are they talking about?","['Jahaan', ' Jahaan trailer', ' Jahaan mrunal thakur', ' Avinash Tiwary']",https://www.indiatoday.in/binge-watch/story/jahaan-trailer-out-mrunal-thakur-avinash-tiwary-s-thrilling-short-film-to-release-on-march-17-1926056-2022-03-16
9,binge-watch,Ms Marvel trailer out. Iman Vellani impresses as 1st Muslim superhero Kamala Khan,"(16, 3, 2022)","The trailer and poster of Marvel Studios' Ms Marvel was unveiled by Disney+ Hotstar on March 15. The series will premiere exclusively on the OTT platform on June 8. The trailer gives viewers a first look at the MCU’s newest Superhero as she tries to balance high-school life, her family and her emerging super powers.

Iman Vellani stars in the lead role as Kamala Khan in Ms Marvel. The official Twitter handle of Disney+ shared the trailer of Ms Marvel and wrote, ""The future is in her hands. Ms. Marvel, an Original series from Marvel Studios, starts streaming June 8 on #DisneyPlus. #MsMarvel (sic).""Take a look at the post:The future is in her hands.Ms. Marvel, an Original series from Marvel Studios, starts streaming June 8 on #DisneyPlus. #MsMarvel pic.twitter.com/Hgru0ARbBt— Disney+ (@disneyplus) March 15, 2022
Marvel Studios’ Ms Marvel introduces Kamala Khan, a Muslim American teenager growing up in Jersey City. She is an avid gamer and a voracious fan-fiction scribe. Kamala is a mega superhero fan with an over-sized imagination, especially when it comes to Captain Marvel. She just a regular teen, who feels like she doesn’t fit in at school and sometimes even at home - that is, until she doesn't discover her superpowers like the heroes she’s always looked up to.Iman Vellani stars as Kamala Khan aka Ms Marvel. The cast also includes Aramis Knight, Saagar Shaikh, Rish Shah, Zenobia Shroff, Mohan Kapur, Matt Lintz, Yasmeen Fletcher, Laith Nakli, Azhar Usman, Travina Springer and Nimra Bucha. However, Fawad Khan and Farhan Akhtar could not be spotted in trailer. Both the actors had confirmed being a part of the series and their fans are surely looking forward to it.ALSO READ| Fawad Khan confirms being a part of Ms Marvel, says had good fun shooting for it","['ms marvel', ' iman vellani', ' kamala khan', ' ms marvel trailer', ' marvel studios', ' disney+ hotstar']",https://www.indiatoday.in/binge-watch/story/ms-marvel-trailer-out-iman-vellani-impresses-as-1st-muslim-superhero-kamala-khan-1926055-2022-03-16
10,binge-watch,Ranbir Kapoor reveals he wanted to finish dad Rishi’s last film Sharmaji Namkeen using prosthetics. Watch,"(16, 3, 2022)","For Ranbir Kapoor, Sharmaji Namkeen is a very special film. It’s his late father Ranbir Kapoor’s last film, which he couldn’t complete due to shoot delays and his deteriorating health. Rishi breathed his last on April 30, 2020. In a trailer announcement video for the film, Ranbir revealed that he wanted to finish Sharmaji Namkeen using prosthetics, but nothing worked out. Then he thanked Paresh Rawal for taking up the challenge and playing the role.

‘SHARMAJI NAMKEEN IS VERY SPECIAL’Sharmaji Namkeen is all set to release on March 31 on Amazon Prime Video. The film’s trailer will release tomorrow, on March 17. In a special video, Ranbir talked about how his late father, Rishi Kapoor, believed in the film. After his death, Ranbir and the makers of Sharmaji Namkeen thought about VFX and the actor wanted to go for prosthetics to finish the film, but nothing worked out.Ranbir said that Rishi Kapoor really wanted to complete the film even when he was sick. Then he thanked Paresh Rawal for taking up the challenge and shooting the remaining portions of Rishi’s film after his demise.Ranbir said, “You must have heard ‘The show must go on,’ but I’ve seen Papa live his life. Sharmaji Namkeen will always be one of the fondest memories of my father. Up on screen, bringing a smile to his countless fans.”Watch the video:View this post on InstagramA post shared by amazon prime video IN (@primevideoin)
ABOUT SHARMAJI NAMKEENIn Sharmaji Namkeen, Paresh Rawal will be seen portraying the same character as Rishi Kapoor. The film directed by Hitesh Bhatia also stars Juhi Chawla, Suhail Nayyar, Taaruk Raina, Satish Kaushik, Sheeba Chaddha and Isha Talwar. Sharmaji Namkeen is a heartwarming story about self-discovery of a retired man. The movie if produced by Excel Entertainment in association with MacGuffin Pictures.ALSO READ| Paresh Rawal to take up Rishi Kapoor's portions in his last film Sharmaji Namkeen","['Ranbir Kapoor', ' Ranbir Kapoor rishi kapoor', ' Sharmaji Namkeen']",https://www.indiatoday.in/binge-watch/story/ranbir-kapoor-reveals-he-wanted-to-finish-dad-rishi-s-last-film-sharmaji-namkeen-using-prosthetics-watch-1926024-2022-03-16
11,binge-watch,Abhay 3 trailer out. Kunal Kemmu faces dark forces in new season with a stellar cast,"(16, 3, 2022)","The trailer of Abhay 3 was launched today, March 16. Kunal Kemmu-starrer is touted to be the boldest, darkest and the wildest season yet. After two successful seasons, Kunal Kemmu will again be seen fighting the dark forces in the third season of Abhay. The thriller will premiere April 8.

Directed by Ken Ghosh and produced by Zee Studios, Abhay S3 boasts of a stellar cast. Kunal Kemmu along with Asha Negi and Nidhi Singh will reprise their roles. Actors Vijay Raaz, Rahul Dev, Vidya Malvade, Tanuj Virwani and Divya Agarwal have joined the series as new cast members.The official Twitter page of Zee5 unveiled the trailer and captioned it, ""Trailer Out Now | #Abhay Season 3 premiering 8th April Abhay Pratap Singh is back! This season the stakes get higher! #AaGayaHaiAbhay (sic).""Take a look at the post:Trailer Out Now | #Abhay Season 3 premiering 8th AprilAbhay Pratap Singh is back!This season the stakes get higher!#AaGayaHaiAbhay#AbhayOnZEE5 #ZEE5OriginalSeries pic.twitter.com/O4m0FgHHr0— ZEE5 (@ZEE5India) March 16, 2022
Kunal Kemmu returns as the super cop, Abhay Pratap Singh, who will be seen facing new unknown threats while trying to balance his professional and personal life. This season sees the entry of Dr Anant Sinha (Vijay Raaz), the head psychiatrist of the city asylum who has a mysterious alter ego and a cult following of devoted disciples , which includes Vidya Malvade’s Nidhi). Rahul Dev plays Avatar who is a fearless fighter, sharpshooter, and a threat to Abhay. Divya Agarwal is the new addition to Divya Agarwal and Tanuj Virwani, who play social media influencers, Harleen and Kabir but with a dark side.ALSO READ| Bolder, bigger, darker: Abhay 2 is a worthy sequel to its predecessor","['abhay 3', ' abhay 3 trailer', ' abhay 3 release date', ' abhay 3 cast']",https://www.indiatoday.in/binge-watch/story/abhay-3-trailer-out-kunal-kemmu-faces-dark-forces-in-new-season-with-a-stellar-cast-1926002-2022-03-16
12,binge-watch,Shah Rukh Khan's SRK+ is not an OTT app. Here's what it is,"(16, 3, 2022)","Shah Rukh Khan got his fans excited on Tuesday, March 15, when he launched his app SRK+. From Karan Johar to Salman Khan, friends from the industry congratulated the Chak De star on his new venture. However, this was all a build up to Disney+ Hotstar's new ad campaign featuring Shah Rukh Khan.

Today, Disney+ Hotstar launched a new commercial featuring Shah Rukh Khan and Anurag Kashyap, which kind of makes it clear that SRK+ is not an app but just a commercial gimmick that many fell for. In the ad Shah Rukh is seen asking Anurag to share story ideas for new projects but as he shares his ideas, SRK realises that these are already there on Disney+ Hotstar.Ajay Devgn, who starred in Disney+ Hotstar's Rudra, shared the new ad wrote, ""Sorry @iamsrk pehle bata dete, Rudra SRK+ pe hi release karta Ab #ThodaRukShahRukh (sic).""Sorry @iamsrk pehle bata dete, Rudra SRK+ pe hi release kartaAb #ThodaRukShahRukh pic.twitter.com/ly4pEqjE0e— Ajay Devgn (@ajaydevgn) March 16, 2022
On Thursday, March 15, Anurag Kashyap wrote that collaborating with Shah Rukh was 'dream come true'.ALSO READ| Salman Khan congratulates Shah Rukh for his new OTT app SRK+, says aaj ki party teri taraf seALSO READ| Shah Rukh Khan's gesture at Mumbai airport is winning hearts. Watch video","['shah rukh khan', ' srk+', ' anurag kashyap. ajay devgn', ' rudra']",https://www.indiatoday.in/binge-watch/story/shah-rukh-khan-s-srk-is-not-an-ott-app-here-s-what-it-is-1925969-2022-03-16
