SN,category,headline,date,content,keywords,link
1,binge-watch,Squid Game's Jung Ho-yeon bags new Hollywood film The Governesses,"(7, 4, 2022)","Squid Game actress Jung Ho-yeon has been roped in for a Hollywood film. She will be seen in The Governesses, helmed by Joe Talbot, who made his directorial debut in 2019 with The Last Black Man in San Francisco. On Thursday, Ho-yeon's agency confirmed that she is starring in the Hollywood film.

Jung Ho-yeon's agency, Saram Entertainment, announced, “Jung Ho Yeon has been cast to play a lead role in The Governesses, which will be directed by Joe Talbot.” The film also stars Lily-Rose Depp and Renate Reinsve.Squid Game's massive popularity has brought new opportunities for Jung Ho-yeon. The actress received global recognition and also won a SAG and Critics' Choice Award for her performance in the Korean series. The actress recently featured in The Weeknd's music video, Out Of Time, alongside Hollywood actor Jim Carrey. Before The Governesses, she also signed a series named Disclaimer, which also stars Cate Blanchett and Sacha Baron Cohen. The Apple TV+ series will be directed by Alfonso Cuaron.According to reports, The Governesses will reportedly follow the story of three rebellious governesses, played by Jung Ho-yeon, Lily-Rose Depp and Renate Reinsve. The film is based on the book of the same name by Anne Serre.Live TV--- ENDS ---ALSO READ | Squid Game star Jung Ho-yeon becomes the most followed Korean actress on Instagram","['squid game', ' Jung Ho-yeon', ' Jung Ho-yeon in hollywood film', ' Jung Ho-yeon the governesses']",https://www.indiatoday.in/movies/hollywood/story/squid-game-s-jung-ho-yeon-bags-new-hollywood-film-the-governesses-1934762-2022-04-07
2,binge-watch,"What to watch on Netflix, Zee5 and SonyLiv this weekend","(7, 4, 2022)","If you are among those who’d rather sit at home over the weekend and watch something than go out in the summer heat, we have the complete list of new shows and movies that might be worth your time.

Here’s the list:ON NETFLIXDasviAbhishek Bachchan, Yami Gautam and Nimrat Kaur’s Dasvi is a social comedy helmed by Tushar Jalota. The story revolves around the life of an uneducated politician named Ganga Ram Chaudhary, who wants to appear for his 10th examination from jail.Metal LordsGame of Thrones creators David Benioff and DB Weiss' latest offering Metal Lords is a coming-of-age film. The cast includes Isis Hainsworth, Sufe Bradshaw, Noah Urrea, Analesa Fisher, Michelle Fang, Phelan Davis and Joe Manganiello.Return to SpaceReturn to Space is a Netflix documentary directed by Jimmy Chin and Elizabeth Chai Vasarhelyi. It tells the story of Elon Musk and SpaceX mission that sent NASA astronauts back to the International Space Station.The In BetweenThe In Between story revolves around a broken-hearted teenager. It features Netflix’s The Kissing Booth star Joey King as Tessa in the role of the protagonist. It premieres on April 8.Etharkkum ThunindhavanSuriya's Etharkkum Thunindhavan, directed by Pandiraj, is a film loosely based on the Pollachi sexual harassment case. The film was released in theatres on March 10 and received great reviews. Read our review here.You can also watch Etharkkum Thunindhavan on Sun NXT.ON ZEE5 Abhay Season 3 The much-awaited third season of one of the most popular thriller series, Abhay, is here. Directed by Ken Gosh, it stars Kunal Khemu as SP Abhay Pratap Singh who is determined to catch a notorious serial killer. Vijay Raaz, Rahul Dev, Asha Negi and Tanuj Virwani also feature in Abhay Season 3.ON SONYLIVGullak Season 3The show revolves around a North Indian family, the Mishras. It speaks of the everyday experiences of a small town, middle-class Indian household. The show's cast includes Jameel Khan and Geetanjali. Kulkarni, Vaibhav Raj Gupta, Harsh Mayar, Sunita Rajwar and Shivankit Singh Parihar. Read the review here.ON AMAZON PRIME VIDEOAll the Old Knives All the Old Knives, directed by Janus Metz, stars Chris Pine and Thandie Newton. The espionage thriller is based on the novel of the same title by Steinhauer. The story delves into a deep issue within the CIA, when an agent leaks sensitive information which costs the lives of more than 100 people. The task is to root out the mole.ON AMAZON MINITV Murder in Agonda Shriya Pilgaonkar and Aasif Khan-starrer Murder in Agonda is an engaging whodunit story set in a Goan village where peace is disrupted by the murder of an old woman. A brother-sister duo set out to solve the crime as the inspector and a forensic expert. But, secrets are dangerous and the truth is beyond their imagination.ON DISNEY+ HOTSTARTaanakaranDirected by Tamizh, Taanakaran is a gripping police drama starring Vikram Prabhu, Anjali Nair, Lal and MS Bhaskar in lead roles. The film talks about the struggles faced by young police trainees at a training camp. Vikram Prabhu will be seen as an aggressive trainee who questions his superior.Moon KnightMoon Knight's second episode released this week. Oscar Isaac essays the role of Marc Spector, a superhero who suffers from an identity disorder. The first of the show also grapples with a mystery involving Egyptian Gods.ON APPLE TVPinecone and PonyThe story follows Pinecone and her pony and their adventures in the medieval world. It releases on Apple TV on April 8.Live TV--- ENDS ---ALSO READ | Gullak Season 3 Review: In a world of wannabe Mirzapurs, be a Gullak. With naye kisse","['netflix new movies', ' new shows to watch', ' new movies amazon']",https://www.indiatoday.in/binge-watch/story/what-to-watch-on-netflix-zee5-and-sonyliv-this-weekend-1934764-2022-04-07
3,binge-watch,Rupali Ganguly to reveal 17 saal pehle kya hua tha in Anupama Namaste America. Watch new promo,"(7, 4, 2022)","A new promo of Anupama - Namaste America was launched on Thursday, April 7. Disney+ Hotstar today unveiled the trailer of the Hotstar Special series, featuring Rupali Ganguly and Gaurav Khanna. In the new promo Anupama (Rupali) and Anuj (Gaurav) are seen conversing about Anupama’s incomplete dream.

ANUPAMA TO NARRATE a 17-YEAR-OLD STORY IN SPIN-OFF SERIESThe official Instagram handle of Disney+ Hotstar shared the promo and captioned it, ""Aakhir kya hai Anupama ke sapne ki vo anokhi kahaani? Jaane ke liye dekhiye, Hotstar Specials' Anupama: Namaste America, streaming from April 25 (sic).""Take a look at the new promo of Anupama Namaste America:View this post on InstagramA post shared by Disney+ Hotstar (@disneyplushotstar)
Anupama recalls how she had once seen a dream of performing her dance in every corner of the world. However, that dream remained incomplete for years. She then tells Anuj that in 2007 an opportunity came knocking at her door. The story of what happened in America will be narrated in Anupama Namaste America. It is an 11-episode prequel series that will transport the viewers 17 years back to the early life of Anupama and Shah family.ANUPAMA - NAMASTE AMERICA FIRST LOOK OUT!Anupama - Namaste America will revisit Anupama's life 17 years ago. But for now, fans can be happy with the first-look pictures of Anupama - Namaste America. For the first time, exclusive photos from the prequel’s set have been shared, giving fans a sneak peek into Anupamaa’s home during her early years of marriage.Check out some pictures of the cast:   Here’s the first look at Anupamaa’s home sweet home. Anupamaa and Vanraaj's room in Anupama- Namaste America. Sarita Joshi AKA Moti Baa's Jhula. The living area of the Shah family. The temple on the sets of Anupama - Namaste America.The show's original cast will be seen in the prequel, with actors Rupali Ganguly and Sudhanshu Pandey essaying the roles of Anupamaa and Vanraj. Alpana Buch, Arvind Vaidya, and Ekta Sariya will reprise their roles of Baa, Bapuji, and Dolly respectively.ALSO READ | Puja Banerjee to play Vanraaj’s ex-girlfriend in web series Anupama Namaste AmericaLive TV--- ENDS ---","['anupamaa', ' anupama namaste america', ' anupama namaste america news', ' anupama namaste america premiere date', ' anupama namaste america cast', ' ']",https://www.indiatoday.in/television/soaps/story/rupali-ganguly-to-reveal-17-saal-pehle-kya-hua-tha-in-anupama-namaste-america-watch-new-promo-1934742-2022-04-07
4,binge-watch,Gullak S3's Harsh Mayar says shooting for the series is a vacation on TVF's money,"(7, 4, 2022)","The Mishra family returned with Gullak Season 3 on SonyLiv. Directed by Palash Vaswani and written by Durgesh Singh, the new season premiered on April 7. In an exclusive chat with IndiaToday.in, Gullak's cast - Harsh Mayar, Geetanjali Kulkarni, Jameel Khan and Vaibhav Raj Gupta - opened up on how shooting together felt 'like a vacation funded by TVF'. Harsh is seen as Aman and Vaibhav as Annu, while Geetanjali and Jameel essay the role of Shanti and Santosh Mishra in the TVF series.

Speaking about the new season, Vaibhav Raj Gupta, who plays Annu, said, ""Aisa lagega ki you have seen it all but there is so much more in a middle-class family. That’s the surprise. I think a bigger surprise is waiting for all of you.""Adding to what Vaibhav shared, Jameel Khan said, ""A middle-class family has so many anecdotes, so many relations, neighbours, so many friends and it’s all heart.""Gullak's USP lies in these four actors' camaraderie, beautifully translated on the screen, which is also evident when one speaks to them together. When asked if working together was a picnic on sets, Harsh Mayar, the youngest Mishra, said, ""It’s a vacation. Matlab hum TVF ke paiso pe vacation manane jate hain har saal. Unke paise kharch karate hai, vacation karte hain aur beech mein acting bhi kar lete hain aur wapas aa jate hain (We holiday on TVF's money. We spend their money, enjoy our vacation and, in between, we also do some acting).""READ GULLAK S3 REVIEW HEREVaibhav shared how they reunited after a year for Gullak and updated each other on what was happening in their lives. He said, ""I remember, in the second season, Papa (Jameel Khan) and I bonded well. We used to go for walks on the terrace of our hotel a lot, and Harsh and Papa and I used to engage in conversations.""This was a revelation for Geetanjali Kulkarni, who wasn't aware of this.Here's the trailer of Gullak 3: Gullak is filled with heartwarming moments. Moments that are relatable to a middle-class Indian family. Speaking about her favourite moment from Season 3, the actress shared, ""The gola-eating scene, which also features in the trailer, is my favourite. It is very close to my heart.""Meanwhile, Vaibhav revealed that every scene of Gullak is special to him. ""You can pick any scene, kahin se bhi pakad lo Gullak ko, it’s so beautiful. Whenever we start a new season, we watch the previous seasons. When I watch it as an audience, suddenly I realise, yeh kya kar diya (amazed). Every scene and moment is very special. Bahut pyaar se banaya hai.""The Gullak is hailed for its relatable content. When asked if they can relate to things in the series, Jameel Khan quipped, ""We totally relate to everything that is there. Agar hum woh relate nahi karte toh utna maza na hum le paate na aap le paate. Yeh jo family hai yeh kamaal ki ban gayi hai. Yeh creators ko bhi nahi pata tha ki itna kamaal ho jayega, audience ko bhi nahi pata tha aur humko toh idea tha hi nahi (If we wouldn't have related then neither us nor the audience would have enjoyed the series. We have turned into an amazing family. This neither the creators knew nor the audience. Even we had no idea).""Gullak Season 3 is currently streaming on SonyLIV.Live TV--- ENDS ---ALSO READ | Gullak Season 3 Review: In a world of wannabe Mirzapurs, be a Gullak. With naye kisseALSO READ | Gullak 3's Geetanjali Kulkarni reveals being a Marathi she was sceptical about playing Shanti Mishra","['gullak 3', ' gullak 3 cast', ' harsh mayar', ' Geetanjali Kulkarni', ' Jameel Khan', ' Vaibhav Raj Gupta', ' gullak season 3', ' sonyliv', ' tvf']",https://www.indiatoday.in/binge-watch/story/gullak-s3-s-harsh-mayar-says-shooting-for-the-series-is-a-vacation-on-tvf-s-money-1934601-2022-04-07
5,binge-watch,"Gullak Season 3 Review: In a world of wannabe Mirzapurs, be a Gullak. With naye kisse","(7, 4, 2022)","Gullak Season 3 is here to tickle your funny bone and get you all nostalgic with its funny, emotional and heartwarming moments. In the mini-series, the story of the Mishra family is narrated by a gullak. No, no. Not to be confused with a piggybank. As the gullak (voice of Shivankit Parihar) says, ""Woh plastic se banta hai aur main mitti se. Usi mitti se kisse uthata hoon aur aapko sunaata hoon.""

After two seasons, as a viewer, one might wonder, what more can the makers have in store? But, an Indian middle-class household has innumerable anecdotes, called kisse in the TVF series, magical enough to keep people hooked. And that is where the writer, Durgesh Singh, derives inspiration from, for the third season.Gullak Season 3 picks up from where it was left in the previous one. After Aman Mishra (Harsh Mayar), the youngest Mishra, tops his board exams, the family is worried about his Class 11 admissions. And their biggest concern, like any normal middle-class family, is money. Thankfully, Annu Mishra (Vaibhav Raj Gupta), who failed his exam in the first season and was seen buttering a local politician to get a gas agency in the second, has finally secured a job. So, now, being the second earning member of the Mishra family, along with Shanti Mishra's tehri and sarcasm, he is also served respect, something that is of great value in a middle-class household.The new season will see Annu literally stepping into his father's chappals. No, not giving away spoilers here. Some things have changed, while some things are constant in the Mishra Parivar. Their constant disagreements and bickering continue over trivial matters. Papa Mishra continues to snort 'imaandaari ki charas', as his kids say, but this time it proves hazardous for him, as he gets suspended from his job. While Mummy Mishra has become more vocal about her likes and dislikes, her sarcastic remarks remain on point. Aman, the quirky 17-year-old, will leave you in splits with his retorts. Someone else who has not changed in the new season is Bittu ki Mummy (Sunita Rajwar). The nosy neighbour might be a bane for the Mishras, but she is an added attraction to Gullak.Directed by Palash Vaswani and created by Shreyansh Pandey, the five-episode series has moments that will touch viewers' hearts. The USP of Gullak is the camaraderie between Geetanjali Kulkarni, Jameel Khan, Harsh Mayar and Vaibhav Raj Gupta and its relatable content. You will hardly find anyone who wouldn't relate to Gullak's kisse, be it the satyanaryan vrat katha, a neighbour tagging along for dinner or sharing the AC room during summers.The realistic storytelling with relatable characters continues to win hearts even in the third season, which is something that the TVF team is known for. A series might be interesting, but if the characters aren't real, the story isn't effective. Shot in Bhopal, the sets are the same with the same bedroom, kitchen and aangan. However, this time, in comparison to the previous two seasons, the show had fewer fun moments. But, then even life is not always full of happy moments, right? And, these two years of the pandemic have taught us that.Here's the trailer of Gullak Season 3:With Jameel Khan, Geetanjali Kulkarni, Vaibhav Raj Gupta and Harsh Mayar in lead roles, and Sunita Rajwar as Bittu ki Mummy, the cast of Gullak Season 3 remains the same with some new faces.Geetanjali Kulkarni might be a Marathi actor, but the way she has picked up the nuances of her character and made it her own is amazing. Jameel Khan as Santosh Mishra is convincing in his fatherly act, while Vaibhav Raj Gupta is compelling as Annu, who gives us a glimpse of his angry-young-man avatar. Harsh Mayar's Aman oftentimes steals the show with his retorts. The National Award-winning I Am Kalam actor might be a 24-year-old in real life, but he is brilliant as the 17-year-old in the show. When the four of them come together on screen, it feels like they are a family in real life too. And, their repartee is something that the viewers look forward to. Sunita Rajwar as Bittu ki Mummy is the cherry on the cake.In a world where every second series is a wannabe Mirzapur or Sacred Games, be a Gullak. The series, with five well-written episodes of 30-40 minutes each, is a breezy watch. Watch it over the weekend or you can savour it one episode at a time. If you loved Gullak Season 1 and 2, this one's a must-watch.Live TV--- ENDS ---ALSO READ | Gullak 3's Geetanjali Kulkarni reveals being a Marathi she was sceptical about playing Shanti MishraALSO READ | Gullak Season 3 trailer out","['Gullak 3', ' Gullak 3 review', ' gullak s3 review', ' gullak season 3', ' gullak season 3 cast', ' gullak season 3 release date', ' tvf gullak', ' sonyliv gullak', ' geetanjali kulkarni', ' harsh mayar', ' jameel khan', ' vaibhav raj gupta', ' suntia rajawar']",https://www.indiatoday.in/binge-watch/story/gullak-season-3-review-in-a-world-of-wannabe-mirzapurs-be-a-gullak-with-naye-kisse-1934361-2022-04-07
6,binge-watch,"Abhay 3's Divya Agarwal, Tanuj Virwani wish to play Aishwarya Rai-SRK from Josh. Interview","(6, 4, 2022)","Within one year, actors Divya Agarwal and Tanuj Virwani got an opportunity to do two web shows. They first joined hands for Cartel and later, bagged roles in Abhay 3. Ahead of their web show's release, IndiaToday.in exclusively did an interview with Divya Agarwal. In a conversation with us, the actress spoke about her reunion with Tanuj on the sets of Abhay 3. She also opened up about her friendly bond with the actor.

WE WISH TO PLAY AISHWARYA-SRK FROM JOSH: DIVYADuring an exclusive conversation with us, Divya stated that after doing Cartel and Abhay 3, she and Tanuj wish to play siblings like Aishwarya Rai Bachchan and Shah Rukh Khan from Josh.""Considering our bond, the way we are, everything makes me just feel like let's do something more. Yesterday we were talking about playing bhai-behen wala roles like Aishwarya [Rai Bachchan] and Shah Rukh Khan from Josh or probably Aishwarya and Shah Rukh in Mohabbatein,"" said Divya.DIVYA ON HER BOND AND REUNION WITH TANUJDivya further opened up about her reunion with Tanuj Virwani for Abhay 3. ""Reuniting with Tanuj was so strong, like the message to the universe was so strong, we just got a project within a year. We enjoyed working with each other in Cartel. Nobody actually saw my real face in Cartel. While parting ways during Cartel, we were like we want to work together very soon. And the intensity was the same from Tanuj's side and my side,"" added Divya.She further mentioned, ""And when we came back to Abhay 3 and when we met, we just started laughing. We just look at each other and start laughing. We don't stop talking when we are together. Everybody knows Tanuj as an actor, there are hundreds of people working with him in professional life every day. He is that actor with whom you want to work again and again.""Divya and Tanuj's web show, Abhay 3, releases on April 8, on ZEE5.Live TV--- ENDS ---ALSO READ | Divya Agarwal announces split with Varun Sood after four years of relationshipALSO READ | After Divya Agarwal announces split, Varun Sood shares cryptic post on Instagram","['Abhay 3', ' Cartel', ' Aishwarya Rai Bachchan', ' Tanuj Virwani', ' Shah Rukh Khan', ' Divya Agarwal', ' Josh']",https://www.indiatoday.in/binge-watch/story/abhay-3-s-divya-agarwal-tanuj-virwani-wish-to-play-aishwarya-rai-srk-from-josh-interview-1934301-2022-04-06
7,binge-watch,Gullak 3's Geetanjali Kulkarni reveals being a Marathi she was sceptical about playing Shanti Mishra,"(6, 4, 2022)","Gullak Season 3 is set to premiere on April 7. The SonyLiv series, which is set in a quaint town of North India, revolves around the Mishra family. Geetanjali Kulkarni has earned a special place in the hearts of Gullak fans with her portrayal of Shanti Mishra, who serves tehri with her impeccable sarcasm. In an exclusive chat with IndiaToday.in, Geetanjal Kulkarni spoke about her journey through three seasons, challenges, favourite moments and more.

Speaking about her journey over the three seasons of Gullak, Geetanjali Kulkarni said, ""It has been beautiful. I had never thought that I would get to play such a character. She has a particular way of speaking. She has a pace which is different from mine. I give credit to the writers of the three seasons, Nikhil and Durgesh, for giving me this character. Generally, it happens that you perceive your characters in the same rhythm as you speak. But the writing in this is so different. Woh jo tadka hai Shanti ka (where she serves tehri with sarcasm) woh mere writers, creators ne diya hai. I feel so fortunate to play the role of Shanti Mishra.""Before the cast of Gullak began filming, they underwent a 15-day workshop to master their roles. Apart from Geetanjali, the other three actors, Jameel Khan, Harsh Mayar and Vaibhav Raj Gupta are from Uttar Pradesh. The actress revealed that in the first season, she was worried about getting the accent right. However, anyone who has watched the first two seasons of Gullak knows that now she has mastered the art.Speaking about the challenges of playing Shanti Mishra, Geetanjali added, ""In the first season, it was the accent. I was sceptical about it because everyone is from UP and I did not want to look different. But, after the first season, the recognition I got, I was overwhelmed. I got messages where people told me that they didn't know that I was a Maharashtrian. They weren’t aware that I was a Marathi actor. In the second season, I was not worried.""Gullak is filled with heartwarming moments. Moments that are relatable to a middle-class Indian family. Speaking about her favourite moment from Season 3, the actress shared, ""For me, the gola-eating scene, which also features in the trailer, is my favourite. It is very close to my heart.""When asked why she liked the scene so much, she said that one has to watch the third season to know the reason.Here's the trailer of Gullak 3:Gullak's major USP is the on-screen camaraderie between the Mishras (played by Geetanjali Kulkarni, Jameel Khan, Harsh Mayar and Vaibhav Raj Gupta). Geetanjali also feels it is magical when the four actors work on scenes together. She said, ""My friend had said, ‘Your solo scenes are good, since you are all good actors and it's not surprising. But the give and take that happens, the unsaid reactions which are not scripted, that is interesting.' And, I think that works a lot.""Gullak Season 3's five episodes will begin streaming on SonyLiv from April 7.Live TVALSO READ | Gullak Season 2 review: A piggybank of heart-warming anecdotes",NA,https://www.indiatoday.in/binge-watch/story/gullak-3-s-geetanjali-kulkarni-reveals-being-a-marathi-she-was-sceptical-about-playing-shanti-mishra-1934284-2022-04-06
8,binge-watch,Anupama Namaste America first look out. Check out the pics,"(6, 4, 2022)","After the enormous popularity of Star Plus' daily soap Anupamaa, Disney+ Hotstar is set to bring the prequel of the show titled Anupama - Namaste America. The makers have dropped pictures from the sets of the Hotstar Specials. They have also unveiled the first look of the cast which includes Rupali Ganguly and Sudhanshu Pandey. The series will begin streaming on the OTT platform from April 25.

ANUPAMA - NAMASTE AMERICA FIRST LOOK OUT!The fans will have to wait till April 25 when the prequel exclusively streams on Disney+ Hotstar. The series will revisit Anupama's life 17 years ago. But for now, fans can be happy with the first-look pictures of Anupama - Namaste America. For the first time, exclusive photos from the prequel’s set have been shared, giving fans a sneak peek into Anupamaa’s home during her early years of marriage.Check out some pictures of the cast:   Here’s the first look at Anupamaa’s home sweet home. Anupamaa and Vanraaj's room in Anupama- Namaste America. Sarita Joshi AKA Moti Baa's Jhula. The living area of the Shah family. The temple on the sets of Anupama - Namaste America.The show's original cast will be seen in the prequel, with actors Rupali Ganguly and Sudhanshu Pandey essaying the roles of Anupamaa and Vanraj. Alpana Buch, Arvind Vaidya, and Ekta Sariya will reprise their roles of Baa, Bapuji, and Dolly respectively.Anupama- Namaste America will also introduce a brand-new character from Anupamaa’s early years, Moti Baa played by veteran television actor Sarita Joshi. This special character will play a pivotal role in forming Anupamaa’s early life as an aspiring dancer. The episodes will be released over 11 days and will remain exclusively on the platform. The prequel to Anupamaa will not be aired on television.Live TVALSO READ | Puja Banerjee to play Vanraaj’s ex-girlfriend in web series Anupama Namaste America",NA,https://www.indiatoday.in/television/soaps/story/anupama-namaste-america-first-look-out-check-out-the-pics-1934201-2022-04-06
9,binge-watch,Perhaps you'll find a hero in Calcutta temple! Moon Knight's Ethane Hawke on possibility of Season 2,"(4, 4, 2022)","Hollywood actor Ethan Hawke is playing the bad guy Arthur Harrow in Disney+ Hotstar’s latest offering, Moon Knight. However, what’s interesting is the fact that the Hollywood legend didn’t read the script before agreeing to do the Marvel series. In an exclusive conversation with IndiaToday.in, Hawke speaks about his dream of visiting India, his favourite superheroes while growing up, and much more.

Excerpts from the conversation:Which superheroes influenced you as a child?You know when I think like that, I just remember being on school buses as a kid and reading Spider-Man, Superman and Fantastic Four, and all different kinds of comics. For some reason, I didn’t really love to read when I was younger and comics were a thing that my mother would give me to encourage me to read. I did enjoy reading them. But then, somewhere in there, I started getting obsessed with cowboys. I started taking my superhero action figures and dressing them up as cowboys and putting them on horses. I don’t know why. Kids are weird! But I think when we look at the moon and stars, it is pretty clear none of us really are sure why we are born, why we are on a star in space, where we were before we were born and what happens to us after we die. So, we start and try to make some sense out of it. Sometimes, superheroes really help.Watch the trailer of Moon Knight here:Correct me if I am wrong. I believe you didn’t read the script before you said yes Moon Knight. What was it about the show that appealed to you the most? It was extremely interesting. That is why I found it so compelling and is why I said yes to it. Oscar Isaac and Mohammad Diab spoke to me about what they thought the show would be. We did start without a script and had a basic architecture of what the story was going to be. They would talk me through it and it was very compelling and seemed really original.What was original to me about it was Oscar’s character - having such a broken, fractured mind as your hero. The Marvel Universe is filled with insane villains. But to have a hero who is not in control of his own mind, and have him actually be suffering in an extreme way, creates an unreliable narrator. It allowed the director to play with points of view and vision, what is true and what is not, whether he [Oscar Isaac's character] is just dreaming that he is a superhero or is he really one. The metaphor of that is powerful to me because, in the end, his real heroic act is integrating as a person. When you can accept all aspects of yourself, you become very powerful. And when you divide yourself up and you hate certain parts of yourself and over-idealise others, you are off-balance. The show had a built-in metaphor to it that I found really interesting and [that] helped me create my character.Would you be open to collaborating with any Indian talent and hopefully making a visit here?It is funny you say that. That is definitely one of my life goalsI remember my parents visited India when I was a kid and they came back so blown away. I have always wanted to go [to India]. I kept thinking the film business would take me there. Someday, I will get offered a movie that shoots there or something. I really hope it happens. It will be so wonderful.Maybe the next season of Moon Knight? You never know...Maybe so. Perhaps you will find a hero in a temple in Calcutta (Kolkata, West Bengal).Live TVALSO READ | All about Marvel's Moon Knight before series premieres on Disney+ HotstarALSO READ | Moon Knight Episode 1 Review: A refreshing departure from Marvel’s run-of-the-mill superhero stuff",NA,https://www.indiatoday.in/binge-watch/story/perhaps-you-ll-find-a-hero-in-calcutta-temple-moon-knight-s-ethane-hawke-on-possibility-of-season-2-1933295-2022-04-04
10,binge-watch,"Javed Akhtar reviews Sharmaji Namkeen, says Rishi Kapoor has hit the last ball out of the stadium","(4, 4, 2022)","It's been almost two years since we lost legendary actor Rishi Kapoor. The actor left for his heavenly abode on April 30, 2020, and since then, there has been a gaping hole in the entertainment industry. However, his last film Sharmaji Namkeen, which released on March 31, has delighted fans! The project also has Paresh Rawal stepping into Rishi's shoes to complete the remaining scenes after the veteran actor's demise. The latest celeb to review the film is Javed Akhtar. The lyricist watched Sharmaji Namkeen recently and couldn't stop praising it.

JAVED AKHTAR REVIEWS SHARMAJI NAMKEENJaved Akhtar took to his offical Twitter handle and wrote, ""Watched Sharma ji Namkeen . So well written and directed . Thank you Paresh Rawal saheb for your most unusual and great contribution . Now my friend Chintu , ultimately it is your show . You have hit the last ball out of the stadium . Tell me ,why we all won’t miss you for ever (sic)."" For the uninitiated, Rishi Kapoor's nickname is Chintu.Check out his tweet below:Watched Sharma ji Namkeen . So well written and directed . Thank you Paresh Rawal saheb for your most unusual and great contribution . Now my friend Chintu , ultimately it is your show . You have hit the last ball out of the stadium . Tell me ,why we all won’t miss you for ever— Javed Akhtar (@Javedakhtarjadu) April 4, 2022
Sharmaji Namkeen is directed by Hitesh Bhatia. Farhan Akhtar's Excel Entertainment is backing the film. The film stars Juhi Chawla, Suhail Nayyar, Taaruk Raina, Satish Kaushik, Sheeba Chaddha, and Isha Talwar.Live TVALSO READ I | Rishi Kapoor's last film Sharmaji Namkeen to release on Amazon Prime Video on March 31",NA,https://www.indiatoday.in/binge-watch/story/javed-akhtar-reviews-sharmaji-namkeen-says-rishi-kapoor-has-hit-the-last-ball-out-of-the-stadium-1933199-2022-04-04
11,binge-watch,Imtiaz Ali's Dr Arora teaser out. Series on ‘gupt rog visheshagya’ to stream on SonyLiv,"(3, 4, 2022)","Filmmaker Imtiaz Ali-created show ""Dr Arora"" is set to premiere on SonyLIV soon, the streamer announced on Sunday. Billed as a dramedy, the show is directed by Sajid Ali and Archit Kumar.

Dr Arora stars Kumud Mishra, Gaurav Parajuli, Vivek Mushran, Ajitesh Gupta, Vidya Malvade, Sandeepa Dhar and Shekhar Suman.""There is a new Dr arriving soon in town. Addressing some unspoken issues. This dramedy... is all set to stream soon on SonyLiv,"" a note from the streamer read.View this post on InstagramA post shared by SonyLIV (@sonylivindia)
The teaser shared on SonyLiv social media page gives a glimpse into the world of Dr Arora, who is sought-after by men and women experiencing troubles in their sex life.The video, interestingly, doesn't show Mishra and features only his voiceover.While introducing other primary characters of the series, the teaser chronicles the rise of Dr Arora and ends with the police searching for him.The show is produced by Mohit Choudhary.Live TVALSO READ | Gullak Season 3 trailer out. Mishra family is back with their relatable drama",NA,https://www.indiatoday.in/binge-watch/story/imtiaz-ali-s-dr-arora-teaser-out-series-on-gupt-rog-visheshagya-to-stream-on-sonyliv-1933034-2022-04-03
12,binge-watch,Lock Upp's Poonam Pandey promises to 'take off her T-shirt' live on camera if fans save her,"(2, 4, 2022)","Lock Upp contestant Poonam Pandey made shocking announcement in the latest episode of the captive reality show. The actress has planned a surprise for her fans if they save her this from the charge sheet. Poonam was seen promising her fans that she has a huge surprise for her fans if they save her from the charge sheet.

POONAM PANDEY TO TAKE OFF HER T-SHIRTPoonam Pandey was seated with Munawar Faruiqui, Anjali Aroroa, Azma Fallah and a few other Lock Upp inmates, when she said, ""Hello, Hello joh bhi sun raha hai iss charge sheet se mujhe bacha lo, I swear to God tum logon ko itna mast surprise, on camera live doongi from Poonam Pandey and in Poonam Pandey style. Tum log mujhe vote dekar bachao aur phir dekho iss jail mein kya hota hai ((Whoever is watching me right now, if you save me from the charge sheet this week, I'll give you a big surprise on camera live in Poonam Pandey style. You all vote for me and see what happens in this jail).""Lock Upp contestants were a little shocked to hear Poonam's announcement. Soon, Munawar and Azam asked her to tell her fans what is in store for them. When they asked her to show the trailer to the viewers, contestant Vinit Kakar said that the actress was bluffing and wouldn't do anything. Poonam promised to do as promised. After a lot of coaxing, Poonam revealed that she will take off her T-shirt if her fans save her from nominations. Everyone was stunned to hear this but Poonam was seen laughing after revealing her surprise.ALL ABOUT LOCK UPPEkta Kapoor's show Lock Upp is filled with exciting tasks, dramatic fights, and above all, an interesting mix of some controversial contestants. They fight it out in the jail to survive till the end and emerge as the winner. The captive-based reality show live streams on Alt Balaji. Lock Upp is touted to be the biggest and the most fearless reality show and is being positioned as the world's first metaverse-based fantasy game. The show also has a daring celebrity host, compelling tasks, dramatic fights, and a jailer - Karan Kundrra.Live TVALSO READ | Controversy Queen Poonam Pandey is the third contestant of Lock Upp",NA,https://www.indiatoday.in/television/reality-tv/story/lock-upp-s-poonam-pandey-promises-to-take-off-her-t-shirt-live-on-camera-if-fans-save-her-1932748-2022-04-02
