SN,category,headline,date,content,keywords,link
1,data-intelligence-unit,NA,NA,NA,NA,https://www.indiatoday.in/diu/video/diu-video-making-sense-of-europe-s-covid-numbers-1892902-2021-12-27
2,data-intelligence-unit,"Vaccines considerably reduce Covid-related hospitalisation, data show","(26, 12, 2021)","On December 24, London reported more than 26,000 new Covid cases and 23 deaths. The same day, there were 2,260 Covid patients in London hospitals.

Contrast this to the situation in the beginning of 2021. In the midst of a raging, and perhaps most lethal till date, Covid wave in the middle of January, the average daily cases in the city were nearly 13,000 and hospital occupancy at around 8,000. In other words, while the daily reported number of infections has doubled in London compared to what was the case nearly 11 months ago, the burden on hospitals is a fourth of what was the case then.The crucial difference between then and now is vaccinations. Almost the entire eligible population of more than 75 lakhs in London have received both their vaccine doses and almost half of them an additional booster dose.READ: Omicron likely to peak in Feb 2022 but subside in a month, say scientistsAccording to the UK government’s latest vaccine surveillance report, “in total, around 261,500 hospitalisations have been prevented in those aged 45 years and over up to 19 September 2021.” It adds that “estimates suggest that 127,500 deaths and 24,144,000 infections have been prevented as a result of the COVID19 vaccination programme, up to 24 September.”A separate analysis by the UK’s department of health shows that the chances of hospitalisation of the unvaccinated population is nearly four times more than for the fully vaccinated ones. This is based on November 8 to December 5 data in Northern Ireland. Infographic by India Today DIUChances of hospitalisation among fully vaccinated quite low in New YorkThe latest analysis by the New York state health department too shows that “fully-vaccinated New Yorkers had between a 90.2% and 95.7% lower chance of being hospitalised with COVID-19, compared to unvaccinated New Yorkers.”And the trend of fewer hospitalisation among the vaccinated ones has stayed the same even in the face of the Omicron surge. On vaccine immunity against infection caused by the new variant, the health department bulletin says “fully-vaccinated New Yorkers had about a 75% lower chance of becoming a COVID-19 case, compared to unvaccinated New Yorkers.” This is based on the analysis of the post-December 13 trend.A study done by Yale School of Public health in August had estimated that the US would have seen “279,000 more deaths and nearly 1.25 million further hospitalizations compared to reported levels” without the vaccination rollout. Infographic by India Today DIUAnd the recent reports indicate that vaccines have afforded protection against the new Omicron variant also.An earlier analysis done by India Today Data Intelligence Unit (DIU) has shown that vaccination and booster doses have reduced fatalities considerably. Their impact on containing the spread of infection has varied across geographies.",NA,https://www.indiatoday.in/diu/story/vaccines-considerably-reduce-covid-related-hospitalisation-data-show-1892488-2021-12-26
3,data-intelligence-unit,How effective have booster doses been in containing the spread of coronavirus ,"(23, 12, 2021)","In the last week of January 2021, the United States was reporting an average of 1.6 lakh Covid cases a day. The daily fatality number was close to 3,300. Following the vaccination rollout, the country witnessed a drop in cases and deaths in the months that followed.

The relief was short-lived. The number of cases began to rise again in the country in the last week of August and stayed at an elevated level of nearly 1.5 lakh a day in the better part of September. The daily death count averaged around 1,700 for the whole of September. That was also the time of booster doses.After yet another brief period of respite, Covid cases have begun to rise again in the US. Average cases crossed 1.6 lakh again on December 22 and the fatality number stands close to 1,300 now. The US, therefore, witnessed three phases of similarly high daily cases in 2021. The fatality count has been different in each phase. While vaccination has been credited for reduction in fatalities after January, booster doses are considered crucial for reduced fatalities now. The trajectory that the pandemic has followed in the US, however, shows that neither full vaccination nor booster doses have managed to contain the spread of infection.India Today Data Intelligence Unit (DIU) analysed the data of five countries the US, the UK, Germany, France and Israel. All five have been aggressive with booster rollout. The common theme that emerges is that while vaccination and booster doses have reduced fatalities considerably, their impact on containing the spread of infection has varied across geographies.Among developed countries, the booster programme has been slow in the US. In Israel and the UK, more than 40 per cent of the population have received booster shots. In both countries, booster programmes have worked differently.In Israel, for instance, the booster rollout was swift and the decline in Covid cases and deaths was quite sharp too. Enthused by the outcome, Israel is contemplating a fourth dose for all those above 60 years and its healthcare workers. The second booster will be administered to the vulnerable groups. The UK, however, has followed a different trajectory altogether. While the number of cases has surged to a record of more than one lakh, fatality numbers seem to be trending downwards.Daily average case on January 9, 2021, was at a peak of around 60,000 and average death on the same day was around 900. However, now, when the average daily case is more than 90,000, the average death is 112. In mid-April 2021, average daily case in France was 45,629 and average daily death was 288. At present, average case per day in France is 56,887, while average daily death is 162. In Germany too, average daily case was 21,596 and average daily death at 231 in mid-April 2021. Germany has seen surge in cases, but not quite in fatalities. Trends across the entire Europe show how the virus may have remained equally transmissible but it has lost its sting along the way. Average daily case during mid-April 2021 was around 1.7 lakh and average daily death was around 3,500. However, now, average daily case has more than doubled to 3.9 lakh but average daily deaths remain at the same level. Europe is driving the renewed Covid surge across the globe.READ | Delmicron chatter while world faces Omicron threat. Is it even a thing?",NA,https://www.indiatoday.in/diu/story/how-effective-have-booster-doses-been-in-containing-the-spread-of-coronavirus-1891423-2021-12-23
4,data-intelligence-unit,NA,NA,NA,NA,https://www.indiatoday.in/diu/video/diu-video-global-covid-19-update-1891367-2021-12-23
5,data-intelligence-unit,"Global Omicron tally crosses one lakh, hospitalisation remains low","(22, 12, 2021)","With the addition of more than 15,000 new cases in the United Kingdom alone, the global tally of Omicron cases goes past 100,000 now. The UK and Denmark account for most Omicron cases at the moment. The new variant is reported to have claimed 16 lives globally. Only two weeks back in the United States, Omicron was found in nearly 1 per cent of the total sequenced Covid-19 cases, but now make up 73 per cent in the week ending December 18.

Omicron infects up to 70 times faster than earlier variants, researchers at the University of Hong Kong said. As of December 21, the variant was confirmed in 106 countries, according to a World Health Organizsation report. The efficacy of vaccines against Omicron is still unknown. Here are five insights from the published data and recent studies:Only a fraction of patients needs hospital care The two most affected countries the UK and Denmark have published hospitalisation data of those infected with the Omicron variant. Of the over 60,000 confirmed cases of Omicron in the UK, the number of people in hospital care is 129 or 0.2 per cent. Denmark has a total of 26,000 Omicron cases and 47 of them or 0.18 per cent are in hospital care.Infectiousness, severity still a puzzle The latest update from the Centers for Disease Control and Prevention of the United States says it is still unknown as to whether the new variant is more infectious. It says, “The Omicron variant will likely spread more easily than the original SARS-CoV-2 virus, but how easily it spreads compared to Delta remains unknown.” On the severity of the new variant, it says more data analysis is required for a definitive answer.Risk of re-infection much higher Omicron has over 30 changes in the spike protein and half of them are in the area that binds to the enzyme and cause an infection.A recent Imperial College study says the chances of getting re-infected is much higher with the new variant. Based on UK data, it says, “The risk of re-infection with the Omicron variant is 5.4 times greater than that of the Delta variant. This implies that protection against re-infection by Omicron afforded by past infection may be as low as 19%.”Cases dropping in South Africa Daily Covid cases dropped to 15,423 on December 21 from 24,785 on December 16 in South Africa. The drop has been as steep as the rise. Daily cases in the UK have been stable at an elevated level for a few days now. Hospitalisations in the UK and South Africa continue to rise, and given the rapidly increasing case numbers, it is possible that healthcare systems may become overwhelmed.“Preliminary data suggest that there is a reduction in neutralisation of Omicron in those who have received a primary vaccination series or in those who have had prior SARS-CoV-2 infection, which may suggest a level of humoral immune evasion,” the WHO said in its latest report.Omicron now present in 15 Indian states/UTs  In India, the variant has already spread to 15 states and Union territories. Maharashtra and Delhi have detected the maximum number of Omicron cases. What is encouraging is that nearly half of all infected persons have already recovered. The government though reckons that Omicron variant is three times more transmissible than the Delta variant. ",NA,https://www.indiatoday.in/diu/story/global-omicron-tally-crosses-one-lakh-hospitalisation-remains-low-1890975-2021-12-22
6,data-intelligence-unit,"Samosa, chicken biryani & gulab jamun: The desi foodgasm guide for Indians in 2021","(22, 12, 2021)","When it comes to snacks, the good old samosa wins hands down. At dinner, relishing on some chicken biryani is plain irresistible. And who would like to miss a gulab jamun for dessert! Wait, do we even need an occasion to pop that piece of heaven in our mouths?

Latest data by Swiggy reinforces the belief that as much as we try to incorporate Western practices in our lifestyle, our food habits remain very ‘desi’. “StatEATstics” compiled by the food delivery platform based on lakhs of orders show samosa, chicken biryani and gulab jamun have given maximum satisfaction to Indians in 2021.With 50 lakh orders, samosa was the most preferred snack among Indians, which was six times more than chicken wings. Pav bhaji was India’s second favourite snack with 21 lakh orders. Among desserts, gulab jamun pleased the most taste buds with 21 lakh orders, followed by rasmalai with 12.7 lakh orders.Though the obsession with Indian dishes is clearly visible, there is a contrast when it comes to late-night orders (after 10 pm). Cheese-garlic bread, popcorn and French fries have been found to mostly satisfy midnight cravings. Indians’ love for biryani dates hundreds of years back and it is still the most-preferred dish. The craze is such that Swiggy received six crore orders for biryani in 2021. Well, that’s the population of Italy!Six crore orders mean 115 orders per minute or two orders every second. Chicken biryani was ordered 4.3 times more than veg biryani. Also, around 4.3 lakh new users made their first order as chicken biryani this year. Though chicken biryani topped the list of most ordered dishes in cities such as Chennai, Hyderabad, Kolkata and Lucknow, there were some local preferences too. Mumbai’s love for dal khichdi, Bengaluru’s affair with masala dosa and Delhi’s intimacy with dal makhani remained intact. Pune and Jaipur had their taste buds glued to paneer tikka masala and dal fry. “Despite a growing inclination towards veganism, Indians continue to enjoy their meat. While chicken was India’s preferred choice of non-vegetarian food, ready-to-cook meats evolved into the new favourite category in meat this year,” Swiggy said in its sixth annual StatEATstics report.READ | Desi foodies ordered 115 chicken biryanis per minute in 2021",NA,https://www.indiatoday.in/diu/story/samosa-chicken-biryani-gulab-jamun-the-desi-foodgasm-guide-for-indians-in-2021-1890957-2021-12-22
7,data-intelligence-unit,"Omicron likely to peak in Feb 2022 but subside in a month, say scientists","(21, 12, 2021)","A mild new Covid wave may hit India in February 2022, estimate two scientists behind the much talked about Sutra model of tracking the pandemic trajectory in the country.

Manindra Agrawal of IIT Kanpur and M Vidyasagar of IIT Hyderabad, co-founders of the model, told India Today that in the “worst case scenario”, daily new cases may be in the range of 1.5 to 1.8 lakhs in February. That may happen if the new Omicron variant completely evades immunities acquired either naturally or through vaccination.India likely to mirror Omicron growth in SAIf what is happening in South Africa is any measure, the spread of the new variant will be fast and its fall from the peak equally swift. In case of South Africa, the number of cases peaked in three weeks and the decline has already started, Manindra Agrawal said.  The average number of Covid cases in South Africa hit a high of nearly 23,000 on December 15 and has dropped below 20,000 now. The fatality number, though still in double digits, is still rising.The IIT professors observe that given the similarity in demographics and the level of natural immunity, India is likely to mirror the Omicron trajectory unfolding in South Africa. This means there are “reasons to be cautiously optimistic” about India.However, one thing still unknown about the new variant is to what extent it evades immunity, acquired either naturally or through vaccination.The Omicron scare is likely to come down from February if current projections about cases, deaths and hospitalisations are to be considered for the United Kingdom and the United States.The UK and the US together account for 34 per cent of daily Covid cases and 20 per cent of daily Covid deaths globally.Read | US reports 1st Omicron-related death as unvaccinated man diesProjections for UK and USAccording to the UK health security agency, the country’s Omicron case count crossed 45,000 on December 20. While 129 of them are in hospital care, 14 have succumbed to the virus.The UK is witnessing a renewed surge like never before. While daily new cases have spiked by 61 per cent week-on-week, there has been a 6 per cent increase in hospital admissions. However, the number of fatalities has dropped by a little more than 5 per cent in the same period.As per projections by the Wellcome Centre for Human Neuroimaging of the University College London, Covid-related deaths and hospitalisation in the UK are likely to peak in the first week of January. While daily hospital admissions are projected to cross 1,200 (from the present 919) on January 7, daily deaths are likely to reach 137 (from the present 112).The December 18 projection says “these (seven-day average) estimates are likely to rise if infection rates do not fall in the next few days”. The Centers for Disease Control and Prevention of the United States publishes weekly projection of cases, deaths and hospitalisations based on a number of modellings. As per the latest projection, daily new cases may likely stay within the present range. Hospital admissions and fatalities may witness a spike in the first week of January. The CDC observes that “current increases in Omicron cases are likely to lead to a national surge in the coming weeks with peak daily numbers of new infections that could exceed previous peaks; these scenarios may be realized as soon as January”.“In scenarios with lower immune evasion, a surge is still likely, but the peak could be lower and begin as late as April 2022. Projected large surges in cases indicate surges of hospital demand even if severity is reduced, because of the large number of anticipated cases occurring in a short period of time,” the report further said.The United States recorded an average of 1.4 lakh daily Covid cases and 1,226 daily Covid deaths as of December 20, 2021. While deaths are almost at the same level as the week before, cases have risen by around 17 per cent in the same duration.Read | Planning a trip abroad for Christmas-New Year? Here are Omicron curbs you must know","['Omicron', ' India Omicron', ' India third wave', ' Covid-19', ' Pandemic', ' UK Covid case', ' UK Omicron case', ' US omicron', ' US covid case', ' Omicron peak', 'Omicron likely to peak in Feb 2022 but subside by next month', ' say scientists', ' Covid death', ' US Covid death', ' UK covid death']",https://www.indiatoday.in/diu/story/omicron-likely-to-peak-in-feb-2022-but-subside-by-its-next-month-say-scientists-1890459-2021-12-21
8,data-intelligence-unit,"Not so merry Christmas? Covid resurgence forces fresh restrictions, lockdowns in Europe","(20, 12, 2021)","The resurgence of Covid cases is poised to affect Christmas and New Year celebrations as many countries have imposed lockdowns and restrictions to arrest the spread of infection. At an average of 6.46 lakh daily cases, fresh Covid infections around the globe have surged by 12 per cent since the beginning of this month and nearly 5 per cent since last week. While Europe accounts for 58 per cent of the daily global cases, the United States accounts for 20 per cent.

 Infographic by India Today DIUOmicron, the new variant, is spreading rapidly, leading to a dramatic rise in cases in many countries, including the United Kingdom. In just a week, Covid cases in the UK shot up by 51 per cent from 51,297 to 77,601 on December 19, 2021. Infographic by India Today DIUNetherlands has imposed a nationwide lockdown while the UK is mulling the same. Germany and Norway have also imposed lockdown-like restrictions to curb the fresh surge in cases.The French government has urged people to get vaccinated soon. French Prime Minister Jean Castex said in a news conference that the fifth wave is here and it is here in full force. He added that the fast-spreading Omicron variant is expected to dominate infections in France at the start of January. Infographic by India Today DIULatest data, however, show that the rise in cases has not led to rise in deaths so far. While average global cases rose 12 per cent since December 1, 2021, average daily deaths decreased by 4.4 per cent from 7,133 to 6,818 in the same duration.""Even with new variants emerging, vaccines remain one of the most effective tools to protect people against serious illness and death from SARS-COV-2,"" said Dr Mariangela Simao, WHO Assistant Director General for Access to Medicines and Health Products.Live TVREAD | What we know about spread of Omicron so farALSO READ | Tale of two Covid variants: What makes Omicron more infectious than Delta WATCH | Are vaccines effective against Omicron?",NA,https://www.indiatoday.in/diu/story/not-so-merry-christmas-covid-resurgence-forces-fresh-restrictions-lockdowns-in-europe-1890018-2021-12-20
9,data-intelligence-unit,What we know about spread of Omicron so far,"(17, 12, 2021)","The omicron variant of Covid-19 seems unstoppable now. Despite the overall drop in corona cases in India, the new variant has infected more than 100 people across 11 states in the country so far.

Initial data from the states show Maharashtra remains a hotspot with 32 Omicron cases, followed by Delhi(22) and Rajasthan(17). However, India's overall Covid spread seems to have a declining trend as average new cases reported 13 per cent less than one week ago. But average daily deaths are 45 per cent higher in the same period.It's clear now that Omicron is spreading fast within major cities like New York and London, but what is the trend of Corona cases in India's five big cities and the rest of the districts?The average weekly trend shows that cases are rising in Mumbai, Kolkata and Bengaluru, but there is a decline in Capital City Delhi and Chennai. Compared to the previous week, the average number of new cases in Delhi and Chennai declined 30 per cent and 6 per cent respectively this week (as of Dec 14). Nonetheless, this still corresponded to a 14 per cent increase in Mumbai and 12 per cent in Kolkata and Bengaluru each the same period. However, the Covid situation in other cities seems to be under control at the moment.The latest data Test Positivity Rate (TPR) data reveal More than 85 per cent of districts have turned green as Covid-19 test positivity rate drops below 1 per cent. There are 72 districts with TPR between 1 and 5, 15 with TPR between 5 and 10 and 9 districts with TPR above 10. Low TPR indicates that the infection is under control.TPR is the proportion of confirmed cases out of all the tests done. A higher rate means that the infection is spreading at a faster clip. Globally, the new Coronavirus variant, deemed highly transmissible, has led to a recent surge of Covid cases in New York and London, the two premier international financial centres.Reportedly Omicron has already become a dominant variant in London, accounting for more than 50 per cent of the cases. And nearly 13 per cent of all new cases in New York are of the Omicron variant, according to the Centers for Disease Control and Prevention of the US. Globally though, Omicron cases are climbing rapidly, and the new variant spread in more than 90 countries in slightly over three weeks. The UK and Denmark continue to report a surge in nearly 12 thousand and 9 thousand new cases, respectively.“WHO is concerned that people are dismissing Omicron as mild and has said that the sheer number of cases could once again overwhelm unprepared health systems,” Lav Agarwal, Joint Secretary in the Health Ministry said on Friday.",NA,https://www.indiatoday.in/diu/story/what-we-know-about-spread-of-omicron-so-far-1889165-2021-12-17
10,data-intelligence-unit,What do Covid numbers from the UK tell us about Omicron | 5 points,"(17, 12, 2021)","The spread of Omicron, the new coronavirus variant considered highly transmissible, in the United Kingdom has been very rapid. According to the UK government estimates, nearly 25 per cent of all new Covid cases are of the new variant.

Data from the UK clearly show that Omicron is much more infectious. But on the scale of severity, it remains on the milder side. At least that has been the case so far.Here are five broad indications from the unfolding Covid situation in the UK: According to the UK government data, there was a sharp jump of 31 per cent in new cases week-on-week and a nine per cent jump in people admitted for hospital care. However, there was a drop of 6 per cent in Covid deaths in the week ending-December 16, compared to the previous week. These numbers show that the new variant is less severe.  2. At the current rate, the number of new Covid cases may double in the UK in less than nine days. The daily cases in the country have already touched 88,000, which is a good 20,000 more than the previous peak in the fierce wave in December-January. The share of Omicron in total cases is estimated to be 24 per cent in the country.3. Data shows that the variant is highly transmissible. The doubling rate of new cases in London has changed from 20 days on December 1 to 4.4 days on December 16. In other words, new cases may double in less than five days in London at the current rate.The share of Omicron in total cases in London is estimated to be more than 50 per cent. It is already the most dominant variant in the city. Daily cases in London stood at 23,272, which is two-and-a-half times more than what the city was recording a week ago. However, the number of deaths has largely remained unchanged. 4. The UK has gone for aggressive testing. In the last seven days, more than 90 lakh tests have been done and this is 19 per cent more than the previous week. As per the latest data, test positivity rate hasn’t seen any spike in recent days.5. According to the UK’s National Health Services (NHS), the common symptoms of the new variant are more or less the same and include headache, loss of smell and taste, nasal congestion, muscle pain, sore throat, and fever. The symptoms so far have appeared to be mild.Read | With 78,610 new patients, UK sees highest ever daily Covid cases amid Omicron spreadRead | Covid-19: UK reports first death with Omicron variant",NA,https://www.indiatoday.in/diu/story/what-do-covid-numbers-from-the-uk-tell-us-about-omicron-5-points-1889067-2021-12-17
11,data-intelligence-unit,NA,NA,NA,NA,https://www.indiatoday.in/diu/video/diu-video-india-s-covid-19-snapshot-1889025-2021-12-17
12,data-intelligence-unit,Bollywood losing its sheen? Google Trends data indicate just that,"(16, 12, 2021)","Bollywood, cricket, elections, jobs and education are among the most popular topics of interest for Indians. Even year-end Google Trends data for the decade indicates the same. But is the pecking order and preference changing lately?

India Today Data Intelligence Unit (DIU) analysed Google Trends data for the last ten years to take a closer look at the changing preference of digital audiences.In six of the last ten years, at least eight of the top 10 searches on Google have a Bollywood or Sports connection, with a higher contribution of the former. In fact, in 2017, all the top 10 search trends were either from Bollywood or Sports. Dangal, which is among the top 10 search trends of 2017, is one of Aamir Khan’s mega-blockbuster, released in the last week of 2016. Similarly, many other Bollywood movies released in 2017 make it to the top 10 searches of that year.ALSO READ | Aryan Khan doesn't need to mark weekly attendance at NCB Mumbai office: Bombay HCHowever, in 2020, when the coronavirus-induced pandemic battered the world, people did not look for Bollywood-related content online as much as they used to do earlier. In fact, ‘Dil Bechara’ was the lone Bollywood entry in the top 10 search trends. And the reason the movie created a buzz online was more to do with the tragic death of its lead actor Sushant Singh Rajput than the movie itself. Similarly, the only sports-related entry in the top 10 was the Indian Premier League.Surprisingly, other than coronavirus, Indians searched more political content in 2020 compared to previous years. Last year, four of the top 10 searches were Bihar election results, Delhi election results, United States election results and Joe Biden. Likewise, in 2021, the only name with some Bollywood connection people looked for online is Aryan Khan. Here too, the reason is the infamous drug case. With restrictions to contain the pandemic, only a handful of movies were being produced, and consequently, fewer were still being screened in theatres. It could be the reason why the domination of Bollywood stars in the mind space of Indians seems to be waning.Copa America and Euro among top searches in India in 2021 With six of the top 10 searches, sports-related topics have made a strong comeback in 2021. Olympic gold medallist Neeraj Chopra is among the most searched personalities and the ‘Tokyo Olympics’. At the same time, Euro Cup and Copa America too got the kind of attention rarely seen before. They are among the top 10 searches this year.Perhaps, mega sporting events like these provided much-needed relief to people in an otherwise pandemic-induced gloomy environment.ALSO READ | Shah Rukh Khan makes first digital appearance after son Aryan's bail. Welcome back, say fansAnalysis of data of the last ten years also shows that education- or job-related searches are not so popular anymore as they used to be. Three of the top 10 searches in 2012 were related to education and employment. They included the IBPS, GATE and CBSE exams. In fact, GATE exams remained one of the top searches for the next couple of years as well.However, from 2016 onwards, the NEET results were the only education- or job-related search making it to the top 10.While coronavirus remained one of the top searches in 2020, CoWIN and Covid vaccine replaced it in 2021.A look at the top 10 Google search trends of 2021 indicates that people are perhaps in a mood to move beyond the pandemic, as Indians were searching for sporting events (and there were quite a few this year) and online games for some solace.With movie theatres likely to open and many big blockbuster releases anticipated, will Bollywood get its mojo back?Live TVALSO READ | Gauri Khan shares first Instagram post after Aryan Khan's bail. Fans say SRK ka dhyan rakhna",NA,https://www.indiatoday.in/diu/story/bollywood-losing-sheen-google-trends-data-1888432-2021-12-16
