SN,category,headline,date,content,keywords,link
1,data-intelligence-unit,"Congress’ ‘nari shakti’ contrast: 40% women candidates in UP, below 10% in other poll-bound states","(27, 1, 2022)","The ambit of Congress’s much-hyped ‘Ladki hun, lad sakti hun’ slogan aimed at women empowerment seems to be confined to Uttar Pradesh alone. While the party has fielded 40 per cent women candidates in UP as Priyanka Gandhi had promised, the proportion of women candidates in the Congress’s list released so far for Punjab, Goa, Uttarakhand and Manipur has been less than 10 per cent!

Of the 255 candidates announced by the Congress in UP, 105 candidates or 40.4 per cent are women. However, there is a stark difference in women nomination in other poll-bound states. The proportion of women candidates is 9.2 per cent in Punjab, 7.5 per cent in Manipur, 6.3 per cent in Uttarakhand and 5.6 per cent in Goa. So far, the BJP has named 195 candidates for UP, of which 26 are women. Samajwadi Party has released the names of 159 candidates that include 11 women.Women candidates in 2017 UP polls While more than 400 women candidates cutting across political parties had contested the UP elections in 2017, only 12 of them were from the Congress. These 12 women candidates had bagged 6.5 lakh votes or 26.5 per cent of the total 24.6 lakh votes in their constituencies.On the other hand, 46 women had contested from BJP in the last UP elections. These 46 candidates had bagged 40.4 lakh votes or 41 per cent of the total 98.9 lakh votes in their constituencies.Why are women candidates significant in UP? Women participation in mainstream electoral politics has risen significantly in the last decade and that has forced political parties to increase their women representation as well. One such instance is visible in UP where the proportion of women voters exercising their rights has outgrown that of men.In the 1996 elections, 50 per cent of the women voters had cast their votes, while 60 per cent of the men voters participated in the election process. In 2007, around 42 per cent of the total women voters and 49 per cent of the total men voters had cast their votes.However, this trend reversed in 2017. Of the 6.5 crore total women voters, 4 crore or 63.3 per cent voters had cast their votes in the last election, while 59 per cent men had participated in the election process.Also read: Priyanka Gandhi and the mystery of disappearing MLAs in Uttar PradeshAlso read: Was irritated: Priyanka Gandhi clarifies comment on being Congress's UP CM face",NA,https://www.indiatoday.in/diu/story/congress-nari-shakti-contrast-40-women-candidates-in-up-below-10-in-other-poll-bound-states-1905415-2022-01-27
2,data-intelligence-unit,NA,NA,NA,NA,https://www.indiatoday.in/diu/video/diu-crypto-crisis-1904315-2022-01-25
3,data-intelligence-unit,Assembly elections 2022: Does higher voting percentage mean anti-incumbency?,"(24, 1, 2022)","Higher voter turnout indicates a throbbing democracy, while lower participation is a sign of apathy towards the ongoing political process. But do higher or lower turnouts tell us anything about counting day?

India Today's Data Intelligence Unit (DIU) analysed voter participation data of the five poll-bound states spanning 70 years. The data has been compiled by the Centre for the Study of Developing Societies (CSDS).More voters now exercise their franchise in both Lok Sabha and assembly elections than was the case in the 1950s. The turnout has gone up from 46 per cent in the first Lok Sabha elections held in 1952 to 67 per cent in 2019.READ: Samajwadi Party releases list of 159 candidates for UP poll | See full listAssembly elections, on average, have witnessed comparatively higher participation throughout. For instance, Uttar Pradesh has reported an average of 52.8 per cent turnout in the Lok Sabha elections held from 1989 to 2019.The average turnout in assembly elections during the same period has been 54.81 per cent.A similar trend has been observed in Punjab too, where the average voter turnout has been 60.4 per cent in Lok Sabha elections in the last four decades. It has been 6 percentage points higher in assembly elections in the same period.Why turnout matters Data suggest it's mostly bad news for incumbents both when voter turnout is higher or lower compared to the previous election. Of the 365 assembly elections for which data are available, 189 had reported a higher turnout. Of these, the incumbent got re-elected only 66 times.On the other hand, of the 142 assembly elections witnessing lower turnout, only 44 elected incumbent parties. The rest of 34 elections have either not seen any turnout change or faced issues such as President's rule or new state formation.Data, therefore, demonstrate that the myth of higher voter turnout implying anti-incumbency and lower turnout indicating pro-incumbency does not hold true. However, a state-wise analysis throws up mixed patterns. Infographic by India Today DIUUttar Pradesh In Uttar Pradesh, for example, lower turnouts have mostly benefitted the incumbent. The state witnessed 16 assembly elections since 1951, of which eight reported higher turnouts. Of these, the incumbent was re-elected only in 1957; on other occasions, they lost. On the other hand, there were seven elections when voter turnouts dropped. Except in 1980, the incumbent got re-elected in such a situation.The turnout went up in the last four assembly elections, except in 2007 when less than half the registered voters exercised their mandate. In 2012, in a seven-phase election for 403 seats, UP created history with 59.5 per cent turnout. Infographic by India Today DIUBut voters' participation was higher in 2017 when nearly 61 per cent of registered voters exercised their franchise.The BJP, with its allies Apna Dal (S) and Suheldev Bharatiya Samaj Party (SBSP), replaced the incumbent Samajwadi Party with a massive win (325 seats). The BJP alone won 312 seats, handing the SP-Congress combine a poor drubbing.PunjabPunjab has seen 15 assembly elections since 1951. The state has witnessed equal occasions of rise and fall in voter turnout (7 times each). Of the seven higher turnout elections, incumbents were re-elected twice. Among the seven elections with lower turnout, the ruling party was re-elected only once.Since 1997, the SAD-BJP combine and Congress have been at the centre of Punjab's political power. The year 2012 was the only time when the SADBJP alliance was re-elected. However, no clear pattern is visible between voter turnout and electoral results in the state.Punjab voter turnout dropped two percentage points from 78.6 to 76.7 per cent in 2017. The Congress won 77 seats out of 117 and replaced the incumbent SAD-BJP alliance, which could manage only 18 seats. Infographic by India Today DIUUttarakhand Formed in 2000, Uttarakhand has seen only four assembly elections since. Voter turnout has risen on two occasions and dropped slightly in 2017. The BJP registered a thumping victory that year, bagging 57 of the 70 seats and reducing the incumbent Congress's tally to a poor 11. Due to the state's limited poll numbers, any correlation between voter turnout and the electoral outcome is not visible. Infographic by India Today DIUGoaGoa has seen 12 assembly elections since 1967, of which seven reported higher turnouts. The incumbent government has been re-elected only thrice among these seven occasions. On the other hand, voter turnout dropped four times, and the incumbent returned to power only once, in 2017.In the last election, the state witnessed a high voter turnout of 81.2 per cent, almost the same as in 2012 (81.7 per cent). The incumbent BJP lost the elections, but despite winning 17 of the 40 seats in Goa, Congress failed to form the government. BJP, the second-largest party, cobbled together a coalition to rule the state. Infographic by India Today DIUManipur In 12 assembly elections since 1967, Manipur witnessed seven occasions when voter participation was higher, and only once was the ruling party re-elected. Among four occasions when voter turnout was lower, the incumbent government was re-elected twice.Manipur recorded the highest turnout of 91.4 per cent in 1995 and the lowest in 2017. In the last election, incumbent Congress won 28 of the state's 60 seats and became the single largest party, followed by the BJP, which won 21 seats. However, BJP formed its first government in the state with the help of regional parties. Infographic by India Today DIUElection data shows a mixed relationship between higher turnout and anti-incumbency. In such a situation, elections in the five states are bound to throw up an exciting fight.Live TVREAD | Big thumbs-up to money, muscle power & experience, trends from UP poll results showALSO READ | Battlefield UP: How BJP reduced close-contest seats by half in 2017 decisive mandate WATCH | CM Channi’s name had come up during internal probe into illicit mining: Amarinder Singh",NA,https://www.indiatoday.in/diu/story/assembly-elections-2022-does-higher-voting-percentage-mean-anti-incumbency-1903954-2022-01-24
4,data-intelligence-unit,"Big thumbs-up to money, muscle power & experience, trends from UP poll results show","(24, 1, 2022)","A widely circulated joke on social media says that a candidate seeking a party ticket in Uttar Pradesh may face rejection if he does not have a criminal record or pots of unaccounted money.

Though made in jest, it underlines the harsh reality that one needs to have a combination of formidable money and muscle power to win elections in India's most populous state going to polls next month. And even the data paints a similar picture.India Today's Data Intelligence Unit (DIU) analysed the trends of winners in the last three assembly elections in UP.READ: Battlefield UP: How BJP reduced close-contest seats by half in 2017 decisive mandate And numbers show that a tainted candidate is thrice more likely to win over someone with a clean record. Also, candidates with net assets over Rs 5 crore are at least six times more likely to succeed than someone with modest wealth.In the 2007 elections, the winning ratio of tainted candidates was one out of five. For those without a criminal background, it was one out of 10. The winning percentage of candidates with criminal records dropped to 14 per cent in 2012 and increased marginally to 16 per cent five years later. However, while tainted candidates were three-and-a-half times more likely to win than clean candidates in 2012, it dropped to two-and-a-half times in 2017. Infographic by India Today DIUIn the upcoming polls, the Election Commission has made it mandatory for political parties to declare why candidates with criminal backgrounds have been given a ticket to contest. But while the influence of muscle power has been reduced marginally, the sway of money power has been growing.Data show that higher the net assets of candidates, greater are their chances of winning. In 2007, for instance, 10 per cent of the candidates with net assets less than Rs 1 crore won the elections. It was 29 per cent for candidates with net assets worth Rs 1-5 crore and 27 per cent for candidates with over Rs 5 crore of declared net assets.The picture changed altogether 10 years later. In 2017, the winning percentage of candidates with net assets below Rs 1 crore dropped to less than 3 per cent. It was 20 per cent for candidates with net assets worth Rs 1-5 crore and 28 per cent for candidates with over Rs 5 crore of declared net assets. Infographic by India Today DIU""With the introduction of electoral bonds, the influence of money power in elections has gone up manifold,"" argues Association for Democratic Reforms (ADR) co-founder Jagdeep S Chhokar. The retired IIM-Ahmedabad professor has been working for political reforms for nearly two decades now.Another trend that has emerged over the years is the greater acceptability of experienced hands. UP's median age is one of the lowest in the country at 20. Infographic by India Today DIUHowever, the probability of winning candidates who are below 40 years is nearly one-fifth of those above 60 years. While almost one out of 10 young candidates (less than 40 years old) won the elections in 2007, the percentage dropped to just 3.6 in 2017.With elections in UP barely days away and in light of the EC diktat, it will be interesting to see what the new assembly will look like.Live TVREAD | In numbers: Pre-poll defections and the winnability factor in Uttar PradeshALSO READ | AAP candidate in UP attempts self-immolation over rejection of poll nominationWATCH | Samajwadi Party declares candidates list for UP polls",NA,https://www.indiatoday.in/diu/story/uttar-pradesh-up-candidates-money-muscle-age-1903932-2022-01-24
5,data-intelligence-unit,NA,NA,NA,NA,https://www.indiatoday.in/diu/video/diu-tax-collections-outpace-gdp-growth-1903917-2022-01-24
6,data-intelligence-unit,NA,NA,NA,NA,https://www.indiatoday.in/diu/video/diu-video-india-covid-19-snapshot-1902877-2022-01-21
7,data-intelligence-unit,NA,NA,NA,NA,https://www.indiatoday.in/diu/video/bjp-government-centre-congress-leader-supriya-shrinate-amar-jawan-jyoti-national-war-memorial-flames-1902803-2022-01-21
8,data-intelligence-unit,NA,NA,NA,NA,https://www.indiatoday.in/diu/video/india-s-vax-drive-160-crore-vaccine-doses-administered-1902424-2022-01-20
9,data-intelligence-unit,"What is Ct value, a vital Covid testing parameter in RT-PCR reports?  ","(18, 1, 2022)","India is reeling from an explosive third wave of Covid outbreak led by the Omicron variant, as the country reports over two lakh cases for the sixth consecutive day.

With cases spiking in nearly all districts in India, the focus has again switched to testing to detect and diagnose the infection. Among the various types of testing, RT-PCR (Reverse Transcription-Polymerase Chain Reaction) is considered the gold standard to detect the presence of SARS-CoV-2 virus.This brings us to a crucial scientific term in the RT-PCR report, called Ct value, short for Cycle Threshold, a vital test parameter.It refers to the number of cycles needed in the test, after which the virus in the sample reaches a detectable level. The Ct value is inversely proportional to the amount of viral load in the human body. For instance, lower the value, higher will be the viral level in the sample collected as the virus was detected only after a few cycles, and vice-versa. How is Ct value measured?  During RT-PCR test, the sample swab collected from the patient is used to extract RNA (Ribonucleic Acid), which is then converted to DNA (Deoxyribonucleic Acid). This DNA is then amplified, i.e. its multiple copies are created. The process of amplification of DNA happens through various cycles until a detectable virus level is attained. Here, the number of cycles needed to detect the virus is the Ct value.Speaking to India Today, Dr SP Kalantri, Professor of Medicine at Maharashtra’s Mahatma Gandhi Institute of Medical Sciences, said, “A typical RT-PCR assay will have a maximum of 40 thermal cycles. A Ct value less than 40 is clinically reported as PCR positive.”He further added that Ct values obtained in severely ill hospitalised patients are lower than those of mild cases.Expert speak  On interpreting the Ct value, Dr AK Singh, Endocrinologist at Kolkata’s GD Hospital & Diabetes Institute, told India Today, “When looking at Ct value, we need to know whether this has been done with qualitative or quantitative PCR methodology. Most labs in India report qualitative RT-PCR, and thus Ct value is difficult to interpret and gives confusing results in the same patients. If Ct value is reported through a qualitative RT-PCR, it will differ from one kit to another since they have different Ct cut-offs and different gene targets.”In reply to the query on correlation between Ct value and severity of the disease, Dr Singh added that although a low Ct value suggests high viral load, it does not necessarily cause severe disease disease manifestation the largely depends on host factors.He further stressed, “Since Ct values in RT-PCR depend on sampling method, the temperature during transportation, time taken from collection to testing, technical competence and analytical skill of the technician, calibration of equipment and types of samples (nasal vs oropharyngeal swab) tested, its role in prognostication of disease severity is extremely difficult.”An advisory issued by ICMR in August 2020 also stressed on the importance of the testing process.Speaking to India Today on the connection between how infectious a person can be and the Ct value, Dr Rajeev Jayadevan, scientific adviser and former president of the Indian Medical Association, said, “Though initially considered to be a marker of how infectious a patient was, recent studies have shown that Ct value does not necessarily mean more amount of actual virus that can spread to other people.”He further added, “What matters is the amount of virus that can be isolated from the sample. The maximum amount of viruses that can be isolated is found between Days 3 and 6 of onset of symptoms in a person with Omicron infection. Beyond Day 10, no ‘live’ virus is found that can be isolated. However, the RT-PCR can still be positive beyond 14 days because of fragments of ‘dead’ viral RNA lying around the nose and throat.”","['What is Ct value', ' a vital Covid testing parameter in RT-PCR reports?\xa0\xa0']",https://www.indiatoday.in/diu/story/what-is-ct-value-a-vital-covid-testing-parameter-in-rt-pcr-reports-1901571-2022-01-18
10,data-intelligence-unit,NA,NA,NA,NA,https://www.indiatoday.in/diu/video/covid-surge-after-omicron-entry-coronavirus-pandemic-1901533-2022-01-18
11,data-intelligence-unit,"UK Covid monitor: Fall in cases faster than surge, R-value lowest in a year","(17, 1, 2022)","Covid situation in one of the hardest hit countries the United Kingdom is gradually improving. After the Omicron variant was first detected in South Africa, the UK was among the first few countries where cases rose dramatically, and daily cases reached a peak of 2.2 lakh on January 4, 2022.

But while the rise was steep, the fall in daily cases looks sharper. It took 14 days for new cases in the country to climb from one lakh to two lakh, but only 10 days to return to the below-one lakh level. The UK recorded 70,160 new cases on January 16, which was a 33-day low. Average daily cases in the country were also at a 22-day low of 1.06 lakh on January 16.At 0.67, the reproduction rate that indicates the pace of the spread of infection is at the lowest level in over a year. Though the infection spread rapidly in the UK and daily new cases were much higher than during the previous waves, the proportion of severe illnesses was comparatively much lower. Deaths and hospitalisations rose amid the rise in infection, but they were not in proportion with the cases.While daily average deaths rose to as high as 1,250 during the previous peak in January 2021, it is 263 now. Daily hospitalisation also rose to over 4,200 in January 2021, while it has remained below 2,300 so far in January 2022. Going by the generic trend, deaths and hospitalisation numbers change with a lag of around 10 days. Hence, they are expected to fall in the coming days as daily cases are also declining.Scientists in the UK have suggested that the country could be one of the first to come out of the Covid-19 pandemic. Professor David Heymann of the London School of Hygiene and Tropical Medicine is reported to have said that the UK is the closest to any country to being out of the pandemic if it is not already. Experts believe the pandemic may turn into an endemic soon.Media reports suggest Plan B of Covid restrictions earlier imposed in the UK may also be revoked soon. Plan B included restrictions such as wearing masks in public places, using Covid passes to enter specific venues, working from home etc.Live TV--- ENDS ---Also read | UK govt planning to do away with Covid test upon arrival for vaccinated travellers: ReportAlso read | Recoveries outnumber new Covid-19 cases in Delhi; daily positivity rate now 27.99%Watch | Vaccination for 12-14 year olds likely from March, says Covid panel chief","['UK Covid monitor', ' Covid outbreak in UK', ' UK Covid cases', ' UK coronavirus', ' Omicron in UK', ' ']",https://www.indiatoday.in/diu/story/uk-covid-monitor-fall-in-cases-faster-than-surge-r-value-lowest-in-a-year-1901138-2022-01-17
12,data-intelligence-unit,Mobility hit as Covid cases surge in India's big cities,"(14, 1, 2022)","As India reports over 2.5 lakh cases in a day, nearly one-third of them are only from six major cities Delhi, Mumbai, Pune, Bengaluru, Kolkata and Chennai. These six cities recorded a total of 85,693 cases on January 13, 2022.

A sudden rise in Covid cases has once again hit daily activity in big cities and it is reflected in the mobility trend. The Apple mobility trend shows that mobility in all these cities has been hit and there is a fall in movement.While the daily driving mobility trend is below the baseline in the four cities, Delhi, Mumbai, Chennai and Bengaluru, the fall in driving movement is maximum in Delhi and Mumbai. In Mumbai, the average daily driving mobility has shown a steep decline and has reached near the baseline as the cases rise. The daily average cases rose 12 times in Bengaluru in the last 10 days, it rose by around eight times in Delhi, Pune and Chennai. Daily average cases nearly tripled in Mumbai and Kolkata in the same duration. As cases rise, deaths, too, have increased in major cities. Delhi was recording an average of one daily death 10 days ago, now the average is 24 deaths in a day. Deaths in Mumbai jumped from one to five and in Chennai, it rose from one to six. Positivity Rates In Big CitiesThe positivity rate the proportion of positive cases among the total tests conducted indicates that more than one in every two people undergoing Covid tests are positive in Kolkata. Kolkata recorded a positivity rate of as high as 59 per cent between January 7-13, 2022.In the same duration, Delhi recorded a positivity rate of 29.2 per cent, Mumbai 24.9 per cent, Pune 28.3 per cent, Chennai 28.1 per cent and Bengaluru 16.1 per cent, according to the Ministry of Health and Family Welfare.Vaccination In Big CitiesThe rise in cases and fatalities is seen despite a healthy rate of vaccination among the big cities. While Bengaluru and Kolkata have nearly 86 per cent of the fully vaccinated population, the same in Pune and Mumbai is nearly 70 per cent. In Delhi, the proportion is slightly less at 60 per cent.","['Mobility hit', "" India's big cities"", ' Covid mobility', ' India mobility trend']",https://www.indiatoday.in/diu/story/mobility-hit-as-covid-cases-surge-in-india-s-big-cities-1900217-2022-01-14
