SN,category,headline,date,content,keywords,link
1,data-intelligence-unit," More women legislators may be the way forward, but who will help them climb the political ladder?","(9, 2, 2022)","A 2018 report published by the United Nations University identified significantly higher growth in economic activity in constituencies that elected women. The report that examined “comprehensive data on competitive elections to India’s state legislative assemblies,” found that women legislators were less likely to be criminal and corrupt, more efficacious, and less vulnerable to political opportunism. However, despite obvious advantages that women leaders have, their representation in mainstream politics remains low.

Among the five poll-bound Indian states — Uttar Pradesh, Uttarakhand, Punjab, Goa, and Manipur — the highest percentage of sitting women MLAs is in Uttar Pradesh, at 11 per cent. The representation goes as low as four per cent in Manipur, according to the Association for Democratic Reforms. In the 2022 assembly elections, 12 per cent of those contesting in Uttar Pradesh are women, while it is only nine per cent for Goa and 10 per cent for Uttarakhand. On an average, 9.1 candidates contest for a state legislature seat in India, of which, only 0.37 (four per cent) are female, according to a 2021 World Bank Economic Review report. However, India is not alone in the low representation of women in mainstream politics.Female representation in legislative bodies is below 30 per cent in most regions across the world. In 2019, women members in legislative bodies were lowest in South Asia (18 per cent), and Middle East and North Africa (17 per cent), according to the Pew Research Centre. Growth in women-led constituenciesThe UNU report titled “Women legislators and economic performance” underlined that women legislators in India raised luminosity growth in their constituencies by about 15 percentage points per annum more than male legislators. This translated into a difference of about 1.8 percentage points in annual GDP growth.Given that the average growth in India during the sample period was about seven per cent, estimates indicated that the growth premium for constituencies led by a female legislator was about 25 per cent.At the crime front, women were found to be only about one-third as likely as men to be carrying pending criminal charges when they entered office. The report also found that for women legislators, the rate at which they accumulated assets while in office, was 10 percentage points lower per annum than it was for men.Cumulatively breaking the glass ceilingIt is women who play a significant role in pushing other women up the ladder in politics.The report titled ""Does Local Female Political Representation Empower Women to Run for Higher Office?” found that an additional female state legislator increases the number of female candidates for national parliamentary seats during subsequent elections by 34 per cent. It is believed that increased success of female politicians at the local level may help reduce barriers faced by new female candidates in national politics.The study suggested that an addition of five lower-level female representatives generated one more female candidate for the national legislature. Also, for each additional female state legislator winning a close election, there were 0.22 additional female parliamentary candidates running for office in the subsequent term — an increase of 34 per cent relative to the mean number of female candidates.Where will female politicians at national level come from?One possibility is that female politicians who won state legislature seats climb the political ladder and decide to compete in national elections. The second possibility is that the success of women in state legislature elections could reduce bias and may encourage new female political actors to compete in national elections, the report said.There has been a significant rise in the proportion of women in politics in the last two decades. While gender-equity has not yet been achieved, it is a positive sign that the issue has become a larger part of the conversation in elections. Political parties now promise greater inclusion of women in leadership. For example, in the 2022 assembly elections, the Congress party has gone so far as to proclaim that 40 per cent of candidates it will field are women. A more progressive future is on the horizon.","['Report', ' women legislators', ' poll bound states', ' assembly elections', ' assembly polls', ' polls 2022']",https://www.indiatoday.in/diu/story/-more-women-legislators-may-be-the-way-forward-but-who-will-help-them-climb-the-political-ladder-1910937-2022-02-09
2,data-intelligence-unit,"UP polls 2022: Key contests, money-muscle mix and X-factor in phase-I","(8, 2, 2022)","The Bharatiya Janata Party enters the phase one of the seven-phase elections in Uttar Pradesh from a position of strength, judging by the outcome of the recent elections in the region. Since the 2014 Lok Sabha elections, the kind of domination the BJP has enjoyed in the 58 western Uttar Pradesh assembly seats is a rarity.

In the last assembly polls, the BJP won three constituencies with a margin in excess of one lakh votes, and eight constituencies with a margin in excess of 70,000 votes. And of the five seats the BJP lost in the region, the margin of victory at two places was less than 5,000 votes.Can the newly-minted alliance between the Samajwadi Party (SP) and the Rashtriya Lok Dal (RLD) then put up a fight this time?On the basis of their performance in the 2017 assembly elections, an alliance would have meant an addition of five more seats to their kitty. The SP and the RLD then had modest vote shares of 13 and seven per cent respectively. The BJP’s share was an impressive 46 per cent. Mayawati’s Bahujan Samaj Party (BSP), on the other hand, had obtained 22 per cent of the votes. Dalits, Muslims can impact outcome in 45 seatsOf the 58 seats, there are 12, including Kairana, Sardhana, Khatauli, and Hapur, where Muslims and Dalits constitute more than 50 per cent of the voting population. Additionally, there are 15 seats where the two social groups account for 40 to 50 per cent of the total votes. There are also 18 seats where the combined strength of the two groups is between 30 and 40 per cent. In other words, in 45 of the 58 seats going to polls on February 10, these two social groups alone can decisively impact the outcome. While a big chunk of Dalit votes has been going the BSP way in recent elections, Muslim votes used to get split between the SP, the BSP and the Congress. The big “if” this time is who will BSP’s erstwhile supporters vote for as Mayawati is considered a reluctant contestant this time.In 2017, the BSP had won two seats and came second on as many as 30 seats. In fact, in the 13 seats where the BSP came second, it polled more than 60,000 votes. What if a sizable chunk of these votes go elsewhere? Experts have opined that that is going to be the key this time.Another keenly watched factor is the way the Jats are going to vote. The farming community that wields considerable influence in 25-30 seats in Western UP has solidly backed the BJP in the last three elections. However, the farmers’ agitation that raged on for more than a year has changed things. A section of Jats is believed to have gotten disillusioned with the BJP. Political observers expect this section to move towards the SP-RLD alliance. The proponents of SP-RLD are also hoping for the coming together of Jats and Muslims. If that happens, it may change the equation in quite a few seats.The changing political equations will be on display in the five keenly watched seats and they are: Kairana, Thana Bhawa, Mathura, Sardhana and Noida.Tainted CandidatesIn the crucial first phase of this scene-phased election, political parties have gone overboard on money and muscle power. While nearly 31 per cent of all the candidates have declared assets of Rs. 2 crore and more, 20 per cent of all the contestants have pending serious criminal cases against them, according to Association for Democratic Reforms (ADR) data. And the muscle-quotient is quite high too. India Today's Data Intelligence Unit’s (DIU) analysis of the trends of winners in the last three assembly elections in UP found that a candidate with a tainted record is three times more likely to win over someone with a clean record. Additionally, candidates with net assets over Rs. 5 crore are at least six times more likely to succeed than someone with modest wealth.(with inputs from Ashish Ranjan and Mayank Mishra)",NA,https://www.indiatoday.in/diu/story/up-polls-2022-key-contests-money-muscle-mix-and-x-factor-in-phase-i-1910519-2022-02-08
3,data-intelligence-unit,NA,NA,NA,NA,https://www.indiatoday.in/diu/video/up-assembly-polls-5-keenly-watched-phase-1-contests-1910367-2022-02-08
4,data-intelligence-unit,Can SP-RLD alliance challenge BJP’s dominance in 58 assembly seats in phase-1 of UP polls?,"(4, 2, 2022)","Once upon a time, every top political contender in Western Uttar Pradesh had their pocket of influence. Back then, a graphical representation of the vote-share would give an impression of a fractured polity with mainstream parties getting 10 to 30 per cent of the total votes.

That has since changed. Since the 2014 Lok Sabha elections, the Bharatiya Janata Party (BJP) has dominated the 58 Western Uttar Pradesh Assembly seats like never before. In the three elections since 2014, two Lok Sabha elections and one assembly election, the BJP has been notching up a formidable vote share: in excess of 45 per cent. And the party has been leading in an overwhelming majority of Assembly segments.In the last Assembly polls, the BJP won three constituencies with a margin in excess of one lakh votes, and eight constituencies with a margin in excess of 70,000 votes. And of the five seats the BJP lost in the region, the margin of victory in two places was less than 5,000 votes.Read | What makes Yogi Adityanath's Gorakhpur Urban a BJP bastion in Uttar Pradesh electionCan the newly minted alliance between the Samajwadi Party (SP) and the Rashtriya Lok Dal (RLD) then put up a fight this time?On the basis of their performance in the 2017 assembly elections, an alliance would have meant an addition of five more seats to their kitty. The SP and the RLD then had modest vote shares of 13 and seven per cent respectively. The BJP’s share was an impressive 46 per cent. Mayawati’s Bahujan Samaj Party (BSP), on the other hand, had obtained 22 per cent of the votes.Dalits, Muslims can impact outcome in 45 seats Of the 58 seats, there are 12, including Kairana, Sardhana, Khatauli, and Hapur, where Muslims and Dalits constitute more than 50 per cent of the voting population. Additionally, there are 15 seats where the two social groups account for 40 to 50 per cent of the total votes. There are also 18 seats where the combined strength of the two groups is between 30 and 40 per cent. In other words, in 45 of the 58 seats going to polls on February 10, these two social groups alone can decisively impact the outcome. While a big chunk of Dalit votes has been going the BSP way in recent elections, Muslim votes used to get split between the SP, the BSP and the Congress. The big “if” this time is who will BSP’s erstwhile supporters vote for, as Mayawati is considered a reluctant contestant this time.In 2017, the BSP had won two seats and came second with as many as 30 seats. In fact, in the 13 seats where the BSP came second, it polled more than 60,000 votes. What if a sizable chunk of these votes go elsewhere? Experts have opined that that is going to be the key this time.Read | Who will win Uttar Pradesh election? Clue lies in seats reserved for DalitsAnother keenly watched factor is the way the Jats are going to vote. The farming community that wields considerable influence in 25-30 seats in Western UP has solidly backed the BJP in the last three elections. However, the farmers’ agitation that raged on for more than a year has changed things. A section of Jats is believed to have gotten disillusioned with the BJP. Political observers expect this section to move towards the SP-RLD alliance. The proponents of SP-RLD are also hoping for the coming together of Jats and Muslims. If that happens, it may change the equation in quite a few seats. Crime and moneyIn the crucial first phase of this scene phased election, political parties have gone overboard on money and muscle power. While nearly 31 per cent of all the candidates have declared assets of Rs 2 crore and more, 20 per cent of all the contestants have pending serious criminal cases against them.According to the Association for Democratic Reforms, “Among the major parties, 21 [75 per cent] out of 28 candidates analysed from SP, 17 [59 per cent] out of 29 candidates analysed from RLD, 29 [51 per cent] out of 57 candidates analysed from BJP, 21 [36 per cent] out of 58 candidates analysed from INC, 19 [34 per cent] out of 56 candidates analysed from BSP and 8 [15 per cent] out of 52 candidates analysed from AAP have declared criminal cases against themselves in their affidavits.”India Today's Data Intelligence Unit’s (DIU) analysis of the trends of winners in the last three assembly elections in UP found that a candidate with a tainted record is three times more likely to win over someone with a clean record. Additionally, candidates with net assets over Rs 5 crore are at least six times more likely to succeed than someone with modest wealth.Read | Yogi Adityanath declares assets worth Rs 1.54 crore; owns revolver, rifle, Samsung phone | DETAILS",NA,https://www.indiatoday.in/diu/story/can-sp-rld-alliance-challenge-bjp-dominance-in-58-assembly-seats-phase1-up-polls-1908907-2022-02-04
5,data-intelligence-unit,NA,NA,NA,NA,https://www.indiatoday.in/coronavirus-outbreak/video/india-sees-drop-in-daily-covid-19-cases-18-rise-in-daily-deaths-infographics-1908784-2022-02-04
6,data-intelligence-unit,Covid may lose sting soon but humps of Covid waste will haunt for decades,"(3, 2, 2022)","The coronavirus may lose its sting in the near future, but the medical waste it has already generated and continues to leave behind may take decades to decompose. Globally, close to 38.5 crore people have so far been infected, and around 57 lakh people have lost their lives. The unprecedented magnitude of the infection led to the manufacture of an extraordinary volume of masks, protective equipment, vaccines and related paraphernalia, and testing kits. Valuable as they have been in checking the further spread of the virus, these products have added significantly to the medical waste generated across the world.

Sample these:India generated around 101 tonnes of Covid-19-related medical waste per day during the first wave of the pandemic.Medical waste in India increased by 17 per cent during Covid-19’s first wave.A United Nations Development Programme (UNDP) assessment of five Asian cities showed that the pandemic increased the amount of hazardous healthcare waste by 3.4 kg/bed/day, which is almost 10 times more than the average.“The Covid-19 pandemic led to a double burden of an increase in waste plus a reduced capacity of healthcare workers to manage waste because of increased patient loads, Covid-19 work and societal constraints,” said a report by the WHO. Covid-related medical waste in IndiaIn a span of one year from June 2020 to June 2021 India alone generated 56,898 tonnes of Covid-related medical waste. While Maharashtra contributed the maximum 8,317 tonnes to this bio-medical waste, Kerala and Gujarat were the second and third highest contributors, according to a reply in Lok Sabha on July 23, 2021. Challenges in Waste ManagementIn order to manage the Covid-related waste being generated, the Central Pollution Control Board in India produced a set of guidelines in 2020. However, waste management has been particularly challenging in remote and rural areas where there are limited waste treatment and disposal facilities. In several such areas, the waste was allowed to be disposed of in landfills and deep burial as an exception. As per the WHO, up to 340 crore single-use masks were discarded every day in 2020. Similarly, PPE kits, vaccine vials, testing kits and other medical items added to the medical waste around the globe. Some of them are hazardous while others are not. However, the infrastructure required to manage such waste is a challenge.Globally, three out of 10 healthcare facilities lack systems to segregate waste, while less than one in three healthcare facilities have a basic medical waste management service in the least developed countries. In India, New Delhi, which has accounted for 11 per cent of India’s daily Covid waste, has only two incinerators.Read | Too many masks: WHO cites glut of waste from Covid responseRead | Omicron sub-variant BA.2 harder to identify, found in 5 African nations, says WHO",NA,https://www.indiatoday.in/diu/story/covid-may-lose-sting-but-covid-waste-will-haunt-for-decades-1908476-2022-02-03
7,data-intelligence-unit,"Jatavs vs non-Jatavs, Mayawati’s losing grip & Akhilesh’s Ambedkarite outreach: The Dalit conundrum in UP","(2, 2, 2022)","As polling approaches in Uttar Pradesh, all eyes are on the crucial Dalit vote, which accounts for 21 per cent of the state’s population. Dalits have been loyal backers of Kanshi Ram and later the Mayawati-led Bahujan Samaj Party.

However, a section of Dalits has over the years been veering towards the BJP; leaders like Chandrashekhar Azad (aka Ravan) are threatening to make inroads among the SC youth; and Akhilesh Yadav’s Samajwadi Party is also hoping to get sizeable numbers in an increasingly bipolar election.There are 85 reserved seats for SCs in UP and they may well decide who forms the government in the state. In 2007, BSP won 61; in 2012, SP bagged 58; while the BJP+ won 72 in 2017. Hardoi and Allahabad districts have the highest number of reserved seats, at three each. This was how UP’s 85 reserved seats voted since 2007With 54 per cent of the Dalit population, Jatavs dominate the SC vote. Mayawati hails from this community. Jatavs are followed by Pasis (16 per cent) and Dhobis (6 per cent). Pasis, Dhobis, Koris, Khatiks, Dhanuks and other SCs are called non-Jatavs and account for 46 per cent of the Dalit population.Read | Who will win Uttar Pradesh election? Clue lies in seats reserved for DalitsBoth Jatavs and non-Jatavs have largely backed the BSP since its inception, except during the peak of the Ram Mandir movement. However, since 2014, BJP has made a significant dent into BSP’s non-Jatav vote bank, accusing Mayawati of favouring her ‘jaati’ in positions within the party and in cornering most reservation jobs and schemes benefits.In 2017, while Mayawati retained the Jatav vote with 86 per cent support (similar to 2007 when she won), BJP bagged 31 per cent of the non-Jatav support. Dalits a decisive factor in 67 unreserved seats In seats reserved for SCs, since all parties put up Dalit candidates, the non-SC voter becomes the decisive factor as SC votes get split. This is why we see BSP that has been getting maximum support of Jatavs as well as non-Jatavs during the past three state elections, sweeping the SC-reserved seats only once in 2007.There are 17 districts where the SC population is more than 25 per cent and up to 41 per cent (much higher than the state average), accounting for 91 seats. These districts are Mahoba, Azamgarh, Kanpur Dehat, Kheri, Mirzapur, Barabanki, Chitrakoot, Jalaun, Jhansi, Auraiya, Rae Bareli, Unnao, Hardoi, Sitapur, Kausambi, Sonbhadra and Fatehpur.Of the 91 seats, 67 are unreserved. It is here that the Dalits play a decisive role because of their sheer numbers. In 2012, SP had won 40 of these seats, while in 2017, the BJP had won 52.Read | UP polls: At Yadav-dominated Karhal, Akhilesh Yadav may face a Brahmin-Dalit challengeWho gains from Mayawati’s losing grip? BSP is not a contender but a factor in these polls. While there is consensus that Mayawati will lose vote share, who gains from her loss is being hotly debated. To arrive at the answer, we first need to find out who votes for the BSP. Around 14 per cent of Mayawati’s 22 per cent vote share in 2017 is accounted for by Dalit supporters. Here’s a breakup of BSP’s 22 per cent vote shareThe 8 per cent non-Dalit supporters could move towards SP as it has emerged as the main challenger to BJP. It is highly unlikely that the BSP vote share will fall below 14 per cent. However, if it does so, it could mean that some of the BSP’s Dalit voters have backed the BJP, like the non-Jatavs have been doing recently. They could be lured by representation in the state cabinet 9 of the 60 cabinet ministers (15 per cent) in UP belong to the SC community.Read | The dilemma of BSP supporters: Which way will Mayawati's core voters goScenario analysis The SP will need to win big in these reserved seats to make a bid to dethrone Yogi Adityanath. Initial surveys predict anywhere between a 5-10 per cent decline in BSP vote share, with Mayawati more or less retaining her core vote of Dalits.Scenario 1: BSP and BJP lose 5 per cent votes each and SP gains 10 per cent.Scenario 2: BSP loses 10 per cent vis-a-vis 2017, BJP 5 per cent and SP gains 15 per cent.SP can gain up to 25 seats in Scenario 1 (realistic) and up to 52 seats in Scenario 2 (optimistic) as shown in the table below. Strategy followed by parties The SP realises that it needs to make a dent in the BSP’s Dalit vote bank to pose a serious challenge to Yogi. Akhilesh is attempting to unite the “Samajwadis” and “Ambedkarwadis” by inducting BSP leaders and launching the “Baba Saheb Ambedkar Vahini”. However, his talks with Chandrashekhar Azad for an alliance could not materialise.On the other hand, BJP is attempting to woo the Dalits to compensate for expected losses from the Jat community in Western UP and Kurmis/Rajbhars in Eastern UP. It is holding community outreach programmes.To woo Dalits, especially Jatavs, Baby Rani Maurya stepped down as Uttarakhand Governor and was made the BJP’s national vice president. She is holding rallies across the state and is also contesting from Agra (Rural). BJP is trying to project her as a challenger to Mayawati.So can BSP retain their core Dalit vote? Will SCs ditch Mayawati due to her poor electoral track record? If yes, who do they back? All eyes are now on March 10.(Amitabh Tiwari is a political commentator and strategist. A former corporate and investment banker, he tweets @politicalbaaba. Views expressed are personal.) Read | What’s behind Akhilesh’s ‘Samajwadi-Ambedkarwadi’ unity call for UP polls?Read | Here's how much Samajwadi Party chief Akhilesh Yadav is worth as per his poll affidavit",NA,https://www.indiatoday.in/diu/story/jatavs-vs-non-jatavs-mayawati-losing-grip-akhilesh-s-ambedkarite-outreach-dalit-conundrum-in-up-1907837-2022-02-02
8,data-intelligence-unit,NA,NA,NA,NA,https://www.indiatoday.in/diu/video/budget-2022-watch-where-the-money-comes-from-and-where-it-goes-1907365-2022-02-01
9,data-intelligence-unit,NA,NA,NA,NA,https://www.indiatoday.in/diu/video/diu-video-rafael-nadal-made-history-with-21-grand-slam-titles-1906885-2022-01-31
10,data-intelligence-unit,Will Budget 2022 heal India’s sagging education system?,"(30, 1, 2022)","India is one of the countries where school closures due to the pandemic were the longest in the world. While the global average of school closures was under 35 weeks, it was 73 weeks in India till the end of September 2021, with the third wave forcing further closures. When children return to school after almost two years of no formal instruction, the learning deficits are expected to be much deeper.

In addition, many affordable smaller private schools have shut down and with migrants returning to their villages, the demand for public education is likely to have increased during the pandemic, says the Annual Status of Education Report 2021.But while the pandemic has induced fresh demands from public education, the situation was grim even before it commenced.Sample these: Of the nearly 11 lakh government schools in India, four lakh have less than 50 students and 1.1 lakh have less than 20 students.Only around 19 per cent of a teacher's annual school hours are spent on teaching activities. The remaining time is spent on non-academic activities such as election duties, data collection, mid-day meal distribution, etc.In over 60 per cent of government primary schools in Uttar Pradesh, children were found sitting in multi-grade classrooms, possibly due to lack of space or teachers, according to the Annual Status of Education Report 2018.Only 12 per cent of children in Std III could read at Std II level and 11 per cent could solve a simple Std II level subtraction problem.All these underline that the need for a drastic improvement in public education also necessitates more expenditure from the government. However, instead of an increase, it has fallen in the last 10 years. From 11.4 per cent of the total government expenditure in 2011-12, spending on education has fallen to 10.4 per cent in 2020-21, according to the Economic Survey 2021. It has been below 11 per cent since 2014-15.Education comes under the social sector and the fall in its expenditure is despite the rise in the proportion of social sector expenditure during the same period. Infographic by India Today DIUThe expenditure on education is limited to below 3.5 per cent of India's GDP. In 2011-12, spending on education was 3.2 per cent of the GDP, which stood at 2.8 per cent in 2018-19.In comparison, Brazil spends 6.3 per cent of its GDP on education, South Africa 5.9 per cent and the United Kingdom 5.4 per cent, while the global average is 4.2 per cent, according to the World Bank. Infographic by India Today DIURealising this gap, the National Education Policy 2020 endorsed a substantial increase in public investment in education by both central and state governments.""The Centre and states will work together to increase public investment in the education sector to reach 6 per cent of GDP at the earliest,"" education minister Dharmendra Pradhan had apprised Lok Sabha on December 6, 2021.Status of education in India Spending on education in India is low even as the country has the largest school footprint in the world with about 15 lakh schools having a total enrolment of over 26 crore students.However, student learning outcomes in the country consistently reflect that universal access has not translated into an improved quality of education in India, according to a recently released report by Niti Aayog.The National Achievement Survey (NAS) also cautioned that average scores across several grades and subjects are as low as 40-50 per cent.Government schools found wanting The difference between government and private schools in the country is stark. While an average Indian government school has only 50-60 students and 1-2 teachers, an average private school has about 265 students and nine teachers.While the number of teachers is already low in government schools, only around 19 per cent of a teacher's annual school hours are spent on teaching activities. The remaining time is spent on non-academic activities such as election duties, data collection, mid-day meal distribution, etc.Also, over 17 per cent of teaching positions in government schools are currently vacant, the highest being in Bihar (2.7 lakh) and Uttar Pradesh (2.1 lakh).Live TVREAD | Loss of income, rise in health expenses: How the Covid pandemic has made Indians poorerALSO READ | GDP growth, fiscal deficit, disinvestment & others: Five key numbers to watch out for in Budget 2022-23 WATCH | Tax Collections outpace GDP growth",NA,https://www.indiatoday.in/diu/story/budget-india-education-system-covid-school-closures-1906438-2022-01-30
11,data-intelligence-unit,"GDP growth, fiscal deficit, disinvestment & others: Five key numbers to watch out for in Budget 2022-23 ","(28, 1, 2022)","Amid the third wave of coronavirus, Union finance minister Nirmala Sitharaman is all set to lay out the country’s economic growth plan in the upcoming Budget on February 1. The government is expected to spend more money on infrastructure and health care to revive the pandemic-battered economy. Here are the five key numbers to be watched out for in the upcoming Budget:

Growth of economy The pandemic has had a devastating human and economic cost. Gross Domestic Product (GDP) dropped 7.7 per cent in the financial year 2021. However, the latest estimate shows the growth will bounce back by 9.2 per cent in the ongoing financial year compared to the last year. But Rating agencies see the growth with some riders. “GDP will grow 7.6 per cent Year on Year in FY2023. After a gap of two years, the Indian economy will show a meaningful expansion, as the real GDP in FY23 will be 9.1 per cent higher than the FY2020 (pre-COVID level) GDP level. However, the size of the Indian economy in FY23 will be 10.2 per cent lower than the FY23 GDP trend value,” credit rating agency India Ratings and Research recently said in its webinar on the economic outlook.Tax collection More than two-third of the government’s receipts come from taxes. The share of personal income tax has surpassed the other direct tax, corporate tax, after about 20 years. After the pandemic, corporate tax plunged nearly 20 per cent in FY2021 compared to FY 2020. At the same time, personal taxes dropped only around seven per cent. The tax-GDP ratio is still very low compared to other countries. For instance, the tax-GDP ratio in OECD countries has been above 30 per cent for the last 20 years. In contrast, this ratio in India was hovering around 10 per cent even before Covid. This low tax-GDP ratio has provided the government space to peg the overall tax revenue this time to more than the FY2022 Budget level of Rs 22.17 lakh crore.Fiscal deficit  The fiscal deficit shows that the government is spending beyond its means. The gap is usually financed by debt, leading to another burden in terms of interest. Data shows fiscal deficit in FY21 was Rs 18.5 lakh crore as opposed to Rs 12 lakh crore in the previous Budget. However, most of this rising deficit is after the accommodation of off-budget borrowings, which are now reported as the government’s borrowings.SpendingAdditional spending as a fiscal stimulus, especially in FY21 (revised estimate), has pushed the total expenditure from Rs 26.86 lakh crore to Rs 34.5 lakh crore almost 28 per cent higher compared to 19 percentage points the previous year. Capital expenditure rose to 2.5 per cent of GDP as per FY22 Budget estimate, up from 2.2 per cent in FY21 (RE) and 1.6 per cent in FY20. Latest monthly data available with the Controller General of Accounts (CGA) show that overall expenditure has already reached 59.6 per cent of the Budget estimate as of November 2021, with revenue expenditure at 61.5 per cent and capital expenditure at 58.5 per cent. However, it is less than last year.Disinvestment: An ambitious target The government thought it would collect Rs 1.75 lakh crore from disinvestment in FY 22 (BE). In reality, the government was around 95 per cent short of this target at the close of the third quarter of the ongoing financial year. Department of Investment and Public Asset Management data till December 2021 indicated that the government achieved only over Rs 9,000 crore through disinvestment in seven central public sector companies. Moreover, the government could hardly achieve its target even before the onset of the pandemic. For instance, in the last six years, the target has been met only twice, and even then, the shares of one public company were sold to another PSU.ALSO READ | Congress’ ‘nari shakti’ contrast: 40% women candidates in UP, below 10% in other poll-bound states",NA,https://www.indiatoday.in/diu/story/economic-growth-fiscal-deficit-disinvestment-tax-collection-budget-nirmala-sitharaman-1905957-2022-01-28
12,data-intelligence-unit,NA,NA,NA,NA,https://www.indiatoday.in/diu/video/india-covid-19-snapshot-positivity-rate-drops-to-15-9-in-a-week-1905780-2022-01-28
