SN,category,headline,date,content,keywords,link
1,cities,"Coimbatore: Now, Annur residents can win a trip to Ooty for waste segregation efforts","(13, 4, 2022)","N Ranganathan, the councillor of the 12th ward of Annur constituency in Coimbatore, has taken an initiative to encourage people in his ward to adopt waste segregation, saying that residents can win a one-day trip to Ooty if they segregate waste at their homes before dumping it.

He has been distributing awareness pamphlets to the 500 families in the ward about waste management.The pamphlets explain about the degradable and non-degradable waste and how to dispose them. While suggestions to make a composite pit with the degradable waste have been given, the ward officials are trying to make the people dispose of their waste in an environmentally friendly manner.TRIP TO OOTY FOR WASTE SEGREGATIONTo motivate the families for the same, the ward councillor has said that 50 women out of the 500 families who on a daily basis will segregate the waste before giving it to sanitation workers regularly for 45 days from April 14 to June 1, will win a trip to Ooty.The councillor said, ""There are 500 families in the 12th ward and we have created awareness on how to dispose degradable and bio-degradable waste. We are confident that the women here will participate in this 45-day drive and support the efforts of the ward as well.""READ MORE| Best places to visit in winter in IndiaREAD MORE| Bhubaneswar Municipal Corporation plans ‘thank you’ note to appreciate waste segregation efforts","['ooty trip', ' waste segregation', ' chennai news', ' annur residents can win an ooty trip', ' ooty trip for waste segregation']",https://www.indiatoday.in/cities/coimbatore/story/ooty-trip-waste-segregation-annur-constituency-councillor-1936876-2022-04-13
2,cities,"Delhi: Man attacks two with Kirpan in Kamla Nagar, 1 dies","(13, 4, 2022)","Over some financial issues, a man attacked two people with a Kirpan in Kamla Nagar Market on Tuesday.

The accused, identified as Gurpreet, who was a financier, had conducted some financial business with the injured victim named Siya Ram.Yesterday evening, when Gurpreet reached the market and asked Siya Ram for his money, a fight broke out between the two.Fumed with anger, Gurpreet attacked Siya Ram with his Kirpan. A man named Ganga Mahto, who was trying to intervene and solve the matter, also got injured.After that, onlookers caught Gurpreet, thrashed him and handed him to the police.Both the victims were taken to the hospital where Ganga succumbed to his injuries, while Siya Ram survived and was undergoing treatment.Meanwhile, Gurpreet has also sustained injuries and is undergoing treatment. The police have taken him into custody and are waiting for him to recover so that they can start the investigation.READ| Maximum temperature dips below 40 degrees Celsius in Delhi",['delhi news today delhi news live delhi news update delhi news breaking delhi news latest delhi news covid delhi breaking news'],https://www.indiatoday.in/crime/story/delhi-man-arrested-for-killing-one-injuring-another-with-kirpan-in-kamla-nagar-1936885-2022-04-13
3,cities,Chandigarh: Slight respite from heatwave as mercury dips to 37.5 degrees Celsius,"(13, 4, 2022)","Under the impact of the fresh western disturbance, Chandigarh remained cloudy on Tuesday, resulting in a drop in day temperature to 37.5 degrees Celsius. On Monday, the city had recorded the daytime temperature at 40.7 degrees Celsius.

MERCURY DIPSDue to cloudy weather triggered by the fresh western disturbance, Chandigarh on Tuesday recorded daytime temperature at 37.5 degrees Celsius.According to the India Meteorological Department (IMD), this was the lowest maximum temperature in the city since April 5.As per the prediction by the weather department, under the influence of the Western Disturbance, rainfall is likely over Punjab on April 12 and 13, which will further bring relief for Chandigarh in the form of cool winds and a reduction in the maximum temperature by 1-2 degrees Celsius.Under the influence of Western Disturbance; moderate isolated/scattered rainfall likely over WHR during 12th to 16th with maximum intensity on 13th & 14th April and isolated rainfall likely over Punjab on 12th & 13th and northwest Rajasthan & north Haryana on 13th .— India Meteorological Department (@Indiametdept) April 12, 2022
READ MORE| Delhi: Slight respite from heatwave, temperature dips marginally","['chandigarh news', ' chandigarh heatwave', ' mercury dips in chandigarh', ' ']",https://www.indiatoday.in/cities/chandigarh/story/chandigarh-weather-imd-forecast-mercury-dips-heatwave-1936866-2022-04-13
4,cities,Maximum temperature dips below 40 degrees Celsius in Delhi,"(13, 4, 2022)","For the first time in six days, the maximum temperature dropped below 40 degrees Celsius in Delhi on Tuesday.

Safdarjung weather station recorded the temperature at 39.5 degrees Celsius on Tuesday. With a partly cloudy sky, it is likely to remain the same on Wednesday.Meanwhile, the minimum temperature was recorded at 22.5 degrees Celsius. It is expected to be around 21 degrees Celsius on Wednesday.The India Meteorological Department (IMD) said the maximum temperatures will start rising slightly to 40 degrees Celsius by Friday.The IMD further said that a western disturbance is expected across the northern plains from April 18 to 20, but will only bring clouds over Delhi.At 259, the Air Quality Index (AQI) in Delhi stood in the poor category at 8 am on Wednesday.READ MORE: Ahmedabad second hottest in Gujarat at 41.5 degrees CelsiusREAD MORE: Uttar Pradesh: Retired doctors to be re-appointed at government hospitals","['delhi', ' maximum temperature', ' heatwave', ' weather department', ' safdarjang weather station', ' india meteorological department', ' imd', ' summers', ' heat ']",https://www.indiatoday.in/cities/delhi/story/maximum-temperature-dips-below-40-degrees-celsius-in-delhi-1936870-2022-04-13
5,cities,Uttar Pradesh: Retired doctors to be re-appointed at government hospitals,"(13, 4, 2022)","Keeping in mind the increasing demand for doctors at government hospitals, medical officials have decided to re-appoint doctors retiring from government hospitals of the state.

The Directorate General of Health sought applications for reappointment of doctors retiring at the age of 62 and around 198 doctors applied. The selected doctors will be called for counselling on April 17-18.During the counselling, doctors will be allotted hospitals. These doctors will be given an honorarium by reducing the amount of pension from their last salary.While 100 doctors will be allotted hospitals on April 17, the others will get them on April 18.The re-deployed doctors will not be allowed to continue private practice or prescribe medicine outside the hospital.Talking about the hike in demand for specialised doctors at the government hospitals, the Director-General of Health Dr Vedbrata Singh said that while selecting doctors, their specific qualifications would be taken care of.""The first priority will be the selection of a radiologist, second anaesthetist and then a gynaecologist. For the reappointment of doctors retiring at the age of 62, a total of 198 doctors have applied"", the Director-General disclosed.Live TV--- ENDS ---READ | Mumbai: CNG price increased by Rs 5 per kg, PNG records hike of Rs 4.50 | Check latest rates here",['Lucknow Lucknow news Lucknow live news Lucknow '],https://www.indiatoday.in/cities/lucknow/story/uttar-pradesh-retired-doctors-to-be-re-appointed-at-government-hospitals-1936860-2022-04-13
6,cities,Ahmedabad second hottest in Gujarat at 41.5 degrees Celsius,"(13, 4, 2022)","Ahmedabad was the second hottest city in Gujarat as it recorded a maximum temperature of 41.5 degrees Celsius on Tuesday.

The minimum temperature dropped slightly to 22.2 degrees, 1.4 degrees lower than normal.Meanwhile, Amreli and Rajkot were the hottest with 41.8 degrees Celsius, according to the India Meteorological Department (IMD) data.As per the weather department forecast, the maximum temperature is likely to remain around 41 degrees. There will be no major change in the temperature during the next 48 hours.Eight of the weather stations in Gujarat recorded 40 degrees or higher maximum temperatures.READ MORE: Mumbai: CNG price increased by Rs 5 per kg, PNG records hike of Rs 4.50 per scm| Check latest rates here","['ahmedabad', ' maximum temperature', ' heat wave', ' india meteorological department', ' amreli', ' rajkot', ' summer season']",https://www.indiatoday.in/cities/ahmedabad/story/ahmedabad-second-hottest-city-in-gujarat-at-41-5-degree-celsius-1936856-2022-04-13
7,cities,"Mumbai: CNG price increased by Rs 5 per kg, PNG records hike of Rs 4.50 per scm| Check latest rates here","(13, 4, 2022)","Within a week of steeply increasing the retail price of CNG and PNG, the city gas utility announced another hike in the prices of these fuels by Rs 5/kg and Rs 4.50, effective Tuesday midnight, citing the massive rise in input prices.

It had earlier raised the retail price of auto fuel CNG and cooking gas PNG by Rs 7 and Rs 5, respectively.MGL had on March 31 lowered the retail prices of CNG by Rs 6/kg and for PNG by Rs 3.50 after the state government had slashed VAT on these fuels to 3 per cent from 13.5 per cent effective April 1.On April 6, MG increased the prices of these fuels by Rs 7 and Rs 5, respectively.The company today announced a Rs 5/kg hike in auto CNG to Rs 72/kg and by Rs 4.50 /SCM for domestic piped natural gas to Rs 45.50/SCM in and around Mumbai.It said from April 1, the Centre has increased the supply price of domestically-produced natural by 110 per cent.Further, the cost of re-gasified LNG, which is being blended to offset the shortfall in the availability of domestic gas for CNG and domestic PNG segments, is at historically high levels. This combination has resulted in a significant increase in the cost of gas being procured by MGL, it said.The revised price of CNG is cheaper by 59 per cent over petrol 31 per cent cheaper than diesel, while domestic PNG is around 19 per cent cheaper than LPG, it added.On March 31, the utility had announced a steep reduction in the retail price of CNG by Rs 6/kg and piped gas by Rs 3.50/SCM, from April 1 after the state had lowered VAT on natural gas from 13.5 per cent to 3 per cent.But that announcement came on the same day when the Centre jacked-up producers' price by a whopping 110 per cent for the next six months beginning April 1 for domestically produced natural gas citing a spike in global energy rates.The supply price of gas from regulated fields of state-owned ONGC and Oil India rose to a record USD 6.10 per million British thermal units (mmBtu) from USD 2.90, and the rate for difficult fields like deepwater will rise to USD 9.92 per mmBtu for April-September from USD 6.13 per mm.READ| Chennai-based IT company gifts cars to 100 employees who contributed in firm’s growth",['Mumbai news today Mumbai news live Mumbai news update Mumbai news breaking Mumbai news latest Mumbai news covid Mumbai breaking news'],https://www.indiatoday.in/cities/mumbai/story/mumbai-cng-price-increased-by-rs-5-png-records-hike-of-rs-4-50-check-latest-rates-here-1936838-2022-04-13
8,cities,Chennai-based IT company gifts cars to 100 employees who contributed in firm’s growth,"(13, 4, 2022)","In a unique initiative to motivate and thank the employees for their hard work, a Chennai-based company named Idead2IT gifted 100 Maruti Suzuki cars to 100 employees.

The company gave cars to employees who have been a part of the firm for more than 10 years.Speaking at the occasion, Murali Vivekanandan, Founder and Chairman of Ideas2IT said that it's their way of giving back the company's earnings to the employees who worked hard for the company.He said, ""The company has grown only because of the hard work of the employees and many have stayed with the company since its inception. This act was only the first step more such initiatives will be rolled out.”""We are an employee-driven company and it was the employees who chose the car. There were several ideas discussed, from plots to cryptocurrencies to several other things. The car was the finally chosen gift. This is just the beginning, more such incentives for employees will be done,"" Murali added.The company's chairman handed over the car keys to different employees in front of the families of the employees.Recently, another Chennai-based company named Kissflow gifted luxury BMW cars to its five senior executives, each worth about Rs 1 crore.READ| 87% Indian households affected by soaring vegetable prices: Survey",['Chennai it firm in chennai chennai it firm 100 cars it firm gives 100 cars ideas2it'],https://www.indiatoday.in/cities/chennai/story/chennai-based-it-company-gifts-cars-to-100-employees-1936803-2022-04-13
9,cities,Physical classes shut at Ghaziabad school after student tests Covid positive,"(13, 4, 2022)","The Jaipuria School in Ghaziabad has stopped physical classes after a Class 10 student tested positive for Covid-19. As of now, the school will conduct online classes.

""We just received information about one student having tested positive. As a precautionary measure, due to increasing cases of Covid in Ghaziabad, we are closing school for offline classes and will have online classes till further notice. Any student who reaches school, will be taken care of,"" Director Principal said.Meanwhile, ten more children have tested positive for Covid-19 in Uttar Pradesh's Gautam Buddh Nagar, taking the total number of minors who got infected this week to over 20 in the district, officials said on Wednesday.The Gautam Buddh Nagar health department said 33 more people have tested positive for the infection in the district since Tuesday morning, including the 10 children.The total number of active cases in the district, adjoining Delhi, stands at 90, the department said in a statement.","['Physical classes shut Ghaziabad school', ' student tests Covid positive']",https://www.indiatoday.in/coronavirus-outbreak/story/physical-classes-shut-ghaziabad-school-student-covid-positive-1936801-2022-04-13
10,cities,"Delhi: Slight respite from heatwave, temperature dips marginally","(13, 4, 2022)","After reeling under scorching heat for days, Delhiites finally took a sigh of relief as the mercury slightly dipped on Tuesday.

The temperature marginally dropped in the national capital, giving some respite to the residents from the heatwave.But this relief is likely to be short-lived as the heatwave is soon expected to be at its peak.A fresh arrival in the western disturbance is one of the reasons behind the fall in temperature.Yesterday, while the maximum hovered around 39.5 degrees Celsius in Delhi, the minimum stood at 22.5 degrees Celsius.As per the weather report, the maximum temperature in the Lodi Nagar area was 39.6 degrees Celsius, whereas the temperature in Mayur Vihar, East Delhi was 38.1 degrees Celsius.Areas such as Ayanagar, Najafgarh, Pitampura and more recorded a maximum temperature above 40 degrees Celsius.The maximum temperature has been hovering between 40-43.5 degrees Celsius for the past couple of days, with severe heatwaves.According to the forecast by the India Meteorological Department (IMD), the maximum temperature will fall in Northwest India for next 2-3 days, before rising.The influence of the western disturbance may lead to light to moderate rainfall over the Western Himalayan region till April 16 with maximum intensity on April 13-14.Live TV--- ENDS ---READ | Delhi: Farmhouse caretaker lynched by cow vigilantes in Chhawla; five arrested","['Delhi Weather Forecast', ' Delhi Weather', ' Delhi Weather wind blow', 'Delhi Weather Forecast today', ' Delhi Weather today', 'Delhi Weather pollution level', ' imd Delhi Weather Forecast', ' imd weather forecast', ' weather forecast', ' fresh western disturbance', ' rainfall forecast today', ' weather updates', ' imd weather forecast delhi', ' rainfall in bihar', ' rainfall in jharkhand', ' weather forecast shimla', ' shimla snowfall', ' weather today', ' weather forecast india', ' imd weather forecast india', ' india weather forecast', ' india weather forecast imd', ' weather forecast today', ' weather forecast', ' delhi weather forecast', ' cold weather alert']",https://www.indiatoday.in/cities/delhi/story/delhi-slight-respite-from-heatwave-temperature-dips-marginally-1936788-2022-04-13
11,cities,Supertech insolvency: Company law tribunal stays formation of committee of creditors till April 19,"(12, 4, 2022)","The Delhi-bench of National Company Law Appellate Tribunal (NCLAT) on Tuesday stayed the formation of the committee of creditors (CoC) under the insolvency proceedings till April 19 and issued notices to parties, giving a sigh of relief to Supertech Ltd. Listing the appeal till April 19, the NCLAT said that IRP shall not constitute the CoC during the stay period. The NCLAT stayed the formation of a committee under the insolvency proceedings till April 19 as the real estate developer sought time to negotiate with banks.

On March 25, the NCLAT initiated insolvency proceedings against Supertech Ltd after the Union Bank of India filed a petition over the non-payment of dues worth Rs 432 crore.The appeal was filed by Ram Kishor Arora who expressed satisfaction over the interim order passed by NCLAT. He said that NCLAT has taken into consideration the concerns of all stakeholders, including homebuyers. Earlier, the homebuyers had sought immediate intervention of NCLAT to address their concerns.The case pertains to the loan given by the Union Bank of India to the Eco Village II project at Greater Noida. The project was being developed at a total cost of Rs 1,106.45 crore.With this, the fate of around 11,000 housing units became uncertain. Most of the buyers were skeptical about the capability of the persons appointed by NCLT to complete a large number of projects which were being developed by Supertech Limited. They cited no definite commitment on schedule of construction or delivery timeline from the appointed agency.ALSO READ| Supertech declared insolvent by company law tribunalHOME BUYERS SOUGHT INTERVENTIONApproximately 7000 home buyers belonging to different Home Buyer Associations had sought immediate intervention of NCLAT to allow the Promoters of Supertech to carry on construction so as to meet the construction and delivery timelines.Mr. Naveen Dubey, representative of the Home Buyer Association in Capetown, argued that since default in payment of Union Bank’s dues is in respect of one project of Eco Village-II Project, the other projects should have been delinked from the process.According to Vinod Pandit and Sandeep Bagchi, representatives of EV-2 Home Buyer Association, are also not in favour of IBC and the developer should allow to complete as more than 80 per cent has been completed. Further, the order of the NCLT would have an unnecessary impact on the interests of all stakeholders in all projects.The different home buyers’ associations filed Intervention Application in NCLAT against the judgement of NCLT. Legal professionals are also of the view that other projects have been dragged into the process unnecessarily causing undue hardship to buyers and others and they cited different orders in which only affected projects are subjected to initiation of Reverse CIRP. Similar orders have already been allowed by NCLAT, they added.ALSO READ| Supertech twin towers will be demolished by May 22, Noida authority tells SCALSO READ| Supertech insolvency: Guide for homebuyers to file claims","['nclat', ' supertech', ' Supertech Ltd insolvency proceedings', ' nclat supertech case', ' union bank of india greater noida project', ' Supertech Ltd insolvency proceedings nclat', ' National Company Law Appellate Tribunal']",https://www.indiatoday.in/cities/delhi/story/supertech-insolvency-company-law-tribunal-stays-formation-of-committee-of-creditors-till-april-19-1936720-2022-04-12
12,cities,Delhi: Farmhouse caretaker lynched by cow vigilantes in Chhawla; five arrested,"(12, 4, 2022)","Delhi police have filed two FIRs after a caretaker in a farmhouse was lynched and his friends were allegedly threatened and beaten after a group of men, claiming to be 'cow vigilantes' attacked them on suspicion that they were slaughtering cows. Police said 40-year-old Rajaram, who worked as a caretaker at farmhouse in Dwarka’s Chhawla area, was taken to Rao Tularam Memorial Hospital (RTRM) hospital but was declared dead by doctors. S.D.M Kapashera, Delhi and senior officers were informed about the matter.

Police said two separate cases have also been registered in the matter and five men were arrested from the spot.The first FIR was filed on the basis of a complaint by Mohammed Shanu that a group of men reached the farmhouse and attacked those who were present inside it. Two FIRs were filed in connection with the crime.PROBE LAUNCHEDIn the first FIR, Shanu said that he and his friends were often called by Rajaram to slaughter cows in the farmhouse and later pack the meat for sale. The complainant said that on Monday, when the caretaker and others were slaughtering a cow, a group of miscreants thrashed and threatened them. Acting on the basis of a complaint, police filed an FIR under sections 323. 337, 341, 506 and 34 of the Indian Penal Code (IPC).Another FIR was filed under sections pertaining to cow slaughter, Delhi Agriculture Prevention Act, Prevention of Cruelty to Animals Act and other relevant sections of the IPC. Police said all efforts are underway to arrest the other accused involved in the crime and further investigation is underway.ALSO READ| Delhi police busts cattle slaughtering gang; five arrested after gunfightALSO READ| Noida: Gang member involved in beef sale held after brief encounter","['cow vigilantes chhawla', ' chhawla cow slaughter', ' delhi cow slaughter', ' delhi farmhouse caretaker lynched', ' Farmhouse caretaker lynched by cow vigilantes', ' cow slaughtering in delhi', ' cow slaughtering in delhi chhawla', ' man lynched by cow vigilantes in delhi chhawla']",https://www.indiatoday.in/cities/delhi/story/delhi-farmhouse-caretaker-lynched-by-cow-vigilantes-chhawla-five-arrested-1936710-2022-04-12
