SN,category,headline,date,content,keywords,link
1,cities,Delhi: Six injured in air conditioner explosion in Okhla's restaurant,"(14, 4, 2022)","At least six people sustained injuries in a minor air conditioner explosion at a restaurant in the Okhla area of Delhi on Thursday afternoon.

The blast occurred at around 3.50 pm. However, the fire was brought under control within minutes of the incident.The injured people include Danish, Nadeem, Ajju, Saan Mohd, Bijay and Ikra.""As per the information, an AC compressor exploded in the restaurant, Waffle Mania, Okhla, and the six people who sustained injuries were admitted to the Holy Family hospital,"" DCP South East said.The cause of the explosion is yet to be ascertained.READ MORE: Chandigarh airport gets new taxi track to cut back occupancy time","['new delhi', ' okhla', ' jamia', ' air conditioner explosion', ' minor blast', ' hotel', ' delhi police', ' fire department']",https://www.indiatoday.in/cities/delhi/story/delhi-air-conditioner-explodes-restaurant-okhla-five-injured-1937514-2022-04-14
2,cities,Bombay HC grants Rs 2.5 crore compensation to kin of motor vehicle accident victim,"(14, 4, 2022)","The Bombay High Court has awarded Rs 2.5 crore as compensation to the family of a motor vehicle accident victim from Ambernath East, who passed away in 2016.

The bench of Justices Gautam Patel and Madhav Jamdar observed, ""As we have held that the accident occurred solely due to the negligence of the driver of the Tempo, the family members are entitled to a total compensation of Rs 2,58,45,336.”The amount to be paid to the family will have to be jointly paid by the vehicle owner and the insurance company.The family members of the deceased, parents, wife and 13-year-old daughter had earlier only been awarded 40 per cent of the amount by the Motor Accident Claims Tribunal (MACT) after it returned a finding of contributory negligence on part of the deceased.The MACT then apportioned the contributory negligence between the deceased and the driver of the other vehicle as 60 per cent and 40 per cent respectively and awarded the appellants Rs 1,03,38,144.The victim’s family challenged the tribunal’s order in the High Court.According to the family members, there was no negligence on the part of the deceased and the accident occurred solely due to rash and negligent driving by the Tempo driver. They stated that the tribunal’s finding regarding contributory negligence was contrary to the evidence given by two independent witnesses who were present at the spot of the incident.The High Court noted that even though both the eyewitnesses had provided their phone numbers to the police upon their arrival at the spot of the accident, they were not contacted for their statements to be recorded. The bench also found that the FIR was registered by a constable and not the driver or the owner of the offending vehicle. The constable claimed to be on patrolling duty when he reached the spot of the accident. The HC, however, pointed out that according to the evidence on record, the police arrived after one of the eyewitnesses made a phone call to them.The bench noted that the tribunal had recorded contradictory findings. The tribunal had specifically accepted the evidence of eyewitnesses and accepted their version regarding the manner in which the accident had taken place.READ MORE: Chandigarh airport gets new taxi track to cut back occupancy timeREAD MORE: Gurugram: Assistant Sub-Inspector arrested for taking bribe","['ambernath east', ' mumbai', ' mumbai police', ' bombay high court', ' accident victim', ' road accident', ' tempo driver', ' ']",https://www.indiatoday.in/cities/mumbai/story/bombay-hc-grants-compensation-to-kin-of-motor-vehicle-accident-victim-1937508-2022-04-14
3,cities,Gurugram: Assistant Sub-Inspector arrested for taking bribe,"(14, 4, 2022)","An Assistant Sub Inspector (ASI) of Badshahpur was caught red-handed by the vigilance team while taking a bribe.

ASI Vinod Kumar was arrested for asking a bribe of Rs 7,000 from a complainant.This is the second arrest regarding corruption made by the vigilance team in 72 hours.On Monday, the Vigilance team of Rohtak had arrested a constable demanding Rs 1.5 lakh as a bribe.Live TV--- ENDS ---ALSO READ | Gurugram: Three held for kidnapping, assaulting private firm’s senior executives over dispute","['Bribery', ' corruption', ' gurugram', ' anti corruption', ' arrest ']",https://www.indiatoday.in/cities/gurugram/story/assistant-sub-inspector-arrested-taking-bribe-1937491-2022-04-14
4,cities,"Delhi: Three held for killing man in Sangam Vihar, pistols recovered","(14, 4, 2022)","Three days after a man was allegedly shot dead in Delhi's Sangam Vihar area, a special team of Delhi police arrested three people in connection with the murder. The accused have been identified as Rashid, Deepak and Rohit and two pistols with eight live cartridges were also recovered from them.

On April 10, police received a call from caller Rahul that the three accused, along with their accomplices, barged into the meat shop with firearms and lathis in G block in south Delhi's Sangam Vihar. Rahul said that the attackers attacked his uncle Hukum Singh and other inmates in the shop to settle personal scores.The two accused, Rohit and Deepak, had allegedly fired on Singh, leading to his death on the spot and Rahul managed to escape from the spot, CCTV footage showed. ACCUSED NABBEDActing on a tip-off, police laid a trap to arrest Rashid and Deepak near Khanpur Red Light, MB Road and apprehended them. After a brief scuffle, the duo were arrested and were disarmed by the members of the team.With their arrests and seizure of pistols, police filed a case under appropriate sections of the law in this regard. Upon further interrogation of the accused, police nabbed the third accused, Rohit, on the intervening nights of Wednesday and Thursday near Kalkaji temple.The three accused have been found allegedly involved in 10 other cases of murder, attempt to murder, robbery, extortion, vehicle theft, threatening, hurt intimidation, assault on police, and arms act in the national capital.MURDER FOR REVENGEPolice said the accused have admitted their offence and disclosed that on 28 March 2022, Rahul and his family had allegedly beaten Gudda for which he had sustained a head injury. “Thus, to avenge the humiliation, the heavily armed accused persons had gone to Rahul’s shop,” the police added.An FIR has been filed and further investigation is underway.ALSO READ| Patna: 22-year-old man shot dead, police suspect old enmityALSO READ| UP: Class 9 student killed by brother for leaving house without informingALSO READ| Ranchi man repeatedly rapes sister-in-law, threatens to kill family","['sangam vihar murder', ' three held in sangam vihar murder', ' three held for killing man in sangam vihar', ' sangam vihar murder cctv footage', ' delhi crime news', ' delhi sangam vihar murder', ' sangam vihar crime news', ' man killed in sangam vihar', ' man killed in meat shop sangam vihar', ' sangam vihar murder accused arrested']",https://www.indiatoday.in/crime/story/delhi-three-held-killing-man-sangam-vihar-pistols-recovered-1937484-2022-04-14
5,cities,Chandigarh airport gets new taxi track to cut back occupancy time,"(14, 4, 2022)","To cut back the occupancy time of the runway, a brand-new taxi track has been made operational at the Chandigarh International Airport, said chief executive officer (CEO) Rakesh Dembla on Wednesday.

Dembla was quoted by the Times of India as saying, “The hourly flight dealing with the capability of the airport will improve. Currently, 12 flights could be dealt with every hour. The track will allow at least 20 flights per hour.” He mentioned the airport has additionally bought r paver block apron, a first of its form within the nation as the opposite aprons are both of concrete or tar coal.The Southern Taxi Monitor (STT), parallel to the main runway, was inaugurated by CHIAL CEO and AOC, IAF, by letting a passenger aircraft taxi over the track.“A taxiway is a path for plane at an airport connecting runways with aprons, hangars, terminals and different amenities. They principally have a tough floor reminiscent of asphalt or concrete, though smaller basic aviation airports typically use gravel or grass. However, now we have made it a concrete taxiway with lights fitted in the course of the taxiway”, Dembla added.He mentioned the taxiway, parallel to the precise runway, has a size of 900 metre giving sufficient area for 15 to twenty plane to line up earlier than becoming a member of the runway for take-off.","['chandigarh', ' chandigarh airport', ' taxi track', ' airport taxi track', ' chandigarh airport gets new taxi track ']",https://www.indiatoday.in/cities/chandigarh/story/chandigarh-airport-gets-new-taxi-track-cut-back-occupancy-time-1937485-2022-04-14
6,cities,"Vistara announces direct flights to Coimbatore, expands its domestic footprint","(14, 4, 2022)","India’s finest full-service carrier, Vistara, on Thursday, announced the addition of Coimbatore as the 31st destination to its domestic network with direct connectivity to and from Delhi, Mumbai and Bengaluru, starting from May 20.

The airline will operate daily flights to the city from Delhi and Mumbai and double daily connectivity from Bengaluru starting June 3 June.A popular tourist attraction and a key industrial hub, Coimbatore is also Vistara’s second destination in the state of Tamil Nadu, after Chennai.Bookings are now open on all channels.Vinod Kannan, Chief Executive Officer, Vistara, said, “We are delighted to be adding Coimbatore to our domestic network and further strengthening our presence in the South of India. Coimbatore is a popular tourist destination and a key industrial hub of Tamil Nadu. We are confident that travelers will appreciate having the choice of flying Vistara on the routes and enjoy our award-winning product and services.”Live TV--- ENDS ---ALSO READ | Coimbatore: Now, Annur residents can win a trip to Ooty for waste segregation efforts","['Vistara announces direct flights to Coimbatore', ' expands its domestic footprint ']",https://www.indiatoday.in/cities/coimbatore/story/vistara-announces-direct-flights-to-coimbatore-expands-domestic-footprint-1937474-2022-04-14
7,cities,"Lucknow: One dead, 8 injured after speeding car mows down crowd attending Tilak ceremony","(14, 4, 2022)","In a shocking incident, a man lost control of his car and ramped over a crowd attending wedding festivities in Lucknow’s Gosaiganj area.

The group of people had gathered at Swayamwar lawn for a Tilak ceremony when a speeding car, driven by an unidentified man, hit them.At least eight people were injured while one person was killed in the incident.The car was being driven by an unidentified man who was trying to escape from an altercation between two groups that had occurred at some distance from the lawn where the event was being organized.A case has been registered by the police and an investigation is underway.READ| Delhi govt’s Schools of Specialized Excellence renamed after Dr BR Ambedkar",['Lucknow Lucknow news Lucknow speeding car Lucknow accident Lucknow road accident'],https://www.indiatoday.in/cities/lucknow/story/lucknow-speeding-car-mows-down-crowd-attending-tilak-ceremony-one-dead-1937426-2022-04-14
8,cities,"Beggar syndicate in Bihar uncovered, investigation underway","(14, 4, 2022)","In a shocking revelation from Bihar, the search for a missing handicapped child led to the unearthing of a large-scale beggar industry at play in the state.

A child from Katihar named Gulshan had been missing from his home for the past one and half months. His family members had filed a missing person’s complaint at the Manihari Police station and were frantically searching for him.A few days ago, they came to know about a boy who had been begging on the streets of the district, and his description matched that of Gulshan.Upon enquiring further, it was revealed that the handicapped person begging on the streets of Katihar was indeed Gulshan.After reuniting with his family, the boy shared shocking details of the ordeal he went through. According to him, he was lured in by a person who worked in the beggar syndicate active on the streets.The man then brought Gulshan to Hajipur locality where he was kept with other underage children who were all being given training on how to beg.He also said that keeping in view the ongoing month of Ramadan, he was placed in front of Mosques to collect more money from those distributing alms.He said that during a normal day he used to collect somewhere between 1,000 to 1,500 Rupees, of which a major portion was taken away by the beggar mafia and syndicate members.NGOs and intellectuals working towards poverty alleviation have urged the local police to take strict action against the perpetrators of such organized crimes.Manhihari, DCP Manoj Kumar has ensured that, taking the seriousness of the situation into consideration, police has begun identifying those involved in organized criminal acts and forcing people to beg for money.He also ensured strict actions against those found guilty.READ | Delhi: Girl jumps off Akshardham metro station in suicide attempt | Video",['patna news patna live news patna begger syndicate patna news beggar patna beggar news'],https://www.indiatoday.in/cities/patna/story/beggar-syndicate-in-bihar-uncovered-investigation-underway-1937422-2022-04-14
9,cities,Delhi govt’s Schools of Specialized Excellence renamed after Dr BR Ambedkar,"(14, 4, 2022)","The Delhi government’s Schools of Specialized Excellence (SoSEs) have been renamed as Dr BR Ambedkar Schools of Specialized Excellence.

The decision was taken by the Kejriwal government during a meeting of the state naming authority, which also approved the naming of at least 16 parks under the Delhi Development Authority (DDA) after freedom fighters.""Delhi government's Schools of Specialised Excellence (SoSEs) have been renamed as 'Dr. BR Ambedkar Schools of Specialized Excellence'. It is an honour for us to name our schools after him. Having schools named after Dr BR Ambedkar will bring a sense of responsibility among students to serve the nation and make it an even better place to live in the future,"" Sisodia, who chaired the meeting, said.CM Kejriwal, Minister Manish Sisodia, AAP MLA Atishi inaugrated Khichdipur School of Excellence today.Kejriwal said, ‘’We have renamed 30 best schools of Delhi, it would be now known as Ambedkar School of Excellence.’’‘’When we came to power, many suggested us that it should be made mandatory that all government officials should send their children to government schools. It would improve the quality of the government schools. We decided to improve the quality of government schools,’’ Kejriwal added.This year nearly 3.75 lakh students came from private schools to Delhi government schools.Notably, the Delhi government has established 31 SoSEs in the past two years, of which 30 SoSE were renamed after Dr Bhimrao Ambedkar on Tuesday.During the meeting yesterday, the state naming authority also approved the renaming of Government Boys Senior Secondary School (GBSSS) No-2 Adarsh Nagar after Olympian Ravi Dahiya and now it will be named ‘Ravi Dahiya Bal Vidyalaya’.Live TV--- ENDS ---ALSO READ | Massive fire breaks out at restaurant in Delhi's Punjabi Bagh, 12 fire tenders rushed to spot","['delhi', ' delhi govt', ' kejriwal', ' delhi govt schools', ' dr br ambedkar', ' ambedkar jayanti', ' manish sisodia']",https://www.indiatoday.in/cities/delhi/story/delhi-govt-schools-of-specialized-excellence-renamed-after-dr-br-ambedkar-1937421-2022-04-14
10,cities,Ahmedabad: Mentally-ill woman gives birth to child in washroom,"(14, 4, 2022)","A mentally-ill woman, living under the Women's Protection Development Home in Ahmedabad, gave birth to a child in the toilet on Thursday.

She delivered the child when she went to the toilet to pee in the morning.The child's head got stuck in the hole of the toilet seat. A team of Ahmedabad Fire Brigade was informed, who rushed to the spot and helped in safely rescuing the baby.The mother and the child were taken to a hospital and are said to be in a stable condition.READ MORE: Assam entrepreneur launches eco-friendly tea packets that grow into plantsREAD MORE: Lucknow Police launches new app to curb crime and accidents | Details","['ahmedabad', ' mentally-ill', ' Women Protection Development Home', ' gujarat', ' child delivery', ' pregnant woman', ' toilet', ' fire department']",https://www.indiatoday.in/cities/ahmedabad/story/ahmedabad-mentally-ill-woman-gives-birth-child-washroom-1937405-2022-04-14
11,cities,"Massive fire breaks out at restaurant in Delhi's Punjabi Bagh, 12 fire tenders rushed to spot","(14, 4, 2022)","A massive fire has broken out at a restaurant in Delhi's Punjabi Bagh area. Twelve fire tenders have been rushed to the spot.

(More details awaited)","['Massive fire breaks out restaurant', ' Delhi Punjabi Bagh fire tenders rushed spot']",https://www.indiatoday.in/cities/delhi/story/massive-fire-breaks-out-restaurant-delhi-punjabi-bagh-fire-tenders-rushed-spot-1937390-2022-04-14
12,cities,"After Ghaziabad and Noida, Delhi school reports Covid-19 case","(14, 4, 2022)","A Covid-19 case was reported in a private school in South Delhi. It is uncertain whether a teacher or a student tested positive for the virus. To tackle the situation, the entire class was granted leave.

""We are keeping an eye on the situation,"" Aam Aadmi Party (AAP) MLA Atishi said after the case of infection was reported in the Delhi school.Earlier, several private school children in Noida and Ghaziabad tested positive for Covid-19. Following the spike in cases, several schools in these areas issued an advisory to parents.In the advisory, the schools asked parents to monitor Covid-19 symptoms in their children, and in case of symptoms, children should not be sent to school. The advisory also said that in case the child is suffering from fever, cough and loose motion, the child should not be sent to school.Meanwhile, the Jaipuria School in Ghaziabad stopped physical classes after a Class 10 student tested positive for Covid-19. As of now, the school will conduct online classes.Besides this, 10 more children tested positive for Covid-19 in Uttar Pradesh's Gautam Buddh Nagar, taking the total number of minors who got infected this week to over 20 in the district, officials said on Wednesday.Amid the surge in cases, Delhi Chief Minister Arvind Kejriwal said, ""We are keeping an eye on the situation. Hospitalisation has not increased. There is no need to panic...If need be, we will issue SOPs for Delhi schools.""","['After Ghaziabad and Noida', ' Delhi school reports Covid-19 case']",https://www.indiatoday.in/coronavirus-outbreak/story/after-ghaziabad-noida-delhi-school-reports-covid-19-case-1937379-2022-04-14
