SN,category,headline,date,content,keywords,link
1,cities,"Lucknow: Man beaten to death with sticks, sharp weapons","(20, 4, 2022)","A man died in Lucknow after being attacked with sticks and sharp weapons by some miscreants.

The deceased, identified as Rohit Yadav, who was a former district secretary of Samajwadi Party’s business division, was called for a meeting by the accused named Sachin Yadav.When Yadav reached the meeting spot, he saw Sachin, with Shivkumar and his other associates.ALSO READ | Bengaluru: Uber increases trip fares by 10% after rise in fuel prices, Ola to followThe miscreants attacked the victim with sharp weapons and sticks, leaving him brutally injured.The victim was urgently rushed to the trauma centre where he died.The police have registered a murder case against Sachin and other associates and the investigation is on to nab the accused.Live TV--- ENDS ---ALSO READ | Hyderabad: Engineer thrashed for disconnecting power after non-payment of electricity bills","['lucknow', ' lucknow news', ' lucknow man killed lucknow thrashed lucknow lucknow killed with sticks lucknow sharp weapons']",https://www.indiatoday.in/crime/story/lucknow-young-man-beaten-to-death-with-sticks-sharp-weapons-1939618-2022-04-20
2,cities,"Greater Noida: Temples, mosques and DJs get police notice on loudspeakers","(20, 4, 2022)","The Deputy Commissioner of Police of all three zones of Gautam Budh Nagar issued a notice to all religious places and procession houses to limit the loudspeaker volume as per the norms. 

They have been told to keep the sound as per the orders of Allahbad High Court and the Supreme Court.NOTICE ISSUED/ /0 pic.twitter.com/gGsU90Iezv— POLICE COMMISSIONERATE GAUTAM BUDDH NAGAR (@noidapolice) April 19, 2022
Notices have been issued to 265 mosques and 602 temples along with 16 other religious places in the district. More than 200 procession houses and 180 DJ operators were also given this notice.The Supreme Court, in July 2005, banned the use of loudspeakers and music systems between 10 pm to 6 am (except in the cases of public emergencies) at public places, citing serious effects of noise pollution on the health of the people living in such areas.On May 15, 2020, the Allahabad High Court held that azaan could be recited by a muezzin (an Islamic priest) from minarets of the mosques by human voice only without using any amplifying device or loudspeakers.READ MORE| Special squad likely to monitor, enforce SC norms on loudspeakers in Maharashtra","['noida news', ' noida police news', ' delhi ncr', ' gautam budh nagar', ' religious processions', ' loud sounds', ' use of loudspeakers', ' loudspeaker rules']",https://www.indiatoday.in/cities/noida/story/noida-police-notice-loudspeaker-use-religious-loud-sounds-1939612-2022-04-20
3,cities,Hyderabad: Engineer thrashed for disconnecting power after non-payment of electricity bills,"(20, 4, 2022)","An assistant engineer from the electricity department in Hyderabad was assaulted for disconnecting the electricity over non-payment of the bills.

Around four young men were irked after the electricity department staff disconnected their power.They entered the electricity office and thrashed an official named Vijay Kumar.On the basis of the complaint lodged by Kumar, one of the attackers, named Vishal, was arrested by the police.The accused hasn’t paid his electricity bills in the last two years and that's why his electricity was disconnected. Vishal’s bills, amounting to Rs 15,000, were unpaid.READ | Now, enjoy scenic view of River Hooghly in Air Conditioned Launch | Details",['hyderbad hyderabad electricity department electricity department in hyderabad assistent engineer assaulted'],https://www.indiatoday.in/cities/hyderabad/story/official-thrashed-for-disconnecting-electricity-in-hyderabad-1939593-2022-04-20
4,cities,"Bengaluru: Uber increases trip fares by 10% after rise in fuel prices, Ola to follow","(20, 4, 2022)","With the rise in fuel prices across the nation, Uber India has announced a jump in the existing trip fares by 10 per cent in Bengaluru.

Cab rides will become more expensive for riders as Uber has decided to increase the trip fare.Nitish Bhushan, head of central operations, Uber India and South Asia, said that the prices have been increased, keeping in mind the prices of petrol, diesel and CNG.The prices have been hiked after listening to the concerns of the drivers.Reportedly, Ola is also planning to hike the current trip fares but the final decision on the same is still awaited.Previously, Uber increased the trip fares in Delhi-NCR by 12 per cent and in Mumbai by 15 per cent.READ | Uber increases trip fares by 12% in Delhi-NCR after rise in fuel prices","['petrol price', ' hike in petrol prices', ' petrol prices increase', ' hike in petrol rates', ' new']",https://www.indiatoday.in/cities/bengaluru/story/bengaluru-uber-charges-increased-after-fuel-hike-check-here-1939563-2022-04-20
5,cities,Parts of Kalyan-Dombivli to face six-hour power cuts on April 20 | Check timings here,"(20, 4, 2022)","Several parts of Kalyan East and Dombivli will face power cuts for six hours from 10 am to 4 pm due to maintenance work on Wednesday.

Areas where the power supply will be disrupted in Dombivli, include Ramnagar, Kellar road, Rajaji Road, Kranti Nagar, Madrasi Mandir, Mahatre Nagar, Aayre road, Dutt Nagar, Shiv Mandir Road, DNC college area, Nandivali road, Tukaram Nagar and Sudamawadi area, according to an official release by Maharashtra State Electricity Distribution Company Limited (MSEDCL).The Kalyan East area includes- Ajdepada, Sagarli, MIDC colony, Indira Nagar, Trimurti Nagar, Patharli and Gymkhana road.The power supply is expected to be restored by 4 pm.READ MORE: Delhi’s peak power demand clocks 5,735 MW, highest ever in AprilREAD MORE: Hyderabad: Bahadurpura flyover thrown open to the public from today ","['mumbai', ' power cuts', ' power supply disruption', ' kalyan east', ' dombivli', ' Maharashtra State Electricity Distribution Company Limited', ' msedcl', ' maintenance work ']",https://www.indiatoday.in/cities/mumbai/story/six-hour-power-cuts-kalyan-dombivli-april-20-1939557-2022-04-20
6,cities,"Covid-19: Amid uptick in cases, Gurugram health department issues advisory for schools","(20, 4, 2022)","Amid the sudden rise in Covid-19 cases, the district health department has issued an advisory for schools to ensure thermal scanning, physical distancing and wearing of masks on the premises in Gurugram.

In the 12-point advisory, the district health department focused on ensuring that students, staff and teachers remain safe from coronavirus.As per the advisory, face masks have been made mandatory inside the school premises. All the students and teachers must follow Covid appropriate behaviour. It will be monitored on the CCTVs.The Gurugram administration said, “We are again witnessing a surge in Covid cases in April. Daily we are reporting nearly 200 cases. On Monday, the district had reported 198 cases. The positivity rate is also up from 1.62 per cent in March to 5.97% on Monday. Nearly 15 per cent of cases are being reported in children on a daily basis. So surveillance in schools is of utmost importance to us.”READ | 632 Covid cases in Delhi in 24 hours - up 26% from Monday, positivity rate drops to 4.42%The advisory read, “No symptomatic child should be allowed in the school. Effective disinfection of classes and surfaces must be ensured on a daily basis. If a child is tested positive, they must be isolated for seven days at home and testing of suspected close contacts be done.”Parents have demanded that schools should operate in a hybrid model, with an option for children to attend classes online.READ | Coronavirus Spike: Centre writes to 5 states over rising Covid-19 cases, positivity rate","['covid 19 covid cases', ' covid 10 cases new cases of covid spike in covid cases']",https://www.indiatoday.in/cities/gurugram/story/gurugram-health-department-issues-advisory-to-schools-amid-covid-spike-1939552-2022-04-20
7,cities,Agra: Three foreign tourists among five test Covid-19 positive,"(20, 4, 2022)","With a sudden surge in Covid-19 across the nation, Agra has also reported five new cases on Monday, including three foreign tourists.

The district health department has gone on an alert mode and asked citizens to wear masks and take precautions in public.Out of these five infected, one is a tourist from Mexico while two tourists have come from the US.The other two are local patients from Agra.While appealing to the public to take precautions amid the Covid-19 spike, District Magistrate Prabhu N Singh, said “35 days ago, on March 13, two patients were found in Kamla Nagar, so the Kamla Nagar area was a hot spot, but soon the cases stopped coming. Now the test report of 2763 patients has come, where five people have been found positive.”Chief Medical Officer Dr Arun Srivastava told India Today those three tourists from Mexico and America had come to Agra to see the Taj Mahal.“When they got tested in a private lab, the virus infection was confirmed in the report. Samples of these three are being sent for genome sequencing,” he added.He also revealed that the travel history of all three foreign tourists is also being investigated.COVID-19 VACCINATION Amid the spike in cases, the administration ran the vaccination drive at around 426 centres in Agra. Around 15,241 people, including children, were vaccinated on Monday.Vaccination in charge Dr Sanjeev Burman said that 3240 children in the age group of 12 to 14 years received their first dose, while 104 children got the second dose.He revealed that as many as 299 children aged 15 to 17 have received the first dose and 1899 have received the second dose, while 3818 people above the age of 18 years have received the first dose and 5433 have received the second dose. Around 458 have also been administered a booster dose.Additional District Magistrate (City) AK Singh said that in view of the effect of increasing corona infection in the NCR region, a message regarding Covid-19 and its precautions will be played at every intersection of the city. He said that everyone must use a mask to prevent themselves from Covid-19.READ | Odisha: Baby delivered using phone, candle light at health centre in Ganjam",['Agra Agra news Agra covid Agra covid outbreak Agra coronavirus'],https://www.indiatoday.in/coronavirus-outbreak/story/agra-three-foreign-tourists-among-five-test-covid-19-positive-1939538-2022-04-20
8,cities,"From vehicles to electricity, here’s what is poisoning Agra’s air","(20, 4, 2022)","Thousands of domestic and foreign tourists visit the cities of Agra, Mathura and Vrindavan and marvel at the sights and landmarks they have to offer. Another thing that takes them by surprise -- albeit an unpleasant one -- is the high level of pollution in these cities.

A foreign tourist visiting Agra told India Today that they noticed a marked difference in the air quality around the Taj Mahal, where automobiles are prohibited, and that of the rest of the city. This indicates that vehicular traffic is one of the major contributors to air pollution in the city.Aryan Gupta, an Agra resident and a researcher at Dayalbagh Deemed University, said that 15.54 kilotons of pollutants are released into the air in the city every day. At 50 per cent, the energy sector has the highest contribution to pollution.READ | Yamuna’s condition worsens in Agra due to high pollution despite heavy rainAryan stated that 8.87 kilotons of pollutants are emitted daily from the electricity consumed in Agra. The effect of pollution caused by coal etc. to generate electricity is being felt across the whole country. Aryan Gupta has done his research under the guidance of Dr Ranjit Kumar.Responding to a question, Dr Ranjit Kumar said that the lack of awareness about various sources of pollution and health problems has led to the deterioration of air quality. The major sources of air pollution are found to be energy, transportation, agricultural waste, household, and industry. Therefore, there is a need to run air pollution control programmes to mitigate the problem.Vishal Sharma, secretary of the Agra Tourist Welfare Chamber, said that the elements that are poisoning the city of Taj’s air include particulate matter (PM-10, PM-2.5), carbon dioxide, sulfur dioxide, nitrogen dioxide.The emission list for Ammonia, Methane has been released recently and the total emissions of all these pollutants have been found to be 15.54 kilotons per day. Sharma said that in the transport sector, most of the pollution is caused by cars and buses.Therefore, it is imperative to bring clean air to the list of Fundamental Rights, he said, as that is the only hope of respite from the poisonous air that is slowly killing us.Live TV--- ENDS ---READ | Agra choking to death as pollution levels rise","['agra pollution', ' taj mahal', ' vrindavan', ' mathura', ' particulate matter', ' air pollution']",https://www.indiatoday.in/cities/agra/story/from-vehicles-to-electricity-what-is-poisoning-agra-air-1939502-2022-04-20
9,cities,"632 Covid cases in Delhi in 24 hours - up 26% from Monday, positivity rate drops to 4.42%","(19, 4, 2022)","Delhi today logged a 26 per cent spike in daily Covid-19 cases with 632 infections in 24 hours - the highest since February 17. The positivity rate - the number of infections per hundred tests - dropped from 7.72 per cent yesterday to 4.42 per cent.

No deaths have been recorded for the third straight day today.The number of infections in the national capital has seen a steady spike over the last few days. On Saturday, the city registered 461 cases, while the count remained over 500 on Sunday and Monday.According to the government data, 1,274 patients are in home isolation and 41 are being treated at hospitals.14,299 tests were conducted in the last 24 hours, of which 7,691 were RT-PCR tests while the rest were antigen tests.A fourth wave of Covid-19 is unlikely since there are no new mutants that have come to the notice of the officials, IIT-Kanpur professor Manindra Agrawal told India Today TV. His mathematical model had been used as a reference point for understanding the Covid activity and behaviour in the country over the past two years.Live TV--- ENDS ---Also Read: | 461 Covid cases in Delhi in 24 hours, 26% more than Friday","['632 Covid cases in Delhi in 24 hours - up 26% from Monday', ' positivity rate drops to 4.42%']",https://www.indiatoday.in/coronavirus-outbreak/story/spike-in-covid-cases-in-delhi-positivity-rate-drops-1939445-2022-04-19
10,cities,"Covid under control, no need for restrictions: Trader’s body writes to DDMA","(19, 4, 2022)","Ahead of Delhi Disaster Management Authority (DDMA) meeting on April 20, the Chamber of Trade and Industry (CTI) has written a letter urging the body not to impose restrictions stating that the Covid-19 situation is under control in the national capital.

The steady rise in Covid cases in Delhi has caused concern for the government as well as common men. DDMA has called a meeting on April 20 to discuss the coronavirus situation in the national capital as Delhi recorded 501 new cases yesterday and the infection rate reached 7.72%.In the meeting, DDMA will discuss the current state of Covid on the basis of which restrictions could be announced.""If necessary, the DDMA should make it mandatory to wear a mask but the penalty should not be Rs 2,000 ,"" Goyal said, while maintaining that restrictions should not be imposed.NO NEED FOR RESTRICTIONSCTI Chairman Brijesh Goyal and President Subhash Khandelwal said that according to many medical experts, the condition in Delhi is not too dangerous, as although the numbers are rising, the infection is not that serious since hospitalisation is still low.""Now the marriages have also started and somehow the business is getting back on track. If there is any restriction, the business will suffer. Decisions (regarding restrictions) should not be taken only on the basis of case escalation and positivity rate, but the rate of hospitalisation and bed occupancy and effectiveness of the variant should also be considered,"" Goyal said.According to the genome sequencing done at Lok Nayak Hospital (LNJP) Hospital, the XE variant was not found in Delhi. They furthered their case by stating that even the Chief Minister, Arvind Kejriwal, said that the situation was being monitored and there is no need to panic.HOSPITALISATION STILL LOWGoyal also added that vaccines had been administered on a large scale in Delhi and so, the immunity of people has also been boosted because of that. The decision of restrictions should not be made just on the escalation of covid cases alone. The seriousness of symptoms and the hospitalisation rates should also be considered before making decisions.They again stressed the fact that hospitalisation was still very low in Delhi. Out of the 9735 Covid beds, only 81 are currently occupied. Thus, proving that while the infection rate has increased, the seriousness of the disease remains low.LOSS FOR BOTH BUSINESS AND GOVTThe CTI requested that no restrictions be imposed on the markets and business activity since huge economic losses would be incurred by not just the businesses but also the state. If business activity stops, the labourers would migrate out of Delhi and then it would become difficult for them to return.""It is clear that the cases of coronavirus have increased, but they are not fatal or dangerous. The CTI urges that there should be no strictness on the markets and business activities right now. The DDMA should take a decision only after considering all these aspects,"" Goyal said.READ MORE: Delhi’s peak power demand clocks 5,735 MW, highest ever in April","['Covid', ' Delhi', ' DDMA', ' CTI', ' business', ' Covid restrictions Delhi', ' Delhi coronavirus', ' Delhi Covid', ' DDMA', ' Chamber of Trade and Industry', ' delhi government']",https://www.indiatoday.in/cities/delhi/story/covid-under-control-restrictions-trader-body-ddma-1939413-2022-04-19
11,cities,"Delhi’s peak power demand clocks 5,735 MW, highest ever in April","(19, 4, 2022)","The unabated heatwave in the national capital continues to push the power demand to newer highs. Delhi’s peak power demand touched 5,735 MW on Tuesday, the highest ever in the month of April.

This is an increase of over 28 per cent from April 1, 2022, when the city clocked 4,469 MW power demand. On Monday, the peak power demand clocked 5,641 MW.Since March 1, the peak power demand has increased by over 42 per cent, when the city had clocked 4,040 MW.In the month of April, Delhi’s peak power demand has already crossed 5,000 MW in nine days so far.As compared to this, the peak power demand in April had not crossed 5,000 MW even once in 2021 and 2020. Delhi’s peak power demand in April 2021, had only reached a peak of 4,372 MW on April 16. In 2020, it had clocked a high of 3,362 MW.In April 2019, it crossed the 5,000 mark in seven days, the first time being on April 24.Till April 19, 2022, the peak power demand has been higher by 100 per cent on the corresponding days vis-a-vis that of April 2021. It is also higher on 100 per cent of the corresponding days of 2019.PEAK POWER DEMAND IN MARCHThe city’s peak power demand in March 2022 had clocked 4648 MW on March 31, 2022. This is the highest ever power demand recorded during March in the national capital.It is an increase of nearly 25 per cent from the peak power demand recorded during March last year.READ MORE: Hyderabad: Bahadurpura flyover thrown open to the public from todayREAD MORE: Greater Noida: Major fire breaks out in Kasna area, over 50 shanties gutted","['delhi', ' peak power demand', ' heatwave', ' summer', ' april', ' march', ' national capital', ' ']",https://www.indiatoday.in/cities/delhi/story/delhi-peak-power-demand-highest-ever-in-april-1939405-2022-04-19
12,cities,"Assam: 750 gram heroin worth Rs 7.5 crore seized in Guwahati, two held","(19, 4, 2022)","The Guwahati Police arrested two people with heroine worth Rs 7.5 crores on Tuesday.

50 packets of heroin, weighing a total of 750 grams, were seized by the Assam police in the Garchuk area of Guwahati. Two persons were also apprehended along with the contraband drug.Assam Chief Minister Himanta Biswa Sharma lauded the Assam Police’s “tirade against drugs”. In a tweet on April 19, the CM shared pictures of the drugs seized during the operation.#AssamAgainstDrugsIn an op under JCP Partha Mahanta and ADCP Sanjib Saikia, 750 grams Heroin has been seized. Also, two accused have been apprehended in the process.Our compliments to @assampolice as it continues its tirade against drugs! Well done @DGPAssamPolice pic.twitter.com/tU43fP8HSW— Himanta Biswa Sarma (@himantabiswa) April 19, 2022
Retweeting the tweet, the Guwahati Police wrote, “Our unwavering commitment to weed out narcotics remains absolute. We remain committed to a 24/7 vigil against drugs.”Thank You for your kind words of encouragement.Our unwavering commitment to weed out narcotics remains absolute. We remain committed to a 24/7 vigil against drugs.Kudos to JCP Partha Mahanta & team for yet another stellar catch! https://t.co/7rocF9IFIw— Guwahati Police (@GuwahatiPol) April 19, 2022
In another incident, the Assam Police had arrested a suspected drug peddler from Manipur who was smuggling more than 260 grams of heroin in soap cases via a bus.This incident had taken place in Assam’s Karbi Anglong district when the police stopped a bus coming from Manipur.","['Drugs', ' Heroin', ' Assam', ' Guwahati', ' Assam police']",https://www.indiatoday.in/cities/gurugram/story/assam-750-gram-heroin-seized-in-guwahati-two-held-1939399-2022-04-19
