SN,category,headline,date,content,keywords,link
1,cities,Delhi: Girl jumps off Akshardham metro station in suicide attempt | Video,"(14, 4, 2022)","A ruckus erupted at the Akshardham metro station on Thursday morning after a 25-year-old girl tried to kill herself by jumping off the edge of the sidewall.

Luckily, a Central Industrial Security Force (CISF) personnel noticed her and immediately informed the shift head. They reached the spot and tried to convince the girl to come down.The girl turned deaf ear to their pleas and signalled that she would not get off the edge.WOMAN ATTEMPTS SUICIDEThe shift in charge immediately informed the station controller, metro control, cluster Inspector and line in charge, who then informed the local police and arranged an ambulance.The shift in charge along with four staff from the nearby mall went down to the ground and arranged a thick blanket to rescue the girl.Despite all possible efforts, the girl jumped off the edge but was rescued by the team.She suffered some injuries to her leg. She was immediately rushed to the Lal Bahadur Shastri Hospital for further treatment.The girl is conscious and has suffered some injuries to her right leg.READ | Thiruvananthapuram: Special CBI Court announces life term for accused in Shyamal Mandal murder case",['delhi suicide metro suicide suicide metro metro suicide case delhi news today delhi news live delhi news update delhi news breaking delhi news latest delhi news covid delhi breaking news'],https://www.indiatoday.in/cities/delhi/story/girl-jumps-off-akshardham-metro-station-delhi-suicide-attempt-watch-here-1937365-2022-04-14
2,cities,Thiruvananthapuram: Special CBI Court announces life term for accused in Shyamal Mandal murder case,"(14, 4, 2022)","A Special Court of the Central Bureau of Investigation (CBI) has convicted the accused named Mohammed Ali and announced a life imprisonment sentence in the 2005 murder case of Shyamal Mandal.

The court also charged the accused with a fee of over Rs 10 lakh, out of which, 4 lakh each will be given to the mother and the father of the deceased.For the unversed, Mandal, an engineering student, was abducted and murdered 17 years ago by Ali. Mandal was reported to be missing on October 13, 2005, and after that, the parents received a ransom call.While the parents did pay the ransom of Rs 10 lakh, Mandal was killed and his body was found in a sack near the bushes in Kovalam.In 2008, the CBI took over the case and started the investigation. A charge sheet was filed against the accused on 28 October 2010, after the investigation was completed.The Trial Court found the accused to be guilty and convicted him.Live TV--- ENDS ---READ | South African national held with 3.9 kg heroin worth Rs 24 crore at Mumbai airport",['Thiruvananthapuram news Shyamal Mandal murder case Shyamal Mandal murder case 2005 Shyamal Mandal murder case solved Shyamal Mandal murder mohammed ali arrested Shyamal Mandal murder case news'],https://www.indiatoday.in/crime/story/shyamal-mandal-murder-case-accused-given-life-imprisonment-1937343-2022-04-14
3,cities,Lucknow Police launches new app to curb crime and accidents | Details,"(14, 4, 2022)","The Yogi government has geared up to curb the crime rate in Uttar Pradesh. Lucknow Police Commissioner DK Thakur launched a crime and accident app on Wednesday which will serve the purpose of having complete information about criminal cases in all police station areas.

Every police station will have all the information regarding criminals on this app.In this app, the ratio of criminals and accidents or the details of criminals can be easily accessed through the map system. The police will be able to keep the details of the criminals and collect other necessary information.Talking about the app, Thakur said, ‘’Lucknow Police has launched 'Criminal and Accident' app in order to curb crime in the state. In this app, all the five zones of Lucknow Commissionerate will have information about every small and big crimes happening in the nearby areas. The details of every crime mentioned in the police stations will also be recorded in this application.’’Live TV--- ENDS ---ALSO READ | Fully vaccinated Lucknow doctor tests positive for Covid-19ALSO READ | Air India bus driver, passenger arrested at Lucknow airport for smuggling gold","['lucknow', ' lucknow police commissioner', ' crime and accident app', ' dk thakur', ' lucknow crime', ' uttar pradesh', ' yogi government', ' up crime ']",https://www.indiatoday.in/cities/lucknow/story/lucknow-police-launches-new-crime-accident-app-check-details-1937330-2022-04-14
4,cities,"Patna: 22-year-old man shot dead, police suspect old enmity","(14, 4, 2022)","A 22-year-old man was shot dead by unidentified miscreants in the Khajekala police station area in Patna on Tuesday night.

The victim, Aman, used to work as a computer operator in a private shop.The incident took place when the victim was working at the shop. The accused came on a bike, barged into the shop and fired four shots at Aman.He was rushed to the Patna Medical College Hospital, where the doctors declared him brought dead.The police suspect it to be a case of old enmity. A case was registered and efforts are underway to identify and nab the accused.READ MORE: CBI books private firm, promoters for bank fraud of over Rs 1,200 crore, searches 13 locationsREAD MORE: Ghaziabad: Minor abducted, killed by 16-year-old cousin & his two friendsREAD MORE: South African national held with 3.9 kg heroin worth Rs 24 crore at Mumbai airport","['patna', ' youth shot dead', ' old enmity', ' khajekala police station', ' unidentified miscreants', ' muder']",https://www.indiatoday.in/crime/story/patna-youth-shot-dead-police-suspect-old-enmity-1937318-2022-04-14
5,cities,South African national held with 3.9 kg heroin worth Rs 24 crore at Mumbai airport,"(14, 4, 2022)","A South African national, travelling from Johannesburg, was held by the Narcotics Control Bureau (NCB) at the Mumbai airport with 3.9 kg of heroin worth Rs 24 crore.

The accused was held at the Chhatrapati Shivaji Maharaj International Airport (CSI) with a red trolley, in which drugs were hidden.During the investigation, the team of NCB found a cavity in the bag where four packets of heroin were concealed.The team is further investigating the case.Live TV--- ENDS ---READ | Delhi Fire Service to teach housewives, students tricks to extinguish fire",['Mumbai news today Mumbai news live Mumbai news update Mumbai news breaking Mumbai news latest Mumbai news covid Mumbai breaking news'],https://www.indiatoday.in/crime/story/mumbai-ncb-held-south-african-national-with-four-packets-heroin-1937313-2022-04-14
6,cities,Hyderabad man apprehended for making hoax bomb threat,"(14, 4, 2022)","A hoax caller was apprehended by a joint team of the Railway Police and State Police. A threatening phone call was made on Wednesday, April 13, that a bomb was planted on trains coming from Visakhapatnam to Secunderabad.

The anonymous person called Dial 100 and informed the police about the bomb. As a result, 2 trains on their way from Visakhapatnam to Mumbai were stopped by the Railway Police to conduct checks.The trains were the LTT train at Kazipet and Konark Express at Cherlapally near Hyderabad. Later, it was discovered that the threat was a hoax call.The joint team of the Railways and State Police located the hoax caller in Bahadurpally, Hyderabad and apprehended him. During interrogation, he revealed his identity as 19-year-old Thorri Karthik and confessed to the offence, stating that he made a hoax call to see the response of the police department,The hoax caller was handed over to the Government Railway Police for further legal action.Also Read: Six killed, 13 hurt after blast at chemical factory in Andhra PradeshAlso Read: Andhra man kills self after being assaulted, humiliated by sarpanch; six arrested","['State', ' Railway Police', ' News', ' Hyderabad', ' India', ' Hoax bomb call']",https://www.indiatoday.in/cities/hyderabad/story/hyderabad-man-apprehended-for-making-hoax-bomb-threat-1937239-2022-04-14
7,cities,"Delhi Fire Service to teach housewives, students tricks to extinguish fire","(14, 4, 2022)","In a bid to create awareness regarding firefighting, the Delhi Fire Service will soon train housewives and students about effective methods of extinguishing fires.

It often happens that housewives catch fire and it’s crucial for them to learn ways of firefighting to avoid a tragedy.The Delhi Fire Service has also signed an MoU with the Guru Gobind Singh Indraprastha University to train a few useful tricks for firefighting to students.CDMS, GGSIPU & Delhi Fire Service jointly signed a MOU. Shri Shailendra Singh Parihar, Registrar, Shri Atul Garg, Director, Delhi Fire Services, Shri Manoj Kumar, Prof. Amarjeet Kaur, Dr. Sanjay Tomar, Dy. Chief Fire Officer & GGSIPU officials came together for this noble cause.— GGSIPU (@GGSIPUIndia) April 13, 2022
The training session will be held soon by the Delhi Fire Department for the students.The Delhi Fire Chief Atul Garg said that if the housewives and students are aware, the whole country and society will know the methods of extinguishing the fire and the incidents of fire in Delhi and its surrounding areas will eventually decline.Live TV--- ENDS ---READ | Chennai: Soon, Anna Salai will have new elevated corridor, expected to cut travel time",['delhi news today delhi news live delhi news update delhi news breaking delhi news latest delhi news covid delhi breaking news'],https://www.indiatoday.in/cities/delhi/story/delhi-fire-service-to-train-housewives-students-effective-tricks-to-extinguish-fire-1937225-2022-04-14
8,cities,"Chennai: Soon, Anna Salai will have new elevated corridor, expected to cut travel time","(14, 4, 2022)","In a bid to cut the travel time and reduce traffic congestion in Chennai, soon, a new elevated corridor will be constructed on Anna Salai between Teynampet and Saidapet.

The Tamil Nadu Minister for Highways, EV Velu, announced on Tuesday that a four-lane elevated corridor will be constructed in the city that will cost around Rs 485 crore.As per the report by the Indian Express, the minister disclosed that the new elevated corridor will be 3.2 km long, allowing vehicles to cross Eldams Road, SIET College, Cenotaph Road, Nandanam and CIT Nagar without facing heavy congestion on the road.Reportedly, a detailed project for the corridor is ready and tenders will be invited after getting proper sanction from the state government.To avoid any effect on the metro rail tunnels, the construction of the new elevated corridor will be done in a phased manner.According to a report published by the Hindu, the highway minister said, “The DPRs were finalised and have been submitted to the government. It is good to see that the Minister has announced this elevated corridor to help reduce traffic on the arterial road.”As per the reports, he revealed that the detailed project will cost around Rs 45 lakh for an elevated road from Light House to Guindy and Rs 25 lakh for constructing a flyover near Officers Training Academy on GST road and a foot over bridge at Koyambedu.The highway department has suggested the construction of a flyover at Kattupakkam that will cost around Rs 322 crore.The minister claimed that the new corridor would reduce traffic congestion and waiting time for motorists.READ | Delhi: Child rights body launches helpline number for children in distress",['Chennai Chennai news Chennai live news Chennai new corridor Chennai elevated corridor Chennai anna salai corridor anna salai corridor in chennai'],https://www.indiatoday.in/cities/chennai/story/chennai-anna-salai-will-have-new-elevated-corridor-expected-to-cut-travel-time-1937216-2022-04-14
9,cities,Delhi: Child rights body launches helpline number for children in distress,"(13, 4, 2022)","The Delhi Commission For Protection of Child Rights (DCPCR) has initiated an emergency response system, a helpline number, to help distressed children in the national capital. Having handled nearly 2.5 lakh calls in the past one year, DCPCR, the child rights watchdog in Delhi, is now expanding to include an emergency response system by means of an on-field distress helpline team.

With the launch of helpline vehicles for immediate response to children in distress, it will be ensured that help can be extended within 30 minutes.In an official statement, DCPCR said, ""The ‘Children Distress Response Helpline’ will be a critical government helpline service for reaching out to children physically in distressed and SOS situations.""@DCPCR | | | pic.twitter.com/hLO1WyO6c0— Kailash Gahlot (@kgahlot) April 13, 2022
DCPCR Chairperson, Anurag Kundu, told India Today, ""The team will not only provide relief to children who are in need but will also proactively undertake preventative measures and conduct field visits to protect children at the risk of danger and exploitation, which may include children at the risk of child marriage, child labour trafficking etc.""HELP ENSURED IN 30 MINSThe resources for this mechanism are being provided by the Delhi State Industrial and Infrastructure Development Corporation (DSIIDC). Health Minister Satyendar Jain, who is also the chairperson of DSIIDC, said, “The launch of helpline vehicles for immediate response to children in distress will ensure that within 30 minutes help can be extended to a child in distress.""The children distress response helpline will be rolled-out in a phased manner, catering to children in SOS or emergency situations, out of school children who may be at risk of exploitation and danger, mothers facing pregnancy emergencies, missing children, abandoned or orphaned children, children in street situations and others.The distress response helpline will function all-week from 9 am to 11 pm in the first phase and will later be expanded to a 24*7 helpline service. The response team will be stationed across districts in Delhi to cater to children in need of help as instantly as possible.ALSO READ| 824 schools without headmasters: Child rights commission issues notice to Delhi govtThe Chairperson of DCPCR appealed to all the citizens of Delhi to join hands with them to secure the future of children in distressed or SOS situations by informing DCPCR on Helpline number +919311551393. The Commission shall deploy its efforts to physically reach out to these children as instantly as possible.The move holds significance as most of the children, who are struggling to recover from the Covid-19 pandemic, need moral support.PLANS FOR MOBILE UNITThe transport ministry also plans to move a proposal for every sub-division in Delhi to have a mobile unit for reaching out to children in distress. Delhi Women and Child Development Minister Kailash Gahlot on Wednesday told PTI that a proposal will be moved to station mobile units at each sub-division so that children in distress can be reached on time.“We will bring a proposal to have mobile units at each sub-division to reach children in time if they are in distress,” Gahlot said.ALSO READ| How can Delhi govt rehabilitate 73k children in Rs 10 crore? Child rights panel chief slams CM KejriwalALSO READ| Covid-19 impact on school children to be studied: Delhi Govt","['Delhi Commission For Protection of Child Rights', ' helpline number delhi', ' helpline number for kids', ' helpline number children delhi', ' children helpline number', ' child rights body delhi', ' delhi news', ' emergency response system for children']",https://www.indiatoday.in/cities/delhi/story/delhi-child-rights-body-launches-helpline-number-for-children-in-distress-1937177-2022-04-13
10,cities,"Delhi Metro police busts gang of women pickpockets, six arrested","(13, 4, 2022)","The Special Staff of Metro Unit, Delhi Police apprehended a gang of six women pickpockets active in the Metro for committing offences. The accused have been identified as Laxmi, Pooja, Shashi, Varsha, Anchal and Yamuna and have been arrested.

On March 30, a complaint was filed by one Rohit Raj, a resident of Dwarka in Delhi, that his parents were robbed of their small wallet in the metro lift. The victim in his police complaint said, ""On March 30, his father, mother and brother reached Anand Vihar Metro Station to board the train. When they entered the lift, a group of four to five women also entered the lift and stole the small wallet from the luggage bag. The wallet contained two gold chains worth Rs one lakh, Aadhar, Pan and debit cards and some cash.""Jitendra Mani, DCP Metro, said ""During the course of the investigation, the CCTV footage of the incident was scanned and preserved, wherein five to six suspected ladies were seen in a group behind the complainant. With the intense efforts of the team members of the Special Staff Metro, the suspected women were identified in the CCTV footage.""ALSO READ| Delhi Police arrests absconding member of Mewat-based ATM robbers' gangHe added, ""A special staff team acted promptly and conducted a raid at the location along with the Inspecting Officer in this case in Haridwar. On the basis of CCTV footage and the call record details, four suspected women were arrested from Haridwar in Uttarakhand. Cash worth Rs 30,000 was also recovered from them.""Upon further interrogation, the accused disclosed that they used to commit thefts in metro train, stations, bus stands, railway stations and in crowded weekly markets.The accused used to keep a close watch on the passengers at the platforms, lifts and queues, follow them and then steal the wallets from passengers' pockets and bags.According to police, the accused are unemployed and belong to poor families. Two accused, Laxmi and Varsha, have been involved in several criminal cases in the past.ALSO READ| Delhi teacher held for stealing women's bags from metro station X-ray machines","['delhi police', ' six women pickpockets', ' delhi metro six women pickpockets', ' delhi metro women pickpockets', ' delhi metro thefts', ' six women pickpockets arrested', ' gang of six women pickpockets busted', ' delhi crime news', ' six women pickpockets arrested in delhi ']",https://www.indiatoday.in/crime/story/delhi-metro-police-busts-gang-of-women-pickpockets-six-arrested-1937144-2022-04-13
11,cities,"Delhi: 4 teens drown in Yamuna river, one body recovered","(13, 4, 2022)","At least four children drowned in the Yamuna river near South Delhi’s Jaitpur area on Wednesday. The rescue operation was immediately launched and so far, one body has been recovered.

The missing children have been identified as Mohd Ali (11), Sahil (13), Farman (13), Rihan (14), all residents of Delhi. Around 5 pm, after an intense manhunt, the body of Farman was fished out of the river and the search for the other minor children is still underway.Police said at around 3:35 pm, a call was received regarding four children aged 11 to 12 years who went missing when they had come to play near the Yamuna River. Police swung into action and reached the Yamuna river bank, adjacent to Vishwakarma Colony and met the caller Sadkat Ali.Shakat Ali, (38), told the police that his son Mohammad Ali and three other boys had gone to the Yamuna riverbut did not return. He told the police, ""I reached the Yamuna river and searched for them. I found the clothes of children lying near the banks of Yamuna river. Three jeans, three T-shirts, one shirt and four pairs of chappals were found lying near the river bank.""Upon receiving the information, the disaster management team, swimmers from the Flood department, boats with search lights, the fire brigade, cat ambulance and staff from DM East office reached the spot and launched a rescue operation. Swimmers and divers launched a search for the children in the Yamuna river with the help of search lights. Later on, the rescue operation was halted due to darkness.Preliminary investigation revealed that the children drowned while taking a bath in Yamuna. The parents of four children are labourers belonging to a lower income group, police said.ALSO READ| Draw of lots for Delhi Development Authority's housing scheme to be held on April 18ALSO READ| Newborn found floating in a pan on Yamuna, Mathura Police rushes baby to hospital","['delhi yamuna', ' delhi yamuna 4 children drown', ' one body recovered yamuna river', ' delhi yamuna river', ' yamuna river 4 children drown', ' 4 children drown in Yamuna river', ' yamuna river rescue operation']",https://www.indiatoday.in/cities/delhi/story/delhi-4-children-drown-yamuna-river-one-body-recovered-1937129-2022-04-13
12,cities,Noida admn asks schools to share details of students having Covid symptoms,"(13, 4, 2022)","Amidst the rise in Covid cases in the schools of the satellite cities, the district administration has issued an advisory to all schools seeking immediate information about students having Covid symptoms.

ADVISORY ISSUEDThe chief medical officer (CMO) of Gautam Budh Nagar, Dr Sunil Sharma, in an advisory, asked schools to immediately inform about any suspected case of Covid among their students.""Due to the rising cases of Covid, you (schools) are requested to inform about any student having fever, cough, diarrhoea, vomiting or any Covid related symptoms to the CMO office on the email, cmogbnr@gmail.com or at the helpline number 1800492211,"" Dr Sharma said in a statement.""You (schools) are requested to kindly provide the information as soon as possible so that treatment and other protocols shall be started on time,"" he added.So far, 33 cases have been reported in the city, out of which 13 are children. The administration has asked the schools to share details of Covid positive students as some schools, in their internal communications, have informed parents about Covid cases but the administration has not been informed.3 SCHOOLS SHUTTwo schools in Noida and one in Ghaziabad are shut for a week as Covid cases were detected among the students. Some schools have also suspended offline/physical classes.Meanwhile, the administration has requested residents not to panic, saying that the situation is under control.READ MORE| 3 schools shut in Noida, Ghaziabad after students test Covid positiveREAD MORE| Noida private schools issue advisory for parents after reports of Covid cases","['noida news', ' noida school news', ' covid among students', ' schools shut in noida', ' schools in noida shut', ' ']",https://www.indiatoday.in/cities/noida/story/noida-district-administration-schools-shut-covid-among-students-1937078-2022-04-13
