SN,category,headline,date,content,keywords,link
1,cities,"Greater Noida: Daughter, son-in-law kill elderly woman over insurance money","(15, 4, 2022)","A 55-year-old woman was killed by her daughter and son-in-law over insurance money in Greater Noida on Friday.

The partially burnt body of the woman was found in the kitchen of her house.The deceased was identified as Vimala, a resident of the Dankaur area in Greater Noida.After receiving the information, the police reached the spot and sent the body for post-mortem.The woman’s son, Vipin, alleged that his sister, Meenu, and brother-in-law, Mahavir, had been harassing their mother ever since she got Rs 15 lakh from an insurance policy after the death of their father.Two police teams have been formed to arrest the accused who are absconding.READ MORE: Five arrested for gang-rape of two girls in Ranchi, one still at largeREAD MORE: Nearly 20 days after death, Bihar woman’s body exhumed to probe murder case","['greater noida', ' insurance money', ' daughter', ' son-in-law', ' elderly woman', ' noida police', ' murder']",https://www.indiatoday.in/crime/story/greater-noida-daughter-son-in-law-kill-elderly-woman-over-insurance-money-1938016-2022-04-15
2,cities,Government job aspirants prepare for competitive exams at Ganga Ghat in Patna,"(15, 4, 2022)","Hundreds of aspirants have been preparing for government job exams while sitting on the banks of river Ganga in Patna.

Images of these students have gone viral on social media. The pictures are not only surprising but also inspiring. The images went viral after the well-known businessman, Harsh Goenka, shared them on his Twitter page.He wrote, ""Kids in Patna, Bihar are preparing for competitive exams on the banks of river Ganga. It is a picture of hope and dreams.”Kids in Patna, Bihar studying for competitive exams on the banks of river Ganges. It's a picture of hope and dreams.via @ParagonWorli18 pic.twitter.com/4yLn6mmWD9— Harsh Goenka (@hvgoenka) April 4, 2022
Students in Bihar are known for their hard work and ability to be able to crack competitive exams for government jobs in large numbers.Most of the students are currently preparing for the RRB Group D exam, which is to be held in June this year, for which about 5 lakh candidates have applied from Bihar.To prepare for the exam, every day between 4 and 6 am, these students sit together at the Ganga Ghat behind Patna University.READ MORE: Nearly 20 days after death, Bihar woman’s body exhumed to probe murder caseREAD MORE: Neighbours assault women, elderly man in Bharatpur","['patna', ' competitive exams', ' government job aspirants', ' ganga ghat', ' patna', ' upsc', ' patna university']",https://www.indiatoday.in/cities/patna/story/government-job-aspirants-prepare-competitive-exams-ganga-ghat-patna-1937986-2022-04-15
3,cities,"Civic body prepares action plan on prevention against mosquito, vector-borne diseases in East Delhi","(15, 4, 2022)","The East Delhi Municipal Corporation conducted a meeting in compliance with the orders by the Delhi High Court regarding the prevention and control of vector-borne diseases and formulated an annual action plan to prevent the residents from mosquitoes.

The EDMC formed a multi-prong strategy against mosquito-borne diseases.It will benefit the general public and several stakeholder departments. The new plan is available on the official website of EDMC.Under the new strategy, people are asked to avoid the stacking or dumping of unusable articles such as plastics or metals at the household level, as well as at the institutional level.These are potential breeding sites for the Aedes mosquitoes during and after rainfall.Also, officials have been asked to keep a check on the vehicles that are seized and dumped by the police stations.EDMC has initiated a strategy to scrap unusable items in order to minimise mosquito breeding.EDMC Commissioner, Vikar Anand said that all stakeholders have been informed to provide a list of sites or areas in their respective jurisdiction, which are low-lying and have a potential for waterlogging during and after the rainy season.(Inputs by Ram Kinker Singh)READ | Delhi Metro train services to remain suspended for few hours on April 17 | Check details here",['delhi news today delhi news live delhi news update delhi news breaking delhi news latest delhi news covid delhi breaking news'],https://www.indiatoday.in/cities/delhi/story/east-delhi-civic-body-prepares-annual-action-plan-on-prevention-against-mosquito-borne-diseases-1937941-2022-04-15
4,cities,Delhi: Two drug smugglers arrested with heroin worth Rs 1.5 crore,"(15, 4, 2022)","Two drug smugglers were arrested by a team of the Narcotic Cell and 500 gm of heroin worth Rs 1.5 crore was recovered from their possession in Delhi.

The accused were identified as Aamna (26), a resident of Sector A-6, Narela, and Ravi (22), a resident of Lal Flats, Block-7, Buddha Bazar Road.Out of the total recovery, 100 grams of heroin was recovered from Ravi and 400 grams of heroin was recovered from Aamna’s possession.During the house search of the accused, Aamna, packing materials (Electronic Weighing Machine, different sized polythene pouches) were also recovered.The accused used to procure drugs from Imran. Efforts are underway to locate his hideout.READ MORE: Andhra Pradesh: Man slits girlfriend’s throat over suspicion in GunturREAD MORE: Rajasthan: 7 children die of ‘mysterious illness’ in Sirohi village, health minister responds","['heroin', ' drug smuggling', ' narcotic cell', ' delhi police', ' narela', ' drug smugglers', ' hideout']",https://www.indiatoday.in/crime/story/delhi-two-drug-smugglers-arrested-heroin-worth-crores-1937935-2022-04-15
5,cities,"Woman gang-raped in west Delhi, three arrested within four hours","(15, 4, 2022)","Three men were arrested for allegedly raping a 36-year-old woman in the national capital on Friday. The accused, identified as Naveen Singh Bhandari (28), Bishwa Mohan Acharya (26) and Akshay Taneja (30) were taken into police custody within four hours of committing the crime.

Police said that they received information about a woman being gangraped at Police Post Madipur. Accordingly, police filed an FIR under section 376 D (punishment for rape) and 328 (Causing hurt by means of poison, etc., with intent to commit an offence) of the Indian Penal Code at the Punjabi Bagh police station.Police said that a further investigation is in progress.ALSO READ| 8-year-old raped in Rajasthan's Jhunjhunu, neighbour heldALSO READ| Delhi: Upset with husband, woman strangles 3-month-old daughterALSO READ| Meerut: Man kills wife in front of son, surrenders at police station","['delhi gang rape', ' delhi woman gang rape', ' 3 held for raping woman in delhi', ' three held within 4 hours for raping woman', ' 36 year old raped in delhi', ' three arrested for raping 36 year old woman', ' 36 year old raped by 3 men', ' three arrested within 4 hours for raping woman ']",https://www.indiatoday.in/crime/story/woman-gang-raped-west-delhi-three-arrested-within-four-hours-1937902-2022-04-15
6,cities,Delhi Metro train services to remain suspended for few hours on April 17 | Check details here,"(15, 4, 2022)","Delhi Metro services on the Blue Line will remain suspended for a few hours due to maintenance work. Dwarka Sec-21 to Noida Electronic City/Vaishali metro services will remain shut on April 17 for some time.

Meanwhile, train services will remain suspended between the Rajiv Chowk to Karol Bagh section from 7 am. Two stations, RK Ashram Marg and Jhandewalan, will remain closed till the resumption of train services.From Noida Electronic City/Vaishali to Rajiv Chowk and Karol Bagh to Dwarka Sec-21, train services will continue to remain available as per routine.Live TV--- ENDS ---ALSO READ | As Covid cases in Delhi, NCR schools rise, CBSE move to shift exam centres sparks concerns","['delhi metro', ' delhi metro train routes', ' blue line delhi metro', ' delhi metro services to remain suspended on april 17', ' blue line metro routes']",https://www.indiatoday.in/cities/delhi/story/delhi-metro-train-services-remain-suspended-few-hours-sunday-check-details-1937886-2022-04-15
7,cities,Chennai: 3 dead after inhaling poisonous gas while cleaning water tank,"(15, 4, 2022)","In a tragic incident, three people died due to deprivation of oxygen after inhaling poisonous gas while clearing a water tank in Chennai.

The incident took place at Sivashakti Nagar in Thirumullaivai, Chennai, when three men identified as Pramod, Premkumar and their father Pradeep Kumar were trying to clean a sump.Another person named Saranath, who was cleaning the tank, is in critical condition after inhaling the gas.Further details are awaited.READ | Delhi: Mother strangles baby girl to death over petty issues with husband",['Chennai chennai 3 died chennai 3 dead in poisonous gas poisonous gas kills 3'],https://www.indiatoday.in/cities/chennai/story/three-died-after-inhaling-poisonous-gas-in-water-tank-chennai-1937850-2022-04-15
8,cities,NA,NA,NA,NA,https://www.indiatoday.in/coronavirus-outbreak/video/delhi-sees-slight-spike-in-covid-19-cases-1937832-2022-04-15
9,cities,"Delhi: Upset with husband, woman strangles 3-month-old daughter","(15, 4, 2022)","In a shocking incident reported from Shalimar Bagh, Delhi, a mother strangled her three-month-old baby girl to death over issues with her husband.

The incident took place in the Haiderpur area of Shalimar Bagh police station where, after having a fight with her husband, a woman strangled her baby girl to death.The landlord of the rented house she lived in informed the police. The police sent the baby’s body for post-mortem and began the investigation.As per the police, the true reason behind the death will be clear after the post-mortem report.The cops have arrested both the mother and the father of the deceased for interrogation.READ | Sonam Kapoor house robbery: Goldsmith arrested with stolen jewellery; valuables worth Rs 1 crore recovered",['delhi news today delhi news live delhi news update delhi news breaking delhi news latest delhi news covid delhi breaking news'],https://www.indiatoday.in/crime/story/mother-kills-baby-over-petty-issues-with-husband-1937829-2022-04-15
10,cities,"Noida: Fire at carton factory in Sector 65, goods worth lakhs gutted","(15, 4, 2022)","A fire broke out at a cardboard box manufacturing factory in Sector 65, Noida, on Friday morning.

After receiving the information, fire tenders were pressed into action and the blaze was brought under control after about an hour of effort.As per the initial investigation, a short circuit at around 7 am is being estimated as the cause of the fire. Goods worth lakhs of rupees were burnt to ashes.However, no casualties or injuries were reported in the incident.READ MORE: Assam: Three held with drugs worth Rs 42 croreREAD MORE: Speeding car falls into drain in Noida Sector 40, driver rescued","['noida', ' factory fire', ' cardboard box manufacturing factory', ' carton factory', ' sector 65', ' fire department', ' major fire']",https://www.indiatoday.in/cities/noida/story/noida-fire-carton-factory-no-injuries-reported-1937824-2022-04-15
11,cities,"Gautam Buddh Nagar records 43 Covid cases, 10 deaths in 24 hours","(15, 4, 2022)","As Covid-19 cases continue to increase in Delhi-NCR, Gautam Buddh Nagar recorded 43 new coronavirus cases. Ten people have died due to the virus in the last 24 hours.

With the new cases, the total caseload has reached 98832 in Gautam Buddh Nagar, while the death toll has increased to 490.A total of 156 people are currently hospitalised while 98186 have been discharged.Delhi too continued to see a rise in the number of cases, recording 325 new infections in 24 hours, up from 299 the previous day.According to data provided by the Union Health Ministry, India has reported 949 new Covid cases today, taking the tally to 4,30,39,974.The active cases in the country stand at 11,191 with a recovery rate of 98.76%. There have been 810 recoveries in the last 24 hours, bringing the total to 4,25,07,038.Live TV--- ENDS ---READ | Chennai: Metropolitan Transport Corporation reduces bus services amid rise in fuel prices","['covid', ' covid deaths', ' covid cases', ' corona', ' corona cases', ' corona update', ' corona deaths ']",https://www.indiatoday.in/coronavirus-outbreak/story/gautam-buddh-nagar-records-new-covid-cases-check-details-here-1937787-2022-04-15
12,cities,Bus services reduced in Chennai amid rise in fuel prices,"(15, 4, 2022)","Amid the rise in fuel prices, the Metropolitan Transport Corporation (MTC) has cut down the bus services on around 26 routes in Chennai.

Because of this, the waiting time has increased by 15 to 20 minutes.As per the report by the Times of India (TOI), the bus services have been cut on routes such as 47D, 206, 266, B70 and 24C, which connect Avadi with Thiruvanmiyur, Guduvanchery, Tambaram, Guindy and Triplicane respectively.Out of these, route 206 is a crucial service as it connects the southern and western parts of the city directly via Kundrathur Road.T Sadagopan, a resident activist from Avadi told TOI, ""MTC staff say they are unable to operate buses as per the original pre-Covid schedule due to increasing diesel expenses. But they don't realise that even people face a much larger crisis because of a drop in the number of government buses.”With a decline in bus services, commuters are forced to travel in crowded local trains or pay extra for auto rickshaws.There is no direct train to most of the areas in the city. Ola and Uber's services are fewer in these areas and they even don't accept rides to such locations.READ | Heavy rains lash parts of Bengaluru for second consecutive day",['Chennai bus service Chennai news Chennai bus news Chennai live news'],https://www.indiatoday.in/cities/chennai/story/chennai-bus-services-reduced-amid-high-fuel-prices-1937780-2022-04-15
