SN,category,headline,date,content,keywords,link
1,cities,Fully vaccinated Lucknow doctor tests positive for Covid-19,"(13, 4, 2022)","A fully vaccinated female doctor tested positive for Covid-19 in Lucknow on Tuesday.

She had been showing mild symptoms of a cold and fever for the past few days.According to the information, the doctor was tested at Lokbandhu Hospital on Kanpur Road where 20 other coronavirus patients are presently admitted.The Medical Superintendent, Ajay Shankar Tripathi, said that the OPD has been sanitized after the doctor tested positive. All the other medical staff have been notified about this development.READ MORE: Parents in Noida and Ghaziabad worried over physical classes amid new Covid-19 casesREAD MORE: Kanpur girl develops app to improve connectivity between patients and doctors in rural areas","['covid-19 positive', ' lucknow', ' doctor', ' female doctor', ' kanpur road', ' fully vaccinated doctor', '']",https://www.indiatoday.in/cities/lucknow/story/fully-vaccinated-lucknow-doctor-tests-positive-for-covid-19-1937074-2022-04-13
2,cities,Draw of lots for Delhi Development Authority's housing scheme to be held on April 18,"(13, 4, 2022)","The draw of lots for the DDA Special Housing Scheme 2021, which is offering 18,335 flats of different categories at various locations in Delhi, is slated to be held on April 18, officials said on Wednesday.

The housing authority has received about 12,400 applications for it, a senior official said.The number of applicants is thus much less than the total number of flats on offer.The scheme was launched on December 23 last year and closed on March 10.""Delhi Development Authority is going to conduct a draw for allotment of flats under DDA Special Housing Scheme 2021 on April 18 from 3 PM onwards. It will be based on random number generation system and will be held in the presence of judges, and senior officers of the DDA,"" a senior official said.The general public can view the live telecast of the draw on a computer or a mobile phone through live streaming. The URL of live streaming is https://dda.golivecast.in/, he said.As many as 18,335 flats of different categories in Dwarka, Narela, Rohini and Jasola, among other places, were offered under the DDA Special Housing Scheme 2021. These flats are those which remained ""unsold in previous housing schemes"" of the urban body.The DDA had made the announcement about the scheme via a newspaper advertisement in which it said the flats were being sold at ""discounted prices"".According to the DDA brochure, the maximum price of a flat is about Rs 2.14 crore in the HIG category in Jasola.The inventory consists of 205 HIG flats, 976 MIG flats, 11,452 LIG flats and 5,702 flats under the EWS/Janta flats category.Previously, the last date to apply for the scheme was February 7. On public demand and in view of the third wave of the coronavirus pandemic, the date was extended till March 10, officials had earlier said.This was the second scheme of the housing authority for 2021, the first one being offered early last year.Seeking to attract more buyers, the DDA on March 11 approved an amendment to housing regulations to allow the public to participate in its schemes even if they or their family members own a flat or plot in Delhi, officials said.""The unsold flats of developing areas may be offered through first come first serve basis and no conditions in terms of ownership of flats shall apply to the applicants. In other words, unsold flats can be purchased by an applicant even though he/she may have a flat or plot in Delhi,"" officials added.READ MORE: Kanpur girl develops app to improve connectivity between patients and doctors in rural areasREAD MORE: Indore: More than 300 constables inducted in BSF","['Delhi Development Authority', ' dda', ' plots', ' lucky draw', ' land owners', ' special housing shceme 2021', ' arvind kejriwal', ' government land']",https://www.indiatoday.in/cities/delhi/story/draw-of-lots-for-delhi-development-authority-housing-scheme-to-be-held-on-april-18-1937065-2022-04-13
3,cities,Indore: More than 300 constables inducted in BSF,"(13, 4, 2022)","At least 368 newly recruited constables formally joined the ranks of the Border Security Force (BSF) in Madhya Pradesh’s Indore, an official said on Wednesday.

The constables joined the central armed forces after a ceremonial parade organised at the BSF’s Subsidiary Training Centre, by taking an oath to protect the country’s frontiers.The BSF’s Central School of Weapons and Tactics (CSWT) inspector general (IG) Ashok Kumar Yadav, Subsidiary Training Centre’s IG Jaikrat Singh Rawat and other senior officers inspected the ceremonial parade on the occasion.Of the new recruited constables, 363 are from Tamil Nadu and five belong to Karnataka, Assistant Training Centre’s command officer (training) Sourabh said.The recruits have undergone a 44-week-long rigorous training, during which they were trained on the aspects of internal security, handling and operating different weapons, map reading, disaster management and other allied fields, he said.With an aim to inspire the young generation to join the Armed Forces, 25 youngsters from nearby Badodia Ema village were specially invited to witness the parade, the official said.ALSO READ| Indore Central Jail helps prisoners complete education, get degreesALSO READ| Cycle of love: Woman loans money to bail out lover, he commits another crime to repay debt","['bsf indore', ' 300 constables inducted in indore', ' indore bsf recruitment', ' 300 constables inducted in BSF', ' bsf indore recruitment', ' bsf Subsidiary Training Centre', ' border security forces', ' BSF Central School of Weapons and Tactics']",https://www.indiatoday.in/cities/indore/story/more-than-300-constables-inducted-bsf-madhya-pradesh-indore-1937039-2022-04-13
4,cities,"Air India bus driver, passenger arrested at Lucknow airport for smuggling gold","(13, 4, 2022)","The Customs officials at Chaudhary Charan Singh International Airport (CCSI) Airport, Lucknow arrested a passenger and seized 3149.280 grams of gold worth Rs 1,68,48,648 from his possession. Upon his instance, an Air India bus driver was also arrested in a gold smuggling case.

GOLD SEIZEDOn the basis of APIS analysis and intelligence gathering, a passenger was intercepted after he arrived in Lucknow from Muscat.On checking his hand baggage, 27 gold bars wrapped together with red and black tape were found and a total of 3149.280 grams of gold valued at Rs 1,68,48,648 was seized.Further, on the basis of interrogation of the passenger, an Air India bus driver was also apprehended, following which he confessed to his involvement, saying that he was supposed to receive the said gold from the passenger to smuggle it outside the airport.While both the passenger and the Air India bus driver have been arrested and are being produced before the Chief Judicial Magistrate (Economic Offences), further investigation is underway.(With inputs from Santosh)READ MORE| Lucknow Customs officials seize gold concealed in food processor machine; one arrested","['gold smuggling', ' air india bus driver arrested for gold smuggling', ' gold smuggling news', ' air india bus driver arrested', '']",https://www.indiatoday.in/cities/lucknow/story/air-india-bus-driver-arrested-lucknow-airport-gold-smuggling-1936994-2022-04-13
5,cities,824 schools without headmasters: Child rights commission issues notice to Delhi govt,"(13, 4, 2022)","In Delhi, out of 1,027 government schools, around 824 are functioning without a headmaster or principal. The National Commission for Protection of Child Rights (NCPCR) has sent a notice to the Delhi chief secretary over vacant positions of principals of schools and sought explanations.

Only 203 government schools in the national capital have a headmaster or principal, the apex child rights body NCPCR said.The NCPCR chief Priyank Kanoongo wrote in the letter, ""There are a total of 1,027 schools under the Department of Education, out of which only 203 schools have a headmaster/acting headmaster/principal. Out of these 203, nine schools have a headmaster, three schools have an acting headmaster and 191 schools have a principal.""Kanoongo said that the absence of a school principal or headmaster also has implications for the safety and security of children in schools.The letter read, ""Taking cognizance of the matter as per its mandate u/s 13 (l) O of the CPCR Act,2005, you are requested to share your comments with factual position about the vacancies of HoS/Principal and action taken in this regard, latest by 19.04.2022.""On Tuesday, BJP MP Manoj Tiwari had written to the rights body claiming a Delhi school he visited had hygiene and structural issue which could lead to accident.READ | Chandigrah: Organs of brain-dead kid save three lives",['delhi news today delhi news live delhi news update delhi news breaking delhi news latest delhi news covid delhi breaking news'],https://www.indiatoday.in/cities/delhi/story/delhi-824-government-schools-receive-notice-for-functioning-without-a-head-1936981-2022-04-13
6,cities,Delhi Police arrests absconding member of Mewat-based ATM robbers' gang,"(13, 4, 2022)","A team of special cell, Delhi Police, has arrested an absconding member of an interstate gang of Mewat-based robbers involved in uprooting of ATMs and siphoning of cash in Delhi NCR and adjoining states.

The accused, identified as Tayyab (32), a resident of Nuh, Haryana, was arrested on April 11 near Tara Apartment in Delhi's Alaknanda and a single shot pistol with 3 live cartridges was recovered from his possession.Earlier, on April 6, police had arrested three other members of the gang, namely Imran, Shakeel and Salman.GANG MEMBER ARRESTEDIt was on the intervening night of March 31 that an SBI bank ATM having cash amounting Rs 34 Lacs was found uprooted in the Badarpur police station area. Suspicious of the gang's involvement, a team led by Inspector Shiv Kumar was formed and a trap was laid, following which Tayyab was arrested and a single shot pistol was recovered from his possession.During interrogation, Tayyab disclosed that he is an active member of an interstate gang of Mewat-based robbers and admitted that he, along with his four associates, Imran, Shakeel, Salman and Rahul had uprooted an ATM of SBI bank and fled away with the cash of Rs 34 lakh.It has been found out that the members of this gang have been involved in more than 20 criminal cases including ATMs uprooting, attempt to murder, assault on police, theft, vehicle lifting, in Delhi NCR regions.READ MORE| Delhi Police arrests 3 Mewat-based ATM robbers, recovers pistols","['delhi news', ' delhi police news', ' atm robbery', ' mewat based atm robbers', ' atm robbery', '']",https://www.indiatoday.in/crime/story/mewat-based-atm-robbers-member-of-gang-arrested-atm-robbery-1936975-2022-04-13
7,cities,"Agra: Two bike-borne men kidnap Class 11 student outside school gate, search on","(13, 4, 2022)","A Class 11 student was allegedly kidnapped by two bike-borne men outside her school gate on Wednesday. The incident occurred in Agra's Shaheed Nagar area when the girl was on her way to Dr V S Roy School on a two-wheeler with her uncle.

When she reached the school gate, the two men grabbed her and rode away in broad daylight. When her uncle, Mahesh Sharma, tried to stop them, they thrashed him until he bled. He has been admitted to a hospital for treatment.The police have started an investigation and have collected the girl’s phone from her home.Additional Director General of Police, Rajiv Krishna, has ordered the boundaries of the district be sealed as a search is underway to rescue the girl.READ MORE: One shot dead, another injured in firing in UP’s LalpurREAD MORE: Chandigrah: Organs of brain-dead kid save three lives at PGIMER","['agra', ' kidnap', ' student kidnapped', ' ransom', ' agra police', ' fir', ' bike-borne men']",https://www.indiatoday.in/cities/agra/story/agra-two-bike-borne-men-kidnap-class-11-student-outside-school-gate-search-on-1936973-2022-04-13
8,cities,Chandigrah: Organs of brain-dead kid save three lives,"(13, 4, 2022)","The organs of a child, who was declared brain dead by the Post Graduate Institute of Medical Education and Research (PGIMER), Chandigarh, helped in saving the lives of three terminally ill patients.

Reportedly, a resident of Barnala, 4-year-old son Gurjot, suffered a serious head injury on April 2. He was brought to PGI Chandigarh for treatment but was declared brain dead on April 9.The grieving family, while recuperating from their personal loss, decided to honour the life of Gurjot by donating his organs to those in need of a transplant.As per a report published in The Indian Express, Gurjot's father said ""Nothing can fill the void of losing our dear Gurjot, who will not be with us to celebrate his fifth birthday. But we are trying to draw consolation from the fact that Gurjot’s life will go on in others and will give them more days with their families.”Lauding the family's decision to look beyond their own deficit and expressing their gratitude for their act, PGI director, Prof Surjit Singh, stated, “We at PGI are grateful and appreciate the will of the Singh family to share the gift of life with three terminally ill organ failure patients. Every transplant provides a new beginning for our patients and is an incredible achievement for the entire team involved in transplantation as well.”While one donation was made to a patient admitted to ILBS, New Delhi in need of a liver transplant, and the remaining two were from PGI Chandigarh. They received kidneys and pancreas from the deceased.For transporting the donated liver via road, a green corridor was created from Chandigarh to Delhi and the remaining transplants were completed by April 10.READ| Driver unions to observe 2-day chakka jam in Delhi over rise in fuel prices","['chandigarh', ' organ donation', ' organ donation camp', ' organ donation in chandigarh', ' child donates organ']",https://www.indiatoday.in/cities/chandigarh/story/chandigrah-organs-of-brain-dead-kid-save-three-lives-at-pgimer-1936959-2022-04-13
9,cities,Special Hyderabad court to give verdict on AIMIM MLA Akbaruddin Owaisi in hate speech case,"(13, 4, 2022)","A special court in Nampally, Hyderabad will pronounce the verdict in All India Majlis-e-Ittehadul Muslimeen (AIMIM) MLA Akbaruddin Owaisi's hate speech case on Wednesday, April 13.

The court will pronounce a verdict in two cases, which were booked in Nirmal (former Adilabad district) and Nizamabad in 2012.He was booked under Indian Penal Code (IPC) Sections 120-B (Criminal Conspiracy), 153-A (promoting enmity between two groups based on religion) and other sections.More than 30 witnesses have been examined in each case. After spending 40 days in jail, Akbaruddin Owaisi was granted bail by a court.Akbaruddin, who is the younger brother of Hyderabad MP and AIMIM chief, Assadduddin Owaisi, has denied the allegations made against him.Several policemen, including a Telangana cadre IPS officer, Amber Kishore Jha (then DSP Nirmal), who is presently on a deputation in Ghaziabad, were also deposed in support of the prosecution.The prosecution pitched its case based on the Forensic Scientific Laboratory (FSL) report, which confirmed Akbaruddin’s voice in the hate speech video footage.SECURTY INCREASED AHEAD OF VERDICTPolice security has been increased in the old city. Task force personnel have been deployed in various parts of the old part of Hyderabad ahead of the verdict.Police presence has also been increased in nine sensitive areas.Senior police officials are monitoring the situation at Charminar, Mecca Masjid and Chandrayangutta assembly constituencies represented by Akbar.The police have taken precautionary measures to ensure peace and security.Also Read: Law also applies to rich kids: Owaisi targets Telangana govt over Hyderabad pub drug bust","['Akbaruddin Owaisi', ' AIMIM', ' hate speech', ' news', ' India', ' Hyderabad', ' poltiics']",https://www.indiatoday.in/cities/hyderabad/story/special-hyderabad-court-to-give-verdict-on-aimim-mla-akbaruddin-owaisi-in-hate-speech-case-1936931-2022-04-13
10,cities,Driver unions to observe 2-day chakka jam in Delhi over rise in fuel prices,"(13, 4, 2022)","Owing to the surge in fuel rates in the national capital, driver’s unions have called for a chakka jam for two days from April 18.

The taxi and cab unions have been demanding a reduction in fuel prices by holding protests since April 8.On Monday, the autorickshaw union held a protest and demanded a subsidy of Rs 35 on CNG rates.As per the report by the India Express, since the centre and Delhi government have turned a deaf ear to their cries for help, the Delhi Taxi Tourist Transporters Association, Sarvodaya Driver Association of Delhi, Expert Driver Solution Association, and Sarvodaya Driver Welfare Association have given a six-day deadline to the centre for modifying the dates.After that, they will go on a strike.Sanjay Samrat, president of the Delhi Tourist Taxi Transport association said, “We have been protesting for five days but the government is turning a deaf ear to our demands. Now we have decided to go on an indefinite strike and no vehicles will ply the roads. This protest will continue till the government fulfils our demand.”He said that the driver’s unions need apps like Ola and Uber for taxis and cab services or the government should increase the fares.Meanwhile, Delhi Auto Sangh is also planning to hold a protest against the hiked CNG prices and more.READ| Noida: One killed after speeding car mows down 7, driver absconding",['delhi news today delhi news live delhi news update delhi news breaking delhi news latest delhi news covid delhi breaking news'],https://www.indiatoday.in/cities/delhi/story/driver-unions-to-observe-2-day-chakka-jam-in-delhi-over-rise-in-fuel-prices-1936935-2022-04-13
11,cities,Delhi Metro helped passengers save 269 million hours of travel time in 2021: Study,"(13, 4, 2022)","Passengers cumulatively saved a ""mammoth 269 million hours of travel time"" in 2021 by using Delhi Metro services, the DMRC said on Tuesday.

As per a study conducted by The Energy Research institute (TERI), the annual time saved by passengers would ""more than double to 572.5 million hours in 2031"", the Delhi Metro Rail Corporation (DMRC) said in a statement.TRAVEL TIME SAVED IN 2021""In the year 2021, the Delhi Metro services helped its passengers cumulatively save a mammoth 269 million hours of travel time, thus significantly helping them in reaching their destinations on time,"" said DMRC, adding that its services helped to remove over five lakh vehicles from the streets of the national capital daily in 2021. This figure has also increased from about 4.74 lakhs in 2019.Delhi Metro has been one of the most responsible organisations when it comes to its care for the environment. It is also a pioneer in solar power generation with a present capacity of about 37 MW, the DMRC said, adding, it remains the ""first rail-based organisation"" in the world to claim carbon credits for its regenerative braking and modal shift initiatives.The DMRC network's current span is nearly 392 km with 286 stations (including the Noida-Greater Noida Metro Corridor and the Rapid Metro, Gurugram).READ MORE| Delhi Metro upgrades baggage scanning system at stations with advanced features","['delhi news', ' delhi metro news', ' delhi metro travel time', ' teri study', ' delhi metro helps passengers to save travel time', ' ']",https://www.indiatoday.in/cities/delhi/story/delhi-metro-passengers-travel-time-teri-study-1936896-2022-04-13
12,cities,"Noida: One killed after speeding car mows down 7, driver absconding","(13, 4, 2022)","A bike rider was killed while four others were critically injured after a speeding car hit at least seven people near Prithla Khajarpur in the Thana 113 area of Noida late on Tuesday night.

The injured were rushed to a hospital where they were undergoing treatment and were said to be in a critical condition.After receiving the information, the police reached the spot and started a search for the absconding driver.The incident took place when a speeding car came from the Gaur City side and hit a bike rider.Then, the car mowed down people who gathered around the biker and collided with the divider.In a hurry, the driver got out of the car and fled.READ MORE: Delhi: Man attacks two with Kirpan in Kamla Nagar, 1 diesREAD MORE: Chandigarh: Slight respite from heatwave as mercury dips to 37.5 degrees Celsius","['noida', ' Prithla Khajarpur', ' Thana 113 area', ' speeding car', ' road accident', ' bike rider']",https://www.indiatoday.in/cities/noida/story/noida-speeding-car-mows-down-7-one-killed-driver-absconding-1936899-2022-04-13
