SN,category,headline,date,content,keywords,link
1,cities,Heavy rains lash parts of Bengaluru for second consecutive day,"(15, 4, 2022)","Parts of Bengaluru received heavy showers for the second consecutive day on Thursday. Several areas in south Bengaluru were inundated, leading to traffic congestion and power cuts for a few hours.

While the city received an average of 8.5 mm of rainfall on Wednesday, it was 12 mm on Thursday.Severe inundation was witnessed on Palm Grove Road, Ejipura, HSR Sector 2 and 3, Anugraha Layout in Bilekahalli, parts of Arakere on Bannerghatta Road, BEML Layout in RR Nagar and Hosakerehalli. As many as 50 houses were flooded near Yelachenahalli due to the overflowing of a drain. Citizens reported damage to electrical appliances and furniture, as per the Karnataka State Natural Disaster Monitoring Cell (KSNDMC) data.Even though rainfall on Thursday slightly brought down the temperature, there was a substantial increase in the relative humidity levels along with cloudy weather.According to the India Meteorological Department, the thunderstorms will lash the city on Friday followed by light to moderate spells of rain for the next two to three days with temperatures ranging from 33 degrees Celsius (maximum) to 21 degrees Celsius (minimum).READ MORE: Delhi: Gusty winds, light rainfall bring relief from scorching heat","['bengaluru', ' india meteorological department', ' traffic snarls', ' power cuts', ' light rainfall', ' karnataka']",https://www.indiatoday.in/cities/bengaluru/story/heavy-rains-lash-parts-bengaluru-second-consecutive-day-imd-1937765-2022-04-15
2,cities,"Speeding car falls into drain in Noida Sector 40, driver rescued","(15, 4, 2022)","A drunk man, driving a Creta, lost control of his vehicle and drove into a drain near Sector 40 locality of Police Station 39 area of Noida.

The driver, trapped in the car, was immediately rescued by passers-by, but the car completely submerged and got damaged.The car was reportedly travelling from Sector 37 to Baraula at a high speed when it suddenly it fell into the drain near Sector 40, Noida.The driver was immediately rushed to the hospital and his condition is stable.The car was later pulled out with the help of a crane.READ| Delhi: Gusty winds, light rainfall provide relief to scorching heat; mercury dips",['Noida Noida news Noida speeding car Noida Noida car fell in drain'],https://www.indiatoday.in/cities/noida/story/noida-speeding-car-fell-into-drain-driver-rescued-1937750-2022-04-15
3,cities,"Delhi: Gusty winds, light rainfall bring relief from scorching heat","(15, 4, 2022)","Days after facing the scorching heat, the Delhiites experienced a cooler evening on Thursday with light rain and gusty winds. The arrival of the fresh western disturbance has contributed to bringing the mercury below 40 degrees Celsius.

It was a much-needed relief to residents of Delhi-NCR reeling under a continuous, extended heatwave.The mercury climbed down by almost 10 degrees Celsius by the day's end.While West Delhi and Southwest Delhi received more rainfall as compared to the Central and East Delhi areas. The flight movements were disrupted due to rainfall and dust storms.READ | Passenger's phone catches fire mid-air on IndiGo's Assam-Delhi flightAs per the report by the India Meteorological Department (IMD), the western disturbance has been affecting weather conditions in several areas for a few days now.The day started with a cloudy sky and a pleasant morning but progressively it turned into a clear sky in Safdarjung - the base station for Delhi - recording a maximum temperature at 39.4 degrees Celsius.The Palam observatory near the IGI Airport recorded 1 mm rainfall till 11.30 p.m. Meanwhile, the rest of the areas had only light rainfall.Except for Noida and Palam, the rest of the stations across Delhi NCR recorded maximum temperatures above 40 degrees Celsius.The IMD has a ‘green alert’ in place for the next three days, indicating no significant weather phenomena are expected over Delhi.The weather department had also predicted thunderstorms with light intensity rain and gusty winds with a speed of 30-40 kmph over and adjoining areas of Aurangabad, Rewari, Bawal, Nuh (Haryana), Najibabad, Muzaffarnagar, Bijnaur, Khatauli, Sakoti Tanda, Hastinapur, Chandpur, Greater Noida, Meerut, Sikandrabad, Aligarh, Moradabad, Rampur (Uttar Pradesh), and Bhiwadi, Tizara, Kotputli, Alwar, Laxmangarh, Nadbai (Rajasthan).Live TV--- ENDS ---READ | Flights resume at Delhi's IGI airport after short disruption due to dust storm","['weather updates today', ' monsoon updates', ' will it rain today', ' delhi weather', ' delhi weather today', ' weather live', ' weather forecast today', ' how is the weather today', ' mumbai weather today', ' uttarakhand weather', ' weather in india']",https://www.indiatoday.in/cities/delhi/story/delhi-ncr-experience-light-rainfall-gusty-winds-brings-temperature-down-1937725-2022-04-15
4,cities,"Agra: Two bike-borne men abduct teenage girl outside her school, FIR registered","(15, 4, 2022)","A class 11 girl was abducted from outside her school in Agra, barely seconds after her uncle dropped her at the school gate.

According to the police sources, the kidnapping was done by two men riding a motorbike. As soon as the teenage girl was dropped at the gate of her school in the Shaheed Nagar area of Agra by her uncle, the kidnappers grabbed her and sped away.The girl's uncle gave a chase, but the kidnappers kicked his bike and he fell on the road. Injured from the fall, the victim’s uncle called 112, but the kidnappers could not be traced.ADG Rajiv Krishna issued orders for a district-wide check, but the girl's whereabouts is yet to be found.Sources told India Today that one of the kidnappers appears to be a wedding photographer who is a native of Bharatpur, Rajasthan. His sister-in-law has been taken into custody by the police.Dy. SP Sadar Rajiv Kumar said that the girl had been taken away by a boy named Rohit, who lives in the Kumher town of Bharatpur district in Rajasthan. Rohit used to visit near the victim’s house to meet a woman he called his sister-in-law.The police have taken the woman into custody to interrogate her and gather information about Rohit.Rohit's phone has been placed under surveillance and his last location shows Malpura. The phone has been switched off.Agra SSP Sudhir Kumar said that several police teams have been formed to arrest both the kidnappers.The people related to the accused are being taken into custody for interrogation.ADG Rajiv Krishna said that prima facie, this is a kidnapping and an FIR has been registered. Action is being taken on the complaint and soon the kidnappers will be caught.The CCTV cameras on the roads which the kidnappers took while escaping are being checked to find out about the route they took.Meanwhile, several women of Shaheed Nagar demanded to know what the so-called Anti-Romeo squads were doing when the girl was kidnapped. They claimed that if the police had been active around the school, the girl would not have been abducted in this way.SHO Sadar Dharmendra Kumar confirmed that the police have identified the kidnappers and soon they will be arrested.READ| As Covid cases in Delhi, NCR schools rise, CBSE move to shift exam centres sparks concerns",['agra agra news agra live news agra kidnapping agra girl kidnapped'],https://www.indiatoday.in/cities/agra/story/agra-bike-borne-men-abduct-teenage-outside-school-fir-registered-1937712-2022-04-15
5,cities,"As Covid cases in Delhi, NCR schools rise, CBSE move to shift exam centres sparks concerns","(15, 4, 2022)","Delhi and cities in NCR are witnessing a continuous rise in Covid cases. As the positivity rate is showing an upward trend over the last few days the most concerning fact is that schools that have been reopened after a gap of almost two years are reporting Covid cases.

At a time when schools are having difficulties containing the spread of the virus among students, there is a bigger challenge to deal with and that will be the CBSE Term-2 board examinations, which will start in May. If the current trend continues, May could be the most crucial month, while containing the virus will be the top priority.ALSO READ | Noida school shuts down after 13 students, 3 teachers test Covid positive In a significant shift from the Term-1 examinations for classes 10 and 12, CBSE has decided to allot centres for the Term-2 examinations away from the students' schools. This decision has not gone down well with the students and parents and even many schools are questioning the logic behind this change from Term-1 examinations.Not just schools, but the medical experts are also averse to the idea of allotting centres away from the home schools. Some key factors will impact the overall safety concerns of the students if the centres are away from their schools.ALSO READ | Covid cases among Noida, Ghaziabad school students leave parents jitteryFactor 1: ‘Home school’ provides better safety perception for studentsIn most cases, the school in which a student is studying is near his/her residence. This provides them with an opportunity to travel less and reach the examination centre easily. In any case, a student is more familiar with the ambience of the school in which he is studying and hence can take care of safety in a better way. Most parents are of the view that when Covid is spreading and students are most vulnerable, travelling less and going to a familiar school would be a better option rather than going to some school that is far-off in most cases. Factor 2: Students shall religiously follow the guidelinesMedical experts are of the view that even a small lapse in following Covid guidelines can lead to a disaster. Home schools provide a controlled, familiar atmosphere and are likely to ensure the implementation of those guidelines strictly. In most cases, students know each other and hardly any mingling is possible at the home centres. At the same time, centres away from their schools could expose them to the risk of the disease. Although CBSE issued guidelines for the conduct of Term-2 examinations just a few days ago, there is no mention of why it moved the exam centres away from the home schools.Factor 3: Offline examinations at home schools will be less stressful for studentsMany students have not been attending routine physical classes for the last two years and hence are not mentally ready for the rigours of offline examination at a time when the next wave is knocking on the door. Many are demanding a final result based on the performance of Term-1 examinations. Even if CBSE conducts the Term-2 examinations for a more comprehensive evaluation of the learning process, the home-centre atmosphere would be more comfortable and psychologically less taxing for the students.ALSO READ | 3 schools shut in Noida, Ghaziabad after students test Covid positiveFactor 4: Invigilators from other schools can ensure impartial conduct of examsMany detractors of the home-school centre claim that their teachers could be partial to their students. But as during the Term-1 examinations, home centres can have invigilating teachers from the other schools. This may address concerns over the fair conduct of the examination. This will provide a shield for the students from exposure to an unfamiliar environment and at the same time, fairness of the procedure can be ensured. Factor 5: Damage control can be effective at home schoolAs Covid cases are rising in many schools, even among the students that have been vaccinated, the obvious concern will be the possibility of an outbreak among the children appearing for the board examinations. In such a situation, home-centre conditions will make it easier to segregate the students if an outbreak happens at a certain centre and at the same time, the responsibility can also be fixed upon the centre. Containment would also be far easier.Live TV--- ENDS ---ALSO READ | Two students test Covid-19 positive at Ghaziabad school; offline classes suspended","['Delhi schools covid', ' noida schools covid', ' UP schools Covid', ' CBSE exams covid']",https://www.indiatoday.in/cities/delhi/story/delhi-schools-covid-worry-home-cbse-school-exam-centre-1937686-2022-04-15
6,cities,Delhi: Woman who jumped off Akshardham metro station succumbs to injuries,"(15, 4, 2022)","The 25-year-old woman, who had jumped off the edge of the side wall of Akshardham metro station in Delhi in an attempt to kill herself, succumbed to her injuries on Thursday.

A ruckus erupted at the Akshardham metro station on Thursday morning after the woman tried to kill herself by jumping off the edge of the sidewall. A Central Industrial Security Force (CISF) personnel had noticed her and immediately informed the shift head. They reached the spot and tried to convince the woman to come down.However, she did not heed their pleas and signalled that she would not get off the edge.The shift in-charge immediately informed the station controller, metro control, cluster Inspector and line in charge, who then informed the local police and arranged an ambulance. The shift in-charge along with four staff from the nearby mall went down to the ground and arranged a thick blanket to rescue the woman.Despite all possible efforts, the woman jumped off the edge, but was rescued by the team. She suffered some injuries to her leg. She was immediately rushed to the Lal Bahadur Shastri Hospital for further treatment.The woman was conscious and had suffered some injuries to her right leg. Later, in the evening, she succumbed to her injuries.Live TV--- ENDS ---ALSO READ | Couple commits suicide by jumping in front of train in Rajasthan's Sikar","['woman jums off Akshardham metro station', ' woman tries to commit suicide Delhi']",https://www.indiatoday.in/cities/delhi/story/woman-jumped-off-akshardham-metro-station-dies-1937675-2022-04-15
7,cities,"Gurugram: Pataudi civic panel chief receives threat, goons demand stake in business","(15, 4, 2022)","Two days after unidentified people on a motorcycle opened fire at the residence of Pataudi municipal committee chairman in Gurugram, a purported audio clip of miscreants issuing threats to him has gone viral. The chairman, Ram Chandra Sehgal, who also runs a liquor business, received alleged threats from unknown callers in which they are asking for a 50 per cent stake in the business.

In the purported 52 second audio clip, the callers can be heard saying, ""It will be better if Ram Chandra talks to us on his own...We will destroy you as we are doing a recee of you and your family members. We know everything about your younger brother, Navin, who is currently in Australia. We want a 50 per cent stake in your liquor business. I want the name of 'Ajay Jaldhar' outside every wine shop that you own.""PROBE LAUNCHEDMeanwhile, ACP Crime, Preet pal Singh, Gurugram, said, ""We have the audio clip in our possession and we are investigating the matter from all angles. On April 12, Tuesday, a few unidentified miscreants opened fire at the residence of the Chairman.""Earlier, police said that that they recovered CCTV footage of the firing in Pataudi area of Gurugram but a breakthrough is yet to be achieved. ACP said they scanned the CCTV camera and they are making efforts to arrest the accused.However, police have acquired the production warrant of wanted notorious gang members, Kala Jatheri and Naresh Sethi, of Lawerence Bishnoi and claimed that they would crack the case soon.ALSO READ| Gurugram: Assistant Sub-Inspector arrested for taking bribeALSO READ| Gurugram: Three held for kidnapping, assaulting private firm’s senior executives over disputeALSO READ| Gurugram: Unidentified miscreants loot Rs 13.28 lakh from ATM, FIR lodged","['gurugram', ' Pataudi municipal committee chairman threat', ' Pataudi municipal committee chairman miscreants open fire', ' Pataudi municipal committee chairman receive threat', ' Pataudi municipal committee chairman news', ' gurugram latest news', ' Ram Chandra Sehgal']",https://www.indiatoday.in/crime/story/gurugram-pataudi-civic-panel-chief-receives-threat-goons-demand-stake-business-1937661-2022-04-15
8,cities,"Delhi records 325 new Covid-19 cases, zero deaths in last 24 hours","(14, 4, 2022)","Delhi has recorded 325 fresh Covid-19 cases and zero deaths in the last 24 hours. According to data shared by the city health department, the positivity rate was at 2.39 per cent.

The Covid positivity rate in the national capital has jumped from 0.5 per cent to 2.39 per cent in a week.Meanwhile, the Delhi Disaster Management Authority (DDMA) is set to meet next week on Wednesday to discuss the emerging Covid situation in capital.The Covid-19 cases continue to increase in Delhi with 299 Covid cases reported in the national capital on Wednesday. Delhi Health Minister Satyendar Jain on Monday said the city government is keeping a watchful eye on the Covid situation and there is no reason to worry until a new variant of concern of the virus is detected.Delhi's COVID-19 tally and the death toll due to the disease stood at 18,67,206 and 26,158 respectively on Thursday, according to the latest health bulletin.Delhi CM Arvind Kejriwal, earlier today, had said there is no need to panic as the hospitalisation rate has not increased.Live TV--- ENDS ---Read | Delhi govt issues new advisory for schools after surge in Covid cases","['Delhi', ' Covid 19', ' cases', ' deaths', ' positivity rate']",https://www.indiatoday.in/coronavirus-outbreak/story/delhi-covid-19-cases-deaths-positivity-rate-1937627-2022-04-14
9,cities,Bengaluru: 56-year-old former serviceman found murdered at home; probe on,"(14, 4, 2022)","A 56-year-old former serviceman was found dead in his house in Bengaluru on Wednesday. The deceased, identified as Jude Theddes, was found bludgeoned to death with a blunt metal object in his house in Goutham Colony, Domlur under Halasuru police station limits, police said.

The deceased was a retired Army officer, a divorcee, who lived alone in the house for the past three years, police said. The incident came to light around 1 pm on Wednesday when a neighbour called him over the phone but his calls went unanswered.When his neighbours rushed to his house to check on him, they were shocked to find Jude lying in a pool of blood, prompting them to immediately alert the jurisdictional police.“The incident came to light at around 1.30 pm. There is a deep wound on his head. We are waiting for the post-mortem report for more information,” A Subramanyeswara Rao, Additional Commissioner of Police (East) was quoted by TNIE as saying.According to police, the victim had appointed a nurse to take care of his ailing mother. Despite his mother dying three years ago, the nurse continued to work in his house and she went to her native land around 25 days ago.ALSO READ| Seven arrested for gang raping, blackmailing 16-year-old Bengaluru girlPolice suspect that the accused might have entered into the house from the back gate and his house was found scattered. Bhimashankar S Guled, Deputy Commissioner of Police, told TOI, ""The victim had been staying alone for the last three years and was divorced. The goods in the house were scattered, but we don’t know if any valuables were stolen."" (sic)Police are now investigating whether the murder was the fallout of any property dispute between Jedu and his family members or otherwise. The Halasuru police have registered a murder case and a probe is underway.ALSO READ| Bengaluru man sets son ablaze for failing to run business properlyALSO READ| Bengaluru civic body's truck mows down 74-year-old man on scooter","['bengaluru crime', ' former serviceman found dead', ' Halasuru police in Bengaluru', ' ex serviceman found dead', ' former serviceman murdered at Bengaluru home', ' Halasuru police station limits', ' ex serviceman murdered at bengaluru home']",https://www.indiatoday.in/crime/story/bengaluru-56-year-old-former-serviceman-murdered-home-probe-on-1937624-2022-04-14
10,cities,Delhi: Student injured after bathroom ceiling collapses at JNU hostel,"(14, 4, 2022)","The bathroom ceiling inside the Sabarmati Hostel in Jawaharlal Nehru University (JNU) fell on the head of a second-year student on Thursday morning.

The student suffered injuries and was taken to the Safdarjung Hospital for treatment.The victim is a second-year BA student in German languages.""This is a clear case of criminal negligence on the part of the Hostel Wardens and the Dean of Students. We have time and again brought the issue of dilapidated hostel infrastructure and falling ceilings to the concerned authorities, but the JNU administration has been trying to digress the issue in the name of lack of funds,” All India Students' Association activist, Madhurima Kundu, said.READ MORE: Delhi: Six injured in air conditioner explosion in Okhla's restaurantREAD MORE: Delhi: Disaster Management Authority meet on April 20 as Covid cases rise","['jnu', ' jnu hostel', ' bathroom ceiling collapse', ' german language', ' Jawaharlal Nehru University', ' sabarmati hostel', ' safdarjung hostel', '']",https://www.indiatoday.in/cities/delhi/story/delhi-student-injured-bathroom-ceiling-collapses-jnu-hostel-1937541-2022-04-14
11,cities,Delhi: Disaster Management Authority meet on April 20 as Covid cases rise,"(14, 4, 2022)","As Covid-19 cases are seeing an uptick in the national capital, the Delhi Disaster Management Authority (DDMA) will meet on April 20 to discuss various measures to stem the spread of the infection. In the last 24 hours, Delhi recorded 299 Covid cases and zero deaths.In view of the uptick in COVID-19 cases in the national capital, the Delhi Disaster Management Authority (DDMA) will hold a meeting on April 20 to discuss measures to prevent the spread of coronavirus in the city, officials said on Thursday.

Delhi on Wednesday reported 299 COVID-19 cases, a jump of 118 per cent in two days. The positivity rate stood at 2.49 per cent, according to data shared by the city health department.The city had recorded 137 cases on Monday, the data showed.""The Delhi Disaster Management Authority's meeting is scheduled to be held on Wednesday next week under the chairmanship of the Lt Governor. It will discuss the prevailing Covid situation, including the recent rise in the number of cases,"" a senior Delhi government official said.Earlier in the day, Chief Minister Arvind Kejriwal said the Delhi government is keeping an eye on the Covid-19 situation and there is no need to panic since hospitalisations are low.His deputy CM Manish Sisodia said the government will soon issue guidelines for schools in view of the slight rise in Covid-19 cases.ALSO READ| Red alert in Delhi? Disaster Management Authority's meeting today amid Covid surgeThere have been reports of some school children testing positive for Covid-19 in Delhi and the National Capital Region.The positivity rate in Delhi has jumped from 0.5 per cent to 2.70 per cent in a week. Doctors have said it is ""not a panic situation"" as the daily case count is still low, even as they cautioned against lowering guard.No fresh fatality due to Covid-19 was recorded on Wednesday.Earlier this month, the DDMA decided to withdraw the fine for not wearing face masks in public places.In February, the DDMA lifted all restrictions in the wake of the significant improvement in the Covid-19 situation in the city.The number of daily COVID-19 cases in Delhi had touched the record high of 28,867 on January 13 this year during the third wave of the pandemic.The city had recorded a positivity rate of 30.6 per cent on January 14, the highest during the third wave of the pandemic which was largely driven by the highly transmissible Omicron variant of the coronavirus.ALSO READ| Delhi Development Authority launches web portal displaying layout plansALSO READ| With 299 fresh cases, Delhi sees rise in daily Covid-19 tally","['delhi covid cases', ' delhi covid cases rise', ' ddma meet on april 20', ' Delhi Disaster Management Authority meet', ' ddma meeting delhi april 20', ' delhi covid situation', ' students test covid positive delhi', ' teachers covid positive delhi', ' covid cases rising delhi', ' delhi covid cases news']",https://www.indiatoday.in/cities/delhi/story/delhi-disaster-management-authority-meet-april-20-covid-cases-rise-1937519-2022-04-14
12,cities,Delhi govt issues new advisory for schools after surge in Covid cases,"(14, 4, 2022)","The Delhi government's Education Department on Thursday issued fresh guidelines for schools after a Covid-19 case was reported in a private school in South Delhi.

According to the new Covid advisory, Delhi schools will have to inform the Department of Education about the Covid cases reported in their schools.Additionally, if a Covid case is reported in a school, that particular school wing or the entire school should be closed down. The Delhi government has also issued four-pointer guidelines for schools to implement. These include wearing of masks by students and teachers, maintaining social distancing, regular washing of hands and creating awareness about Covid.Earlier, several private school children in Noida and Ghaziabad tested positive for Covid-19. Following the spike in cases, several schools in these areas also issued an advisory to parents.(With inputs from Amit Bhardwaj)Live TV--- ENDS ---Read | Noida private schools issue advisory for parents after reports of Covid cases","['Delhi govt', ' schools', ' surge', ' Covid cases']",https://www.indiatoday.in/coronavirus-outbreak/story/delhi-govt-advisory-schools-surge-covid-cases-students-1937518-2022-04-14
