SN,category,headline,date,content,keywords,link
1,cities,"Greater Noida: Major fire breaks out in Kasna area, over 50 shanties gutted","(19, 4, 2022)","At least 50 shanties were gutted after a major fire broke out at a slum in the Kasna area of Greater Noida on Tuesday afternoon.

After receiving the information, over half a dozen fire tenders were pressed into action.Efforts by the fire department officials are underway to douse the fire.The cause of the fire is yet to be ascertained. However, no fatalities or injuries have been reported so far.READ MORE: Fire breaks out in Ghaziabad’s Indirapuram | VIDEO","['fire', ' major fire. kasna area', ' greater noida', ' shanties gutted', ' fire department', ' fire tenders']",https://www.indiatoday.in/cities/noida/story/greater-noida-major-fire-kasna-shanties-gutted-1939390-2022-04-19
2,cities,Hyderabad: Bahadurpura flyover thrown open to the public from today,"(19, 4, 2022)","A 690-metre long, six-lane bi-directional flyover at Hyderabad's Bahadurpura was inaugurated by Home Minister Mohammed Mahmood Ali on Tuesday in the presence of Municipal Administration & Urban Development Minister KT Rama Rao and Hyderabad MP Asaduddin Owaisi.

FLYOVER OPEN TO PUBLICMA&UD Minister @KTRTRS inaugurated the 690 meter long Bahadurpura Flyover today. Home Minister @mahmoodalitrs, MP @asadowaisi, MLA Moazzam Khan, MLC @SurabhiVaniDevi and others participated. pic.twitter.com/Lg3dmEbOsX— Minister for IT, Industries, MA & UD, Telangana (@MinisterKTR) April 19, 2022
Built as a part of the Strategic Road Development Plan by the Greater Hyderabad Municipal Corporation at an estimated cost of Rs 108 crore, the Bahadurpura flyover will help to decongest traffic, further bringing relief to commuters moving in different directions via the busy Bahadurpura Junction, including those travelling from Aramghar towards LB Nagar or those visiting the Nehru Zoological Park.READ MORE| Telangana Minister KTR to inaugurate Hyderabad's LB Nagar underpass todayREAD MORE| Hyderabad: Owaisi-Midhani junction flyover named after APJ Abdul Kalam","['bahadurpura flyover open for public', ' bahadurpura flyover inauguration', '']",https://www.indiatoday.in/cities/hyderabad/story/hyderabad-bahadurpura-flyover-open-ktr-1939387-2022-04-19
3,cities,Tamil Nadu: Man arrested for possessing marijuana dies in police custody,"(19, 4, 2022)","A man who was taken into custody for possessing marijuana died in police custody in Tamil Nadu's Chennai. Two men identified as Vignesh and Ramesh were taken into custody from Purashavakkam region of Chennai on Tuesday.

The police seized marijuana from an auto they were travelling in and registered a case at the Ayanavaram police station. But Vignesh was then transferred to another station when he suddenly developed fits.He was rushed to a hospital but died soon after. His body is now kept for postmortem at the Kilpauk government hospital.More details are awaited.Live TV--- ENDS ---ALSO READ | ‘He doesn’t seem normal’: K’taka home minister responds to Cong MLC’s ‘he smokes weed and speaks’ remarkWATCH | Cannabis worth Rs 500 crore destroyed by Andhra Pradesh Police under 'Operation Parivartan'","['tamil nadu weed', ' tamil nadu custody death', ' chennai weed custody', ' chennai ganja custody']",https://www.indiatoday.in/cities/chennai/story/tamil-nadu-chennai-man-arrest-police-custody-death-marijuana-1939362-2022-04-19
4,cities,"Greater Noida: Woman falls off 11th floor of Gaur City, dies","(19, 4, 2022)","A young woman died after falling from the 11th floor in the Bisrakh area of Greater Noida West on Monday.

The deceased was identified as Kumari Shaili, a resident of Ghaziabad.The incident took place when the woman had gone to meet a friend in Gaur City.The police said that there was a dispute between the two, after which she fell from the 11th floor.She was rushed to a hospital where the doctors declared her brought dead.""It seems that the girl committed suicide by jumping from the 11th floor, but despite this, we do not want to leave any angle of investigation. The woman's friend is also being questioned,"" police said.READ MORE: Kolkata: Two injured in shootout in Bansdroni areaREAD MORE: State govt plans to develop Bengaluru as international smart city: CM Bommai","['bisrakh area', ' greater noida', ' gaur city', ' suicide', ' 11th floor', ' noida police', ' argument']",https://www.indiatoday.in/cities/noida/story/greater-noida-woman-falls-off-gaur-city-dies-suicide-1939356-2022-04-19
5,cities,Hyderabad: Rs 3 crore musical fountain inaugurated at Mir Alam Tank,"(19, 4, 2022)","A musical fountain embellished with multi-media musical and dancing lights in Mir Alam Tank was inaugurated by Minister KT Rama Rao on April 19.

It has been set up at a cost of around Rs 3 crore.At a cost of 2.55 cr a multi media musical fountain has been installed at Mir Alam tank along with a Secondary Collection & Transport Point (2 cr) & an STP worth 125cr pic.twitter.com/l9kD7hag6J— Asaduddin Owaisi (@asadowaisi) April 19, 2022
Ministers @KTRTRS and @mahmoodalitrs inaugurated the Musical Fountain at Mir Alam Tank. MP @asadowaisi, MLA Moazzam Khan, MLC @SurabhiVaniDevi and others participated. pic.twitter.com/IdQqrBLamN— Minister for IT, Industries, MA & UD, Telangana (@MinisterKTR) April 19, 2022
The fountain 40 meters long and nine meters wide faces the Tadbun Aramgarh road and is the cynosure of all eyes.It is installed as part of the developmental works taken up around the Mir Alam Tank by the GHMC and HMDA. The works of installing the fountain began around three months ago and the trials are being conducted since the past few days. A local agency executed the works of the fountain and the maintenance and operation part will be taken care of by the same agency. On Sunday night, several persons were seen enjoying the beautiful sight when the engineers operated the fountains for trails.The GHMC is taking up major beautification works around the Mir Alam Tank to develop it on part with Necklace Road and Durgam Cheruvu. The large spread water hyacinth is periodically weeded out by the corporation, other various beautifications landscaping, development of parks, walking and cycling tracks are planned.The authorities had laid a separate drainage line to divert the sewerage water from the colonies of Hassannagar and surroundings into Musi. Previously the drainage water was released into the Mir Alam Tank leading to pollution. The authorities set up an STP in the water body to treat the water.Live TV--- ENDS ---ALSO READ | India’s first indoor skydiving facility launched in Hyderabad","['kt rama rao', ' ktr', ' ktr rao', ' mir alam tank', ' musical fountain at mir alam tank ']",https://www.indiatoday.in/cities/hyderabad/story/musical-fountain-inaugurated-mir-alam-tank-1939316-2022-04-19
6,cities,Kolkata: Two injured in shootout in Bansdroni area,"(19, 4, 2022)","In a shocking incident, two men were shot in broad daylight in the Bansdroni area of Kolkata.

Both people got injured in the shootout that took place on Tuesday around 10:45 am. One of the victims named Moloy Dutta suffered bullet injuries in the chest.READ | Bengaluru auto driver assumes wife acted in porn movie, kills her in front of kidsSenior police officials, including the Deputy Commissioner, the crime spot. The investigation has begun.Further details are awaited.READ | State govt plans to develop Bengaluru as international smart city: CM Bommai",['Kolkata Kolkata news Kolkata live news Kolkata shot'],https://www.indiatoday.in/cities/kolkata/story/kolkata-two-shot-in-bansdroni-area-sustained-bullet-injuries-1939310-2022-04-19
7,cities,"Fire breaks out at shop in Delhi's Kirti Nagar, no casualties reported","(19, 4, 2022)","Fire breaks out at a shop in Kirti Nagar Furniture Market. Fifteen fire engines rushed to the spot; no casualties were reported.

A call about the fire was received around 1.16 pm, officials said.""We rushed 15 fire tenders to the spot and so far no casualty has been reported,"" Director, Delhi Fire Services, Atul Garg, said.The fire was doused by 4.10 pm, he said, adding the cause of fire is yet to be ascertained.(With PTI inputs)","['Fire', ' kirti nagar', ' fire in a shop kirti nagar', ' delhi news']",https://www.indiatoday.in/cities/delhi/story/fire-breaks-out-at-shop-in-kirti-nagar-1939303-2022-04-19
8,cities,"Fuel rates kept stable, petrol stands at Rs 120.51 in Mumbai","(19, 4, 2022)","The prices of petrol and diesel were kept stable by oil marketing companies (OMC) for the 13th consecutive day in the country.

A litre of petrol stood at Rs 120.51 in Mumbai and diesel at Rs 104.77 a litre on Tuesday.Meanwhile, the most expensive petrol in the country is being sold in Parbhani, Maharashtra, at Rs 123.47 per litre.Petrol in Delhi stood at Rs 105.41 per litre, after the last hike of 80 paise. Diesel in the city was priced at Rs 96.67.The fuel rates were hiked by nearly 10 per litre across major Indian cities within a fortnight of back-to-back hikes after March 22. Before that, the price revision was on hold for four months since November last year.Public sector OMCs including Bharat Petroleum Corporation Ltd (BPCL), Indian Oil Corporation Ltd (IOCL) and Hindustan Petroleum Corporation Ltd (HPCL) revise the fuel prices daily in line with benchmark international prices and foreign exchange rates. Prices have increased across states but the magnitude of the revision in prices varies from state to state.READ MORE: State govt plans to develop Bengaluru as international smart city: CM BommaiREAD MORE: CM Uddhav Thackeray inaugurates Mumbai’s second viewing deck at Girgaon Chowpatty","['mumbai', ' petrol', ' diesel prices', ' fuel rates', ' maharashtra', ' omcs', ' oil marketing companies', ' ']",https://www.indiatoday.in/cities/mumbai/story/fuel-rates-kept-stable-petrol-diesel-price-mumbai-1939268-2022-04-19
9,cities,"Lucknow sizzles at 43 degrees Celsius, no respite from heat","(19, 4, 2022)","The severe heatwave along with dry and hot winds continued to sweep across Lucknow, increasing the mercury.

The city recorded the hottest day on Monday so far, with the maximum temperature reaching 43 degrees Celsius. It was five degrees above the normal temperature, the second-highest in eight years in the month of April.As per the prediction by the weather department, there will be no respite in the heat in the upcoming days.Meanwhile, Varanasi logged the maximum temperature of 45.2 degrees Celsius and Prayagraj and Kanpur sizzled at 44.7 degrees Celsius respectively.Hot winds blew in Bundelkhand, making it the hottest city in Uttar Pradesh. The maximum temperature in Jhansi, Orai and Hamirpur hovered around 44 to 45 degrees Celsius.READ | Thunderstorm, rain likely in Kolkata between April 20-23: IMD","['Lucknow weather updates today', ' Lucknow heatwave Lucknow heat Lucknow summer Lucknow monsoon updates', ' will it rain today', ' delhi weather', ' delhi weather today', ' weather live', ' weather forecast today', ' how is the weather today', ' mumbai weather today', ' uttarakhand weather', ' weather in india', '']",https://www.indiatoday.in/cities/lucknow/story/lucknow-sizzles-in-hot-temperature-no-respite-from-heat-1939261-2022-04-19
10,cities,State govt plans to develop Bengaluru as international smart city: CM Bommai,"(19, 4, 2022)","The Karnataka government is working to develop Bengaluru as an international smart city, revealed Chief Minister Basavaraj Bommai on Monday.

The CM said that the state government has a long-term plan to develop the city by building metros, suburban rail, good roads, and satellite towns.Laying the foundation stone for the 'Masti Bhavan' dedicated in honour of the renowned author Masti Venkatesha Iyengar, the CM said that the economy is being given a boost in the state.He said that Bengaluru is the pride of Karnataka and India. The plan is not only to develop buildings and infrastructure, but also to boost literature, art, culture, sports and more.There should be a comprehensive development, said CM Bommai. Talking about boosting the literature in the state, he said that the new 'Masti Bhavan' will host all activities related to the author and carry forward his legacy to the next generations.He also said that Kannada literature has the distinction of bagging the highest number of Jnanpith awards in the country.For the unversed, Jnanpith awards are honoured annually by Bharatiya Jnanpith to the authors for their contribution to literature.READ | Delhi Disaster Management Authority to meet on April 20 amid uptick in Covid-19 cases",['bangalore news today bangalore news live bangalore news update bangalore news breaking bangalore news latest bengaluru news covid bengaluru breaking news bangalore latest news bangalore covid news bangalore covid cases bangalore lockdown news'],https://www.indiatoday.in/cities/bengaluru/story/plans-to-develop-bengaluru-as-international-smart-city-on-cards-says-cm-bommai-1939227-2022-04-19
11,cities,"Woman injured in leopard attack in Guwahati, locals panic","(19, 4, 2022)","A woman was injured in a leopard attack in the Maligaon area of Guwahati on Tuesday morning.

The leopard strayed into the area from the nearby hills and attacked the woman.On receiving the information, the forest department officials reached the area and started a search for the wild cat. However, it is yet to be tranquilized.The news of the attack left the residents of the locality terror-struck.READ MORE: Srinagar: CRPF trooper dead, 12 injured in road accident in HyderporaREAD MORE: 15-feet long python rescued in Guwahati’s Dharapur","['leopard', ' guwahati', ' assam', ' leopard attack', ' maligaon area', ' forest department officials', ' ']",https://www.indiatoday.in/cities/guwahati/story/woman-injured-leopard-attack-guwahati-locals-panic-1939225-2022-04-19
12,cities,Covid-19 protocols to return in Delhi? Disaster Management Authority to meet on April 20 amid rise in cases,"(19, 4, 2022)","In view of the uptick in Covid-19 cases, the Delhi Disaster Management Authority (DDMA) will hold a meeting on April 20 to discuss measures to prevent the spread of coronavirus in the city.

Lieutenant Governor Anil Baijlal, Chief Minister Arvind Kejriwal, Director of AIIMS and members of the Planning Commission will be attending the meeting.Mask mandate as well as a hybrid model of education for schools is likely to be discussed in the meeting.Delhi’s Covid-19 positivity rate on Monday jumped to 7.72 per cent as the city recorded 501 fresh cases, 16 less than the previous day, according to health department data.The last time the positivity rate was above seven per cent in the city was on January 29 (7.4 per cent) and on January 28 (8.6 per cent).“The Delhi Disaster Management Authority’s meeting is scheduled to be held on Wednesday next week under the chairmanship of the Lt Governor. It will discuss the prevailing Covid-19 situation, including the recent rise in the number of cases,” a senior Delhi government official said, as reported by news agency PTI.DECISION ON SCHOOLS LIKELYAs Covid cases crossed the 500-mark in Delhi, a decision on physical classes in schools is also likely to be taken during the DDMA meet.Some students in schools have tested positive for Covid-19 in Delhi-NCR, which has led to the closure of the premises.READ MORE: 33 school students among 107 fresh Covid-19 cases in Noida over last 24 hoursREAD MORE: Face masks mandatory in Gurugram, Noida, other NCR districts as Covid cases spike","['covid-19 cases', ' delhi disaster management authority', ' delhi', ' ddma', ' ']",https://www.indiatoday.in/cities/delhi/story/delhi-disaster-management-authority-meeting-april-20-amid-uptick-covid-cases-1939200-2022-04-19
