SN,category,headline,date,content,keywords,link
1,cities,"Delhi: Girl raped in Dwarka on pretext of offering lift, accused arrested within hours","(17, 4, 2022)","The Dwarka police in Delhi arrested a man within hours for allegedly raping a girl on the pretext of offering her a lift in the intervening night of Saturday and Sunday. On late Saturday night, police received a PCR call from Dwarka Sector 23 in which a caller informed the police that he heard the cries of a girl and suspected that she was being raped.

The call was then transferred to a female police officer, Beena, who recorded the statement of the victim. The victim alleged that an unknown person raped her on the pretext of offering her a lift. According to the victim, the accused was a green-coloured electric two-wheeler vehicle. The medical examination of the victim was conducted in which the doctor stated that she was sexually assaulted.Sub-inspector, Balu Ram, who received the call, reached the spot where the caller had informed him about the sexual assault. Police filed a complaint in this regard and an investigation was launched.RAPE ACCUSED ARRESTED The police team checked the CCTV footage of different cameras installed near the spot from where the complainant took the lift. The cameras installed on other roads were also scanned. After hours of manhunt and checking a lot of CCTV footage, police found a clip in which a green-coloured scooty was spotted in which the complainant was sitting behind the accused.Further investigation led the police team to Sector 10 in Dwarka and cops found that a certain company used to give such two-wheelers to their employees for delivery purposes. Police scanned various CCTV footage and cracked the case within a few hours. The accused was arrested and a green-coloured scooter was also seized from his possession.ALSO READ| UP teen offered lift, drugged and raped by driver in carALSO READ| Woman raped on pretext of lift by cab driver in GurugramALSO READ| Jharkhand: 2 men rape minor on pretext of giving her lift on bike in Ranchi","[' delhi rape', ' girl raped in dwarka', ' girl raped on pretext of offering lift', ' dwarka rape case', ' rape case delhi dwarka', ' rape accused arrested within hours', ' girl raped accused held within hours', ' green scooter rape case delhi']",https://www.indiatoday.in/crime/story/delhi-girl-raped-dwarka-pretext-offering-lift-accused-arrested-within-hours-1938584-2022-04-17
2,cities,"Hyderabad: Lone survivor of Bhoiguda fire mishap dies, death toll reaches 12","(17, 4, 2022)","The death toll in the Bhoiguda fire mishap reached twelve as the lone survivor, Prem Kumar, succumbed to his injuries while undergoing treatment at a private hospital on Saturday.

Kumar was the only survivor of the mishap in which at least eleven people, all migrant labourers from Bihar, were killed after a fire broke out at a scrap godown in Hyderabad's Bhioguda on March 23. All the people inside the godown were charred to death after the fire broke out at the unit.Kumar had managed to escape from the burning building by jumping off the first floor. Initially, he was admitted to Gandhi Hospital and was later shifted to Apollo DRDO Hospital, Kanchanbagh, where he was undergoing treatment. However, he passed away on Saturday. Kumar (20) was a native of Chapra district in Bihar.Gandhinagar police will hand over Kumar's body to his family members after conducting a postmortem examination. It is to be noted that Kumar played a significant role in identifying the charred bodies of the 11 Bihar migrant workers.Prime Minister Narendra Modi had condoled the deaths and announced Rs 2 lakh compensation for each of the families of the deceased. Telangana Chief Minister K Chandrashekar Rao expressed had shock over the incident and announced an ex gratia of Rs 5 lakh each for the families of the deceased.ALSO READ| Fire at Hyderabad godown kills 11 migrant workers; PM Modi announces Rs 2 lakh compensation for familiesALSO READ| CCTV footage captures horror of Hyderabad fire that killed 11 migrant workers | Video","['Bhoiguda fire mishap', ' lone survivor Bhoiguda fire mishap dies', ' Bhoiguda fire mishap news', ' prem kumar Bhoiguda fire mishap', ' Bhoiguda fire accident survivor dies', ' Bhoiguda fire mishap lone survivor dies']",https://www.indiatoday.in/cities/hyderabad/story/hyderabad-lone-survivor-bhoiguda-fire-mishap-dies-death-toll-12-1938533-2022-04-17
3,cities,NA,NA,NA,NA,https://www.indiatoday.in/india/video/jahangirpuri-violence-bjp-leader-kapil-mishra-links-delhi-riots-to-anti-caa-stir-arvind-kejriwal-appeals-for-peace-more-1938521-2022-04-17
4,cities,"After failing to get job, this economics graduate sets up her own tea stall in Patna","(17, 4, 2022)","It was not easy for 24-year-old Priyanka Gupta to give up on her dreams to crack government exams and sell tea in Bihar's capital, Patna. Gupta, a native of Purnia district in Bihar, has been running a tea stall near Patna Women's College after she failed to clear the bank competitive exams despite her hard work for two years.

A graduate from Mahatma Gandhi Kashi Vidyapeeth, Varanasi, Priyanka, a chaiwali, started selling tea from April 11 this year and has been drawing a good number of customers to her stall.""For the past two years, I have been trying continuously to clear the bank competitive exams but in vain. So, instead of going back home, I decided to set up my tea stall in Patna on a hand cart. I am not hesitant to set up my own tea stall in the city and I view this business as a step towards Atamnirbhar Bharat,"" Priyanka told India Today, adding that her target customers are the students of the college.Priyanaka considers Prafull Billore, who runs a tea shop in Ahmedabad, as her role model. Billore started a tea shop despite doing an MBA and now he owns a huge business.The 24-year-old uses interesting punchlines like Prafull Billore such as “Peena hi padega” and “Soch mat.. chalu kar de bas” to attract customers to the tea stall.“I consider Praful Billor as my role model. I used to take inspiration after watching his videos, after which I thought of setting up a tea shop in Patna”, says Priyanka Gupta.PRIYANKA BRAVES ALL ODDSGiving details about her journey, Priyanka said, ""I came to Patna on January 30 with the consent of my family to study. But for two months, I started visiting tea stalls to understand the business and also conducted market research.But opening a small tea stall was a herculean task for Priyanka. She said, ""I went to different banks to get a loan under the Prime Minister Mudra Loan Scheme but none of the banks showed interest in her business.""ALSO READ| Government job aspirants prepare for competitive exams at Ganga Ghat in PatnaFinally, after running from pillar to post for two months, one of her friends, Raj Bhagat, gave her Rs 30,000 to open a tea stall.“After my friend helped me financially, I bought a tea stall and other materials for all Rs 12,500 and then started a tea shop near Patna Women’s College from April 11,” said Priyanka.She says, ""When I was going to set up a tea stall in Patna, efforts were made to discourage her in many ways but I tried her best to fulfill my dream.""Priyanka is presently offering various types of tea, like Kulhad tea, Masala tea, Paan tea and Chocolate tea at her stall and the cost per cup is also very reasonable, ranging between Rs 15 to Rs 20.ALSO READ| Beggar syndicate in Bihar uncovered, investigation underwayALSO READ| MBA Chaiwala: How He Made Millions Selling Chai","['economics graduate tea stall', ' patna chaiwali', ' patna tea stall', ' patna womens college tea stall', ' girl sets up tea stall in patna', ' patna chaiwali news', ' economic graduate sets up tea stall in patna', ' tea stall outside patna womens college']",https://www.indiatoday.in/cities/patna/story/economics-graduate-tea-stall-outside-patna-womens-college-1938503-2022-04-17
5,cities,"3 members of gang arrested for attacking man in Delhi, pistols recovered","(17, 4, 2022)","Three members of the famous Rishi Surakhpuria gang were arrested for allegedly shooting at a man who had refused to pay them extortion money. The accused have been identified as Luvkush, Mohd Ladla (26) and Laxman (23), Delhi police said.

On April 3, four masked gunmen barged into the house of Mahavir Enclave resident Amit at 11.30 pm, a bootlegger, and demanded protection money. When Amit refused to give them the extortion amount, one of the accused fired a gunshot towards the roof to threaten him and also snatched some cash from the victim. The other two accused snatched a gold chain and three gold rings from his wife and fled from the spot.Acting on a tip-off, police nabbed Luvkush and recovered a gold chain from his possession. Police raided several hideouts and IGIS Crime Branch apprehended Ladla and Laxman.ACCUSED ARRESTEDUpon interrogation, they confessed their involvement in the robbery incident at Mahavir Enclave. Ladla told the police that he came in touch with Surakhpuria in jail and soon became a member of his gang.He also said that gangster Rishi had called him from Tihar Jail and directed him to collect money by taking his name. Subsequently, he along with his associates attacked the house of Amit and fired at his house. Ladla has been previously involved in criminal and robbery cases whereas Laxman is the first-time offender.Police recovered two country-made pistols, three empty cartridges, one gold chain and two robbed gold rings from the possession of the accused. Three empty cartridges were also recovered at the instance of accused Ladla from his residence.ALSO READ| Two gangsters arrested after encounter with Delhi PoliceALSO READ| Delhi police arrests 5 shooters of Kala Jathedi-Lawrence Bishnoi gang in shootout caseALSO READ| Delhi Police nabs sharp shooters of 'Kala Jatheri Gang'","['Rishi Surakhpuria gang', ' delhi police arrest members of Rishi Surakhpuria gang', ' Rishi Surakhpuria gang members arrested', ' two held for attacking man in delhi', ' delhi crime news', ' members of Rishi Surakhpuria gang arrested for attacking man', ' Rishi Surakhpuria gang delhi ']",https://www.indiatoday.in/crime/story/3-members-rishi-surakhpuria-gang-arrested-attacking-man-delhi-pistols-recovered-1938494-2022-04-17
6,cities,Delhi Police arrests interstate drug peddler with opium worth Rs 5 lakh,"(17, 4, 2022)","Delhi police arrested an interstate drug peddler with 1930 grams of opium worth Rs 5 lakh. The accused, identified as Chheda Lal (48), used to allegedly purchase opium from Bareilly in Uttar Pradesh at a cheap rate and sell it in local markets in Delhi at higher prices.

The arrest is a part of the 'Vighat' operation of the Sadaar Bazar police team to crackdown on drug peddlers and suppliers in the national capital. On April 14, officials of the team 'Vighat' were on patrol duty under the jurisdiction of Sadaar Bazar police station. At around 10.30 pm, police spotted a person in a suspicious condition at Idgah Park. The suspect was carrying a black coloured bag and tried to dodge the cops after seeing them.DRUG PEDDLER NABBED When he tried to run away, two police officials swung into action and cornered him before he could give them a slip. Cheda Lal, a resident of Bareilly, Uttar Pradesh, was apprehended and police recovered 1930 grams of opium.Upon further interrogation, he revealed that he purchased opium from one Ramavtar, a resident of Bareilly. He further disclosed that, owing to his poor financial conditions, he started purchasing opium from Ramavtar and sold it in Delhi at higher rates.The mobile phone and SIM card used in the drug trafficking activities have also been recovered from his possession.ALSO READ| Delhi: Interstate drug peddlers arrested; 252 kg poppy straw worth over Rs 12 lakhs recoveredALSO READ| Delhi: Interstate drug peddler with 109 kg ganja worth Rs 1 crore nabbedALSO READ| Two inter-state drug peddlers nabbed by Delhi Police","['delhi police', ' interstate drug peddler nabbed', ' drug peddler arrested with opium', ' opium drug peddler arrested delhi', ' delhi police arrests drug peddler', ' man held with opium 5 lakh', ' interstate drug peddler arrested delhi', ' opium']",https://www.indiatoday.in/crime/story/delhi-police-arrests-interstate-drug-peddler-opium-5-lakh-1938483-2022-04-17
7,cities,"Delhi: Fire breaks out at Uphaar Cinema, no injuries reported","(17, 4, 2022)","A minor fire broke out inside Uphaar Cinema theatre on Sunday morning, following which five fire tenders rushed to the spot. No casualties have been reported till now.

Officials told news agency PTI that a fire broke out at Delhi's Uphaar Cinema Hall that affected the theatre's balcony and a floor. No injuries have been reported in the blaze, they said.Delhi Fire services received a call about a fire inside a building near Green Park Metro station in the national capital.When fire tenders rushed to the spot, they found that the mishap happened inside Uphaar Cinema hall. The fire department officials told ANI that the blaze broke out in furniture lying inside the cinema hall.Delhi Fire services official said, ""The fire broke out at the ground floor of the cinema hall and the seats, furniture and rubbish in the theatre had caught fire.""Fire tenders received the information about the fire at around 4.46 am in the morning and the fire was brought under control at 7.20 am. The cause of the fire is yet to be ascertained. Delhi Fire Service Director Atul Garg told India Today that nine fire tenders were rushed to the spot to douse the flames.There has been a spate in the number of fire incidents during the summer season. The Delhi Fire Service Director advised people not to use air conditioners for 24 hours a day as it can also cause sparks, thus leading to fire mishaps.Delhi | Fire breaks out at Uphaar cinema hall, near Green Park metro station; 5 fire engines at the spotThe fire broke out in furniture lying inside the cinema hall says the Fire Department. pic.twitter.com/JBC2MSbVI4— ANI (@ANI) April 17, 2022
Notably, 25 years ago, a massive fire was reported at Delhi's Uphaar Cinema and the incident claimed 59 lives and over 100 people were injured.ALSO READ| Massive fire breaks out at restaurant in Delhi's Punjabi Bagh, 12 fire tenders rushed to spotALSO READ| Delhi: Fire breaks out in a house in Badli Extension area; 8 rescued","['Delhi fire', ' Uphaar cinema fire', ' uphaar theatre fire today', ' delhi uphaar cinema fire', ' uphaar cinema delhi fire', ' delhi fire news today']",https://www.indiatoday.in/cities/delhi/story/delhi-fire-breaks-inside-uphaar-cinema-no-injuries-reported-1938451-2022-04-17
8,cities,Delhi: Two held for chain snatching incidents in Paschim Vihar,"(17, 4, 2022)","Two people were arrested after two incidents of chain snatching were reported in Delhi's Paschim Vihar East and West on Thursday. The accused have been identified as Sachin and his aide Chiranjeevi.

A PCR call regarding the incident in Mianwali was received at 7 pm regarding an attempt to snatch the chain of a senior citizen lady. The woman alleged that she was walking with her husband and when she reached near Miyanwali Nagar, a motorcycle-borne man tried to snatch her chain but she fell down and her husband Anil Bansal, while chasing the snatcher, also fell down. The elderly couple received minor injuries in the incident.Accordingly, the police registered an FIR under relevant sections of the IPC and began probing the incident.SECOND INCIDENT REPORTEDA similar chain-snatching incident was reported at the Paschim Vihar East police station. The snatcher was wearing a white shirt and was riding a black motorcycle, police said.ALSO READ| Delhi: Five arrested for abusing, extorting people on pretext of repaying loanDuring the investigation, the police analysed footage from 25 CCTV cameras and checked 300 vehicles. After long hours of manhunt, the vehicle of the accused was tracked down and the two accused were held. The police probe revealed that Sachin started committing crimes after falling short on money due to liquor addiction and Chiranjeevi was addicted to drugs and quit his studies.Police said two separate FIRs under relevant sections of the Indian Penal Code (IPC) have been registered at Paschim Vihar East and West police, respectively. Police recovered one motorcycle, a mobile phone and a key ring containing two keys from the possession of the accused. Further investigation is in progress.ALSO READ| 18-year-old girl mowed to death by speeding car in Delhi's Paschim Vihar, 2 others injuredALSO READ| Over 30 shanties gutted in fire at Delhi’s Paschim Vihar, no casualty reported","['delhi', ' chain snatching', ' paschim vihar chain snatching', ' chain snatching paschim vihar east', ' chain snatching paschim vihar west', ' elderly woman chain snatched', ' elderly couple chain snatched paschim vihar', ' delhi paschim vihar chain snatching', ' chain snatching delhi ']",https://www.indiatoday.in/crime/story/delhi-two-held-chain-snatching-incidents-paschim-vihar-1938442-2022-04-17
9,cities,Hindus and Muslims come together to celebrate Hanuman Jayanti in Pune,"(17, 4, 2022)","Against the backdrop of communal clashes in parts of the country and opposition to loudspeakers outside mosques, Hindus and Muslims in Maharashtra’s Pune came together and celebrated Hanuman Jayanti on Saturday.

Muslims participating in aarti on Hanuman Jayanti in the city’s Sakhlipir Taleem Rashtriya Maruti Mandir is an annual ritual. In fact, the temple is named after Sakhlipir baba and his dargah is also on the premises.“We celebrate all festivals together. We do this to send message to our youth that they too have to live in communal harmony,” said Atik Sayed, who came to the temple at around 6 am. He helped in decorating the temple before aarti, along with several other Muslim residents of Nana PethYusuf Shaikh, another resident of Nana Peth, said that some of his friends mock him for visiting temple. “I tell them that I am Muslim at heart and a tilak on my forehead will not change that,” he said.Asked about the political furore over removing loudspeakers from mosques, he added, “The controversy over loudspeakers outside mosque is not right. We have to take things positively rather than giving them negative connotation.”Ravindra Malvatkar, President of Sakhlipir Taleem Rashtriya Maruti Mandir, said the upkeep of the dargah is done by a Hindu. “""People who don’t have a mosque around their house are complaining about azaan. We have four mosques in our area and people from all communities live in harmony. So it’s a needless controversy to disturb the peace,” said Malvatkar.“We had iftar outside temple for Muslims residents on Friday. We have been doing it for 35 years now. Some people spread the rumours that iftar is happening inside the temple and non-veg food was served. This was not true, it happened outside the temple and only fruits were served. So people try to spread hate but we are not giving up,” Malvatkar added.Live TV--- ENDS ---READ | Muslims shower flower petals on Ram Navami procession in RajasthanWATCH | Meet the Muslim family who has been making flags for Ram Navami festival",['Hindus and Muslims come together to celebrate Hanuman Jayanti in Pune'],https://www.indiatoday.in/cities/pune/story/hindus-muslims-celebrate-hanuman-jayanti-pune-1938409-2022-04-17
10,cities,Delhi Police begins probe after overturned Bolero found carrying suspected beef,"(17, 4, 2022)","Delhi Police launched a probe after recovering meat suspected to be beef from a Mahindra truck that was involved in an accident on Saturday.

Swaroop Nagar police station received a PCR call around 7 am today regarding a Bolero LGV carrying suspected beef at Gurudwara Redlight area of the locality.On reaching the spot, police team saw an overturned Mahindra pick-up and a significant quantity of capsicums scattered on the road. It looked like the green vegetables had burst out of polythene bags. Notably, meat was also strewn on the busy road next to the vehicle.Police collected the pieces of meat and sent them for forensic examination to a Veterinary Hospital. An investigation was launched but no eyewitnesses came forward at the scene of the accident.After this, the vehicle was taken into police possession and a case was registered under the Delhi Agricultural Cattle Preservation Act at PS Swaroop Nagar.During the course of the investigation, it was discovered that the recovered Mahindra truck was registered at Hastinapur in Uttar Pradesh’s Meerut district. A team has been sent to Meerut to trace the owner of the recovered vehicle and other involved persons.Live TV--- ENDS ---READ | Delhi: Farmhouse caretaker lynched by cow vigilantes in Chhawla; five arrestedALSO READ | UP: Mathura villagers accuse man of smuggling cattle meat, thrash him",['Delhi Police begins probe after overturned Bolero found carrying suspected beef'],https://www.indiatoday.in/cities/delhi/story/delhi-police-begins-probe-after-overturned-bolero-found-carrying-suspected-beef-1938400-2022-04-17
11,cities,"Here's how rampage, arson of consensual interfaith marriage unfolded in Agra","(17, 4, 2022)","Members of a few right-wing groups on Friday set ablaze the house of a Muslim man, who was accused of kidnapping a Hindu woman, in Agra’s Runakata area, police said.

The woman, however, has said that she went with him willingly.How did it all start?Sajid, 26, and Ritika Jain, 22, both of Agra's Sikandra's Runakta village, had been in a relationship for several years. Ritika eloped from her home on April 11. Sajid, too, went missing.While Sajid owns a gym in Runakta, Ritika had completed her master's degree and was enrolled in a professional training programme in her field of study.When Ritika and Sajid were not found on April 11, Ritika's father who owns a general store in a nearby market approached the police and filed a kidnapping report. In the complaint, Sajid was accused of kidnapping Ritika.They were tracked down to Delhi.READ | 'Love kesari': Karnataka right-wing's counter to 'love jihad', case filedWhat happened next?Sajid and Ritika had already tied the knot. Ritika stated in several videos posted on social media platforms that she married Sajid willingly despite opposition from her family members.Sajid had also changed his name to Sahil and placed a newspaper advertisement announcing his name change and conversion to Hinduism.Meanwhile, the police transferred her to Nari Niketan after completing all necessary procedures. Her statements will be taped once the court opens.READ | Love jihad: Celebrate love, don't criminalise it | OPINIONEyewitnesses' testimoniesA panchayat meeting was held at Runakta market on Friday, April 15. Following that, a large crowd led by the right-wing fringe group went on a rampage, torching three of Sajid's and his family's homes.Sajid's 75-year-old grandfather, Abdul Majid, told India Today/Aaj Tak: ""A large mob attacked my house, and they broke everything in the house, from air conditioners to utensils. Then they tried to set the house on fire.""""Our family also owns the adjoining house. The family used to live on the upper floor, and there is a shoe manufacturing unit on the ground floor. The entire shoe production facility was set on fire. Sajid's home has been completely destroyed,"" said Abdul Majid.Majid recalled calling the police several times but not receiving help in a timely manner. At the time of the attack, he was in the local mosque.""I didn't leave the house because I was afraid for my life. If I had made it to my house, the mob would have beaten me up... I only got home after the police arrived,"" Majid said.Sajid's neighbours told India Today/Aaj Tak that the mob was chanting ""Jai Shree Ram"" and brandishing swords and axes.Iqbal alias Pappu, whose house and shop are directly across the street from Majid's, said, ""I had opened my shop in the morning. However, when the panchayat was held, the fear of the mob spread. I closed my shop at 9.30 am out of fear of property damage.""His wife said: ""I went upstairs after closing the house doors. The mob shouted ""Jai Shree Ram"" slogans as they attacked Sajid's home. They threw the objects outside and set fire to the house.""""We didn't go out because the mob kept saying that we would only attack the homes of those who had kidnapped the Hindu girl. The mob also threatened to burn down anyone's house who attempted to intervene,"" she said.The elderly in Runakta's Muslim neighbourhood stated, ""We didn't resist or try to stop the mob. There were around 200 to 250 people. They had weapons. Had we stopped them, there would have been more communal tension in the area.""Sajid's brother, Jahid, was at home when the mob arrived. He jumped onto a neighbor's terrace and fled when he realised he was in danger.""They smashed the doors with axes. They were insulting Muslims as they approached my home. They set fire to my house,"" said Jahid.The two-storey house was shattered, with fumes still emanating from it on Friday evening, he said.""The majority of those who attacked our homes came from nearby villages. Others had arrived from the surrounding areas. We've tracked them down,"" said Jahid, adding that he had been threatened by locals on April 11, the day his brother and the girl went missing.READ | Sex-pionage: The real love jihadMarriage with mutual consentSajid's brother, Jahid, has denied allegations that his brother kidnapped the girl.""They married with mutual consent. We could have done something to prevent these unfortunate incidents if we had known about their relationship,"" Jahid said.Ritika's father told Aaj Tak, ""When my daughter did not return home on April 11, we filed a complaint with the police. We had alleged that Sajid had kidnapped my daughter. The police had tracked down my daughter's location in Delhi, and the cab driver had been apprehended the next day.""He stated that his daughter's whereabouts were found near Tis Hajari in Delhi.His father also stated that Sajid had been in a relationship with the girl for many years and that they had only recently discovered this.""My child has been brainwashed. They married in Tis Hajari, Delhi, at the Arya Samaj Mandir,"" said the girl's father.He also admitted that his daughter had posted videos about her marriage to Sajid on social media.""We are now waiting for her statement to be recorded. If she agrees to come with us, that's fine. But if she doesn't, I'll consider her gone for good,"" he stated.While he acknowledged that he was a member of Friday's Runakta Panchayat, he distanced himself from the violence in the neighbourhood.The girl's father stated that the issue had been assigned to the Hindu-Muslim conflict. ""Since the case involved a Muslim boy and a Hindu girl, it was bound to take this turn,"" said the girl's father.Meanwhile, the Agra SSP confirmed that the mob was led by the ""Dharam Jagran Samanvay Sangh.""The girl stated in the video that she willingly married Sajid and that her statement has yet to be recorded in front of the magistrate, said the SSP.Notably, both the Hindu and Muslim sides are calling into question the role of local police officers.On Saturday, the tension in Runakta was palpable, and shop shutters remained closed all day. A large police presence was also stationed in the village to prevent any untoward incidents or further escalation of tensions.(Inputs by Siraj Qureshi)READ | Women and marriage: Who makes the decision? | VIEWS","['Agra', ' agra news', ' Muslim man’s home set ablaze by mob in UP’s Agra over inter-faith marriage', ' Sajid', ' Ritika', ' hindu muslim', "" muslim man's house burnt down in Agra""]",https://www.indiatoday.in/cities/agra/story/how-rampage-arson-of-consensual-interfaith-marriage-unfolded-in-agra-1938395-2022-04-17
12,cities,"Jahangirpuri violence: Someone in mob opened fire, I was shot, says wounded cop | Exclusive","(16, 4, 2022)","In an exclusive interview with India Today, a police personnel who was shot during the violence in Jahangirpuri on Saturday evening said he was caught in the midst of a thousand-strong mob.

The Delhi Police sub-inspector, SI Medha Lal Meena, who was posted in Jahangirpuri police station, sustained a gunshot wound on his arm. Medha Lal said, “There were at least a thousand people on both sides. They were pelting stones. Someone in the crowd opened fire. I was shot.”Around six policemen were injured in Delhi's Jahangirpuri, including SI Medha Lal Meena, though it is not yet clear how the injury happened. The bullet hit Medha Lal's arm and went through. All the injured are admitted to Babu Jagjivan Ram Hospital.Clashes broke out between two groups during a Hanuman Jayanti procession in northwest Delhi's Jahangirpuri area on Saturday, leaving several police personnel injured.Police said there was stone-pelting and some vehicles were also torched in the violence that occurred at around 6 pm. Additional police forces have been rushed to Jahangirpuri and other sensitive areas.Delhi Police Commissioner Rakesh Asthana said that strict action will be taken against rioters and requested citizens not to pay heed to rumours and fake news on social media.Union Home Minister Amit Shah also spoke to the Commissioner of Police and Special Commissioner (law and order) and directed them to take all necessary action following the violence. The Delhi Police has also apprised the top functionaries of the Union Home Ministry about the situation.Live TV--- ENDS ---READ | Shocked at silence of PM on communal tensions: 13 opposition parties in statementWATCH | Communal clashes in four states on Ram Navami; 1 dead many injured","['Jahangirpuri violence: Someone in mob opened fire', ' I was shot', ' says wounded cop | Exclusive']",https://www.indiatoday.in/cities/delhi/story/thousands-strong-mob-pelting-stones-delhi-cop-wounded-jahangirpuri-clashes-hanuman-jayanti-1938378-2022-04-16
