SN,category,headline,date,content,keywords,link
1,cities,"Greater Noida: 2 robbers injured in encounter with police, 4 held","(18, 4, 2022)","The Beta 2 police of Greater Noida had an encounter with a gang of robbers late Sunday night. While two robbers were injured during the firing, the other two were caught as the police combed through the region.

A broken Ola cab along with pistol cartridges have been recovered from the robbers.On April 11, the robbers had booked a cab from Delhi to the Knowledge Park region in Greater Noida, after which they beat up the driver, stole the car and fled the scene.A case was registered at the Knowledge Park police station. On investigation, the police found out that a new gang has come up which robs cars by pretending to be customers of the cab services.The Zone 3 police alerted all their teams to be on the lookout for the gang, which was at Pari Chowk.The police started their search around Zero Point of the Yamuna Expressway and started chasing the cab when it sped past without stopping even after the police’s signal.While being chased, the robbers opened fire on the police. Soon, their car crashed at the roadside and they started running. It is then that two of the robbers were shot in their legs while the other two escaped but were caught soon after.Deputy Commissioner of Police (DCP), Greater Noida, Amit Kumar said that the two robbers who were caught during the police firings were identified as Usman and Vikas. The other two, Ravi and Minhaj, were later caught during combing.He added that presently, information is being collected about them from other police stations.The police recovered a stolen Ola cab, two pistols, cartridges and other items from the possession of the robbers. The injured robbers have been admitted to the District Hospital for treatment.READ | Srinagar's Tulip Garden shuts a week ahead of usual time due to high temperature","['Robbery', ' car robbery', ' Greater Noida', ' Police encounter', ' Delhi NCR', ' gang robbery', ' Greater Noida encounter']",https://www.indiatoday.in/crime/story/greater-noida-robbers-injured-in-encounter-with-police-accused-arrested-1938786-2022-04-18
2,cities,Srinagar's Tulip Garden shuts a week ahead of usual time due to high temperature,"(18, 4, 2022)","Srinagar’s Tulip Garden has been closed for this season from today onwards, a week before its usual time, owing to high temperatures. The flowers have started withering due to the above-average temperature this season.

“We are closing early this season as the bloom has been reduced due to high temperatures,” said Sofi Inam-ur-Rehman, Floriculture officer and in-charge of the Tulip Garden.The flowers in the garden are temperature sensitive and require a temperature range of 15-25 degrees Celsius. However, this time, the region recorded above-average temperatures hitting 28.9 degrees Celsius.“The tulip bloom has started to shrink in view of the rise in the temperatures. This year we opened the garden earlier than the previous year,” Ahmed Rather said.The high temperatures had also led to the early bloom of the tulips, thus making the officials open the garden two days earlier than last year.Sofi said that even though the flowers bloomed for a shorter period of time, the tourist footfall was the highest ever. “We received a record footfall at the garden this spring. Over 3.5 lakh people visited the garden of whom 1.5 lakh were domestic tourists,” he added.Asia's largest tulip garden, which remained closed in 2020 owing to the pandemic, opened on March 23 this year.READ | India’s first indoor skydiving facility launched in Hyderabad","['Srinagar', ' Srinagar tulip', ' Srinagar', ' Srinagar tulip gardens', ' Srinagar tulip garden news']",https://www.indiatoday.in/cities/srinagar/story/srinagar-tulip-garden-shuts-due-to-high-temperature-1938782-2022-04-18
3,cities,"Bhopal: No respite from heat, night temperature rises over 2 degrees Celsius in last 24 hours","(18, 4, 2022)","The heatwave continued in Bhopal with the night temperature rising over 2 degrees Celsius in the last 24 hours.

Even amid cloudy weather, the hot winds swept across the city, offering no respite to the heat.As per the predictions of the India Meteorological Department (IMD), large parts of the city will suffer a heatwave on Monday as well.The maximum day temperature settled at 40.9 degrees Celsius on Sunday, whereas the minimum temperature stood at 24.6 degrees Celsius in Bhopal.According to the weather department, the heatwave will continue in Chhatarpur, Tikamgarh and Damoh districts in the Bundelkhand region and also in the districts of Nimar- Khandwa and Khargone in the next 24 hours.READ | Heatwave conditions likely to continue in Delhi and northwest India till April 20: IMD",['Bhopal Bhopal news Bhopal temperature Bhopal hot weather Bhopal hot winds Bhopal no respite in heat'],https://www.indiatoday.in/cities/bhopal/story/night-temperature-rises-in-bhopal-hot-winds-prevail-1938769-2022-04-18
4,cities,India’s first indoor skydiving facility launched in Hyderabad,"(18, 4, 2022)","In a first, Hyderabad has added a new attraction for all the adventure sports lovers by launching its first indoor skydiving facility.

Offered by GravityZip, the indoor skydiving was inaugurated in the presence of M. Stephen Raveendra, commissioner of police, Cyberabad, Jayesh Ranjan, principal secretary, IT & I&C and Air Commodore Ashutosh Chaturvedi, principal director, Air Force Adventure & Sports. A team of instructors from Europe has been appointed to guide the visitors.Indoor skydiving will be safer as the participant won’t have to jump from an extreme height. They will float in a vertical cylindrical tunnel.The pre-booking of the indoor activity has started. Reportedly, the indoor skydiving facility will have certified trainers from Europe and the entire skydiving experience will be 40-minutes, including training.The charges for indoor skydiving will range from Rs 2,000 to 3,000.READ | Patna: Auto-rickshaw, bus fares may increase by 30 per cent amid rising fuel prices",['Hyderabad Hyderabad news Hyderabadlive news Hyderabad live news now Hyderabad skydiving Hyderabad indoor skydiving Hyderabad skydiving news'],https://www.indiatoday.in/cities/hyderabad/story/hyderabad-first-indoor-skydiving-facility-launched-details-here-1938732-2022-04-18
5,cities,Delhi Police engaged in shootout with Neeraj Bawania aide who murdered cop in 2016,"(18, 4, 2022)","The Outer North district Delhi Police is engaged in a shootout with an associate of Neeraj Bawania, who allegedly murdered a police constable named Anand Singh in 2016.

Constable Anand Singh was shot dead by three men in 2016. Singh had intervened when the three were harassing a woman street vendor and had stopped them from robbing her.ALSO READ | Delhi cop's murder solved, three accused arrestedOn August 19, 2016, around 9 pm while constable Singh was passing by the Samosa Chowk in Bawani, he heard the commotion when three criminals were trying to flee after robbing a woman, Meena, the complainant of the FIR. Singh while attempting to apprehend the criminals was shot in the chest.Further details on the shootout are awaited.ALSO READ | Delhi Police arrests gangster involved in Gogi murder case","['Delhi police encounter', ' constable anand singh murder']",https://www.indiatoday.in/cities/delhi/story/delhi-police-neeraj-bawania-constable-anand-singh-murder-1938693-2022-04-18
6,cities,"Delhi sees uptick in Covid-19 cases, students getting infected in schools triggers worry | Top Points","(18, 4, 2022)","Delhi's Covid-19 cases and the positivity rate have seen an upward trend over the last few days. The city's positivity rate recently touched 5 per cent. However, the health bulletin said on Sunday that it dropped to 4.21 per cent. 

The city's positivity rate jumped from 0.57 per cent on April 1 to 2.39 per cent on April 14 even as the number of home isolation cases showed an upward trend in the past weeks.On Monday, April 11, Delhi recorded 137 new cases and a positivity rate of 2.7 per cent -- the highest in two months. Since then, the city has been witnessing a continuous rise in daily Covid-19 cases.Take a look at the number of Covid-19 cases and the positivity rate reported in Delhi in the last week.DayDaily casesDeathsPositivity rateMonday, April 11137 2.7%Tuesday, April 12The department did not issue a bulletin----Wednesday, April 13299 02.49%Thursday, April 14325 02.39%Friday, April 15366 03.95%Saturday, April 16461 25.33%Sunday, April 17517 04.21%COVID-19 HITS DELHI-NCR SCHOOLSRecently, several schools in Delhi, Noida and Ghaziabad also reported novel coronavirus cases, prompting the government to issue guidelines for parents who are sending their kids to school.These reports of infections from schools triggered concerns weeks after they opened for completely offline classes following a two-year gap due to the pandemic.Delhi-NCR schools sprung into action and started taking various measures, including frequent sanitisation, to restrict the spread of the virus to a minimum and thus avoid the shutdown of the campus.The other measures being taken by the schools include closing a particular classroom when someone tests positive and advising parents to not send their kids without masks.However, all of them maintain that closing schools further is not a solution.On Saturday, Delhi Deputy Chief Minister Manish Sisodia said Covid-19 cases may have been rising in the capital, but there is no need to worry as hospitalisation is low.COVID-19 SURGE IN INDIA AND OTHER COUNTRIESIndia reported a slight increase in the number of cases in 24 hours -- a rise of over 17 per cent. The country reports 1,150 new Covid cases, as per the Union Ministry of Health and Family Welfare on Sunday, April 17.The active caseload in the country stood at 11,558, while the daily positivity rate was recorded at 0.31 per centNot just in India, but a massive coronavirus case surged has been witnessed in other countries including the United States and China.A report in the Associated Press (AP) said the US is trudging into what could be another Covid-19 surge, with cases rising nationally and in most states after a two-month decline.Experts warned that the coming wave caused by a Covid-19 mutant called BA.2 that’s thought to be about 30 per cent more contagious will wash across the nation.Besides the US, China's financial capital Shanghai also struggles to battle fresh Covid-19 outbreaks, pushing nearly 26 million into lockdown.The city is witnessing a rise in asymptomatic cases of Covid-19, sounding an alarm among the residents.In Shanghai, residents are facing a shortage of food and essential commodities amid the stringent lockdown. They even held protests against the government imposing strict Covid-19 norms. Many videos of people screaming from their windows in Shanghai and health authorities allegedly beating the pets of Covid-19 people went viral on social media.Meanwhile, mainland China reported 23,460 new coronavirus cases on April 17, of which 2,742 were symptomatic and 20,718 were asymptomatic, the National Health Commission said on Monday.","['Delhi coronavirus cases', ' cases', ' covid-19 in india', ' india covid-19. delhi coronavirus']",https://www.indiatoday.in/coronavirus-outbreak/story/delhi-sees-uptick-covid-19-cases-students-infected-schools-triggers-worry-top-points-1938685-2022-04-18
7,cities,"Jahangirpuri violence: Petitions seek Supreme Court intervention, NIA probe","(18, 4, 2022)","A Delhi-based lawyer has written to Chief Justice of India NV Ramana, urging him to take cognisance of the Jahangirpuri violence. Clashes broke out between two communities during a Hanuman Jayanti procession in northwest Delhi's Jahangirpuri on Saturday evening.

ALSO READ | Stone pelting, arson at Hanuman Jayanti rally, Delhi Police says situation under controlAccording to the police, stones were pelted and several vehicles were set on fire. Many, including several police personnel, were injured in the violence. Swords and other weapons were allegedly brandished at the procession.The letter by Delhi-based lawyer Amritpal Singh Khalsa read: ""The Delhi Police investigation so far, has been partial and communal. The probe is directly shielding the perpetrators of the riot. This court even admonished Delhi Police for their failure to stop riots in 2020.""Khalsa sought the SC’s orders to set up a “committee headed by sitting judge of the apex court to conduct an impartial probe into the Jahangirpuri riots”.ALSO READ: Stone pelting, arson at Hanuman Jayanti rally, Delhi Police says situation under control""This is the second time that riots have erupted in Delhi in two years, and on both occasions, members of the minority community are being blamed. From impartial media reports, it has emerged that a few armed members, who were part of the Hanuman Jayanti Shobha yatra procession entered a mosque and installed a saffron flag. What followed was stone pelting by both the communities. In this entire incident, seven to eight Delhi Police personnel and civilians were severely injured and private property was damaged,” Khalsa said.“These riots are already a communal scar. To make it worse, Delhi Police initially arrested seven youths — all of them Muslims,"" the letter read.So far, 21 people, including two minors, have been taken into police custody.In a separate petition, lawyer Vineet Jindal has moved a PIL in the Supreme Court, seeking an NIA investigation into the Jahangirpuri riots to check the involvement of ISIS and other terrorist outfits.Live TV--- ENDS ---ALSO READ | Jahangirpuri violence: Plea in SC seeks CJI intervention; prime accused a history-sheeter, say cops","['Jahangirpuri violence Petitions seek SC intervention', ' NIA probe']",https://www.indiatoday.in/cities/delhi/story/jahangirpuri-violence-petition-sc-intervention-nia-probe-1938684-2022-04-18
8,cities,Parts of Bengaluru to face power cut from April 18 to 21 | Check full list here,"(18, 4, 2022)","In order to carry out some cabling work, Bangalore Electricity Supply Company Limited (BESCOM) will cut power in several areas of Bengaluru, majorly in Whitefield, from April 18 to April 21.

For five to six hours, electricity will be affected in several areas of Bengaluru. Here’s the full list of areas and dates when the power will be disrupted in Bengaluru.APRIL 18 Yemlur Main RoadSrinivas Reddy LayoutAECS LayoutMunireddy LayoutBellandur Railway StationKaverappa LayoutJCR LayoutSai Sanjeevni LayoutKundanahalli gateGreen Garden LayoutAPRIL 19 Balagere VillagePanathur DinneGubjur PalyaKripanidhi CollegeGreat School RoadNew Horizon School RoadCessana Main RoadKundanahalli ColonyOld Airport RoadMarathahalliSanjaynagarREAD | Bengaluru: 56-year-old former serviceman found murdered at home; probe onAPRIL 20Dental College RoadPanathur Dinne RoadMunnekollalaCKB LayoutShantiniketan LayoutPR LayoutChetna School RoadSGR College RoadYemlurBannappa ColonyWHITEFIELD’S POWER CUT Whitefield has been facing power cuts from April 16 from 10 am to 5 pm. While the first two days involved work in the feeder, for the next two days, the work in the Kachamaranahalli feeder will be done.Here’s the list of areas that will be affected from April 18 to April 21 in Whitefield due to BESCOM’s work.APRIL 18-19 Ballagere RoadVarthur Main RoadHalasalli RoadGunjurGunjur HosahalliGunjur Main RoadKripanidhi CollegeAPRIL 20-21 ChannasandraFCI GodownKoraluruSoukhya RoadWhitefield Main RoadREAD| Heavy rains lash parts of Bengaluru for second consecutive day","['power cut', ' power cut in bengaluru', ' power cut in whitefield', ' power cut news power cut live']",https://www.indiatoday.in/cities/bengaluru/story/power-cut-in-whitefield-and-other-areas-bengaluru-check-list-here-1938683-2022-04-18
9,cities,"Auto, taxi, mini bus drivers in Delhi to go on strike today over rising fuel, CNG prices","(18, 4, 2022)","Commuters in Delhi may face problems as various unions of auto, taxi and mini bus drivers have decided to go on strike on Monday.

The unions have been demanding hike in fare rates and slashing of CNG prices.While most unions said they will be on one-day strike, the Sarvodaya Driver Association Delhi, which has members who drive for cab aggregators, said it will go an ""indefinite"" strike from Monday.ALSO READ | Inflation: Crisis of pricesThe unions have refused to call of their strike despite an announcement by the Delhi government to form a committee to consider fare revision in a time-bound manner.""We have decided to go on an indefinite strike from Monday in view of no action by the government to help us by slashing prices of fuels and revising fares,"" President, Sarvodaya Driver Association Delhi, Kamaljeet Gill, said.General secretary of the Delhi Auto Rickshaw Sangh, Rajendra Soni, said the ""unprecedented"" hike in rates of CNG has taken a toll auto and cab drivers.ALSO READ | Auto, taxi fares to increase in Delhi? Transport Minister to submit report""We know that the Delhi government is forming some committee but we need solutions to our problems which is not in sight. We are demanding that the government (Centre and Delhi) provide Rs 35 per kg subsidy on CNG prices,"" he said.Hundreds of auto, taxi and cab drivers staged a protest at the Delhi Secretariat recently demanding subsidy on CNG prices.ALSO READ | CNG price hiked by Rs 2.5 per kg in Delhi. Check rates""We cannot keep plying our autos and cabs bearing losses everyday as the CNG prices are galloping. This is a symbolic protest to oppose the price hike,"" Soni said.There are over 90,000 autos and more than 80,000 registered taxis complementing the public transport system in the city.General secretary of STA Operators Ekta Manch, Shyamlal Gola, said that RTV buses, numbering around 10,000, will also be off road in support of the demands to revise fares and bring down CNG prices.The feeder buses play a crucial role in last mile connectivity running from Metro stations to interior localities in the city.Live TV--- ENDS ---ALSO READ | Price rise, inflation in India: From food items to edible oil rates, what to expect in coming months?","['Petrol diesel prices', ' Delhi', ' Auto strike', ' cab strike']",https://www.indiatoday.in/cities/delhi/story/auto-taxi-mini-bus-drivers-delh-strike-today-rising-fuel-cng-prices-1938682-2022-04-18
10,cities,"Patna: Auto-rickshaw, bus fares may increase by 30 per cent amid rising fuel prices","(18, 4, 2022)","Amid rising petrol, CNG and diesel prices, auto-rickshaw and bus fares may see an increase of up to 30 per cent in Bihar’s Patna.

The All India Road Transport Workers’ Federation Bihar held a protest in Patna on Sunday against rising fuel prices. After the protest, the federation decided to pitch for a 30 per cent increase in fares.Representatives of the federation will meet with state government officials on Monday to discuss the same. The organisation’s general secretary Rajkumar Jha said on Sunday, “All hikes in the fares of buses and auto-rickshaws will be proposed.”He added that even if the state government rejects the proposal, the fares of auto-rickshaws and buses will be increases. “It has become impossible for us to drive our vehicles with the huge jump in the price of petrol and diesel over the last few days,” he said.If the fares of auto-rickshaws and buses are in fact increased by 30 per cent, a passenger will have to pay Rs 13 to go from Gandhi Maidan to the railway station and Rs 39 to go from Gandhi Maidan to Danapur in Patna.At present, Rs 10 has to be paid to go from Gandhi Maidan to the railway station and Rs 30 to go from Gandhi Maidan to Danapur.Live TV--- ENDS ---ALSO READ | Auto, taxi fares to increase in Delhi? Transport Minister to submit report","['petrol cost', ' diesel cost', ' auto fare', ' bus fare', ' patna news']",https://www.indiatoday.in/cities/patna/story/auto-rickshaw-bus-fares-increase-bihar-rising-fuel-costs-1938680-2022-04-18
11,cities,"Jahangirpuri violence: Plea in SC seeks CJI intervention; prime accused a history-sheeter, say cops | Top points","(18, 4, 2022)","As many as 21 people have been arrested so far in connection with the Jahangirpuri violence between two communities during a Hanuman Jayanti procession in northwest Delhi's Jahangirpuri area on Saturday evening.

Here are the top developments around the incident:ALSO READ | Stone pelting, arson at Hanuman Jayanti rally, Delhi Police says situation under control1. A communal violence broke out during a Hanuman Jayanti procession on Saturday. According to the police, stones were pelted and several vehicles were set ablaze. Many, including several police personnel, were injured in the violence. Swords and weapons were allegedly brandished at the procession.2. A plea, seeking the intervention of the Chief Justice of India to curb cases of violence in Delhi, has been filed in the Supreme Court.3. Seven-eight rounds of bullets were also fired during the violence, in which Delhi Police sub-inspector Medalal Meena was injured. Delhi Police Commissioner Rakesh visited Asthana Medalal Meena and assured him of all support from the department.4. Paramilitary forces were sent to Jahangirpuri to bring the situation under control. The Centre deployed around 200 Rapid Action Force personnel along with the Delhi Police.5. According to Delhi Police, the main conspirator of the Jahangirpuri violence, Ansar, is a history-sheeter with two cases of assault and several cases of gambling registered against him.6. So far, 19 people have been arrested and two minors have been detained. Aslam, the man who allegedly shot Meena, and Ansar were among the arrested.ALSO READ: Stone pelting, arson at Hanuman Jayanti rally, Delhi Police says situation under control7. Union Home Minister Amit Shah spoke to Delhi CP and Special CP Deependra Pathak and instructed them to strictly maintain law and order. He has also asked the top police officials to take necessary action against the miscreants.8. The district police and the Delhi Police Crime Branch have launched a joint investigation into the matter, said Ravindra Yadav, Special Commissioner, Crime Branch. The Crime Branch has sought the custody of Ansar and another accused, Aslam, who will be produced in court on Monday.ALSO READ: Jahangirpuri violence: Someone in mob opened fire, I was shot, says wounded cop9. The National Commission for Protection of Child Rights (NCPCR) takes suo moto cognizance of children involved in the Jahangirpuri incident. It has asked for a report from Delhi Police on action taken in this regard.10. Bajrang Dal activists held a protest march in Panchkula, Haryana against the Jahangirpuri incident. They shouted slogans with naked swords, sticks and other weapons. The activists stood on the roof of the vehicles wielding swords.Live TV--- ENDS ---ALSO READ | Words cannot describe what I saw, says injured cop in Jahangirpuri violence",['Jahangirpuri violence'],https://www.indiatoday.in/cities/delhi/story/jahangirpuri-violence-hanuman-jayanti-rally-arrest-bullets-fired-cop-injured-1938671-2022-04-18
12,cities,"Two Tamil Nadu constables, dealer arrested in Chennai for selling seized ganja","(18, 4, 2022)","Tamil Nadu Police, on Sunday, arrested two constables in Chennai for stealing ganja from a seized batch and selling it. Police also arrested the dealer they had approached to peddle the ganja.

The three were arrested as part of a drive named ‘Operation Ganja Hunt 2.0’, according to a report by the New Indian Express. Police recovered 1.2 kg of ganja from Dilip Kumar.According to a case registered by the Ayanavaram Police, the three accused were Dilip Kumar (39), a drug peddler who also worked as a real estate broker, Sakthivel, a Railway police constable, and Selvakumar, a cyber-crime wing constable.According to the New Indian Express report, a special team arrested Dilip Kumar on Saturday when he was selling the ganja at Ayanavaram. During interrogation, he confessed that he had received the ganja from Sakthivel, the Railway police constable.Sakthivel had reportedly stolen the ganja from a seized batch before it was officially weighed and recorded. Sakthivel and his roommate, Selvakumar, decided to sell the ganja. So, they brought in Dilip Kumar to peddle it in the city.Based on this information, police conducted an investigation and arrested the two constables on Sunday. All three accused were remanded to judicial custody. A senior police official has stated that the two constables would be suspended.Live TV--- ENDS ---Also Read | ED summons TTV Dhinakaran again in bribery case involving Sukesh ChandrashekharAlso Read | Mahabubabad animal activist, police stop buffalo sacrifice in Telangana","['Chennai', ' Tamil Nadu', ' Constables arrested for selling seized ganja']",https://www.indiatoday.in/cities/chennai/story/two-tamil-nadu-constables-dealer-arrested-chennai-for-selling-seized-ganja-1938665-2022-04-18
