SN,category,headline,date,content,keywords,link
1,cities,Robbers loot Rs 1 crore from cash van on gunpoint in Gurugram,"(18, 4, 2022)","An incident of robbery came to light in Gurugram where 4-5 miscreants looted Rs 1 crore cash from a cash van at gunpoint.

The incident took place in Subhash Chowk during the daytime. Later, they all fled with the bag of cash.The robbers tried putting chilli powder in the security guard's eye to loot the bag full of cash.According to the police, the incident took place on Monday on Sohna Road. An employee collecting cash for a private company had gone to the Akhil Maruti Arena showroom to collect cash. During this time, two employees with him were sitting outside in the Eco van while he had gone to collect cash.It is being alleged that some miscreants suddenly attacked the cash van, and ran away with the money.The Gurugram Crime Branch team reached the spot and the cash has been recovered. Police said that the matter is being investigated.","['gurugram', ' gurugram story', ' gurugram crime', ' crimes in gurugram', ' robbers loot rs 1 crore from cash van in gurugram ']",https://www.indiatoday.in/cities/gurugram/story/robbers-loot-cash-from-van-on-gunpoint-gurugram-1938977-2022-04-18
2,cities,Lucknow: GoAir staff heckled by angry passenger after he missed his flight,"(18, 4, 2022)","An angry passenger argued with a female employee of GoAir and broke the glass of the counter after he missed his flight at Lucknow airport.

According to the information, Chandrabhan Singh, a resident of Amethi district, was to board a flight to Mumbai at 1.30 pm but he couldn’t as he reached the airport late.The passenger was intercepted by Central Industrial Security Force (CISF) personnel.According to the Police Commissioner, DK Thakur, “A case has been registered at the behest of the woman and further action is being taken. It was a case of sabotage.”READ MORE: UP: Unemployed man strangles wife and two kids, hangs selfREAD MORE: Meerut: Man shoots sister's husband to death over love marriage, chops off his head","['lucknow', ' lucknow airport', ' goair', ' mumbai flight', ' angry passenger', ' cisf personnel']",https://www.indiatoday.in/cities/lucknow/story/lucknow-goair-staff-heckled-by-angry-passenger-after-he-missed-his-flight-1938955-2022-04-18
3,cities,"Thunderstorm, light rainfall expected in Delhi on April 21","(18, 4, 2022)","Delhi is expected to witness thunderstorms with light rain on April 21, according to the India Meteorological Department (IMD).

A drop of up to 4 degrees Celsius is expected due to the upcoming rainfall and thunderstorms in the plains.As per the weather department, the Himalayan Region is expected to receive rainfall from tomorrow, Tuesday.Due to the upcoming system in the Western Himalayas and adjoining plains, mercury is likely to come down in the region.Meanwhile, heatwave conditions are likely to prevail till April 20 in the plains.READ MORE: Heatwave conditions likely to continue in Delhi and northwest India till April 20: IMDREAD MORE: Bhopal: No respite from heat, night temperature rises over 2 degrees Celsius in last 24 hours","['thunderstorm', ' light rainfall', ' delhi', ' heatwave conditions', ' mercury', ' india meteorological department', ' imd', ' ']",https://www.indiatoday.in/cities/delhi/story/thunderstorm-light-rainfall-expected-in-delhi-on-april-21-1938948-2022-04-18
4,cities,TMC councillor murder: Calcutta HC seeks Bengal govt's response in plea seeking CBI probe,"(18, 4, 2022)","Calcutta High Court on Monday sought the state government’s response to a new Public Interest Litigation (PIL) petition seeking a probe by the Central Bureau of Investigation (CBI) into the murder of TMC Panihati councillor Anupam Dutta.According to reports, the Trinamool Congress Panihati Councillor was shot dead on March 12 when he had gone to take stock of work on a park in his area. The sequence of events was caught on a CCTV camera, where it showed Dutta riding pillion on a two-wheeler when he was shot at point-blank range.

Also Read | Mamata Banerjee calls emergency meeting after Calcutta HC orders 7 CBI probes in twenty daysAccording to local reports, Anupam Dutta was rushed to a local hospital in Belghoria, but he was declared 'brought dead'.In a separate incident, Tapan Kandu, a Congress leader from the Jhalda municipality, was shot dead on the very same day. Now the CBI is investigating the Tapan Kandu murder case. Meanwhile, the opposition pointed fingers at the deteriorating law and order situation in Bengal. The Central Investigative agency has recently been handed over a series of cases by the court amid the growing outrage in West Bengal over the increasing incidences of crime. This was the first PIL filed in court pertaining to this case which sought a CBI probe.Live TV--- ENDS ---Read | TMC panchayat leader killed in bomb attack in West Bengal's Birbhum","['TMC', ' Congress', ' murder', ' Kolkata', ' West Bengal ']",https://www.indiatoday.in/india/story/tmc-councillor-murder-calcutta-hc-bengal-govt-response-pil-cbi-probe-anupam-dutta-panihati-1938896-2022-04-18
5,cities,"Chennai: Fire at e-bike showroom, 17 vehicles charred","(18, 4, 2022)","Several e-bikes were gutted after a fire broke out at an e-bike showroom near Porur, Chennai, on April 14.

The incident took place after the battery of one of the e-bikes caught fire.Within a few seconds, the fire spread across the showroom, completely burning down 5 new e-bikes and 12 e-bikes that were parked for servicing.Police have registered a case and have initiated an investigation. Dark smoke emitting from the showroom caused panic, leading to a traffic jam in the area and was later cleared by the police.Further investigation is underway.READ MORE: Vadodara: Temple vandalised, stones pelted as two groups clash over bike accident; 3 injuredREAD MORE: Pune: Man beats three-year-old stepdaughter to death, arrested","['chennai', ' e-bikes', ' battery', ' e-bike showroom', ' porur', ' new vehicles', ' electric vehicle', ' fire department']",https://www.indiatoday.in/cities/chennai/story/chennai-fire-at-e-bike-showroom-vehicles-charred-1938893-2022-04-18
6,cities,What Delhi top cop Rakesh Asthana said on Jahangirpuri violence | Top quotes,"(18, 4, 2022)","Delhi Police Commissioner Rakesh Asthana said 23 people have been arrested so far in connection with the violence that broke out in the national capital's Jahangirpuri area last week.

Rakesh Asthana said the violence was sparked by a minor argument between the two groups and that police are still examining CCTV footage to identify those involved.ALSO READ | Jahangirpuri violence probe unbiased, will act against all involved, says Delhi top cop Rakesh AsthanaRakesh Asthana was speaking about the violence that erupted in the Jahangirpuri area during a Hanuman Jayanti procession. Here's what he said:1. Twenty-three people were arrested in connection with the incident. Three firearms and five swords were also recovered.2. The case has been handed over to the Crime Branch. It is investigating all angles along with the Forensic Science laboratory, which is examining evidence found on the spot.ALSO READ | Fresh violence erupts in Delhi's Jahangirpuri, stones pelted at cops3. The Delhi Police is monitoring social media posts to detect misinformation and will take action against those who spread fake news. Cops are also examining digital evidence from social media.4. The probe will be unbiased. We will act against all involved, irrespective of caste, class, and religion. So far, 23 people have been arrested. Reports of people trying to put up a flag are baseless.5. The Hanuman Jayanti procession was on a designated route. Before this, two other processions had gone by peacefully.Live TV--- ENDS ---ALSO READ | Jahangirpuri violence: Delhi top cop says theory of saffron flags at mosque is baseless",['Jahangirpuri violence Delhi Police Rakesh Asthana '],https://www.indiatoday.in/cities/delhi/story/jahangirpuri-violence-delhi-police-rakesh-asthana-top-quotes-1938850-2022-04-18
7,cities,Lucknow: Covid test mandatory for people coming from states with high caseload,"(18, 4, 2022)","With the cases witnessing a surge across the country, the Lucknow administration is now gearing up and keeping an eye on the passengers coming into the state's capital from the affected states. Uttar Pradesh Chief Minister Yogi Adityanath has issued an order to conduct Covid tests at railway stations, bus stations, airport and also at the Lucknow toll plaza of Agra Expressway.

People coming from states having high caseload such as Delhi-NCR, Haryana and others will have to undergo a mandatory Covid-19 test in Lucknow, as per the latest order.The CM has instructed officials to be vigilant and increase preparedness amid an uptick in Covid infections.The development comes as Uttar Pradesh recorded 135 fresh coronavirus cases in the last 24 hours. The state has reported a 141 per cent jump in Covid infections with 540 cases this week, as against 224 in the last one. A majority of the cases have been reported from Noida and Ghazaiabad and NCR regions.FOCUS ON VACCINATIONOn Sunday, Lucknow District Magistrate Abhishek Prakash reviewed the Covid-19 situation in the city and directed the officials to organise intensive campaigns for vaccination of children aged 12 to 14, 15 to 17 and above 18 years of age to stem the spread of the infection. The schools coming under the jurisdiction of the community health centres will be used as vaccination centre zones, the officials said.On the other hand, the health officials will also take samples of people coming from affected states such as Haryana, Maharashtra, Delhi, Noida, Ghaziabad and NCR regions for Covid-19 tests. Special arrangements will be made to conduct Covid tests for people working with banks, insurance companies, financial management institutions and those coming from abroad. Focus sampling will be conducted in educational institutions, universities, colleges, medical universities and other facilities amid the uptick in Covid cases.ALSO READ| Noida reports 65 new Covid-19 cases in 24 hoursMORE TESTS TO CONTAIN SPREADWith the positivity rate (RTPCR tests) reaching 0.34 per cent in Lucknow, the DM has asked the health officials to conduct more Covid tests and increase contact tracing. A meeting between private nursing homes and hospitals is scheduled to take place on Monday and medical establishments have been asked to register for the same.Additional Municipal Commissioner and City health officers have been asked to prepare an action plan and ensure that rules of Covid such as sanitisation and cleanliness are followed. The DM has asked to ensure strict compliance of the instructions and has also appealed to the passengers to come forward for the RT-PCR tests.One needs to provide name, correct address and mobile number at the airport for a Covid-19 test. The DM has asked officials to be more cautious at airports and railway stations so that the infection does not spread.ALSO READ| Delhi logs 517 Covid-19 cases in 24 hours, up 12% from SaturdayALSO READ| With 2,183 fresh cases, daily Covid infections in India nearly double in 24 hours","['lucknow covid cases', ' covid test mandatory lucknow', ' lucknow', ' covid test madatory lucknow', ' coronavirus surge in lucknow', ' lucknow', ' covid test at airport bus stops lucknow', ' delhi ncr covid surge', ' yogi government lucknow covid surge']",https://www.indiatoday.in/cities/lucknow/story/lucknow-covid-test-mandatory-other-states-coronavirus-surge-1938846-2022-04-18
8,cities,Jaipur: Bear escapes Nahargarh zoo; rescued from residential area,"(18, 4, 2022)","A bear escaped from its cage at the Nahargarh Biological Park in Jaipur on Sunday night. Soon after, forest officials started a search for the bear.

Initially, they followed its footprints in an attempt to trace the animal. Later, they were notified that it had entered a residential area in Jaisinghpura.The bear was seen taking refuge inside an under-construction house in Jyotiba Phule Nagar in Jaisinghpura Khor, after which people notified the forest department.The forest officials rushed to the spot and started rescue efforts. Since it was dark inside the house, it was difficult to spot the bear. However, after more than three hours, Dr Arvind Mathur, Senior Wildlife Veterinarian, tranquillized the bear.The animal was then taken back to the Nahargarh Biological Park in an injured condition, where it is undergoing treatment.The bear was brought to Nahargarh park after being rescued from Sawai Madhopur only a day before it escaped the cage.READ MORE: India’s first indoor skydiving facility launched in HyderabadREAD MORE: Srinagar's Tulip Garden shuts a week ahead of usual time due to high temperature","['Nahargarh Biological Park', ' nahargarh zoo', ' jaipur', ' bear', ' sloth bear', ' forest department officials', ' residential area']",https://www.indiatoday.in/cities/jaipur/story/jaipur-bear-escapes-nahargarh-zoo-rescued-residential-area-1938840-2022-04-18
9,cities,"Jahangirpuri violence probe unbiased, will act against all involved, says Delhi top cop Rakesh Asthana","(18, 4, 2022)","Delhi Police Commissioner Rakesh Asthana on Monday said that the probe into the Jahangirpuri violence will be unbiased and all those found guilty will be punished. “As many as eight policemen were among the nine people injured in the violence. This shows that the Delhi Police actively intervened and prevented injury to the members of the public,” he said.

ALSO READ | Jahangirpuri violence: Plea in SC seeks CJI intervention; prime accused a history-sheeter, say cops | Top pointsHe said a total of 14 teams are probing the Jahangirpuri violence. ""The probe will be unbiased. We will act against all involved, irrespective of caste, class, and religion. So far, 23 people have been arrested,"" he said.""Eight of the 23 accused are history-sheeters. Based on the CCTV footage and digital evidence, we have identified more people and they will be caught soon,"" Asthana said.ALSO READ | What Delhi top cop Rakesh Asthana said on Jahangirpuri violenceThe police chief said that three firearms and five swords have been seized from the accused so far. ""The case has been handed over to the Crime Branch. The Forensic Science Laboratory collected evidence from the spot. Digital evidence from social media is being examined,"" Asthana said.ALSO READ | Jahangirpuri violence: Petitions seek Supreme Court intervention, NIA probeHe also warned hatemongers that the Delhi Police is monitoring social media posts to detect misinformation and will take action against those who spread fake news. ""Call up the Delhi Police's control room if you need any information to be verified,"" he said.""We are working with 'Aman' committees in the city to maintain peace in the city. CAPF personnel have been deployed in all sensitive areas of Delhi,"" he added.ALSO READ | 8 states, 12 flashpoints, the week that was in India",['Jahangirpuri violence '],https://www.indiatoday.in/cities/delhi/story/jahangirpuri-violence-probe-unbiased-delhi-top-cop-rakesh-asthana-1938829-2022-04-18
10,cities,"Pune: Man beats three-year-old stepdaughter to death, arrested","(18, 4, 2022)","Police arrested a 33-year-old man for allegedly killing his three-year-old stepdaughter in Pune's Ambegaon area on Saturday night. According to police, the accused, Jitendra Patil, resented the child because she was born out of an affair which his wife had in the past.

Patil recently got to know that the child was born to the woman from her relationship with another man, which angered him and caused him to dislike the child.Police said that the man slapped and assaulted the child multiple times during the two days of physical abuse. The incident happened between April 13 and April 15 and the girl died on Saturday night after the accused banged her head against the wall many times.MAN ARRESTED FOR CHILD'S MURDERA police officer told PTI, ""Police were alerted by doctors of a nearby hospital where she was rushed for treatment.""The girl's mother lodged a complaint at Bharti Vidyapeeth police station on Saturday, following which the accused, a driver, was arrested.A Bharti Vidyapeeth police station official was quoted by PTI as saying, ""Patil recently got to know that the child was born out of an affair his wife had, which infuriated him and caused him to dislike the child. He was arrested on the complaint of the child's mother.""ALSO READ| Father, brother raped minor girl for over 6 years: Pune PoliceALSO READ| Pune: Minor girl raped in school; one arrestedALSO READ| Pune murder case: Police arrest girl for killing Dalit youth, 3 family members booked earlier","['pune man murders 3 year old daughter', ' 3 year old killed by father pune', ' man kills 3 year old stepdaughter', ' pune crime news', ' man kills 3 year old stepdaughter in pune', ' pune', ' child beaten to death by stepfather ']",https://www.indiatoday.in/crime/story/pune-man-beats-three-year-old-stepdaughter-death-arrested-1938815-2022-04-18
11,cities,"With 8 new Covid cases, Jaipur accounts for 71% of active infections in Rajasthan","(18, 4, 2022)","After subsiding for a number of days, Covid-19 cases have shown a rising trend in parts of the country including Delhi, Delhi-NCR and Maharashtra. Experts have attributed the mild surge to the emergence of mutant variants like Omicron XE and BA.2 have a high degree of transmissibility.

The situation is no different in Rajasthan's capital, Jaipur, which accounts for 71 per cent of the active cases in the state. In the last 24 hours, Rajasthan reported nine fresh cases of Covid-19 with zero deaths. The overall tally in the state has now reached 12,83,191 and the death toll is pegged at 9,552.ACTIVE CASES AT 73With nine new Covid-19 cases in Rajasthan in the last 24 hours, the active cases in the state has increased from 97 to 103 and out of these 73 are in Jaipur.A total of eight persons tested positive for Covid-19 in 24 hours in Jaipur with one case each from Adarsh Nagar, Gandhi Nagar, Jhotwara, Kotpuli, Raja Park, Sanganer, Shahpura and Jagatpura.Around 22 districts in the state do not have active cases and the rest of 11 districts have 103 active cases.As the third wave vanished from the state, there has been a significant reduction in the Covid-19 sampling. On Saturday, only 3,000 people were tested and on Sunday, the number rose slightly and as many as 5,071 samples were collected for Covid-19 testing.Meanwhile, India saw a jump of nearly 90 per cent in the daily Covid infections and the country reported 2,183 fresh cases in the last 24 hours, as per the health ministry. As many as 214 Covid-19 deaths were reported and the daily positivity rate stands at 0.83 per cent. On Sunday, India reported 1,150 coronavirus infections and four deaths from across the country.ALSO READ| Rajasthan: Doctors stage protest after Dausa gynecologist booked on murder charges commits suicideALSO READ| Jaipur: Minor boy from Bihar kept as bonded labour sodomised, tongue singedALSO READ| Jaipur: Contractor murdered over suspicion of extra-marital affair, three arrested","['jaipur covid cases', ' rajasthan covid cases', ' covid jaipur', ' active covid cases in jaipur', ' jaipur coronavirus cases', ' jaipur covid cases', ' jaipur covid 19 cases', ' jaipur coronavirus infections ']",https://www.indiatoday.in/cities/jaipur/story/jaipur-covid-cases-coronavirus-infections-rajasthan-surge-update-today-1938792-2022-04-18
12,cities,40th edition of ‘Hunar Haat’ inaugurated in Mumbai,"(18, 4, 2022)","The 40th edition of Hunar Haat was inaugurated by Union Minister for Information and Broadcasting and Youth Affairs and Sports Anurag Thakur in Mumbai on Sunday.

The event is being held at MMRDA Ground, Bandra-Kurla Complex in Mumbai, from April 16 to April 27. It is a platform to preserve, protect and promote local artisans and craftsmen.At least 1,000 artisans and craftsmen from all over the country are participating in the 40th edition of the initiative.""Aatmanirbhar Bharat is being strengthened by initiatives like HunarHaat. In this 40th edition of HunarHaat, more than a thousand craftsmen and artisans coming from 31 states put up 400 stalls. There is no lack of talent in India,"" Anurag Thakur said during the inaugural event while recalling how India responded to the PM's call for building an AatmaNirbhar Bharat during the hours of crisis. ""We started producing PPE Kits, masks and even ventilators,"" he added.40 31 400 1000, 5-6 @hunarhaat pic.twitter.com/VN9g9Pc9hj— Office of Mr. Anurag Thakur (@Anurag_Office) April 17, 2022
In addition to this, he also spoke about 'One District One Product', where each district is recognised for one product. He said this initiative not only allowed people to generate their own income but also created job opportunities for a few others in the vicinity when economies across the world were affected by the pandemic.# , # #40 , , , # @naqvimukhtar@ianuragthakur@AmritMahotsav pic.twitter.com/r9X3KbFvpI— HunarHaat (@hunarhaat) April 18, 2022
""Everything at #HunarHaat, whether it is the selfie points, #Food or #Handcrafted products, is being liked by all the guests,"" Hunar Haat's official Twitter handle stated.READ MORE: India’s first indoor skydiving facility launched in HyderabadREAD MORE: Section 144 imposed in Maharashtra's Amravati after saffron flag put up at Dulha Gate","['hunar haat', ' Union minister anurag thakur', ' mmrda', ' mumbai', ' artisans', ' craftsmen', ' make in india ']",https://www.indiatoday.in/cities/mumbai/story/40th-edition-of-hunar-haat-inaugurated-in-mumbai-craftsmen-1938785-2022-04-18
