SN,category,headline,date,content,keywords,link
1,cities,"South Delhi civic body issues 144 notices over mosquito breeding, launches anti-larval drive","(12, 4, 2022)","Amid the possibility of a spurt in vector-borne diseases due to the rise in temperature, the South Delhi Municipal Corporation (SDMC) has launched an intensive checking campaign against breeding of mosquitoes. The civic body has initiated an anti-larval drive to control larvae breeding in drains, water bodies, swamps and construction sites to control the incidence of malaria and dengue in their respective areas.

Under the initiative, a seven-day anti-larval drive has been launched to contain the spread of malaria and vector-borne diseases. A total of 144 legal notices have also been issued against stakeholders, including the Delhi government’s Irrigation and Flood Control Department, Public Works Department (PWD) and Delhi Jal Board after mosquito breeding was detected on their premises. ""A total of 144 legal notices (challans) have been issued against stakeholders, including Delhi government's Irrigation & flood Control Department, PWD, Delhi Jal Board, etc for mosquito breeding at their buildings and premises,'' the SDMC said in a statement.Earlier, when all the institutions and construction sites were checked, it was reported that agencies responsible for desilting/removal of hyacinth and floating material from drains and water bodies had not completed the task of removal of hyacinth. During the drive, it was found that the pockets along the edges of drains and water bodies became a breeding ground for culex mosquitoes. It was then decided to intensify the anti-larval drive along the edges of drains and water bodies to destroy culex mosquito breeding. ALSO READ| How to prevent mosquito breeding in stagnant water''In the south zone, breeding was found at Shamshi Pond Qutub Minar maintained by the ASI, IGNOU campus, IIT Delhi campus, NCERT campus maintained by the CPWD, JNU campus and GK-1 and NRI colony Pump houses of DJB for which legal notices were issued.'' In Najafgarh area, mosquito breeding was found in Dabri Nallah, Roshan garden drain, three ponds of Ghumanhera and Kapashera drain maintained by Irrigation and Flood Control department. ''In the central zone, legal notice against AE (assistant engineer) PWD and JE (junior engineer) DJB were issued for mosquitogenic condition in Rajghat Nallah and reservoir DJB,'' the statement said. In the Najafgarh area, the breeding was found in Dabri Nallah, Roshan garden drain, three ponds of Ghumanhera and Kapashera drain maintained by Irrigation and Flood Control department for which agency has been prosecuted. In Central Zone, legal notices against AE, PWD and JE and DJB were issued recently for mosquitogenic conditions in Rajghat Nallah and Reservoir DJB.Delhi reported eight fresh cases of dengue in the last one week, taking the tally to 69 this year. Till April 2 this year, 61 cases of dengue were recorded in the city. ALSO READ| Delhiites may face Rs 50,000 fine for mosquito breeding as civic bodies propose 100% fine hike","['mosquito breeding', ' mosquito breeding notice south delhi', ' South Delhi Municipal Corporation', ' mosquito breeding action by sdmc', ' sdmc serves notice over mosquito breeding', ' mosquito breeding delhi', ' mosquito breeding delhi govt notice', ' mosquito breeding south delhi', ' anti-larval drive delhi', ' anti-larval drive sdmc']",https://www.indiatoday.in/cities/delhi/story/south-delhi-civic-body-issues-144-notices-mosquito-breeding-launches-anti-larval-drive-1936692-2022-04-12
2,cities,United Nations recognise Hyderabad as one of the ‘Tree Cities of the World’,"(12, 4, 2022)","For the second consecutive year, Hyderabad has been recognised as one of the ‘Tree Cities of the World’ by the Arbor Day Foundation and the Food and Agriculture Organization of the United Nations, a senior state government official tweeted on Tuesday.

“Matter of immense pride that #Hyderabad city is recognised, for the 2nd consecutive year, among the tree cities of the world by the Arborday Foundation @arborday& @FAO- #UN,” tweeted Arvind Kumar, Special Chief Secretary, Urban Development.Matter of immense pride that #Hyderabad city is recognised, for the 2nd consecutive year, among the tree cities of the world by the Arborday Foundation @arborday & @FAO - #UNhttps://t.co/vzbxiOW21qPossible only due to HCM sir's guidance@KTRTRS @IKReddyAllola@TelanganaCMO pic.twitter.com/X12CG6rJnq— Arvind Kumar (@arvindkumar_ias) April 12, 2022
As many as 3,50,56,635 trees have been planted over the last two years, according to the certification of recognition.READ MORE: Mumbai recognized as ‘Tree City of the World’ by United Nations","['united nations', ' un', ' tree city of the world', ' hyderabad', ' mumbai', ' arbor day']",https://www.indiatoday.in/cities/hyderabad/story/united-nations-recognise-hyderabad-as-one-of-the-tree-cities-of-the-world-1936653-2022-04-12
3,cities,Southern Railway to partially cancel two suburban trains in Chennai on April 17,"(12, 4, 2022)","Southern Railway will partially cancel two suburban trains due to engineering work on the Egmore-Villupuram section on April 17.

According to the circular issued, No 40662 Chengalpet Chennai Beach EMU local leaving Chengalpet at 11 pm will depart from Tambaram.No 40661 Chennai Beach Chengalpet EMU local leaving Chennai beach at 10.35 pm will run only up to Tambaram.Meanwhile, Southern Railway will operate according to the Sunday pattern on April 14 on Chennai Central - Arakkonam, Chennai Central Gummidipundi/Sullurupeta, Chennai Beach - Chengalpet and MRTS sections due to Tamil New Year's Day and Dr. Ambedkar Jayanti.READ MORE: Mumbai recognized as ‘Tree City of the World’ by United Nations","['southern railway', ' indian railway', ' chennai', ' tamil nadu', ' engineering work', ' Egmore-Villupuram section', ' suburban train', ' Dr Ambedkar Jayanti', ' tamil new year day']",https://www.indiatoday.in/cities/chennai/story/southern-railway-to-partially-cancel-two-suburban-trains-in-chennai-on-april-17-1936647-2022-04-12
4,cities,Mumbai recognized as ‘Tree City of the World’ by United Nations,"(12, 4, 2022)","Amid the gloomy reports of worsening climate changes due to human’s intervention, Mumbai stood out as it was chosen among the ‘Tree Cities of the World’ by the United Nations’ Food and Agriculture Organisation (FAO).

The feat becomes more stunning as the never-sleeping city was one among the group of 138 cities from 21 countries, that were recognized for sustaining greenery amid the fast-developing urban jungles.According to the officials from Brihanmumbai Municipal Corporation’s (BMC) garden department, Mumbai received recognition for its “commitment to growing and maintaining urban trees and greenery in building healthy, resilient and happy cities”.Along with the Arbor Day Foundation, the FAO honoured these cities with certificates for their commitment to grow and maintain trees hence creating healthy and happy places to live.Jeetendra Pardeshi, Superintendent of gardens department was quoted by the Indian Express as saying, “The United Nations’ ‘Tree City of the World’ programme provides direction, assistance, and worldwide recognition for communities’ dedication to its urban forest, and provides a framework for a healthy, sustainable urban forestry. The corporation had applied for the recognition in January citing its initiative for tree plantation, Miyawaki forests and various innovative tree care activities.” ",['Mumbai recognized as ‘Tree City of the World’ by United Nations '],https://www.indiatoday.in/cities/mumbai/story/mumbai-recognized-as-tree-city-of-the-world-by-united-nations-1936640-2022-04-12
5,cities,"With 102 flights in 24 hours, Srinagar airport registers record number of passengers","(12, 4, 2022)","The Srinagar airport handled its highest number of per day passengers at nearly 15,200 on Monday, with 7,305 arrivals, officials said. They highlighted that the number of flights has increased to the only civilian airport in Kashmir due to an influx of tourists who are escaping the heat of the plains.

“This (15,199) is the highest number of per day passengers and (102) flights handled at the Srinagar airport on any given day,” an official said.The officials of the Airport Authority of India (AAI) said 7,305 passengers arrived at the Srinagar airport on Monday in 51 flights while 7,894 passengers flew out on the same number of flights.While the number of flights been increasing steadily over the past two weeks, the airport, had registered its busiest day in terms of passengers on March 29 when 15,014 persons travelled through the airport.ALSO READ| Srinagar airport to operate 30 additional flight services this summerALSO READ| Srinagar: Airport authority starts study to identify time consuming bottlenecks, manage long queues","['srinagar airport', ' srinagar airport highest number of flights', ' srinagar airport highest passengers', ' srinagar airport flights highest number', ' srinagar airport latest news', ' srinagar airport 102 flights', ' srinagar airport 15200 passengers', ' srinagar airport news']",https://www.indiatoday.in/cities/srinagar/story/with-102-flights-in-24-hours-srinagar-airport-registers-record-number-of-passengers-1936627-2022-04-12
6,cities,"Gurugram: Drone spotted twice near IAF ammunition depot, one held","(12, 4, 2022)","Violating the restricted area, a drone crossed over the Indian Air Force (IAF) ammunition depot base in Gurugram twice within three days.

It was first spotted at around 5.40 pm on April 7, Thursday, and then at around 9.30 am on April 9, Saturday, as reported by news agency ANI.According to the standard operating procedures of the Union Ministry of Home Affairs (MHA) and the Drone Rules, 2021, drones are not allowed to fly within a 3km radius around IAF bases across the country.After the complaint was registered, a person near a diagnostic centre at Udyog Vihar was arrested and a drone was seized weighing around 18kg.The firm, which owns the drone, had allegedly not taken any clearance or no objection certificate from the Directorate General of Civil Aviation (DGCA) and government authorities for flying.An FIR was registered at the Sector17/18 police station under Sections 287 (negligent use of machinery) and 336 (negligent behaviour) of the Indian Penal Code (IPC).READ MORE: Aligarh Muslim University suspends student for molesting girlREAD MORE: Rajasthan: Drunk man assaults wife, tries to kill her in Bundi; probe on","['gurugram', ' indian air force', ' iaf', ' ammunition depot base', ' drone', ' drone operation']",https://www.indiatoday.in/cities/gurugram/story/gurugram-drone-spotted-twice-near-iaf-ammunition-depot-one-held-1936615-2022-04-12
7,cities,Delhi: Houses gutted after fire breaks out in Kathputli colony of Anand Parvat,"(12, 4, 2022)","A number of houses were gutted after a fire broke out in a house in the Kathputli colony of Anand Parvat area in Delhi on Tuesday afternoon. In no time, fire spread and engulfed around 50 'juggis' in the area.

Upon receiving a fire call, a total of 18 fire tenders were rushed to the spot to douse the flames and after hours of effort the fire was brought under control.While the exact cause of the fire is yet to be ascertained, no human casualties have been reported so far.READ MORE| Fire breaks out at Delhi University's Ram Lal Anand College; no casualties reported","['delhi news', ' delhi fire news', ' kathputli colony anand parvat fire', '']",https://www.indiatoday.in/cities/delhi/story/delhi-fire-news-kathputli-colony-anand-parvat-1936595-2022-04-12
8,cities,Noida: Collection agent robbed of Rs 8 lakh by bike-borne miscreants,"(12, 4, 2022)","A collection agent was allegedly robbed of over Rs 8 lakh cash by four unidentified assailants, officials said on Tuesday.

According to police, the complainant, Yogendra had been to the vegetable market near Sector 88 to collect payments on Monday evening.“While he was coming out of the market with around Rs 8 lakh cash, three-to-four unidentified assailants arrived on two motorcycles and hit him with a wooden stick,” Joint Police Commissioner Love Kumar said.“The collection agent said he fell down because of the attack, after which the assailants took the cash and fled the scene. He added that no firearm was used in the incident,” the senior IPS officer said.An FIR has been lodged at the Phase 2 police station and four teams have been formed to solve the case, Kumar said.Police are examining the CCTV footage at the crime spot and nearby areas to identify the assailants, the officer said.According to officials, the collection agent worked for a private businessman who supplied material to vegetable vendors.He worked on a commission basis and was tasked with collecting payments from the vendors on behalf of his boss, they said.READ MORE: Jharkhand: 42-year-old woman trampled to death by wild elephantREAD MORE: Ghaziabad: Two-bike borne miscreants snatch mobile phone from woman in Vaishali","['collection agent', ' noida', ' robbery', ' bike-borne miscreants', ' robbers', ' vegetable market', ' sector 66']",https://www.indiatoday.in/cities/noida/story/noida-collection-agent-robbed-of-rs-8-lakh-by-bike-borne-miscreants-1936589-2022-04-12
9,cities,Bombay High Court grants pre-arrest bail to BJP's Pravin Darekar,"(12, 4, 2022)","BJP leader Pravin Darekar and Member of Legislative Council (MLC) in Maharashtra has been granted anticipatory bail by the Bombay High court. In the event of arrest, he has to be released on a personal bond of Rs 50,000, the court said.

The bench of Justice Anuja Prabhudessai observed that Darekar was participating in the investigation and that the documents which the investigating agency is seeking from Darekar were all in the public domain.Justice Prabhudessai said, ""The documents that you want to rely on, were available in public domain, you could have taken measures to protect the same.""A case was filed against Darekar after AAP leader Dhananjay Shinde alleged that the BJP legislator had shown himself as a ""labourer"" to fight the directorship polls of Mumbai District Central Cooperative Bank.The FIR is registered with the MRA Marg police station and Darekar had attended the police station following summons being issued to him. Darekar, during this time was already under interim protection granted first by the lower court and then by the high court.In the high court on Tuesday, advocate Ashok Mundargi and Akhilesh Chaubey pointed to the FIR and said that the documents that the police was seeking were from 1997 and those documents are not available with Darekar now.Mundargi also stated that Darekar had been cooperating with police and visited the police station to give his statement.Advocate Sudeep Pasbola appeared for the prosecution who said that Darekar was not sharing any of documents and that even his statements before the investigating officer were evasive.The bench however observed that Darekar after getting elected as a ""labourer"" had been an MLA and had even been an MLC for many years now and so all documents would have been in the public domain all these years.The bench further added that documents related to high court were also destroyed after certain number of years. So similarly, the accused person might not have the documents after all these years and therefore it was for the prosecution to preserve all the documents.Live TV--- ENDS ---ALSO READ | Mumbai civic body to implement ‘water for all’ policy from next month | Check date, other details here","[""Bombay High Court grants pre-arrest bail to BJP's Pravin Darekar""]",https://www.indiatoday.in/cities/mumbai/story/bombay-high-court-grants-pre-arrest-bail-to-bjp-pravin-darekar-1936544-2022-04-12
10,cities,"Delhi Commission for Women busts sex racket at massage parlour, rescues a woman","(12, 4, 2022)","The Delhi Commission for Women recently busted a sex racket running at a spa and massage centre in the Azadpur area of Delhi after they received a helpline call on Monday.

On Monday, DCW received a call regarding a sex racket being operated inside a massage parlour and an attempt to rape a 27-year-old woman.The team immediately reached the spot and rescued the woman.The victim who was rescued by the team revealed that she went to the parlour in search of a job. She was intoxicated by the accused and her obscene pictures were taken.After that, she was taken inside a room where a person tried to rape her.The DCW Chairperson Swati Maliwal has issued a notice to Delhi Police and demanded an action report along with a copy of the FIR registered.The commission also sought details of the accused arrested and girls rescued from the massage parlour.Speaking on the matter, Maliwal said, “We are continuously raising the matter of sex rackets being run in spas and massage centres. We have busted many such sex rackets running in spas and massage parlours in Delhi, but even now, thousands of spas continue to operate prostitution rackets illegally in the capital. Accountability of Delhi Police and MCD needs to be fixed in this matter and the kingpins behind this flesh trade need to be arrested along with the officials who are colluding with them.”Along with this, the DCW has also inquired the police and MCD about the steps taken to seal the premises where the sex racket was being run.The commission has asked MCD to provide details of the license granted to the massage parlour and details of inspections undertaken by MCD at the premises till date.(Inputs from Ram Kinker Singh)Live TV--- ENDS ---READ | Indore Central Jail helps prisoners complete education, get degrees",['delhi news today delhi news live delhi news update delhi news breaking delhi news latest delhi news covid delhi breaking news'],https://www.indiatoday.in/cities/delhi/story/delhi-commission-for-women-busts-sex-racket-at-massage-parlour-rescues-a-woman-1936539-2022-04-12
11,cities,"Pune Police announces road closures, traffic diversions for Ambedkar Jayanti","(12, 4, 2022)","Pune Police announced a plan for road closures and traffic diversions on Ambedkar Jayanti on April 14. The deputy commissioner of police Rahul Shrirame issued a notification regarding the same.

Traffic from Shahir Amar Shaikh Chowk to Maldhakka Chowk will be closed and will be diverted via RTO Chowk and Jehangir Chowk.Traffic from GPO Chowk to Bolhai Chowk will be closed and will be diverted via Kirad Chowk and Nehru Memorial chowk.The police expect that the three main gatherings will be at the area around district collectorate, Vishrantwadi and Aurora Towers area in Pune Camp.TRAFFIC DIVERSIONS Traffic police officials said that a replica of Dr Babasaheb Ambedkar’s birthplace at Mhow will be installed at Dandekar Bridge Chowk and is expected to attract a large crowd.For this event, the traffic from Savarkar Chowk to Sinhagad Road will be closed and will be diverted via Saras Baug Chowk, Mangirbaba Chowk and Bal Shivaji Chowk.Officials also said that owing processions taken to and from various statues of Dr Ambedkar installed in the city, traffic may be stopped or diverted from time to time if required on April 14 and commuters will be guided by on-duty traffic police personnel.","['pune', ' pune news', ' ambedkar jayanti', ' ambedkar jayanti pune', ' ']",https://www.indiatoday.in/cities/pune/story/pune-police-announces-road-closures-traffic-diversions-for-ambedkar-jayanti-1936535-2022-04-12
12,cities,Mumbai: Fight erupts between two groups selling momos in Powai; four arrested,"(12, 4, 2022)","A massive fight erupted between two groups selling momos in the Powai region of Mumbai on Monday night.

The incident took place in the Shankaracharya Marg area of Powai around 11 pm last night when two groups attacked each other over a petty argument.The local police reached the spot and arrested around four accused.The fight created a ruckus in the area. The police are currently investigating the case.Live TV--- ENDS ---READ | Indore Central Jail helps prisoners complete education, get degrees",['Mumbai news today Mumbai news live Mumbai news update Mumbai news breaking Mumbai news latest Mumbai news covid Mumbai breaking news'],https://www.indiatoday.in/cities/mumbai/story/mumbai-fight-erupts-between-two-groups-selling-momos-in-powai-four-arrested-1936528-2022-04-12
