SN,category,headline,date,content,keywords,link
1,india,"Grenade attack at Budgam police station in J&K, no injuries reported","(19, 4, 2022)","A grenade attack was carried out allegedly by terrorists at Budgam police station on Tuesday. No injuries were reported. Alert santry were fired upon the terrorists but they managed to escape taking advantage of the darkness.

The area has been cordoned off for the search operation.The incident took place around 9.35 pm when alleged terrorists lobbed grenades at the gate of Budgam police station.Live TV--- ENDS ---Read more | Two aides of gangster-turned-terrorist Arsh Dalla held in Punjab","['Jammu kashmir grenade attack', ' budgam police grenade attack']",https://www.indiatoday.in/india/story/grenade-attack-at-budgam-police-station-in-jammu-kashmir-1939455-2022-04-19
2,india,Court orders probe against Maharashtra Congress chief over ‘Modi’ comment,"(19, 4, 2022)","The Mazgaon magistrate court in Mumbai has ordered the Bhoiwada police station to investigate a comment made by Maharashtra Congress party president Nana Patole about abusing and hitting ‘Modi’. The Senior Police Inspector of Bhoiwada police station has been asked to submit a report by May 26, 2022.

In January this year, a video of Patole went viral in which he was seen saying, “Why do I fight? I have been in politics for the last 30 years. In five years, a politician can make enough to provide for his next generation. By building schools and colleges, they can provide for one or two generations for their future. I have been in politics for so long, yet I don’t own even one school, nor did I take any contracts. I help whoever comes to me for help. That’s why I can hit Modi and abuse him and that is the reason why he came to campaign against me.”Patole later issued a statement clarifying that he was not referring to Prime Minister Narendra Modi but another man from his constituency with the same surname. “There is a video being circulated which shows me using certain objectionable words against Prime Minister Narendra Modi. The man I am referring to is not the prime minister, but another person named Modi who is a criminal from my constituency,” Patole said.It was with regards to this viral video that the president of the Bhartiya Janta Yuva Morcha had approached the court seeking issuance of process and summoning of Patole.The complainant, through advocate Madan Gupta, argued that Patole was provoking his party workers and creating enmity between Congress and BJP workers. The complainant had also stated that Patole had, later in the day, also said, “People whose wives leave them are named Modi.”Gupta argued that Patole has committed an offence punishable under section 153 (B) (imputations, assertions prejudicial to national integration), 500 (defamation), 504 (Intentional insult with intent to provoke breach of the peace), 505(2) (Statements conducing to public mischief), 506 (criminal intimidation) of the Indian Penal Code.Gupta argued before the court that Patole ""had directly given a threat to Prime Minister Narendra Modi by saying he could “beat and abuse Modi”"".An advocate representing Patole was also present in court, but Magistrate PI Mokashi said, ""His arguments are not considered as he does not have locus standi to appear on behalf of Patole.”The Magistrate added, ""It is a well settled principle of law that unless process or summons are issued to the accused, he cannot be heard as he has no locus standi to appear before the court.""The court reasoned that since Patole is a resident of Sakoli Taluka in Bhandara district of Maharashtra ""which is outside the jurisdiction of this court"", the matter needs to be investigated as per provision under Section 202 of the Code of Criminal Procedure (CrPC).Section 202 of the CrPC deals with postponement of process where, if a magistrate deems fit, he can postpone the issue of process against the accused, and either inquire into the case himself or direct an investigation to be made by a police officer or by such other person as he thinks fit for the purpose of deciding whether or not there is sufficient ground for proceeding ahead.Live TV--- ENDS ---Read more | U Turn? Congress Maharashtra chief Nana Patole says viral remarks aimed at BJP, not MVA allies","['Modi', ' PM Modi', ' Prime Minister Modi', ' Maharashtra congress', ' ']",https://www.indiatoday.in/india/story/court-orders-probe-against-maharashtra-congress-chief-over-modi-comment-1939450-2022-04-19
3,india,West Bengal: Woman appears in exam with 3-day-old baby,"(19, 4, 2022)","In West Bengal’s Purulia, a student with her three-year-old child appeared for her high school examination on Tuesday.

Anita Mahto, a student at Jhalda Block Health Center sat with her for the exam.The teacher of Khamar High School, Sulekha Mahato, said ‘’Anita was admitted to Jhalda Block Health Center on April 17 due to labor pain. She took the test that day and later gave birth to a baby boy.’’ On April 19, she again took an exam with her three-day-old child in the same room.Husband Ras Bihari Mahto said that his wife's examination was going well.The examination centre authorities provided her with a separate room.","['west bengal', ' bengal', ' purulia', ' woman appears in exam', ' wb', ' three old baby in exam']",https://www.indiatoday.in/india/story/west-bengal-woman-appears-in-exam-with-3-day-old-baby-1939448-2022-04-19
4,india,"RSS, SDPI trying to polarise society in Kerala, says Kodiyeri Balakrishnan","(19, 4, 2022)","Communist Party of India (Marxist) (CPM) Kerala state secretary Kodiyeri Balakrishnan on Tuesday said that the Rashtriya Swayamsevak Sangh (RSS) and the Social Democratic Party of India (SDPI), the political offshoot of Islamist outfit Popular Front of India (PFI) are trying to create polarisation in Kerala.

“The aim of both groups is to create polarisation in society and make political gains. There is a conspiracy behind these incidents that is to destroy the religious harmony prevailing in the state”, the CPM state secretary said.Balakrishnan was referring to the murders that happened in Palakkad. He said the murders were planned and such groups should be suppressed by any law that exists in the country.READ | Kerala CPM’s Kodiyeri Balakrishnan lands in trouble after sexist remarks“The majority fundamentalism is trying to grow by pointing out minority fundamentalism and vice versa. Both groups are trying to spread fear in their religions and trying to establish that they are your saviour. This is a conscious attempt to create communal polarisation,” Kodiyeri added.“Two months ago a similar incident happened in the Alappuzha district. Both sides are nurturing the criminal gangs for murdering and retaliating within hours. This will destroy peaceful life in the country. Both communal forces are trying to mobilise the people behind them in the name of religion. Both are playing political games to make political gains using their religion. Therefore, true believers in religions must take a strong stand against these groups. The vast majority of people of both religions oppose these extremist attitudes and such killings,” he stated.“Sangh Parivar is carrying out actions that cause concern among the minorities across the country. Sangh Parivar's activities are aimed at undermining the secular tradition and constitutional rights of the country. And SDPI is spreading extremist ideologies by shaping the concerns of minorities on this issue. This kind of attempt will strengthen the majority fundamentalism. Secularism must be nurtured by rejecting communalism. That is the only way to deal with it.”“People must isolate the rebels. RSS and the SDPI are now blaming the Kerala government. They are also seen working together in agitations against the government. The aim of both parties is to destabilise the government. Police had foiled the attempt to create communal riots on the back of murders in Alappuzha,"" Kodiyeri Balakrishnan pointed out.Live TV--- ENDS ---ALSO READ | RSS workers planning this all over Kerala, says CPIM leader Balakrishnan on party worker's murder","['kodiyeri polarisation', ' cpm polarisation', ' rss sdpi polarisation', ' palakkad murder', ' palakkad deaths']",https://www.indiatoday.in/india/story/rss-sdpi-polarisation-kerala-kodiyeri-balakrishnan-palakkad-murder-1939446-2022-04-19
5,india,I had hoped Cong would prevent BJP's dominance but...: Ripun Bora over joining TMC,"(19, 4, 2022)","I had hoped that the Congress party would prevent BJP's dominance, but instead Congress in all states, from bottom to top, are fighting each other. As a result, the BJP is growing every day, said Ripun Bora while addressing his first press conference after joining the TMC on Tuesday.

Former Assam Congress chief and Rajya Sabha MP Ripun Bora resigned from the party and joined the TMC on April 17.""I have categorically mentioned my reasons for leaving Congress in my resignation letter. I have differences of opinions on some ideological and strategic points. I have said nothing against the party, Sonia Gandhi or Rahul Gandhi,"" he said.He added, ""I am convinced that Congress will not be able to fight the BJP in the coming days. Only the TMC will be able to prevent the BJP.""Further talking about his plans, Ripun Bora said, ""I've decided to organise the TMC in Assam. I will discuss with all classes of people and stakeholders. Our name in Assam will be 'Assam Trinamool Congress,'"" he said.Read more | Prashant Kishor asked to join Congress, presents 2024 plan at party meet: Sources","['Ripun Bora', ' congress BJP TMC', ' ripun Bora joins TMC']",https://www.indiatoday.in/india/story/i-had-hoped-cong-would-prevent-bjp-s-dominance-ripun-bora-over-joining-tmc-1939444-2022-04-19
6,india, Uttar Pradesh government employees to now get half an hour lunch breaks,"(19, 4, 2022)","The lunch break for employees of the Uttar Pradesh government offices was curtailed to half an hour on Monday.

UP Chief Secretary, Durga Shankar Mishra, has issued an order regarding lunchtime. As per the order, lunch timings will be from 1 pm till 1.30 pm.Now, those going to the government offices to get their work done will not have to wait for long.The decision came after Chief Minister Yogi Adityanath received complaints about officials and employees taking long lunch breaks, which was affecting work in offices.The order read, “While implementing a 5-day working week in the Uttar Pradesh Secretariat, the working time has been fixed from 9:30 am to 6 pm and lunchtime from 1 pm to 1:30 pm. Such an arrangement will also be made for the Head of Department offices.”Along with this, officers and HODs should also ensure the attendance of the employees by conducting surprise inspections from time to time.READ MORE: Supreme Court reconstitutes expert committee for Delhi-Dehradun expressway projectREAD MORE: Delhi’s peak power demand clocks 5,735 MW, highest ever in April","['uttar pradesh', ' up government', ' yogi adityanath', ' government employees', ' lunch breaks', ' government offices']",https://www.indiatoday.in/india/story/uttar-pradesh-government-employees-lunch-breaks-yogi-adityanath-1939441-2022-04-19
7,india,"Where did Rs 3 lakh crore raised as loans vanish, AAP questions previous Punjab govts over debt","(19, 4, 2022)","The Aam Aadmi Party has hit out at previous governments over saddling Punjab with debt. Punjab Chief Minister Bhagwant Mann accused the previous governments of pushing the state into a debt trap and said his government will enquire where the money was used.

""I know where this money is lying. This belongs to the people and we cannot just leave it saying it is a thing of the past,"" CM Bhagwant Mann said.According to the AAP leaders, the previous dispensation did not make any significant progress in the state in regards to the construction of new hospitals, schools, colleges or universities.ALSO READ: BJP slams AAP for meeting with ‘anti-India’ UK MP Tanmanjeet SinghAAP spokesperson Malvinder Singh Kang questioned,"" When no major development works were carried out, where did the three lakh crore rupees raised as loans vanish? The previous governments will have to answer where they spent this money as various government institutions incurred losses.""Take a look at the debt inherited by previous governments in Punjab:In 2007, SAD-BJP government inherited Rs 51,153 crore debt from the Congress governmentIn 2017, the Congress government inherited Rs 1.82,183 lakh crore debt from the SAD-BJP governmentIn 2022, AAP inherited Rs 2.73 lakh crore debt from the Congress governmentThe successive Punjab governments during the last 15 years have added more than Rs 2.2 lakh crore debt. State's public debt is also likely to reach Rs 3.73,988 lakh crores by 2024 -25. A CAG report says that the public debt will reach 6,33,159 Cr by 2028-29ALSO READ: Punjab's free power doles: Opposition accuses AAP of creating caste divideAkali Dal welcomes AAP’s decision to probe spendingMeanwhile, the Shiromani Akali Dal, which was part of the SAD-BJP alliance for two consecutive terms, has welcomed the decision of the AAP government to probe where the money was spent.""We have already welcomed the decision. The Punjab government can investigate anything and if someone has misused the public funds, he should be punished. But please don't try to put off the guarantees including Rs 1000 per month to the females and 300 free Power units,"" Senior Akali Dal leader Dr Daljit Singh Cheema said.The Akali Dal leader says that all states raise loans for development. According to him, the SAD-BJP government maintained a balance between the debt and the GSDP.""The ratio between debit and GSDP was 45 during the Congress government regime.. they are answerable to this gap. Congress leaders should clarify why the ratio reached to this level,"" Cheema said.ALSO READ: Farmer unions meet Bhagwant Mann, seek compensation for damaged wheat cropHe also added that the Election Commission of India should issue some guidelines about the poll manifestos.""Poll manifestos should be made a legal document. The Congress government had promised to waive farmer debt last time. The present government has promised free Power and monthly doles. There is an urgent need to stop this. The representation of peoples act if required should be amended accordingly. Accountability of the political parties should be fixed,"" he said.AAP government wants to divert public attention: BJPThe BJP said the decision to probe the spending during the previous government's tenure is the AAP's tactics to avoid the public anger .Senior BJP leader Vineet Joshi said that the AAP was trying to divert the public attention in the name of probe.""The Aam Aadmi party is trying to divert the public attention as the government is not able to fulfill the poll guarantees. Kejriwal knew that Punjab was under huge debt trap.Why did he not think about this while making the guarantees. Aap is trying to find an escape route to get rid of the guarantees by raising the issue of loans raised by the previous governments. They just want to confuse the people,"" Vineet Joshi said.ALSO READ: Legal notice to AAP MP Raghav Chadha for calling BJP a party of goons","['AAP', ' Punjab', ' Bhagwant Mann', ' Punjab debt', ' Malvinder Singh Kang']",https://www.indiatoday.in/india/story/aap-questions-previous-punjab-govt-over-debt-1939437-2022-04-19
8,india,AIADMK leader Palaniswami condemns black flag protest against Tamil Nadu Governor Ravi,"(19, 4, 2022)","All India Anna Dravida Munnetra Kazhagam (AIADMK) leader Edappadi K Palaniswami on Tuesday condemned the black flag protest against Tamil Nadu Governor RN Ravi.

Governor RN Ravi was greeted with black flags during his visit to Mayiladuthurai. Protesters waved black flags and raised slogans against the governor for delay in forwarding the anti-NEET bill to the President.The protests were carried out by members of Viduthalai Chiruthaigal Katchi (VCK), left wing parties and Dravida Kazhagam (DK). All protesters were detained following the incident.READ | Ready to bear more insults, pain for good of Tamil Nadu people, says CM MK Stalin over anti-NEET billPalaniswami said, ""It is sorrowful to see Governor himself does not have safety to travel within the state.""The former chief minister also questioned the law and order situation in the state and demanded answers from CM MK Stalin, who also handles the home portfolio.Palaniswami also demanded action against those involved in the protest.Live TV--- ENDS ---ALSO READ | Black flags greet Tamil Nadu Governor Ravi during Mayiladuthurai visit ","['palaniswami black flag protest', ' governor ravi protest', ' black flag protests', ' anti neet bill protest', ' tamil nadu governor protest', ' eps on black flag protest']",https://www.indiatoday.in/india/story/aiadmk-leader-palaniswami-condemns-black-flag-protest-tamil-nadu-governor-ravi-1939433-2022-04-19
9,india,Finance Commission of India chief speaks out against rising culture of freebies by states,"(19, 4, 2022)","Amidst a race to expand political popularity by announcing freebies, Chairperson of the Fifteenth Finance Commission N K Singh has raised a red flag against the culture of competitive freebie politics. He warned that freebies undercut the basic framework of macroeconomic stability and distorts expenditure priorities by leading to spending on revenues away from the overall improvement in quality of life.

In a strong vote against freebies, he said, “The economics of freebies is invariably wrong. The economics and politics of freebies are deeply flawed. It is a race to the bottom and it is not the road to efficiency or prosperity, but a quick passport to fiscal disaster.”In what could be a major talking point in the coming future, Singh asked “whether the time has come to consider recourse mechanisms like subnational bankruptcy,” which in simple terms means excessively stressed states being identified as bankrupt.He argued that freebies bring into question “market differentiation between profligate and non-profligate states” and whether India can have a recourse mechanism for subnational bankruptcy.He said, “We must consider a consultative process for policies designed to differentiate between well managed states and less well managed states as long as there is a sovereign guarantee. For instance, Article 293(3) of the Constitution reads: A state may not, without the consent of the Government of India, raise any loan if there is any part still outstanding.”He added, ”In a classic example, a state which has become profligate and is unable to pay its bills, they immediately rush to the Centre. There is no recourse mechanism outside the Finance Commission. There may only be options for recourse mechanisms in times of emergency such as pandemics and natural disasters like earthquakes. We must consider constitutional provisions such as Article 282 in cases of subnational bankruptcy.”Speaking at the Annual day celebration of the prestigious Delhi School of Economics, Singh said that the political dialogue built around freebies is fraught with danger. Citing Albert Einstein, Singh said, “Sometimes one pays most for the things one gets for nothing.”He explained that there was a need to distinguish between the concept of merit goods and public goods on which expenditure outlays have overall benefits.The statement of the chief of the Finance Commission is significant as it's a constitutionally-mandated body that is at the centre of fiscal federalism with a core responsibility to evaluate the state of finances of the Union and State Governments, recommend the sharing of taxes between them, lay down the principles determining the distribution of these taxes among States.He said that examples of expenditures that generate overall benefits in the Indian economy are strengthening and deepening the public distribution system, employment guarantee schemes, support for education and enhanced outlays for health, particularly during the pandemic.He cautioned that it’s important to calculate how expensive freebies are for the economy, for quality of life and for social cohesion in the long run, instead of projecting how cheap the freebies are or how little they cost.“We must dread the thought of replicating the culture of competitive freebie politics. We must go on the route of achieving higher rates of economic growth. The race to efficiency is the race to prosperity, he added.To back his argument that freebies undercut the basic framework of macroeconomic stability and distort expenditure priorities, instead of expenditure being given for overall improvement in life, he said that outlays are being concentrated on subsidies of one kind or the other.Singh’s comments are in sync with concerns expressed by a group of secretaries of the Union government in a meeting with the Prime Minister. The bureaucrats had warned that the freebies are threatening the fiscal sustainability of states, which are already debt stressed and the credit rating for each state annually to do fiscal management.Using Punjab as an example to underline the kinship between freebies and financial stress, he said that in the case of Punjab, some have estimated that the promise of freebies made in the recent Assembly election might cost around 17,000 crores for their implementation.He said, ""If we take everything impacting the debt ratio of Punjab into account, there is going to be an additional impact of 3 per cent of GSDP. As we know, the debt to GDP of Punjab is already at 53.3 per cent for 2021-22, which would worsen on account of these new measures.“The bureaucrats in their meeting with the prime minister had listed Indian states in north, south and north east regions facing stress due to freebies. They highlighted that the culture of zeroing in on freebies as a quick fix to win over the low-income voters and crucial voter groups is being replicated across the country.For example, in January, one month away from Assembly polls, UP’s Yogi government announced a 50 per cent reduction in the power tariff on agricultural use, to directly benefit over 13 lakh users in rural and semi-rural areas. The BJP’s Campaign in UP, for example, included a promise of free electricity for 2.3 crore farm holdings , free scooters for female college-goers and two free LPG cylinders. The AAP in Punjab vowed 300 units free power to every 55 lakh households and a Rs 1,000 monthly allowance for every woman.Singh in his lecture cited the example of states like Rajasthan, where the cost of sops announced will have around one per cent additional impact on the state’s debt to GDP, which stands at 39.8 percent for 2021-22.Expanding the issue of freebies distorting expenditure priorities, he cited the change to the new pension scheme of contributory pension scheme from the old scheme, which was a fixed return on Rajasthan.He was informed that the budget of Rajasthan’s Gehlot government announced the return to the old pension scheme. He said,” This decision is regressive considering that the move away from the old scheme was based on the fact that it was inherently inequitable. Civil servants make up a small fraction of the population. Such a small fraction capturing a large part of the state’s revenue resources is invariably disproportionate and raises issues of equity.”Quoting data from the state budget, he said that the pension and salary revenues of Rajasthan amount to 56 per cent of its tax and non-tax revenues. Thus, the 6 per cent of the population which is made up of civil servants stand to benefit largely from this 56 per cent of the state’s revenues, which would amount to a small fraction of the salaried classes consuming a disproportionate part of public expenditure.Singh stated,”This is fraught with dangers not only from intergenerational inequality but the broader principles of equity and morality.”He listed more reasons why a departure from the culture of freebies needs to be ushered in imminently. He added,” one state cannot pass on its debts to another state, nor can one nation pass on its debts to another nation. “He also underlined that free power, or a certain quantum of free power, free water and other kinds of free consumption goods distracts outlays on environmental and sustainable growth, renewable energy and more efficient public transport systems.Singh’s remarks bring to fore the petitions by state governments for greater allocation of funds as the freebies are leading to huge mounting dues for power distribution companies to consider here and failure to introduce major power reforms.““These are the single biggest factor which does not enable us to get away from fossil fuels and move into practices which are more environmentally friendly,” he said .Singh’s caution echoes the concerns expressed by experts who claim that free electricity and water are distorting agricultural priorities as they cause extensive use of water and fertilisers.“The consequences of a depleting supply of ground water is an important issue to consider when speaking of freebies pertaining to free consumption of goods and resources,” he added.He also pointed out that the spreading culture of freebies is having a debilitating effect on the future of manufacturing as they lower the quality and competitiveness of the manufacturing sector by detracting from efficient and competitive infrastructure, enabling high factor efficiencies in the manufacturing sector.This, he said, stymies gainful employment because there is no substitute for growth if we wish to increase employment.Offering a solution out of the freebie trap, he suggested that the race to the bottom implies government deregulation of markets and business and states competing to underbid each other in lowering taxes, expenditure and regulations.He said they must strive instead for a race to efficiency through innovative ideas and solutions to common problems, which other states can emulate.Read more | What courts have said on 'freebies' from parties during electionsAlso read | Sri Lankan crisis puts spotlight on debt, freebie culture in India","['15th Finance Commission chairperson N K Singh', ' political freebies']",https://www.indiatoday.in/india/story/finance-commission-of-india-chief-speaks-out-against-rising-culture-of-freebies-by-states-1939438-2022-04-19
10,india,NA,NA,NA,NA,https://www.indiatoday.in/india/video/jahangirpuri-violence-case-5-accused-booked-under-nsa-1939434-2022-04-19
11,india,NA,NA,NA,NA,https://www.indiatoday.in/india/video/now-lingayat-seer-accuses-karnataka-govt-of-seeking-commission-from-mutts-1939425-2022-04-19
12,india,"Special squad likely to monitor, enforce SC norms on loudspeakers in Maharashtra","(19, 4, 2022)","Maharashtra Director General of Police on Tuesday instructed officials to enforce the law and Supreme Court guidelines on the loudspeaker issue strictly. The decision was taken after Maharashtra Navnirman Sena (MNS) demanded the removal of loudspeakers from mosques.

Following the controversy around loudspeakers, Mumbai Police carried out a survey at mosques in the city. They found that around 70 per cent of mosques are not using loudspeakers or use them at low volume for azaan early morning around 5 am. As per Supreme Court guidelines, use of loudspeakers is not allowed from 10 pm to 6 am.DGP then instructed unit commanders to allow loudspeakers between 6 am and 10 pm with prior permission from the police, and asked them to strictly abide by the Supreme Court's guidelines as well as the noise pollution norms laid down by the Maharashtra Pollution Control Board (MPCB).READ | We are against loudspeakers, not any religion, says MNS a day after Nashik cops' directiveBesides, a special squad is likely to be formed to monitor noise levels from loudspeakers. Mumbai Police is also preparing to prevent any law and order issue. They will collect information on people who have been charged with creating communal tensions. Instructions have been given for taking preventive action.Police will be monitoring those who give inflammatory speeches and take action if necessary. Social media posts are also being monitored for hate content.Last week, Mumbai Police held a meeting with religious leaders from different communities.ALSO READ | Nashik police ban use of loudspeakers at religious places without permit""Representatives from all religions were invited to the meeting. Informed all the religious leaders about the punishment and penalty for violating the order of the Supreme Court. A survey showed that around 70 per cent mosques are not using loudspeakers or use them at low volume,"" said a senior police official.Police will be granting permission for loudspeakers as per norms. Violation of the Supreme Court order, however, carries a minimum sentence of five years and a fine of Rs 5 lakh.Maharashtra Navnirman Sena chief Raj Thackeray had demanded that loudspeakers at mosques relaying azaan (prayers) be removed by May 3 or else his party would play the Hanuman Chalisa at higher volumes to counter them.Live TV--- ENDS ---ALSO READ | Maharashtra PFI leader booked for inciting speechALSO READ | Won’t allow anyone to disrupt normalcy, says Maharashtra govt as BJP leader distributes loudspeakers","['special squad loudspeaker', ' azaan loudspeaker', ' raj thackeray loudspeaker', ' special squad loudspeaker', ' hanuman chalisa loudspeaker', ' mumbai police loudspeaker issue']",https://www.indiatoday.in/india/story/maharashtra-special-squad-sc-norms-loudspeaker-issue-raj-thackeray-1939422-2022-04-19
