SN,category,headline,date,content,keywords,link
1,india," Jahangirpuri violence: 5 members of family nabbed, woman says police did not inform about arrest","(19, 4, 2022)","Family members of the accused arrested in connection with the violence that erupted in Jahangirpuri on Saturday have alleged that they were not informed about the arrest. The men were allegedly part of the Shobha Yatra that was taken out on Hanuman Jayanti.

Speaking to India Today, Durga Sarkar claimed that five members of her family have been picked up by the Delhi Police for questioning. She alleged that the family members were not informed about the arrest. The accused were arrested on Monday night.#JahangirpuriViolence | India Today's @Milan_reports speaks to a woman whose 5 family members were picked up by Delhi Police. #ITVideo @snehamordani pic.twitter.com/xeyrq02Jf2— IndiaToday (@IndiaToday) April 19, 2022
Meenu, wife of accused Surjit, also alleged that the police did not inform her about her husband’s arrest. Both women claimed that they were just told that the accused were being taken in for questioning.ALSO READ | Is it legal to carry weapons in processions | ExplainerA distraught Durga asked, “What wrong have they done in being part of a religious procession?”Both women claimed there were people in their area from another community gathering stones and sticks.JAHANGIRPURI VIOLENCE CASEA clash broke out between two communities during a Hanuman Jayanti procession in northwest Delhi's Jahangirpuri area on Saturday evening. According to the police, stones were pelted and some vehicles torched in the violence that occurred at around 6 pm.Nine people were injured after communal clashes broke out in Jahangirpuri. Some police personnel were also injured in the clash.The investigation of the clashes has been handed over to the Crime Branch and 14 teams have been formed so far to probe the case. Twenty-five people have been arrested so far.Live TV--- ENDS ---ALSO READ | Jahangirpuri violence accused Ansar belongs to AAP or BJP? Both parties pass the buck","['Jahangirpuri violece', ' Delhi violence', ' Jahangirpuri riots case']",https://www.indiatoday.in/india/story/jahangirpuri-violence-5-members-of-family-arrested-delhi-police-1939423-2022-04-19
2,india,Supreme Court reconstitutes expert committee for Delhi-Dehradun expressway project,"(19, 4, 2022)","The Supreme Court (SC) reconstituted the oversight committee for the Delhi-Dehradun expressway project. The committee previously consisted of 12 experts appointed by the National Green Tribunal (NGT).

The Court ordered a new head of the committee and also added two new members to it.CP Goyal, the Director-General of the Ministry of Environment and Forests, will now head the expert committee which was previously headed by Uttarakhand’s Chief Secretary, Sukhbir Singh Sandhu.TWO NEW NAMESTwo new members who have been added to the committee are - Anil Prakash Joshi, founder of Himalayan Environmental Studies and Conservation Organisation, and Vijay Dhasmana, an environmentalist.The order came as a response to a petition filed by an NGO, Citizens for Green Doon, against an order from the NGT.The petitioners wanted the committee to have independent members from the fields of wildlife and the environment. Advocate Ritwik Dutt, who was representing the petitioners, had suggested some names, including Vibhash Pandav, a faculty of the Wildlife Institute of India, Retired General MK Singh, an expert in the felling of trees from Scientific Tariko, Vijay Dhasmana, an expert in flora and fauna.READ MORE: Covid under control, no need for restrictions: Trader’s body writes to DDMAREAD MORE: Delhi’s peak power demand clocks 5,735 MW, highest ever in April","['Supreme Court', ' Delhi-Dehradun expressway', ' National Green Tribunal', ' delhi', ' expert committee', ' uttarakhand']",https://www.indiatoday.in/india/story/supreme-court-reconstitutes-expert-committee-delhi-dehradun-expressway-project-1939419-2022-04-19
3,india,Jahangirpuri violence: NSA against 5 after Amit Shah says action must set precedent,"(19, 4, 2022)","In a massive crackdown on Jahangirpuri rioters, the Delhi Police has charged five accused under the stringent National Security Act. This comes a day after Union Home Minister Amit Shah directed the Delhi Police that the action taken against rioters must set a precedent.

The five include Sonu Sheikh, who had opened fire at the crowd, Ansar, who has been named as the main conspirator of the violence, Salim, Dilshad and Ahir.The Home Minister has been monitoring the situation since the clashes broke out in Delhi’s Jahangirpuri area on Hanuman Jayanti. He spoke to the Delhi CP and the Special CP, instructing them to ‘strictly’ maintain law and order. He had also asked the top police officials to take all necessary actions against the miscreants.The Delhi Police, which takes orders from the Union Home Ministry, has arrested 27 people so far, including a few minors.Also Read: | Amit Shah speaks to Delhi top cop on Hanuman Jayanti clashes; 10 teams to probe violenceA communal violence broke out during a Hanuman Jayanti procession in Delhi’s Jahangirpuri area on Saturday. According to the police, stones were pelted and several vehicles were set ablaze. Civilians and several police personnel were injured in the ensuing violence. Swords and weapons were also allegedly brandished at the procession.Around eight rounds of bullets were fired, injuring Delhi Police sub-inspector Medalal Meena. Paramilitary forces were deployed to bring the situation under control and restore normalcy. Rapid Action Force personnel along with the Delhi Police patrolled the area as drones surveiled overhead.Live TV--- ENDS ---Also Read: | New video emerges from the site of Jahangirpuri violence; mob pelts stones, vandalises shops","['Jahangirpuri violence', ' Jahangirpuri riots', ' Jahangirpuri violence news', ' delhi riots', ' delhi riots accused']",https://www.indiatoday.in/india/story/jahangirpuri-violence-nsa-against-5-day-after-amit-shah-says-action-must-set-precedent-1939416-2022-04-19
4,india,Lieutenant General Manoj Kumar Katiyar to be Indian Army’s new DGMO,"(19, 4, 2022)","Lieutenant General Manoj Kumar Katiyar has been appointed as the next Director General of Military Operations (DGMO). He will be taking over the new office on May 1.

Lieutenant General Katiyar is presently the General Officer Commanding of 1 Corps, a strike formation responsible for offensive operations against both Pakistan and China. He was posted as Director of General Staff Duties at Army Headquarters.READ | Who Is Lt Gen Manoj Pande, the new Army chief of IndiaAn alumnus of the National Defence Academy, Lieutenant General Katiyar was commissioned in the 23rd Battalion of the Rajput Regiment in June 1986, which he later commanded along the Line of Control in Jammu and Kashmir as well as in Arunachal Pradesh.He also commanded an infantry brigade along the Western borders and a mountain division. Besides attending the National Defence College, New Delhi, he is also a distinguished graduate of the National War College, USA. He served as an instructor in the Indian Military Training Team in Bhutan and at the Defence Services Staff College, Wellington.Live TV--- ENDS ---ALSO READ | Intelligence agencies flag cyber-security breach in military, probe orderedALSO READ | Army chief MM Naravane inducts indigenously developed specialist vehicles","['general manoj kumar', ' general manoj kumar dgmo', ' military operations indian army', ' indian military operations chief']",https://www.indiatoday.in/india/story/lieutenant-general-manoj-kumar-katiyar-director-general-military-operation-indian-army-1939406-2022-04-19
5,india,How human smugglers along Bangladesh borders bring in illegal migrants | Exclusive,"(19, 4, 2022)","As police probe the alleged Bangladeshi angle in the Jahangirpuri riots, an India Today report from inside the human-smuggling rings last year shed light on the entire modus of the cross-border racket - from illegal entries to securing Indian IDs fraudulently.

DOUBLING AS MONEY CHANGERSIndia Today’s special investigation in January 2021 found human smugglers doubling as money changers in West Bengal, bringing illegal migrants via relatively weak defences along the international border.Banka, who operated Sabhar Enterprise money-changing facility at the Petrapole integrated check post, about 80 km from Kolkata, solicited Rs 15,000 per head to facilitate illegal migration into India.He confessed that people and smugglers worked more closely on both sides of the Indo-Bangladesh border.""Earlier, people used to cross for Rs 3,000, Rs 4,000, Rs 8,000, Rs 10,000. Now that has gone up to Rs 15,000, Rs 16,000, Rs 17,000. People are demanding as per their wish,"" he told India Today's investigative reporter.Also Read: | GRP arrests five, including two Bangladeshi citizens for aiding illegal entry of RohingyasBanka hinted that the ring also organised forged IDs of both countries to help free migrants in the event of potential arrests by border guards on either side.""If they are caught in Bangladesh, then a Bangladeshi address is needed and if they get caught in India, then an Indian address is needed. Then it becomes easier to free them.""SLIPPING IN THROUGH THE GAPSThe operation, Banka said, takes place after it gets dark along routes like Maslandapur, Hanskhali, and Bangaon in West Bengal.""It costs Rs 15,000 (per head). We have people over there. I will talk over the phone. Does your man have a Bangla (Bangladeshi) number?"" he asked India Today's undercover reporter. ""Give that number to us, I will make him understand. They can come from that side, from the Maslandapur side and from the Hanskhali side as well. They will come from the line where the condition is good.""Just 50 meters from the border, another money changer, Madhab Saha, guaranteed smuggling of Bangladeshi migrants if paid Rs 18,000 per person.Also Read: | Transporters protest at Indo-Bangladesh checkpoint after BSF crackdown on fake licences""There's a 200 per cent guarantee (to bring them in),"" he offered. ""You will pay me 18,000 Indian rupees. It’s a 200 per cent guarantee. You will give money and your job will be done.""Saha admitted that his network smuggled three to four people every week.At Basirhat, barely five kilometers from the border, Viswanath confessed to his involvement in human-smuggling operations.The man offered a cheaper deal of Rs 8,000 per head to bring illegal migrants into India from Bangladesh.""It's a matter between the borders. He (the illegal migrant) will come comfortably. Sometimes there might be problems. But no need to worry. He will come comfortably. My house is here,"" Viswanath said.ASSEMBLY POINTS IN BANGLADESHThe human smuggler identified Satkhira in southwestern Bangladesh as the location for potential illegal migrants to assemble before proceeding towards India.Also Read: | No visa, Bangladesh woman illegally crosses border; this is what the BSF did next""He will meet them (my men) at Satkhira and will be brought to the border, which will be crossed when it's dark,"" Viswanath said. It will cost 8,000 (rupees) for each person.""COUNTERFEITING INDIAN IDsIndia Today’s investigation found touts offering package deals on Indian identity documents obtained fraudulently for illegal migrants from Bangladesh.They claimed the IDs they provided were genuine.Bapu Majumdar ran a paperwork facility in Barasat.When probed, he offered to organize voter, Aadhaar and PAN cards for illegal migrants.“There are some people in Bangladesh. Their documents have to be made. Will it be done?” the reporter investigated Majumdar following a tip.Also Read: | Maximum immigrants from Pakistan and Bangladesh entered India more than 30 years ago“Yes, it will be completed in two-three days for seven-eight people. But not in one day because we do not have all the documents (of all the people). So we cannot put too much pressure on one ID,” the tout replied. “We do both Aadhaar and PAN cards. If you ask us to do both, we will do it. And if you need a voter card, we will do that as well.”Majumdar’s had his own price list for various IDs.“The voter, Aadhaar and PAN (together) will cost 20 (Rs 20,000). You will get all three of them,” he said. “You will get PAN and Aadhaar within one month. But the voter card will take some time because it will be done when the name appears on the list. You will have to pay half the money before and the rest after checking the list. We will give the card as well.”“Will you give the voter card?” asked the reporter.“Yes, you won’t have to go anywhere. We will give the card as well,” Majumdar confirmed.“It will be genuine, right?” the journalist wondered.“Yes, yes. The name will be there on the list, the name of the school where the person will have to vote. All the details will be given. That is the package,” the tout claimed.India shares about a 4,100-km-long international border with Bangladesh, of which about 2,220 km run along West Bengal alone.Most of the international border is fenced, except for parts that the government says can’t be fully covered because of topographical, land-acquisition, Covid-19 issues, among others.Also Read: | Fact Check: 20 lakh Bangladeshis in Kerala voters’ list? Viral claim is misleadingBarely 24 km from the border with Bangladesh, Tanmay Ghosh also offered a package deal for fraudulently-obtained Indian IDs that he promised to deliver in batches.“Everything cannot be done together. First Aadhaar, then through the Aadhaar card, we will take out the PAN card. After getting these two, we will take out the ration card. Then the voter card will happen,” he told India Today’s investigative reporter last year.“Did you make documents of Bangladeshi people earlier?” the journalist asked.“I have made so many (of such documents). The total package may cost 12-14 to Rs 15,000 (for ten people). It may be a bit more or less. I cannot say that beforehand,” Ghosh replied. “It will include everything -- Aadhaar, PAN and voter (cards).”“You have done this before, right?” the reporter asked Ghosh.“This is what I have been doing for the last 15 years,” the tout confessed.At Ghatakpukur in South 24 Parganas, Alam Mallik offered to deliver all key Indian IDs, including the voter card, for Rs 15,000 per illegal Bangladeshi migrant.“The Aadhaar card will be made in one-two weeks. After it is done, you will have to come here after two weeks along with a receipt, which I will give you tomorrow. After two weeks, I will take out the print of the Aadhaar card and apply for PAN and ration cards. PAN and ration cards will be made in one week. After that, I will apply for the voter card,” Mallik explained.He demanded Rs 15,000 for the job.Also Read: | 15 Rohingyas held in Assam's Karimganj for entering India illegallyMinister of State for Home Nityanand Rai told the Lok Sabha earlier this month that funds around Rs 303 crore were allocated to secure the India-Bangladesh border in West Bengal and in the northeastern states.“The government of India,” he said in a written reply, “has adopted a multi-pronged approach to strengthen the security along international borders, which inter-alia includes deployment of border guarding forces along the international borders, effective domination of the borders by patrolling, laying nakas, manning observation posts, vulnerability mapping and holistic review of deployment periodically, establishing new border outposts, deployment of surveillance equipment, strengthening of intelligence network, erection of border fencing and floodlighting, and deployment of technological solutions in non-feasible areas like riverine gaps, etc.”GREATER REGIONAL COORDINATION HOLDS KEYThe United Nations Office on Drugs and Crime has categorized migrant smuggling as a deadly but increasingly attractive business globally.""Migrant smugglers"", it notes, ""constantly change routes and modus operandi in response to changed circumstances often at the expense of the safety of the smuggled migrants.""Highly sophisticated and expensive services rely on document fraud or ""visa-smuggling"", the UNODC says. Contrasted with these are low-cost methods which often pose high risks for migrants, and have led to a dramatic increase in loss of life in recent years, it says.The UN body, however, underscores the need for greater coordination across and between regions and for adaptability to new methods in order to tackle international crime better.Live TV--- ENDS ---Also Read: | Why Amit Shah cannot throw out all illegal immigrants by 2024",['How human smugglers along Bangladesh borders bring in illegal migrants | Exclusive'],https://www.indiatoday.in/india/story/jahangirpuri-violence-how-human-smugglers-along-bangladesh-borders-bring-in-illegal-migrants-exclusive-1939404-2022-04-19
6,india,"Had no intention to vilify, humiliate or incite hatred against Maharashtra CM, says Narayan Rane","(19, 4, 2022)","Union minister Narayan Rane on Tuesday said that he did not have any intention to vilify, humiliate or incite hatred against Maharashtra Chief Minister Uddhav Thackeray. Bombay High Court will be hearing Rane's petition seeking quashing of the FIR registered against him at Dhule city.

Rane prayed that pending the hearing of the plea, the court should direct the Dhule city police not to take any coercive action against him and that they should not file a chargesheet.On August 23, 2021, Rane while addressing a press conference in Raigad, said that he would have slapped the Maharashtra Chief minister for “not knowing how many years it has been since India gained Independence”. Over slapping comments, a bunch of FIRs were registered against Rane across Maharashtra. The FIR at Dhule was registered on August 24.Rane's plea filed through advocate Satish Maneshinde stated that though Dhule comes under the jurisdiction of Aurangabad bench of Bombay High Court, the cause of action [the press conference by Rane] falls under the jurisdiction of the Principal Bench of the Bombay High Court.Rane's plea stated that the allegations levelled in the FIR are false, politically motivated and the complainant belongs to Shiv Sena. Rane stated that, by no stretch of imagination, it could be said that his conduct has promoted enmity between different groups, nor did he commit any act which is prejudicial to the maintenance of harmony between different religious, racial, language or regional groups.READ | Narayan Rane arrested: What is the procedure for arresting a Union minister?Rane also stated that the words uttered by him at the press conference did not provoke or incite disharmony.The plea further added that Rane never had ""any intent to promote hatred, violence or resentment against the Chief Minister of Maharashtra or any particular class or group. Nor did Rane have any intention to vilify, humiliate or incite hatred against the Chief Minister.""The plea further adds that the ""effect of the words must be judged by the standard of reasonable, strong-minded, firm and courageous men, not by those who are weak, one's with a vacillating mind, nor of those who scent danger from every hostile point of view.""Rane added that the registration of many FIRs against him was ""nothing but a brazen attempt to muzzle freedom of speech.""Rane had received a notice from Dhule police on March 10 in which he was informed that the chargesheet was going to be filed against him so he should be present before the court.Live TV--- ENDS ---ALSO READ | 3 days after arrest, Narayan Rane attacks Maharashtra CM Uddhav Thackeray again","['narayan rane', ' uddhav thackeray narayan rane', ' narayan rane tight slap comment', ' rane tight slap comment', ' narayan rane arrest']",https://www.indiatoday.in/india/story/narayan-rane-bombay-high-court-uddhav-thackeray-maharashtra-cm-slap-comment-1939389-2022-04-19
7,india,Jahangirpuri violence accused Ansar belongs to AAP or BJP? Both parties pass the buck,"(19, 4, 2022)","A day after BJP leaders claimed links between Jahangirpuri violence accused Ansar and the ruling Aam Aadmi Party (AAP), Delhi MLA Atish countered the claim and alleged that the accused is a BJP leader who plays an active role in the saffron party.

On Tuesday, AAP leader Atish tweeted, “The main accused in the Jahangirpuri riots - Ansar - is a BJP leader. He played a major role in getting BJP's candidate Sangeeta Bajaj to contest and plays an active role in BJP. It is clear that the BJP got the riots done. BJP should apologize to Delhiites. BJP is a party of goons.”This follows after Delhi BJP spokesperson Praveen Shankar Kapoor asked the police to probe why 'masterminds' of the incident were ""found associated with a particular party"".In a letter to Delhi Chief Minister and AAP supremo Arvind Kejriwal, Praveen Shankar Kapoor asked him to expel Ansar from the party.""Delhiites want a reply from the Aam Aadmi Party (AAP) leadership over the involvement of the youth, apparently an AAP worker, in the Jahangirpuri riots. Earlier too, we saw AAP councilor Tahir Hussain as the main accused of 2020 Delhi riots,"" Kapoor said in the letter.Another BJP leader Vijender Gupta also took a swipe at AAP and tweeted a picture of Ansar with the caption, “Model Aam Aadmi Party worker.”@AamAadmiParty #JahagirpuriViolence pic.twitter.com/r4F7F4m36W— Vijender Gupta (@Gupta_vijender) April 19, 2022
WHO IS JAHANGIRPURI VIOLENCE ACCUSED ANSAR?Ansar has been named as the main conspirator of the violence that erupted in New Delhi’s Jahangirpuri area on Saturday. 35-year-old Ansar is a resident of Jahangirpuri B Block. He was also arrested repeatedly under other sections, including two cases of assault. Along with this, a case was registered against him under the Gambling and Arms Act five times.ALSO READ | Is it legal to carry weapons in processions | ExplainerAnsar Sheikh and Sonu Sheikh, another accused detained by the Delhi Police in Jahangirpuri violence case, have been found to own outlandish luxury cars, including a high-end BMW, among others.Earlier, a video of the two being taken into police custody had surfaced on social media. The clip went viral after Ansar was seen mimicking a famous action from a recently released megahit film, 'Pushpa', that had the dialogue ""Mai jhukega nahi"" (I will not kneel).WHAT HAPPENED IN JAHANGIRPURI?A clash broke out between two communities during a Hanuman Jayanti procession in northwest Delhi's Jahangirpuri area on Saturday evening. According to the police, stones were pelted and some vehicles torched in the violence that occurred at around 6 pm.Nine people were injured after communal clashes had broken out in Jahangirpuri. Some police personnel were also injured in the clash.The investigation of the clashes has been handed over to the Crime Branch and 14 teams have been formed so far to probe the case.Twenty-five people have been arrested so far.Live TV--- ENDS ---ALSO READ | The Jahangirpuri Files: How hugs, handshakes exploded into riots | Eyewitness accounts","['Jahangirpuri violence', ' Ansar Jahangirpuri violence', ' BJP', ' AAP', ' Delhi riots']",https://www.indiatoday.in/india/story/jahangirpuri-violence-accused-ansar-belongs-to-aap-or-bjp-both-parties-pass-buck-1939388-2022-04-19
8,india,Fire breaks out in Ghaziabad’s Indirapuram | VIDEO,"(19, 4, 2022)","A fire broke out in the Shakti Khand 3 area of Indirapuram in Ghaziabad on Tuesday.

According to reports, the fire broke out in the closed farm houses built in the green belt where dry junk and leaves were kept in the area. In no time, smoke engulfed the area.Upon receiving the information, half a dozen fire tenders were rushed to the spot to douse the flames.The exact cause of the fire is yet to be ascertained.WATCH VIDEO(With inputs from Mayank Gaur)READ MORE| Ghaziabad: Over 30 cows charred to death after fire erupts in slums near cowshed","['ghaziabad fire news', ' fire breaks out in ghaziabad', ' indirapuram fire', ' ']",https://www.indiatoday.in/india/story/ghaziabad-fire-dry-leaves-fire-indirapuram-1939383-2022-04-19
9,india,Kem cho! WHO chief speaks in Gujarati at inauguration of traditional medicine centre,"(19, 4, 2022)","WHO Director-General Dr Tedros Adhanom Ghebreyesus greeted the public in Gujarati during the inaugural ceremony of the WHO-Global Centre for Traditional Medicine in Jamnagar on Tuesday.

#WATCH | WHO Director-General Dr Tedros Adhanom Ghebreyesus greets the public in Gujarati during the inaugural ceremony of the WHO-Global Centre for Traditional Medicine in Jamnagar. pic.twitter.com/Mexd6RUXLw— ANI (@ANI) April 19, 2022While addressing the public during the ceremony, the WHO Director-General said, ""I have a special connection with India. I learned about traditional medicines from India, I am very grateful to my teachers.""He added, ""I also grew up watching Bollywood films and I understand that the Swiss Alps are a favourite destination for Bollywood fans.PM Narendra Modi inaugurated WHO-Global Centre for Traditional Medicine in the presence of Mauritius PM Pravind Kumar Jugnauth, CM Bhupendra Patel and Union AYUSH Minister Sarbananda Sonowal.Live TV--- ENDS ---Read more | PM Modi on 3-day Gujarat tour from today, WHO chief to join him | Details","['Kemchho', ' Majama', ' CHO chief greets public in Gujarati', ' WHO traditional medicine centre inaugural ceremony in Jamnagar']",https://www.indiatoday.in/india/story/who-chief-greets-public-in-gujarati-during-who-inaugural-ceremony-jamnagar-1939365-2022-04-19
10,india,BJP rally for Mumbai civic polls suspended after Bike-borne men vandalise campaign truck,"(19, 4, 2022)","BJP’s campaign for the upcoming Mumbai civic polls has hit a roadblock after their tour vehicle was vandalised by bike-borne assailants last night. The windshield of the truck, fitted with a giant LED screen to play videos outlining the Shiv Sena’s failure to improve the city’s infrastructure and the rampant corruption and scams, was smashed by unknown people, prompting the BJP to suspend the “poll khol” campaign rally.

The party’s Maharashtra vice president, Prasad Lad, and a senior leader, Pravin Darekar, were scheduled to begin the tour from subruban Chembur but the vandalism has derailed their plans momentarily. They marched to the Chembur police station with around 100 people to register a case.A visibly aggressive Darekar accused the Shiv Sena of pelting stones, following which the police stepped up security in the area. A few policemen from the State Reserve Police Force (SRPF) were deployed to maintain law and order in the area. BJP leaders have handed over the CCTV footage which showed a person pelting stones at the truck.Also Read: | ‘No age criteria for \Sena candidates in Mumbai civic polls’: Aaditya Thackeray dismisses ‘fake news’According to the police, the footage is unclear and will be thoroughly investigated. They have launched a search operation based on the footage, the police said.Speaking to India Today TV, Darekar warned that if the accused are not arrested by Wednesday, party workers will gherao the Chembur police station. He and his party members and supporters should not be held responsible if things go out of hand, Darekar said, adding that the attack on the truck was a premeditated attempt to derail their campaign.Live TV--- ENDS ---Also Read: | With eye on BMC elections in 2022, AAP opens office in Mumbai’s Fort area",['BJP rally for Mumbai civic polls suspended after Bike-borne men vandalise campaign truck'],https://www.indiatoday.in/india/story/bjp-rally-for-mumbai-civic-polls-suspended-after-bike-borne-men-vandalise-campaign-truck-1939367-2022-04-19
11,india,"11 killed, 10 injured as jeep rams into tractor trolley in Rajasthan's Jhunjhunu","(19, 4, 2022)","At least 11 people were killed while 10 others were injured when a jeep rammed into a stationary tractor trolley in Rajasthan's Jhunjhunu on Tuesday.

The jeep collided with the trolley when it was parked on the roadside on the Jhunjhunu-Gudha Gorji highway.Rajasthan Chief Minister Ashok Gehlot expressed his condolences over the incident.8 ,— Ashok Gehlot (@ashokgehlot51) April 19, 2022
""The death of 8 people in a road accident in Gudha Gorji area in Jhunjhunu is extremely saddening. My deep condolences towards mourning family members, God provide them the strength to bear this loss and provide peace to the souls of the deceased. Pray for speedy recovery of those injured in the accident,"" Ashok Gehlot stated in a tweet.READ MORE: Greater Noida: Woman falls off 11th floor of Gaur City, diesREAD MORE: Srinagar: CRPF trooper dead, 12 injured in road accident in Hyderpora","['rajasthan', ' jhunjhunu', ' accident', ' road accident', ' accident news', ' tractor trolley', ' road mishap', ' jeep', ' speeding car', ' highway']",https://www.indiatoday.in/india/story/jeep-collides-tractor-trolley-family-killed-rajasthan-jhunjhunu-1939363-2022-04-19
12,india,"Governor Soundararajan flags protocol violation, says very challenging to work with KCR","(19, 4, 2022)","Rift between Telangana Governor Tamilisai Soundararajan and the ruling TRS government came to the fore once again on Tuesday as she expressed concerns over protocol violations, saying it is very challenging to work with Chief Minister K Chandrashekar Rao.

Soundararajan said, ""In Telangana, neither Collector nor SP accompany me to the places I visit. Certain democratically elected CMs are trying to become dictatorial. It is very challenging to work with Telangana CM.""Earlier, Soundararajan in her meeting with Prime Minister Narendra Modi, had alleged that government officials were not turning up during her visits to districts, in violation of protocol.READ | Telangana governor hits out at TRS for not starting Budget session with her addressThe alleged protocol violations happened during her visit to a tribal festival in Mulugu district and the newly inaugurated temple at Yadadri. Recently, KCR cabinet ministers skipped an event hosted by Raj Bhawan.""I have dwelled with the tiger, I can work with anyone now. I'm working with two CMs. One CM will not budge when I call him while the other shows so much care,"" she said, referring to Puducherry CM.""It is our culture to respect an invitation. We should respect those who invite us,"" she added.In March, Telangana Budget session began without Governor Soundararajan's address. There was no notification for the joint session of two houses, which is necessary for the governor’s address.""I am with the people of Telangana. Some gap is there. I should accept that. I cannot say there is no gap. No personal enmity but That gap will definitely affect the people,"" she said.""My humble appeal to all the politicians is that if an invitation is given with love and affection, kindly respect it. Boycotting tea parties and boycotting dinners have become a usual thing. Don't mix politics with personal invitations,"" she added.Live TV--- ENDS ---ALSO READ | Telangana Governor Tamilisai Soundararajan meets PM Modi in DelhiALSO READ | Freedom of expression limited? Telangana guv on criticism of Ilaiyaraaja for praising PM Modi","['soundararajan on kcr', ' soundararajan on protocol violation', ' telangana governor on protocol violation', ' kcr protocol violation']",https://www.indiatoday.in/india/story/telangana-governor-soundararajan-kcr-protocol-violation-rift-1939345-2022-04-19
