SN,category,headline,date,content,keywords,link
1,india,"Jahangirpuri CCTV caught men collecting sticks, rods a day before violence at 2 am | Watch","(19, 4, 2022)","The Delhi Police is scouring through hours of digital evidence - social media posts and CCTV footage - to identify the perpetrators of the violence during the Hanuman Jayanti rally in the national capital on Saturday. The police have now released footage captured by a closed circuit camera installed in Jahangirpuri on April 15 which shows a few men collecting sticks and rods around 2 am, a day before the clashes broke out.

The near four-minute-long footage shows an empty bylane when five young men walk in. They gather near a wall and begin pulling out sticks and rods from what appears to be a garbage dump. Soon, another man joins them and they continue to pull out sticks and rods. Suddenly, the group turns towards the houses and begins gesturing aggressively.Delhi Riots 2022: Rioters gather sticks in the CCTV images from night before violence. Watch to decode midnight mystery!#Delhi #Jahangirpuri | @snehamordani, @Sreya_Chattrjee pic.twitter.com/I0ptbP4EMt— IndiaToday (@IndiaToday) April 19, 2022
It appears that the residents objected to the men lurking around in the dead of the night and picking up the sticks. The argument continues for some time until the locals walk towards the men and try to persuade them to drop the sticks.Also Read: | The Jahangirpuri Files: How hugs, handshakes exploded into riots | Eyewitness accountsAs they refuse to heed, one of the locals grabs a stick from them and tries to drive them away and this leads to a minor clash between the men and the locals.The footage has now forced the police to probe whether the riot plan was conspired days in advance. They will question the locals and record their statements to ensure a watertight case before the court.Efforts are on to identify the people on the video, the police told India Today TV.Also Read: | New video emerges from the site of Jahangirpuri violence; mob pelts stones, vandalises shopsOn Saturday, clashes broke out in Delhi's Jahangirpuri area as a group took out a procession to celebrate Hanuman Jayanti. Vehicles were torched, bullets were fired, and stones were pelted, injuring civilians and security personnel.The police have arrested 25 people so far, including minors, in connection with the case.Live TV--- ENDS ---Also Read: | Cops in riot gear, drones surveil Jahangirpuri as Delhi Police arrests 25","['Jahangirpuri CCTV caught men collecting sticks', ' rods a day before violence at 2 am | Watch']",https://www.indiatoday.in/india/story/jahangirpuri-cctv-caught-men-collecting-sticks-rods-a-day-before-violence-at-night-watch-1939354-2022-04-19
2,india,"Anis Khan murder case: State govt submits SIT report, Calcutta HC to discuss on April 25","(19, 4, 2022)","The state government submitted an 82-page SIT report in the Anis Khan murder case at Calcutta High Court on Tuesday. The advocate general informed the court about the progress of the investigations, including the CFSL (Hyderabad) report and polygraph test.

Anis Khan was found dead at his home in the Howrah district on February 19 in mysterious circumstances.The bench was scheduled to take an SIT report in the case on Monday. However, the report could not be submitted as the judge did not come.On Tuesday, lawyer Achinta Banerjee of TMC legal cell submitted video clips of Anis's father to the court. While submitting the video, the TMC lawyer claimed, “Anis Khan's father told the media that the judge did not attend the HC yesterday under the pressure of the CM.""Shamim Ahmed (lawyer of the petitioner) clarified that there was a misunderstanding. “We have full confidence in the court.""The court has ordered them to give a copy of the SIT report to the petitioner.In its order, the Court said, ""Anis Khan's father has made disrespectful remarks. We have instructed him to submit an affidavit seeking an apology A copy of the SIT report will be given to the petitioner. The report should be kept to them, should not be given to the media. The court wants a detailed discussion on this report.""The court will hear this case again next Monday.The death of Anis Khan has snowballed into a major controversy in West Bengal, with political parties alleging involvement of ruling TMC leaders in the incident. The West Bengal government has, however, rubbished the charges and pointed fingers at a “deep rooted conspiracy” hatched “outside” the state.Also read | Was in touch with Anis Khan, says Mamata; activist's family refutes claimALSO READ | Calcutta High Court takes suo motu cognizance of student leader Anis Khan death case","['Anis khan murder case', ' State govt submits SIT report', ' Calcutta HC', ' Kolkata Howrah']",https://www.indiatoday.in/india/story/anis-khan-murder-case-state-govt-submits-sit-report-calcutta-hc-to-discuss-on-april-25-1939350-2022-04-19
3,india,"Jaishankar is a real patriot, says Russian foreign minister on India standing its ground on foreign policy","(19, 4, 2022)","Russian Foreign Minister Sergey Lavrov called External Affairs Minister S Jaishankar “a real patriot of his country” after the latter firmly stated that India will decide its foreign policy in light of mounting pressure to cut down imports from Moscow amid the ongoing Russia-Ukraine war.

In an exclusive interview with India Today, Sergey Lavrov said, “EAM JAishankar is a seasoned diplomat and a real patriot of his country when he said “we will be taking the decision for our country on the basis of what India believes it needs for its development for its security"". Not too many countries can say something like this.”Watch why Russian Foreign Minister, Sergey Lavrov, said that EAM Subrahmanyam Jaishankar (@DrSJaishankar) is a real patriot.Watch #Exclusive interview with @Geeta_Mohan : https://t.co/ix4jyzt6HB#RussiaUkraineWar #Russia #Ukraine pic.twitter.com/v0RnnLHbbY— IndiaToday (@IndiaToday) April 19, 2022
On India-Russia relationshipSergey Lavrov said that Russia cannot rely on any of its western colleagues for food security, defense, or some strategic sectors. He added, “We are open to cooperation with all other countries who do not use illegal, illegitimate measures in violation of the UN charter. And India is among those. We cooperate bilaterally.”ALSO READ: Ukraine war rooted in desire of US, West to rule world: Russian foreign minister | ExclusiveTalking about the India-Russia relationship, Sergey Lavrov said, “India is our very, very old friend. We called our relationship a long ago as ‘strategic partnership’. Then about 20 years ago, India said why don’t we call it ‘ privileged strategic partnership’? And sometimes later, India said let’s call it an ‘especially privileged strategic partnership’. This is a unique description of any bilateral relationship.""He further talked about the Russian government’s support for PM Modi’s ‘Make in India’ scheme.“With India, we supported Prime Minister Narendra Modi’s concept of ‘Make in India’. We started substituting the simple trade with local production, shifting production of the goods needed by India on their territory,” Sergey Lavrov said.‘Can give India whatever they want in defense sector’Sergey Lavrov firmly stated that Russia can provide India with whatever support the latter needs in the defense sector.“On defense, we can provide anything India wants, and technology transfer in the context of defense cooperation is absolutely unprecedented for any of India’s outside partners,” the Russian foreign minister told India Today.Live TV--- ENDS ---ALSO READ | India's monthly purchase of Russian oil less than what Europe buys in 1 afternoon: Jaishankar to US","['EAM S Jaishankar', ' Russian foreign minister Sergey Lavrov ']",https://www.indiatoday.in/india/story/jaishankar-real-patriot-says-russia-foreign-minister-sergey-lavrov-1939343-2022-04-19
4,india,NA,NA,NA,NA,https://www.indiatoday.in/india/video/jahangirpuri-violence-cctv-footage-shows-rioters-collecting-sticks-day-before-shobha-yatra-1939341-2022-04-19
5,india,Rajasthan: Two newborns die due to overheating in warmer in infant nursery,"(19, 4, 2022)","Two infants died due to overheating in warmer in the nursery of Amrit Kaur Government Hospital on Monday. The increase in the heat of the warmers in the nursery led to the infants’ deaths.

As soon as police received the information, a team reached the hospital.Presently, the cause of the accident is being described as a technical fault as the heat in the warmer increased suddenly on its own, which caused the condition of the infants to deteriorate, leading to their death.OTHER INFANTS EXAMINEDThe infants were given treatment but could not be saved. As a precaution, the doctors also examined the other infants in the nursery and their health was found to be normal.A team of police has also been deployed at the Mother and Child Health wing of the hospital. At present, the bodies of both the deceased have been kept in the mortuary.One of the infants was a baby girl born on April 7 and had been kept in the nursery ever since. The other was a boy born on April 14 and was kept in the same warmer.(With inputs from Yatin)READ MORE| Gurugram: Newborn girl’s body found dumped in garbage in Sector 52","['rajasthan news', ' new born die due to extreme heat', ' infant death', ' government hospital', ' accident']",https://www.indiatoday.in/india/story/newborn-die-warmer-overheating-rajasthan-infant-nursery-1939333-2022-04-19
6,india,Tamil Nadu: Farmers dump tonnes of Sampangi flowers as prices wither,"(19, 4, 2022)","Nearly seven tonnes of Sampangi flowers were dumped by farmers in pits in Erode district of Tamil Nadu after they failed to get a decent sale price.

Notably, the cost of Sampangi flower dropped from Rs 70 per kilo last week to Rs 10 for the day, shocking farmers. Therefore, in order to avoid more loss, they halfway dumped nearly seven tonnes of Sampangi flowers in pits.FARMERS FACING LOSSFarmers stated that just to bring the flowers to the market, they had to begin plucking the flowers by 5 AM in the morning and with a steep fall in prices, they were frustrated to see their labour going to waste.Meanwhile, they also requested the government to intervene by providing MSP to avoid such loss of livelihood or to set up a perfume factory in their region, further bringing in jobs.Farmers in Sathyamangalam and surrounding areas had cultivated the Sampangi flower plants, which are used in perfume production and festival occasions.Normally, the flowers are brought to Sathyamangalam Flower producers society where the price is determined and then transported to various districts of Tamilnadu and to Kerala and Karnataka.These flowers are also exported abroad from Kerala.READ MORE| Maharashtra: Farmers dump tomatoes during protest at Nagpur-Mumbai highwayREAD MORE| India grows more food, wastes more, while more go hungry","['flowers dumped in pit', ' farmers dump sampangi flowers', ' sampangi flower rate', ' sampangi flower price', '']",https://www.indiatoday.in/india/story/farmers-dump-flowers-in-pit-sampangi-flowers-sale-price-1939294-2022-04-19
7,india,VHP claims no one from group carried weapons during Hanuman Jayanti procession in Jahangirpuri,"(19, 4, 2022)","Vishwa Hindu Parishad (VHP) working president Alok Kumar said that no one from the group was carrying weapons during the Hanuman Jayanti procession in Jahangirpuri.

""We take out peaceful processions. The people in our shobha yatra didn't carry any weapons. It was an unprovoked and premeditated attack. Bangladeshi infiltrators and Rohingyas have played a major role in this,"" Alok Kumar said.He added, ""As the VHP chief, I am repeating that our people didn't carry arms.""On allegations that the VHP provoked and took out processions outside mosques, Alok Kumar said, ""Taking out processions can't be a provocation, they also take out processions. The mosque is not an excluded area. We were on a public road. We didn't shout anti-Muslim slogans. They also take out Tazias in front of Hindu Temples.""Local VHP leader Prem Sharma was arrested on Monday for allegedly organising the Hanuman Jayanti procession in Delhi’s Jahangirpuri on Saturday without requisite permission. He was later released on bail.Alok Kumar said, ""The FIR could have been avoided. The VHP had applied for permission. Delhi Police slept over it. The permission was neither granted nor denied. The FIR is inappropriate.""WHAT HAPPENED ON SATURDAY?Nine people were injured in clashes that broke out between two communities during a Hanuman Jayanti procession in northwest Delhi's Jahangirpuri area on Saturday evening. Among those injured were several police personnel.According to the police, stones were pelted and some vehicles torched in the violence that occurred at around 6 pm on Saturday.ALSO READ | BJP MLA finds Pak plot in Jahangirpuri violence, police stick to 'criminal conspiracy' | Latest","['Jahangirpuri violence', ' VHP', ' clashes in jahangirpuri', ' hanuman jayanti clashes in Delhi']",https://www.indiatoday.in/india/story/vhp-claims-no-one-from-party-carried-weapons-during-hanuman-jayanti-procession-in-jahangirpuri-1939320-2022-04-19
8,india,Amit Shah offers condolences over demise of BJP worker who alleged harassment by Telangana minister,"(19, 4, 2022)","Union Home Minister and senior BJP leader Amit Shah on Tuesday spoke to the family of a party worker who died by suicide due to alleged harassment by the Telangana Rashtra Samithi (TRS) minister.

Amit Shah expressed grief and consoled Savitri, the grandmother of BJP worker Sai Ganesh who died by suicide, after 16 cases were allegedly filed against him for ‘no fault of his’, claim the party and his family.It is alleged that false cases were filed against Ganesh at the behest of state transport minister Ajay Kumar and his associates.READ | TRS under fire as Telangana woman, son kill self; claim harassment by municipal chairman, policeBJP Tamil Nadu co-incharge Pongulati Sudhakar Reddy visited Ganesh's residence to offer condolences. BJP has demanded a CBI probe into the incident as there is an alleged involvement of TRS leaders and Telangana Police.A fact-finding committee of the party visited the family in Khammam district to conduct an inquiry.Ganesh, who was president of the BJP Kisan Mazdoor Union, consumed pesticide in front of three police stations in Telangana’s Khammam district, on Thursday, April 14. He died at a hospital in Hyderabad while undergoing treatment on Saturday, April 16.Fearing protests, Telangana IT minister and Telangana Rashtra Samithi (TRS) working president, KT Rama Rao, had to cancel his Khammam tour.Met family members of beloved Kayakarta, Sai Ganesh, at their residence Khammam, TS & assured his grandmother of all possible assistance besides getting justice for him.Did my part by providing financial help.Ganesh committed suicide due to the atrocities of @puvvada_ajay.1/2 pic.twitter.com/3sOBevB5cP— Ponguleti Sudhakar Reddy (@ReddySudhakar21) April 19, 2022
The ruling TRS government in Telangana has come under fire after three suicides were reported this weekend. Earlier, a mother and her son set themselves on fire in Medak district after alleging harassment by the Ramayampet municipal chairman, his associates and the police.In a video and a six-page suicide note, they have alleged that despite complaints, local police refused to take action against the harassers because they were supporters of the ruling TRS party.Live TV--- ENDS ---ALSO READ | Telangana BJP activist kills self; family claims TRS minister’s role in fake cases filed against him","['amit shah bjp worker', ' bjp worker death', ' telangana bjp worker death', ' trs minister harassment', ' bjp worker suicide']",https://www.indiatoday.in/india/story/bjp-worker-death-telangana-trs-minister-harassment-amit-shah-kcr-1939318-2022-04-19
9,india,CRPF jawan injured during encounter between CoBRA commandos and Maoists in Chhattisgarh,"(19, 4, 2022)","An encounter broke out between Maoists and Commando Battalion for Resolute Action (CoBRA) commandos of CRPF in Chhattisgarh's Bijapur near Sukma border and one CRPF jawan sustained injuries in the attack.

A joint team of CoBRA 210 battalion, Special Task Force (STF) and District Reserve Guard (DRG) personnel were out on a search operation when they were ambushed on Tuesday.The injured CRPF jawan was identified as Sanjeev Kumar. He sustained a bullet injury in his leg and is currently undergoing treatment at a field hospital in Basaguda.During the search operation, a grenade launcher was recovered from the encounter site. Several live Under Barrel Grenade Launcher (UNGL) cells, explosives, Maoist literature and other materials were also recovered from the spot. According to reports, the encounter is ongoing in the Mokur area of Sarkeguda Silger section. There has been no official confirmation of any kind of casualty or loss following the gunfight. However, there were reports of casualties among Maoists following the encounter.READ | CBI books 5 CRPF personnel for taking bribes to induct failed candidates into elite CoBRA unitSecurity forces in areas along the Bijapur-Sukma district border maintain maximum vigil as they anticipate attacks by rebel groups. Taking advantage of weather and terrain in these months, Maoists launch their annual Tactical Counter Offensive Campaign (TCOC) against forces.The outlawed Communist Party of India (Maoist) had made a key strategic change and advanced its annual TCOC campaign, where rebels carry out maximum attacks against security forces, to two phases every year January to March and April to June.Live TV--- ENDS ---ALSO READ | CoBRA commando killed, another injured in Naxal encounter in Chhattisgarh","['cobra commando attack', ' chattisgarh maoist attack', ' cobra commando maoist attack', ' head constable maoits attack', ' anti naxal operation']",https://www.indiatoday.in/india/story/constable-injured-cobra-cammando-maoist-attack-chhattisgarh-border-1939311-2022-04-19
10,india,"After Ilaiyaraaja controversy, Yuvan Shankar Raja’s picture, caption triggers Dravidian debate in Tamil Nadu","(19, 4, 2022)","After Ilaiyaraaja’s words comparing Ambedkar to PM Modi were met with hostile comments on social media, now, his son Yuvan Shankara Raja’s Instagram post with the caption ‘Dark Dravidian, proud Tamizhan’, has resulted in a debate about Dravidianim among politicians in Tamil Nadu.

Ilaiyaraaja, faced severe backlash over his comparison of Modi to Ambedkar, forcing several Bharatiya Janata Party (BJP) leaders to extend support for the musician, while they blamed the ruling Dravida Munnetra Kazhagam (DMK) in Tamil Nadu over the issue.Before this issue could die down, Ilaiyaraaja’s son, Yuvan Shankar Raja, shared a picture of him wearing a black T-shirt and lungi on his Instagram page with the caption ‘Dark Dravidian, Proud Tamizhan’.Reacting to this, TN BJP President K Annamalai said, “If Yuvan is dark, then he (Annamalai) is much darker like a jungle crow and that he too is a pure Dravidian.”Naam Thamizhar Katchi's leader, Seeman, reacted by stating that, “Just because someone is black, doesn’t mean they are Dravidian.”“He is saying that he’s black and hence Dravidian. Everyone in South Africa is black. Does that make them Dravidian? Even a buffalo is dark. Does that mean it is also a Dravidian?”, questioned Seeman about Yuvan Shankar Raja's post.WHAT IS THE ILAIYARAAJA CONTROVERSY?Popular music composer, Ilaiyaraaja, in the foreword to the book ""Ambedkar and Modi"" said, ""Ambedkar will certainly be proud of the Modi regime. Ambedkar and Modi have a lot in common. Both of them have experienced poverty and oppression. This book highlights one thing, and I recommend it to the younger generation"".Political leaders, including Thirumavalavan, strongly opposed Ilaiyaraaja's comments. There have also been various comments against him on social media.Union Minister L Murugan condemned the hate speech against Ilaiyaraaja and blamed the DMK. On Twitter, he wrote, “What is Ilaiyaraaja's crime? That he has a point of view which the DMK and their ego-system doesn’t like?. The Constitution of India allows freedom of expression and by denying the same to Ilaiyaraaja sir, DMK has shown its anti-Dalit and anti-Constitution nature.""The governor of Telangana and Pondicherry, Tamilisai Soundararajan, also issued a statement in support of music composer Ilaiyaraaja's remark praising Prime Minister Narendra Modi. Soundararajan condemned the harsh criticism directed at Ilaiyaraaja in the past few days.Taking to Twitter, she wrote: ""“Is it right for world renowned music maestro Ilaiyaraaja to face such harsh words for comparing PM Modi with Ambedkar by those who sow seeds of hate politics?” questioned Tamilisai Soundararajan on Twitter.Live TV--- ENDS ---Also Read | Tamil Nadu CM MK Stalin’s son, Udhayanidhi, reacts to Ilaiyaraaja’s comments comparing Ambedkar to PM Modi","['Tamil Nadu', ' Ilaiyaraaja', ' News', ' Yuvan Shankar Raja', ' debate', ' Dravidianism']",https://www.indiatoday.in/india/story/ilaiyaraaja-controversy-annamalai-bjp-yuvan-shankar-raja-picture-caption-dravidian-debate-tamil-nadu-1939301-2022-04-19
11,india,"After Jahangirpuri violence, no religious procession in UP without permission, orders CM Yogi Adityanath","(19, 4, 2022)","After the recent clashes in Delhi's Jahangirpuri area, Uttar Pradesh Chief Minister Yogi Adityanath chaired a law-and-order review meeting on Monday night and issued a set of directions.

Over the weekend, violence erupted in Jahangirpuri in Delhi during a Hanuman Jayanti procession. As a result, nine people were injured and admitted to the hospital for treatment.In a statement, the UP government said that directions were being issued as the festivals of Eid and Akshay Tritiya are likely to fall on the same date early next month.ALSO READ: The Jahangirpuri Files: How hugs, handshakes exploded into riots | Eyewitness accountsThe order said that no religious procession or marches will be allowed without proper permission. All organisers will be required to submit an affidavit promising to maintain peace and harmony before permission is given.Only those religious traditional festivities will be allowed and new events will not be given permission, a tweet from his official account said. / -  , , :#UPCM @myogiadityanath— CM Office, GoUP (@CMOfficeUP) April 18, 2022
No permission will be given for microphones at any new locations, and those already using loudspeakers can do it only after ensuring the volume does not disturb anyone.Religious programmes can happen only at designated spots and road routes and traffic will not be blocked.The state government had cancelled the leaves of all police and administrative officials in the state till May 4 and asked all those on leave to report within 24 hours.Yogi Adityanath directed the officials from the police station to the Additional Director General (ADG) level to hold dialogues with religious leaders and eminent personalities within the next 24 hours to ensure peace during the upcoming festivals and said mikes can be used at religious places but no new permission of their installation should be given.""The leave of all administrative/police officers, from SHO, CO and district police chiefs to the district magistrate, the divisional commissioner is cancelled till May 4 with immediate effect. Those who are currently on leave must return to the place of posting within the next 24 hours. This arrangement should be ensured by the Chief Minister's Office,"" Yogi Adityanath said.""Additional police forces should be deployed in sensitive areas and drones used for keeping an eye on the situation. Every evening, the police force must do foot patrolling and police response vehicles (PRVs) should remain active,"" he said while holding a law and order review meeting with senior officials.""There are many important religious festivals in the coming days. The month of Ramadan is going on. Eid festival and Akshaya Tritiya are likely to be on the same day. In such a situation, considering the current environment, the police will have to be extra sensitive,"" he said.Stating that everyone has the freedom to follow his method of worship according to his religious ideology, the Chief Minister noted, ""Although mikes can be used, make sure the sound does not come out of the premises. Other people should not have any problem.""Yogi Adityanath added that the safety of every single citizen in Uttar Pradesh is the primary responsibility of the government and the people.""All of us have to be alert and careful about this responsibility of ours,"" he added.All necessary efforts should be made keeping in view the local needs so that every festival is held in peace and harmony, he said and called for stern action against those issuing mischievous statements.""Those trying to vitiate the atmosphere should be dealt with strictly. There should be no place for such people in a civilised society,"" he said.Religious programmes and worship should be held at the designated place only and it should be ensured that no religious event takes place by disrupting traffic, he said. ""If they (officials) have government accommodation, they should stay there or take one on rent, but they have to stay in their posting place at night. It should be strictly followed,"" he said.","['After Jahangirpuri violence', ' no religious procession in UP without permission', ' orders CM Yogi Adityanath']",https://www.indiatoday.in/india/story/jahangirpuri-violence-religious-procession-uttar-pradesh-cm-yogi-adityanath-1939299-2022-04-19
12,india,ED to file charge sheet against Nawab Malik in money laundering case involving Dawood this week | Exclusive,"(19, 4, 2022)","The Enforcement Directorate (ED) will be filing the charge sheet this week against NCP leader and Maharashtra Minister Nawab Malik in the money laundering case registered against him by the agency. Malik was arrested on February 23 by the ED in connection with the case registered against fugitive gangster Dawood Ibrahim and his aides for running a terror network in the country.

ALSO READ | Nawab Malik's judicial custody extended till April 22 after he complains of medical issueDuring the probe the ED learnt about a 2.75-acre plot in Kurla, also known as Goawala compound, that was bought by Malik from Dawood Ibrahim's sister Haseena Parkar and 1993 serial blasts accused Sardar Shahwali Khan. The money paid by Malik was allegedly used for terror funding. The deal happened between 2003 and 2005 and many tenants were allegedly placed on the plot by Malik.Malik and firms controlled by him and his family members earned rent of Rs 11.7 crore from this property in two entities controlled by Nawab Malik — namely M/s Solidus Investments Pvt Ltd and M/s Malik Infrastructure.ALSO WATCH | ED attaches Maharashtra minister Nawab Malik's propertiesThe ED initiated a money laundering investigation against Dawood Ibrahim and others on the basis of an FIR registered by the NIA on February 3, 2022, under sections of the Unlawful Activities (Prevention) Act (UAPA). In the FIR, Dawood Ibrahim Kaskar alias Dawood Bhai, Haji Anees alias Anees Ibrahim Shaikh, Shakeel Shaikh alias Chhota Shakeel, Javed Patel alias Javed Chikna, and Ibrahim Mushtaq Abdul Razzaq Memon alias Tiger Memon were named as accused. The FIR also stated that after leaving India, Dawood Ibrahim started controlling his criminal activities through his close associates such as Haseena Parkar alias ‘Haseena aapa’ and others.An investigation conducted by the ED revealed that in one such case, a prime property of one Munira Plumber was usurped by Nawab Malik through M/s Solidus Investments Pvt Ltd, a company owned by his family members and controlled by him, with help from the members of the D-Gang. For usurping this property, Haseena Parkar and Nawab Malik executed several legal documents to put up a façade of authenticity for this criminal act.ALSO READ | ED questions Maharashtra minister Nawab Malik in case linked to Dawood Ibrahim, underworld elementsED earlier this month provisionally attached properties belonging to Malik, his family members, M/s Solidus Investments Pvt Ltd & M/s Malik Infrastructure under the Prevention of Money Laundering Act, 2002.Malik remains in judicial custody presently in the case and has been lodged at the Arthur road prison in Mumbai.",['Nawab Malik money laundering case Dawood'],https://www.indiatoday.in/india/story/ed-to-file-charge-sheet-against-nawab-malik-in-money-laundering-case-involving-dawood-1939291-2022-04-19
