SN,category,headline,date,content,keywords,link
1,india,Defence Secy inaugurates 8th National Level Pollution Response Exercise by Coast Guard,"(20, 4, 2022)","Union Defence Secretary Ajay Kumar on Tuesday inaugurated the eighth edition of National Level Pollution Response Exercise NATPOLREX being conducted by the Indian Coast Guard (ICG) off Mormugao harbour in Goa.

The two-day marine spill preparedness exercise was inaugurated by the defence secretary in the presence of Ministry of Earth Sciences Secretary, Dr M Ravichandran, ICG Director General VS Pathania, DG South Asia Cooperative Environment Programme (SACEP) Dr Md Masumur Rahman and various senior dignitaries from Ministry of Ports, Shipping and Waterways, National Disaster Response Force, India Meteorological Department, Indian Navy and the Goa Pollution Control Board.National Level Pollution Response Exercise #NATPOLREX -Vlll #Goa inaugurated by Dr Ajay Kumar, IAS, Defence Secretary, Govt of India in presence of Secretary, MoE&S and Director General @IndiaCoastGuard. @drajaykumar_ias#MarineProtection #Sea #Sagar #SACEP#ConnectedThroughSea pic.twitter.com/rHsy0xeTqe— Indian Coast Guard (@IndiaCoastGuard) April 19, 2022
The event is being attended by more than 85 participants from 50 agencies, including 29 observers from 22 friendly foreign countries and International Organisations, and two Coast Guard ships from Sri Lanka and Bangladesh.The objective of NATPOLREX-VIII is to enhance the preparedness and response capability of all the stakeholders in combating marine spills. It aims at validating the procedures and guidelines as contained in the National Oil Spill Disaster Contingency Plan (NOSDCP) at the national and regional levels under the aegis of SACEP MoU to which India is a member state.During the exercise, various components of NOSDCP were invoked to validate and improve the contingency plans and evaluate preparedness of the resource agencies as well as stakeholders to meet any marine spill disaster at sea.As many as 13 ships and 10 aircraft from ICG, one C-131 aircraft from the Indian Air Force, two ships from SACEP member states -- Sri Lanka and Bangladesh -- and one Offshore Supply vessel (OSV) from ONGC, assets from Shipping Corporation of India and tugs from Mormugao Port Trust demonstrated containment cum marine spill recovery by side sweeping arms, deployment of booms and skimmers, streaming of single ship operated containment cum recovery system, firefighting drill, rescue operation, and demonstration of surface and air oil spill dispersant systems.“Today, the Indian Coast Guard is capable of handling the highest level of oil spills in this region, which is 700 tonnes and above. Only a few countries in the world have this capability,” Defence Secretary Ajay Kumar said.Live TV--- ENDS ---READ | Boost to maritime security as Coast Guard gets Advanced Light Helicopter squadronALSO READ | Ministry of Defence signs Rs 473 crore deal for patrol vessels for Indian Coast Guard",['Defence Secy inaugurates 8th National Level Pollution Response Exercise by Coast Guard'],https://www.indiatoday.in/india/story/defence-secretary-inaugurates-8th-national-level-pollution-response-exercise-coast-guard-1939496-2022-04-20
2,india,Navy chief on three-day visit to Maldives to boost defence ties,"(20, 4, 2022)","Chief of Naval Staff Admiral R Hari Kumar is on a three-day visit to Maldives from April 18 to 20 to boosts India’s defence ties with the island nation.

During the visit, the Navy chief called on Maldives President Ibrahim Mohamad Solih, Foreign Minister Abdulla Shahid, Defence Minister Mariya Ahmed Didi, and Major General Abdulla Shamaal, the Chief of Defence Staff (CDF).After his meeting with President Solih, the Indian High Commission in Male tweeted that the Chief of the Naval Staff reiterated India's commitment to enhancing maritime cooperation with the Maldives for a safe and secure Indian Ocean region.Chief of Naval Staff Admiral R. Hari Kumar called on PresidentH.E. @ibusolihCNS reiterated India’s commitment to enhance maritime cooperation with Maldives for a safe & secure Indian Ocean Region. @indiannavy @IndianDiplomacy @MEAIndia pic.twitter.com/oHBMKwKOGJ— India in Maldives (@HCIMaldives) April 19, 2022
""This visit further consolidated the strong and long-standing bilateral relations between two close maritime neighbours and also identified new avenues of expanding the scope of bilateral cooperation in the defence and maritime domains,"" the Indian Navy said in a statementREAD | EAM Jaishankar formally hands over Coastal Radar System to MaldivesReaffirming India's commitment to the capacity-building efforts of the island nation, Admiral Kumar presented a consignment of engineering equipment for further sustenance of ships belonging to the Maldives National Defence Forces (MNDF.He also unveiled the first navigation chart jointly produced by India and the Maldives and handed over certain hydrography equipment to consolidate the organic capabilities of the MNDF. Maritime cooperation sails ahead!CNS Adm R Hari Kumar gifted equipment to enhance Maldives’ capacities for hydrographic surveys & presented the 1st jointly-surveyed chart.He also handed over spares for CGS #Huravee & CGS #Kaamiyaab to Commandant Coast Guard@indiannavy pic.twitter.com/HEE8yqdpK1— India in Maldives (@HCIMaldives) April 19, 2022
The Navy chief hosted a reception onboard Indian Naval Ship Sutlej on Monday in honour of the Maldivian defence minister and the leadership of the MNDF.This also marks Admiral R Hari Kumar’s first visit abroad since taking charge as chief of the Indian Navy in November 2021.Live TV--- ENDS ---READ | India, Maldives sign important agreement for cooperation in field of education.",['Navy chief on three-day visit to Maldives to boost defence ties'],https://www.indiatoday.in/india/story/navy-chief-r-hari-kumar-maldives-visit-boost-defence-ties-1939488-2022-04-20
3,india,Punjab Oppn parties question AAP’s ‘dubious intentions’ after MP’s remarks on SYL project,"(19, 4, 2022)","AAP MP Sushil Gupta’s promise to channel waters from SYL canal to Haryana’s fields has evoked sharp criticism from Opposition parties in Punjab, who are questioning the Arvind Kejriwal-led outfit’s “dubious intentions”.

In a statement, Punjab Congress Committee president Amarinder Singh Raja asked Chief Minister Bhagwant Mann to take all parties into confidence and prepare legal and administrative strategies in view of Haryana planning to file a contempt petition in the Supreme Court on the SYL issue.“The enemy is at the gates, what are your preparations? The time to act is now, lest we may be too late,” he warned Mann.The PCC president said two disturbing developments have taken shape during the last two days. On one hand, the BJP-led Haryana government is planning to approach the SC seeking implementation of its orders on construction of the SYL; on the other hand, AAP Haryana in-charge Sushil Gupta has announced that water from the SYL canal will reach every field in the state by 2025.READ | Sutlej Yamuna Link Canal row: Haryana hopes early solution, Oppn in Punjab fears Delhi will snatch its water“We have strong reasons to feel concerned that with Haryana moving the SC and AAP committing construction of the SYL by 2025, the Punjab government might compromise state’s position and may not defend the case in SC strongly,” Warring said.Terming Gupta’s remarks shocking, senior SAD leader Daljit Singh Cheema said, “The Delhi MP, who is from Haryana, could have only given such an iron clad guarantee if he had been authorised to do so by AAP Convener Arvind Kejriwal. The issue is whether the Punjab chief minister was taken in the loop or not. Bhagwant Mann should make his stand clear on this issue immediately as Punjabis will never allow AAP to barter away its core interests for electoral gains in Haryana.”Cheema asserted that SAD would not allow this “conspiracy” to succeed and would take every recourse possible to prevent the release of even one drop of water to Haryana.BJP Punjab General Secretary Subhash Sharma also criticised the statement given by Sushil Gupta, and said that CM Bhagwant Maan should make his stand clear as Punjab doesn’t have a single drop of water to spare to Haryana and Delhi.Live TV--- ENDS ---READ | Sutlej Yamuna Link Canal and the controversy around it: All you need to know",['Punjab Oppn parties question AAP’s ‘dubious intentions’ after MP’s remarks on SYL project'],https://www.indiatoday.in/india/story/punjab-congress-sad-bjp-question-aap-dubious-intentions-sushil-gupta-syl-canal-1939485-2022-04-19
4,india,"I don't take my faith to streets, says Congress's Pawan Khera. Netizens react","(19, 4, 2022)","Congress leader Pawan Khera made a social media post on Tuesday, saying that the place of faith is in mind and at home and not on the road. The comment comes in the aftermath of communal clashes in Delhi’s Jahangirpuri on Hanuman Jayanti on Saturday.

On Tuesday, National spokesperson of Congress Pawan Khera tweeted (in Hindi), “Faith is a personal matter. The place of my faith is in my home and in my mind, not on the road. I neither impose my faith on anyone, nor do I allow anyone else to impose it on me. This is what secularism means to me.”Reacting to the Twitter post, netizens questioned the Congress leader over posting a video on a social media site if faith is personal.If it's personal then why did you make a video and posted it publicly sir?Or you should have added that these are my personal views only.Sorry to say, but it's because of such silly messages that your party is where it is today and there is no hope in sight.— Gagandeep S Rishi (@GaganRishi1981) April 19, 2022
, twitter— Ajay Bhan Singh (@AjayBS67) April 19, 2022
Some netizens also accused Pawan Khera of using the idol of Hanuman as “show-Piece”.— Prateek (@prateek_jnp) April 19, 2022
,— (@VikrantShekharr) April 19, 2022
Another Twitter user commented over the Congress’s poor performance in recent polls, saying that the party should better its afterlife through bhajans at home.@INCIndia ,,,2023 ,#India— Shailesh (@Shailes02419001) April 19, 2022
ALSO READ: Objectionable remarks against Dalits: Deadline ends as Sunil Jakhar does not respond to Congress's show cause notice","['Congress', ' Pawan Khera', ' PAwan Khera Twitter post', ' Pawan Kher aon faith']",https://www.indiatoday.in/india/story/congress-pawan-khera-says-faith-at-home-not-on-road-netizens-react-1939479-2022-04-19
5,india,Indian Navy successfully test fires BrahMos missile from INS Delhi,"(19, 4, 2022)","India successfully test fired a BrahMos supersonic cruise missile from the guided missile destroyer INS Delhi. The test of the anti-ship variant of the missile was conducted using an upgraded modular launcher on board INS Delhi.

""Successful maiden BrahMos firing by INS Delhi from an upgraded modular launcher once again demonstrated long range strike capability of BrahMos along with validation of integrated Network Centric Operations from frontline platforms,"" the Navy said in a statement.Successful maiden #BrahMos firing by #INSDelhi from an upgraded modular launcher once again demonstrated long range strike capability of BrahMos alongwith validation of integrated Network Centric Operations from frontline platforms (1/2)#CombatReady #Credible #FutureProofForce pic.twitter.com/fY9BAsO8Li— SpokespersonNavy (@indiannavy) April 19, 2022
On the same day, the Indian Air Force (IAF) successfully test fired a BrahMos supersonic cruise missile from a Sukhoi fighter jet on the Eastern seaboard.The ""live firing"" of the missile was carried out in close coordination with the Indian Navy, the IAF said.On March 5, the Indian Navy successfully test-fired an advanced version of the Brahmos supersonic cruise missile from a stealth destroyer in the Indian Ocean.The missile was test-fired from the stealth destroyer INS Chennai.BrahMos Aerospace, an India-Russian joint venture, produces supersonic cruise missiles that can be launched from submarines, ships, aircraft, or land platforms.(With inputs from agencies)Live TV--- ENDS ---ALSO READ | BrahMos missile's air-launched version to hit targets 800 km away: SourcesALSO READ | India successfully test fires surface to surface BrahMos cruise missileALSO READ | Indian Navy successfully test fires advanced version of BrahMos missile","['brahmos ins delhi', ' brahmos missile', ' anti ship brahmos missile', ' indian navy brahmos test firing', ' ins delhi cruise missile launch', ' brahmos supersonic missile']",https://www.indiatoday.in/india/story/india-navy-test-fire-brahmos-missile-anti-ship-variant-ins-delhi-1939476-2022-04-19
6,india,4-member committee to probe Jharkhand ropeway incident,"(19, 4, 2022)","The Jharkhand government has constituted a four-member high-level committee to probe the ropeway mishap at Deoghar. The committee will be headed by the Principal Secretary (finance) Ajay Singh.

The committee will submit its report within two months and has been authorized to hire experts.Around 63 people were stuck midair in cable cars at Deoghar earlier this month when one of the cars collided with another. Three people were killed.Tourists who were rescued after a near 45 hour operation shared their terrifying experience with India Today TV, describing the moment when their cable car began shaking and came to a grinding halt.Also Read: | Jharkhand cable car collision: 14 still stranded in Deoghar, rescue operation underwayThe pulley of the ropeway was reportedly dislodged, leading to the accident.Locals evacuated around 16 tourists until the administration took over the rescue operation. The Army was pressed into action. However, the dense darkness at night forced officials to stop.At first light, the Air Force and the NDRF launched a massive rescue operation. The injured were rushed to the nearest hospital.India Today TV learnt that although it is a procedure to conduct mock drills of rescue operation every three months, it has not been conducted even once in the last 10 years, ever since Damodar Infra took over in 2009.Live TV--- ENDS ---Also Read: | Chilling video of midair ropeway collision at over 1500 ft in Jharkhand",['4-member committee to probe Jharkhand ropeway incident'],https://www.indiatoday.in/india/story/4-member-committee-to-probe-jharkhand-ropeway-incident-1939481-2022-04-19
7,india,PM Modi unlikely to attend Bengal Global Business Summit starting from April 20,"(19, 4, 2022)","Prime Minister Narendra Modi is unlikely to attend the sixth edition of the Bengal Global Business Summit to be held in Kolkata.

The two-day business event will be inaugurated on April 20. As per the formal invite of the summit, Governor Jagdeep Dhankhar will be in attendance alongside Chief Minister Mamata Banerjee. Other dignitaries will include state industry minister Dr Partha Chatterjee and CM's principal advisor Dr Amit Mitra. While the Bengal government was hoping that the PM would attend this year's event, no such indication was received from the PMO.CM Mamata Banerjee had personally invited the PM during her visit to Delhi last year after winning the Bhawanipur bypoll.Prime Minister Narendra Modi is currently in Gujarat. He, along with World Health Organization (WHO) Director-General Dr Tedros Adhanom Ghebreyesus and prime minister of Mauritius Pravind Jugnauth laid the foundation stone for the WHO Global Centre for Traditional Medicine in Jamnagar on Tuesday.Live TV--- ENDS ---Read more | PM Modi on 3-day Gujarat tour from today, WHO chief to join him | Details","['Modi', ' PM Modi', ' kolkata business summit', ' mamata banerjee', ' 2 day summit in kolkata']",https://www.indiatoday.in/india/story/pm-modi-unlikely-to-attend-2-day-bengal-global-business-summit-starting-from-april-20-1939475-2022-04-19
8,india,"Amrapali buyers happy with SC decision on subvention, but say more needs to be done","(19, 4, 2022)","Amrapali homebuyers heaved a sigh of relief after the Supreme Court scrapped all penalties on the interest levied on them under its subvention plan. However, the buyers have demanded relief on interest that was supposed to be paid by the builder.

""The subvention plan that was launched during 2015-16 had a bit higher per square feet rate as compared to the market. Under this scheme, there was no EMI to be paid by the buyer till the time of possession. However, the builder defaulted and the banks levied penalties on the homebuyers,"" said Dipankar Kumar, an Amrapali buyer who is fighting the case in court.""The apex court has finally asked the banks not to levy any penalties on the buyers and all the NPA and degraded CIBIL scores shall be reinstated. This is a welcome move by the court. However, we need more relaxation as the buyers are paying the interest that was supposed to be paid by the builder,"" he said.The homebuyers also said that the court must fix the accountability of the banks as they cannot charge the interest of builder to the buyer.""The penalties are gone but not the interest. We will fight for the rights of the homebuyers who have invested their lifesavings in Amrapali and are now paying the interest since last many years. Hope we will get some relief from the court,"" said Abhishek Kumar, president, Noida Extension Flat Owner's Welfare Association (Nefowa).Live TV--- ENDS ---READ | SC asks why Amrapali homebuyers not paying remaining money to get flatsALSO READ | Amrapali Group firms bought gold with homebuyers' money","['Amrapali buyers happy with SC decision on subvention', ' but say more needs to be done ']",https://www.indiatoday.in/india/story/amrapali-buyers-happy-sc-decision-subvention-more-needs-to-be-done-1939470-2022-04-19
9,india,"PM Modi likely to meet leaders of Germany, Denmark, France next month","(19, 4, 2022)","Prime Minister Narendra Modi is set to hold a series of dialogues with European leaders between April 21 and the first week of May. This comes amid mounting pressure on India to sever ties with Moscow in view of the ongoing Russia-Ukraine war.

As per the sources in the PMO, PM Modi is expected to undertake a tour of three European nations-- Germany, Denmark and France-- in the first week of May. An official announcement regarding the same is expected later.A senior official said that since the 2022 French presidential election is set for April 24, PM Modi’s visit to France could hinge on whether the key European nation will give Emmanuel Macron five more years, or elect a new president to the Élysée Palace.ALSO READ: Jaishankar is a real patriot, says Russian foreign minister on India standing its ground on foreign policyPrior to his tour of three nations, PM Modi is scheduled to meet British Prime Minister Boris Johnson and European Commission President Ursula von der Leyen, who are scheduled to visit India.As per officials, British Prime Minister Johnson's two day visit to India, which starts on April 21, marks a push to “restart with renewed energy “ talks on a proposed Indo-British trade pact as it had run into stalemate as the two sides couldn’t negotiate past contentious issues of market access and tariff reduction.Sources say that the latest from the back room discussions between officials is that parleys have concluded on only four of the 26 chapters of trade rules covering avenues such as intellectual property rights, customs, rules of origin, tariffs, investments and standards.Meanwhile, European Commission President Ursula Von Der Leyen will be visiting India on April 24 as the chief guest of 'Raisina Dialogue' which was Inducted in 2016 as India’s premier conference on geopolitics and geoeconomics committed to addressing challenges faced by the global community.PM MODI’S EUROPEAN VISITPM Modi’s visit to European nations come as a time when India has firmly state that it will decide its own foreign policy. Recently, the stand taken by India over the Russia-Ukraine conflict at various global forums, as well the country’s attempts to augment its energy needs through purchase of Russian oil has been criticised by the US.ALSO READ: India, too, has views on human rights situation in US, says JaishankarAs per a senior government source, the ties with Europe are critical for India at such a time and the PM’s focus will remain on promoting regional cooperation, trade, and economics.“European Union is India’s third largest trade partner and India would like to ensure that the ongoing cooperation programmes do not get impacted by the stress Russia-Ukraine conflict is creating,” the official said.Earlier this month, at the India-US 2+2 ministerial dialogue, US Secretary of State Antony Blinken urged India not to buy additional Russian oil. He said, ""When it comes to oil purchases, sanctions, et cetera, I just note that there are carve-outs for energy purchases. Of course, we're encouraging countries not to purchase additional energy supplies from Russia. Every country is differently situated, has different needs, requirements, but we're looking to allies and partners not to increase their purchases of Russian energy.""In response, EAM S Jaishankar said India's total purchase for the month would be less than what Europe buys in an afternoon.EAM Jaishankar said, ""If you are looking at energy purchases from Russia, I would suggest that your attention should be focused on Europe, which probably - we do buy some energy which is necessary for our energy security, but I suspect looking at the figures, probably our total purchases for the month would be less than what Europe does in an afternoon.""WHAT CAN BE EXPECTED FROM THESE MEETINGS? Sources said that the final touches to the tour of the three nations are being provided, adding that if there is no major change in France, PM Modi could travel to the three nations between May 1-5.ALSO READ: India’s position on Ukraine conflict steadfast, consistent: EAM JaishankarIn an attempt to push for greater trade, removing hurdles and firming up supply chain, PM Modi is expected to hold top level dialogues during his visit.In Germany, PM Modi is expected to hold his first ever one-on-one meet with German chancellor Olaf Schultz. In Denmark, PM Modi’s focus will be on improving India’s ties with Nordic nations like Denmark, Finland, Sweden, Norway, and IcelandPrime Minister of Denmark H E Mette Frederiksen visited India in October 2021. During the visit, the two countries decided to further expand collaboration in the areas of agriculture technology, including in the sectors of food safety, cold chain, food processing, fertilizers, fisheries, aquaculture, etc.PM Frederiksen had extended an invitation to PM Modi to visit Copenhagen for the second India-Nordic summit in 2022.Sources say that PM Modi could hold a dialogue with Indians in Denmark and the event could take place in Copenhagen.","['PM Modi likely to meet leaders of Germany', ' Denmark', ' France next month']",https://www.indiatoday.in/india/story/pm-modi-likely-to-visit-germany-denmark-france-in-may-1939468-2022-04-19
10,india,"Age of traditional medicine will start with establishment of WHO centre in Jamnagar, says PM Modi","(19, 4, 2022)","Prime Minister Narendra Modi on Tuesday said the establishment of the WHO Global Centre for Traditional Medicine (WHO GCTM) here will usher in a new era of traditional medicine globally.

PM Modi, along with World Health Organization (WHO) Director-General Dr Tedros Adhanom Ghebreyesus and prime minister of Mauritius Pravind Jugnauth laid the foundation stone for the WHO GCTM.Notably, the meeting between Dr Ghebreyesus and PM Modi came days after India objected to the WHO's methodology for estimating the number of Covid-19 deaths in the country.""When India is celebrating 75 years of its Independence right now, this ground-breaking ceremony for this centre marks the beginning of a new era of traditional medicine in the world during the next 25 years,"" PM Modi said on this occasion.""Looking at the increasing popularity of holistic healthcare, I am confident that traditional medicine and this centre will become very important for each and every family of the world after 25 years, when India will be celebrating 100 years of independence,"" he added.He emphasized that though it is important to be ""disease-free"", the ultimate goal should be ""wellness"".""During the Covid-19 pandemic, we realised the importance of wellness. That is the reason why the world is searching for new avenues of healthcare delivery,"" said PM Modi.Referring to ancient scriptures, he said Ayurveda and other Indian traditional medicine systems were not limited to only treatment, as they are considered as holistic sciences.Indian traditional knowledge can play a crucial role in dealing with new diseases and ailments related to the modern lifestyle, the prime minister said.""In India, there was a time when our elders used to stress the consumption of millet. But we saw a decline in its consumption over the years. But people are once again talking about it. I am happy that the UN has also accepted India's proposal to popularise the use of millet in our diet,"" PM Modi said.In India, there was a time when our elders used to stress the consumption of millet. But we saw a decline in its consumption over the years. But people are once again talking about it. I am happy that the UN has also accepted India's proposal to popularise the use of millet in our diet- PM Narendra ModiYear 2023 has been declared as the International Millet Year by the United Nations, he informed the audience.Formulations based on traditional medical systems like Ayurveda, Unani and Siddha are in huge demand worldwide today, PM Modi noted.Yoga is helping people across the globe in fighting diabetes, obesity, depression and several such ailments, he said, expressing hope that the centre will play an important role in popularising Yoga globally.The prime minister also set five goals for the WHO- GCTM.""Your first goal should be to make use of technology to prepare a comprehensive database of all the traditional medicines available in the world. This centre should have a global repository of all such traditional knowledge. This will help us in passing on this knowledge about traditional medicine of different countries to the next generations,"" said the PM.The GCTM should also work towards setting international standards for testing and certification of traditional medicine, he said.Also read | PM Modi asks students to use technology without forgetting importance of offline world""This will help in creating trust about traditional medicines. Though many of India's traditional medicines are popular abroad, the supply remains limited because of the lack of any international standards,"" he said.As a third goal, the PM suggested the centre organise annual events such as Traditional Medicine Festival so that experts from across the globe come together.""Your fourth aim should be to mobilise funds for research in traditional medicine. Just like the pharma sector gets funds worth billions for research, we need to develop similar resources for this sector,"" he said.In the end, PM Modi also urged the centre to develop ""holistic treatment protocols"" for some specific diseases.PM Modi and Dr Ghebreyesus came together in Jamnagar after India had on Saturday questioned the WHO's methodology to estimate Covid-19 mortalities in the country, saying that such a mathematical modelling cannot be applied to estimate the death figures in a country of vast geographical size and population.Live TV--- ENDS ---Read more | PM Modi on 3-day Gujarat tour from today, WHO chief to join him | Details","['Modi', ' PM Modi', ' PM inaugurates WHO traditional medicine centre in Jamnagar']",https://www.indiatoday.in/india/story/traditional-medicine-who-centre-in-jamnagar-pm-modi-who-global-centre-for-traditional-medicine-1939467-2022-04-19
11,india,NA,NA,NA,NA,https://www.indiatoday.in/india/video/jahangirpuri-violence-do-netas-ever-put-harmony-above-hate-1939464-2022-04-19
12,india,Punjab minister Harbhajan Singh denies caste discrimination in free power scheme,"(19, 4, 2022)","Punjab government on Tuesday issued a clarification after facing criticism for its free power scheme and denied any discrimination based on category or caste.

Under the free power scheme, a household that consumes more than 600 units in two months will be out of the ambit of the scheme and have to pay the full bill. This invited criticism from Opposition parties in Punjab.Reacting to allegations of discrimination, Power Minister Harbhajan Singh said the benefits of free power scheme will be available to all categories of consumers irrespective of their caste.Singh said, ""We have not discriminated against any caste or category. The benefits of this scheme will be available to all consumers till they use 600 units.""READ | A month in power, AAP govt announces 300 units of free electricity in Punjab from July 1The minister further clarified that even the consumers belonging to the special categories will have to pay the entire bill amount if they consume more than 600 units.He also stated that consumers who have installed a power connection up to the capacity of one kilowatt can neither install a water pump nor can run an air conditioner. Their power consumption is limited.The power minister had earlier said that if someone was using more than 600 units they should not hesitate to pay the entire amount as residents consuming more power are usually rich. Punjab government has announced that the free power scheme will be launched from July 1.A majority of the power consumers are of the opinion that the government instead of providing free power should focus on regular power supply as it is erratic during the summers.The PSPCL department, according to residents, is resorting to power cuts in many rural areas. The power minister has denied that PSPCL was resorting to cuts.Live TV--- ENDS ---ALSO READ | Here's why Punjab govt's free power scheme will only benefit a section of consumers","['punjab free power scheme', ' punjab power scheme discrimination', ' punjab power scheme caste', ' punjab free power scheme', ' harbhajan singh free power scheme']",https://www.indiatoday.in/india/story/punjab-minister-harbhajan-singh-free-power-scheme-discrimination-1939453-2022-04-19
