SN,category,headline,date,content,keywords,link
1,india,"We are against loudspeakers, not any religion, says MNS a day after Nashik cops' directive","(19, 4, 2022)","Maharashtra Navnirman Sena spokesperson Wagis Saraswat on Tuesday, April 19, said that his organization was not against any religion but only against the use of loudspeakers.

“We are not against any religion. We are against loudspeakers. The Maharashtra government is taking a few decisions and we will decide our strategy after the state issues guidelines,” Saraswat said.ALSO READ | Azaan vs Hanuman Chalisa: Nashik police ban use of loudspeakers at religious places without permit“Raj Thackeray is against noise pollution. A few days ago, he asked loudspeakers to be removed from Shivaji Park where bhajans were being played. Raj Thackeray only wants the Supreme Court Guidelines to be followed,” he said.The MNS’s comments came a day after the Nashik Police issued directives prohibiting the use of loudspeakers without permission at religious places. The cops said that Hanuman Chalisa wouldn't be allowed to be played on loudspeakers 15 minutes before and after Azaan is offered.ALSO READ | What courts have said on using loudspeakers at religious events and public placesThe police also prohibited the recitation of Hanuman Chalisa within a 150-metre radius of a mosque. A detailed order bringing the entire state under similar restrictions is likely to be issued within two days, the Maharashtra Home Department said.Commenting on the Nashik Police’s directive, Saraswat said: “Nashik police has issued certain guidelines against playing Hanuman Chalisa after and before Azaan. It's a state issue. Let the state guidelines come in.”Live TV--- ENDS ---ALSO READ | Loudspeaker row: Maharashtra PFI leader booked for inciting speech",['azaan hanuman chalisa loudspeaker mosque MNS raj thackeray'],https://www.indiatoday.in/india/story/azaan-hanuman-chalisa-loudspeaker-mosque-mns-raj-thackeray-1939222-2022-04-19
2,india,Black flags greet Tamil Nadu Governor Ravi during Mayiladuthurai visit | Video,"(19, 4, 2022)","Black flag protests were taken out against Tamil Nadu Governor RN Ravi during his visit to Mayiladuthurai on Tuesday, April 19.

Protesters from the Viduthalai Chiruthaigal Katchi (VCK), left wing parties and Dravida Kazhagam (DK), staged a protest against the governor near Mannampandal area near Mayiladuthurai.The protesters were seen waving black flags and raising slogans against the Governor.Governor RN Ravi visited the Dharmapuram Adhinam Madam, a savaite monastic institution in Mayiladuthurai on Tuesday. He also participated in the various events organised in the Dharmapuram Adhinam today.The protest was mainly focused on the recent issues raised against the Governor, including the anti-NEET bill which has still not seen any progress. The protesters were later detained by police officials.Live TV--- ENDS ---Also Read | Ready to bear more insults, pain for good of Tamil Nadu people, says CM MK Stalin over anti-NEET bill","['TN Governor', ' RN Ravi', ' black flags', ' mayiladuthurai', ' Anti-NEE bill']",https://www.indiatoday.in/india/story/black-flags-tamil-nadu-governor-ravi-mayiladuthurai-video-1939213-2022-04-19
3,india,"Intelligence agencies flag cyber-security breach in military, probe ordered","(19, 4, 2022)","Intelligence agencies on Tuesday, April 19, said they had unearthed a big cyber-security breach allegedly involving military officials with suspected links to enemy countries. Top sources said: “Military and intelligence agencies have unearthed a cyber-security breach involving some military officials. This is likely linked to espionage-related activities by a neighbouring country. The breach happened through WhatsApp groups.”

ALSO READ | A cybersecurity expert has found security risks with Wi-Fi present since the beginningSources said that an inquiry has been ordered into the issue. “Acts of infringement of existing orders especially involving counter-intelligence matters by military officials are dealt with strictest possible manner as they are subject to the Official Secrets Act,” an official said. “Strictest possible action would be taken against all the officials found guilty in the ongoing investigations,” the officials assured.Asked to provide further details on the matter, the defence official said, “Due to the sensitive nature of the investigation, we would request to avoid speculations on the breach or seeking out personnel involved as it would compromise the probe.”ALSO READ | UGC's new 'digital hygiene' handbook lists cyber safety protocols for online classesIn recent times, suspected Pakistani and Chinese intelligence operatives have been attempting to engage with military personnel on social media platforms to gain sensitive information from them on the military and its activities. Even though the majority of their attempts fail, they have allegedly been able to extract some information from a few military personnel who fell into their trap.Live TV--- ENDS ---ALSO READ | China used compromised cameras to snoop into India's power grids, says US-based group",['Intelligence agencies cyber-security breach military officials'],https://www.indiatoday.in/india/story/intelligence-agencies-cyber-security-breach-military-officials-1939207-2022-04-19
4,india,NA,NA,NA,NA,https://www.indiatoday.in/india/video/dmk-on-ilaiyaraaja-pm-modi-br-ambedkar-1939198-2022-04-19
5,india,"Union Minister embarrasses CM Nitish Kumar, claims liquor easily available in Bihar","(19, 4, 2022)","Union Minister and National President of Rashtriya Lok Janshakti party Pashupati Paras on Monday claimed that liquor was easily available in the state, highlighting the ground reality of the prohibition law.

While speaking with mediapersons in Patna, the Union Minister, in response to a question on the prohibition law, said the sale of liquor was rampant in the state and nobody could deny this fact.""Who said that liquor is not available in Bihar? It is easily available in the state,"" he said.Paras said liquor was being smuggled into the state and that is why huge consignments of liquor is seized on a routine basis. Further, he said the availability of liquor illegally in the state was the reason why people who consumed liquor were being arrested.However, he added that the police were cracking down on the liquor mafia which is manufacturing and selling adulterated liquor.""Nobody can say that liquor is not available in the state. Illegally liquor was available in the state and that is the reason why so many people were being arrested on a routine basis. The police were also seizing liquor consignments which is smuggled into the state,"" he said.Paras added that he was aware that the prohibition law was in the interest of the state, but despite that liquor was being sold in the state illegally.READ | Bihar: 1 dead, 2 injured in gunfight between two groups over liquor sale",['Union Minister Pashupati paras liquor easily available in Bihar'],https://www.indiatoday.in/india/story/union-minister-pashupati-paras-cm-nitish-kumar-liquor-easily-available-in-bihar-1939186-2022-04-19
6,india,NA,NA,NA,NA,https://www.indiatoday.in/india/story/pm-modi-gujarat-visit-who-centre-traditional-medicine-dairy-banaskantha-1939184-2022-04-19
7,india,"Over 1,169 kg ganja worth Rs 2.33 crore seized in Andhra’s Anakapalle district","(19, 4, 2022)","A team of the Directorate of Revenue Intelligence (DRI), seized 1,169.3 kg of cannabis also known as ganja, worth Rs 2.33 crore in Anakapalle district, Andhra Pradesh.

 (Picture credits: India Today)Based on specific intelligence that a substantial quantity of ganja was being transported by one person on a TATA truck bearing UP registration en-route on NH-16 from Anakapalle towards Hyderabad via Vijayawada, DRI sleuths from Visakhapatnam Regional Unit proceeded in the early hours of April 17 and found the said truck in accident-met and abandoned condition in a trench abutting NH-16 near Gobburu in Anakapalle district.GANJA SEIZEDOn preliminary examination, the truck was found laden with the contraband concealed under the bales of old empty gunny bags. (Picture credits: India Today)The officers crane-lifted and then shifted the truck along with its contents. After due procedures, 1169.30 kg of ganja was recovered and seized along with the truck and cover goods.Further investigation is under progress.READ MORE| Two Tamil Nadu constables, dealer arrested in Chennai for selling seized ganja","['drug seized', ' drug seized', ' dri drug seizure', ' drug peddling', ' andhra anakapalle district drug seizure', ' ganja seized from truck', ' ']",https://www.indiatoday.in/india/story/drug-seized-dri-drug-peddling-andhra-anakapalle-district-drug-seizure-1939166-2022-04-19
8,india,Uplink-downlink guidelines for private tv channels delayed,"(19, 4, 2022)","The new uplinking and downlinking guidelines for private TV channels, which would have curbed losses to the exchequer, have been delayed. This has been a long-standing demand by television channels.

According to sources in the Ministry of Information and Broadcasting, while the work of the guidelines has been delayed, it hasn’t been cancelled. While some officials cited Covid-related difficulties as the reason for the delay, others said it was because the guidelines would change the encryption module. Hence, it is a cumbersome process and is bound to take time.LACK OF ENCRYPTION FOR DTH SERVICES CAUSES LOSS TO GOVTThe Ministry of I&B has on several occasions received complaints on how unencrypted signals were being used to uplink and delink signals over free DTH platforms, resulting in exchequer losses.In 2021, the issue was raised in Parliament, after which the erstwhile Minister of Information and Broadcasting Prakash Javadekar had said, ""Doordarshan (DD) Free Dish is a Free to Air Direct-to-Home (DTH) platform. Reference was received from Prasar Bharati regarding the reception of some channels of the private broadcasters on the set-top Boxes of DD Free Dish subscribers who were not part of channels downlinkable from that platform. This situation has arisen due to co-location of signals and non-mandatory requirement for encryption of signals of a Free-to-Air TV Channel.""A YEAR ON, GUIDELINES YET TO COMEHowever, even after a year while the work on the guidelines is yet to be completed, sources say that meetings with stakeholders in this regard have also not been concluded.Interestingly, while a similar question was raised in Parliament once again in the recently concluded Budget session, there was no mention of any guidelines being formulated by the ministry or how it plans to address the issue.""Free-to-Air channels are not mandatorily required to be encrypted. It has been reported that signals of certain free-to-air channels, though not on DD Free Dish platform, are also being received due to co-location of signals of these channels and DD Free Dish and non-mandatory requirement for encryption of signals of free-to-air channels,"" the ministry responded to a question on encryption of channels and whether it was causing losses to the exchequer, in the budget session 2022.",['Uplink-downlink guidelines delayed'],https://www.indiatoday.in/india/story/uplink-downlink-guidelines-for-private-tv-channels-delayed-1939169-2022-04-19
9,india,NA,NA,NA,NA,https://www.indiatoday.in/india/video/jahangirpuri-violence-delhi-police-area-divided-into-sectors-watch-1939164-2022-04-19
10,india,"Tamil Nadu CM MK Stalin’s son, Udhayanidhi, reacts to Ilaiyaraaja’s comments comparing Ambedkar to PM Modi","(19, 4, 2022)","Tamil Nadu Chief Minister MK Stalin's son, Udayanidhi Stalin, reacted to Ilaiyaraaja comparing Ambedkar with PM Modi and said, “That is his own opinion. My leader (MK Stalin) has asked us not to react to it. It’s someone’s personal opinion.”

Ilaiyaraaja had drawn parallels between Prime Minister Narendra Modi and BR Ambedkar in a foreword for a book.ILAIYARAAJA’S WORDSPopular music composer, Ilaiyaraaja, in the foreword to the book ""Ambedkar and Modi"" said, ""Ambedkar will certainly be proud of the Modi regime. Ambedkar and Modi have a lot in common. Both of them have experienced poverty and oppression. This book highlights one thing, and I recommend it to the younger generation"".Political leaders, including Thirumavalavan, strongly opposed Ilaiyaraaja's comments. There have also been various comments against him on social media.Union Minister L Murugan condemned the hate speech against Ilaiyaraaja and blamed DMK.On Twitter, he wrote, “What is Ilaiyaraaja sir crime? That he has a point of view which the DMK and their ego-system doesn’t like?. The Constitution of India allows freedom of expression and by denying the same to Ilaiyaraaja sir, DMK has shown its anti-Dalit and anti-Constition nature.""BJP CONDEMNS VERBAL ATTACKSenior Bharatiya Janata Party (BJP) leader, JP Nadda, on Monday, condemned the verbal attack on Ilaiyaraaja for praising Prime Minister Narendra Modi and blamed Dravida Munnetra Kazhagam (DMK) for the verbal assault.In a statement, JP Nadda said, “In Tamil Nadu, elements aligned to the ruling party have left no stones unturned in verbally lynching, shearing and humiliating one of India’s tallest musical maestros just because he has views not palatable to one political party and their allies. Is this democratic? One can have different views and yet coexist happily, but why take insults?”Live TV--- ENDS ---Also Read | Freedom of expression limited? Telangana guv on criticism of Ilaiyaraaja for praising PM ModiAlso Read | BJP condemns verbal attack on Ilaiyaraaja for praising PM Modi, blames DMK","['Tamil Nadu', ' MK Stalin', ' Udhayanidhi', ' Ilaiyaraja', ' News', ' reaction', ' BJP', ' Modi', ' Ambedkar', ' JP Nadda']",https://www.indiatoday.in/india/story/tamil-nadu-cm-stalin-udhayanidhi-reacts-ilaiyaraaja-comparing-ambedkar-pm-modi-1939158-2022-04-19
11,india,"Andhra police book Chandrababu Naidu, his son, for creating disturbance, instigating people","(19, 4, 2022)","The Kalyandurg Police in Andhra Pradesh have booked opposition leader Chandrababu Naidu and his son Lokesh under Section 153 (read with 34) of the Indian Penal Code.

Naidu and Lokesh had tweeted and condemned a reported incident where a dalit family claimed their child had died due to the vehicular restrictions enforced by the police during the welcome rally procession for newly appointed Women and Child Welfare Minister KV Usha Sricharan.However, the district Superintendent of Police, Fakkeerappa, released the CCTV footage of the timeline, denying the allegations and saying, “They reached the hospital unhindered.” Fakkeerappa also issued a tweet with a video showing that the couple, who were on a bike, were allowed to pass the police barricade.#FactCheck regarding incident reported in kalyadurgam Town.Death of 7 month old baby due to ill health is alleged as baby died due to police barricading where in which it is alleged that police stopped at checkpost.Here is the CCTV footage.They reached hospital unhindered. pic.twitter.com/uswlXgvyiS— Dr.Fakkeerappa Kaginelli IPS (@Fakkeerappa_IPS) April 16, 2022
Reacting to the FIR, Lokesh slammed the government and alleged that 12 such false cases were filed earlier for ‘questioning on behalf of people.’The Telugu Desam Party (TDP) general secretary said, “Yet another case was filed against him now for questioning the ‘over action’ that led to the tragic death of a Dalit infant girl at Kalyanadurgam in Anantapur district,” and termed it as “a return gift” from the Yuvajana Sramika Rythu Congress Party (YSRCP) government.The TDP claimed that 11 fabricated cases were filed against Lokesh in the past three years, including an attempt to murder case.Nara Lokesh said that his party would not be afraid of the baseless cases being filed by the regime and announced that they would continue the fight.Live TV--- ENDS ---Also Read | Andhra Pradesh: Man slits girlfriend’s throat over suspicion in GunturAlso Read | Clashes break out on Hanuman Jayanti in Andhra's Kurnool, 20 held; section 144 imposed","['Andhra Pradesh', ' Amaravati', ' Chandrababu Naidum Nara lokesh', ' dalit family ']",https://www.indiatoday.in/india/story/andhra-police-book-chandrababu-naidu-nara-lokesh-disturbance-instigating-people-1939153-2022-04-19
12,india,"Heatwave declared in Patna, other parts of Bihar as temperature crosses 40°C","(19, 4, 2022)","The India Meteorological Department (IMD) has declared a heatwave in Bihar as the maximum temperature crossed 40-degrees Celsius on Monday as well.

According to the report by Patna's Meteorological Department, Rohtas's Dehri, Sheikhpura, West Champaran's Madhavpur, Aurangabad, Nawada and Harnaut areas of Nalanda, including Patna, are currently suffering from the scorching heat.The mercury has been constantly rising in these areas for the past few days, compelling the government to issue an alert.On Monday, Patna recorded a maximum temperature of 42.2 degrees Celsius, which is 5 degrees above the normal temperature.ALERT ISSUEDKeeping the rising heat in mind, Chief Minister Nitish Kumar has issued an alert in Bihar and said that the state government is also working to control the cases of Chamki fever, which usually happens during this season.He asked the health department to be on alert mode regarding diseases that occur in summer. Till now, 19 cases of Chamki fever have been reported in the state.CM Nitish Kumar said that the maximum temperature has also crossed the 44-degrees mark in some parts of Bihar.Right now, the entire area of South Bihar is currently in the grip of a tremendous heatwave and the situation is likely to sustain for the next four days.Meanwhile, the weather department has also predicted thunderstorms and light rainfall for several areas in North Bihar in the next three days.Areas such as Supaul, Katihar, Araria, Kishanganj, Purnia, West Champaran, East Champaran, Sitamarhi and Madhubani, are expected to experience rainfall soon, bringing some respite from the heat.READ | Covid-19: Amid rise in coronavirus cases, Chandigarh mandates use of face masks",['weather today weather forecast today weather tomorrow rain forecast today snowfall forecast today delhi weather punjab weather weather forecast jammu weather weather delhi weather in jammu ludhiana weather weather news weather report today shimla weather srinagar weather jalandhar weather'],https://www.indiatoday.in/india/story/heatwave-in-bihar-alert-issued-in-patna-dehri-other-parts-1939154-2022-04-19
