SN,category,headline,date,content,keywords,link
1,india,"NSG snipers, canine units: Multi-layered security cover for PM Modi's Red Fort event","(20, 4, 2022)","A multi-layered security ring, comprising over 1,000 Delhi Police personnel and forces from various agencies, will be put in place at the Red Fort from where Prime Minister Narendra Modi will address the nation on the 400th Parkash Purab of Sikh guru Tegh Bahadur on April 21, officials said on Tuesday.

More than 100 CCTV cameras have already been installed inside the Red Fort premises, including the spot from where the PM Modi will address the nation.Modi will also release a commemorative coin and postage stamp on the occasion.According to officials, the security ring, including NSG snipers, SWAT commandos, kite catchers, canine units and sharpshooters on high-rise buildings, would be deployed at the Mughal-era fort, and adherence to social distancing norms will be mandatory amid the rising Covid cases in the capital.""We have made adequate security arrangements. We are working in-coordination with multiple security agencies to ensure all arrangements are in place even from the anti-sabotage view.READ | PM Modi breaks from tradition, to address nation from Red Fort after sunset""The historic monument has been completely secured with multi-layered security arrangements that we usually have during Independence Day. We also need to be extra vigilant because of the tense situation in violence-hit Jahangirpuri,"" said a senior police officer.The footage from the CCTV cameras will be monitored round-the-clock in police control rooms situated in and around the Red Fort area, he said.Officials said agencies have been extra vigilant and have stepped up the security near the historic monument in the wake of clash during a Hanuman Jayanti procession in the city's Jahangirpuri area on Saturday in which nine policemen and a civilian were injured.Since then, intensive patrolling is being carried out, Central Armed Police Forces have been already deployed in the sensitive areas of north Delhi -- Chandni Mahal, Hauz Qazi and the market areas -- as a preventive measure to ensure no untoward incident takes places, officials added.""Our teams and the special branch unit of the Delhi Police will also have their own teams keeping a strict vigil. The all women SWAT team of the force, like always, will be part of the security arrangements along with deployment of PCR. ""'PRAKHAR' vans will also be deployed for intensive patrolling in and around the area according to the programme schedule,"" the officer said.According to the Union Culture and Tourism Ministry, four hundred 'ragis' (Sikh musicians) will perform in a 'Shabad Kirtan' to mark the auspicious occasion, the ministry said.The programme will be organised by the ministry in collaboration with the Delhi Sikh Gurdwara Management Committee.Chief ministers of many states and several prominent personalities from across the country and abroad will be part of the celebrationsThis programme on the 400th Parkash Purab (birth anniversary) of Sikh Guru Tegh Bahadur is being organised as part of the Azadi ka Amrit Mahotsav.Live TV--- ENDS ---READ | SPG is tasked with protecting the Prime Minister. Here's how they do it","['NSG snipers', "" canine units: Multi-layered security cover for PM Modi's Red Fort event""]",https://www.indiatoday.in/india/story/nsg-snipers-canine-units-multi-layered-security-cover-pm-modi-red-fort-event-1939511-2022-04-20
2,india,"Sajjad Gul, who conspired to kill journalist Shujaat Bukhari, designated as terrorist","(20, 4, 2022)","Terror group Lashkar-e-Taiba's (LeT) member Sheikh Sajad alias Sajjad Gul, who took part in the conspiracy to kill journalist Shujaat Bukhari in Srinagar in 2018, was designated as a terrorist by the Centre on Tuesday.

Gul is the sixth individual to have been designated as a terrorist by the Centre in the last fortnight.The Union home ministry said Gul is absconding in a case pertaining to recovery of arms and ammunition in Jammu and Kashmir and has been actively radicalising, motivating and recruiting youngsters in the Union Territory to support the LeT. He has also been involved in terror funding, the ministry said.Gul was found involved in hatching a criminal conspiracy, in connivance with other members of the LeT, to eliminate Bukhari, a prominent journalist, along with two of his personal security officers, at the busy Press Enclave area of Srinagar on June 14, 2018, the ministry said in a notification.READ | Shujaat Bukhari murder accused once planned to carry out serial blasts in DelhiConsidering his terror activities, the home ministry designated Gul as a terrorist under the Unlawful Activities (Prevention) Act, 1967 (37 of 1967).Born on October 10, 1974, Gul hails from the Rose Avenue Colony HMT Shalteng in Srinagar, and is one of the commanders of the LeT.He is the 37th individual to have been declared as a designated terrorist by the Centre.""Now, therefore, in exercise of the powers conferred by clause (a) of sub-section (1) of section 35 of the Unlawful Activities (Prevention) Act, 1967, the central government hereby makes the following amendment in the Fourth Schedule to the said Act, namely:- In the Fourth Schedule to the said Act, after serial number 36 and entries relating thereto, the following serial number and entries shall be inserted, namely:— '37. Sheikh Sajad @Sheikh Sajjad Gul @Sajjad Gul @Sajjad Ah Sheikh',"" the notification read.With the declaration of Gul as a terrorist, the law-enforcement agencies can now attach his properties, besides booking any person associated with him.On April 8, the government had designated Hafiz Talha Saeed, a key leader of the LeT and the son of 26/11 Mumbai terror attacks mastermind Hafiz Saeed, as a terrorist.Three days later, on April 11, Pakistani national Mohiuddin Aurangzeb Alamgir, who was involved in a terror attack on a Central Reserve Police Force (CRPF) bus in Jammu and Kashmir's Pulwama in 2019, was designated as a terrorist.READ | Conspiracy to kill Shujaat Bukhari hatched in Pakistan, says J&K PoliceOn April 12, Ali Kashif Jan, the Pakistani handler of the terrorists involved in the 2016 attack on the Pathankot airbase, was designated as a terrorist by the Centre.On April 13, Mushtaq Ahmed Zargar, who was involved in a series of terror attacks in Jammu and Kashmir and was one of the terrorists released by India in exchange for hostages in the hijacking of Indian Airlines flight IC-814 in 1999, was declared as a designated terrorist.On April 18, Ashiq Ahmed Nengroo, a commander of banned outfit Jaish-e-Mohammad (JeM), was designated as a terrorist.The LeT has been responsible for a series of deadly attacks in India, mostly in Jammu and Kashmir, in which scores of civilians and security personnel have been killed over the years.LeT founder Hafiz Saeed and the group's ""operational commander"", Zakiur Rehman Lakhvi, besides JeM founder Maulana Masood Azhar, who was also released by the government in exchange for the passengers of Indian Airlines flight IC-814 from Afghanistan's Kandahar, are some of the most wanted terrorists in India.India has been consistently seeking the custody of all three, but Pakistan has refused to comply.The LeT and the JeM are listed as terrorist organisations under the First Schedule of the UAPA.The UAPA has been enacted to provide for more effective prevention of certain unlawful activities of associations and individuals, dealing with terrorist activities and matters connected therewith.The Act empowers the Centre to notify the name of an individual in its Fourth Schedule if it believes that he is involved in terrorism.Live TV--- ENDS ---READ | Thousands bid tearful adieu as Kashmir mourns Shujaat Bukhari's death","['Sajjad Gul', ' who conspired to kill journalist Shujaat Bukhari', ' designated as terrorist']",https://www.indiatoday.in/india/story/sajjad-gul-designated-as-terrorist-lashkar-shujaat-bukhari-murder-1939510-2022-04-20
3,india,Coal shortage causing power crisis in 12 states: Maharashtra energy minister,"(20, 4, 2022)","Maharashtra Energy Minister Nitin Raut on Tuesday said 12 states are facing electricity issues due to shortage of coal and that his department was working to mitigate the shortfall here with micro-level planning.

Talking to reporters here, Raut said there was no load-shedding in Maharashtra for the past five to six days due to this micro-level planning and the power deficit stood at 15 per cent.He said state-run Mahagenco has set a target to generate 8000 MW electricity, while thermal power plants in the coastal region operate on imported coal, the ban on the import of which was recently lifted by the Centre.""The state government has issued tenders to import one lakh metric tonnes of coal. Coal shortage is also due to lack of rakes (trains). We require 37 rakes per day, while we get only 26. Each rake can transport 4,000 metric tonnes of coal,"" Raut said.Live TV--- ENDS ---READ | Chhattisgarh, Rajasthan CMs meet to discuss looming power crisis due to coal shortageALSO READ | Punjab power crisis: Thermal power plants lack adequate coal supplies",['Coal shortage causing power crisis in 12 states: Maharashtra energy minister'],https://www.indiatoday.in/india/story/coal-shortage-power-crisis-in-12-states-maharashtra-minister-nitin-raut-1939508-2022-04-20
4,india,"PM Modi breaks from tradition, to address nation from Red Fort after sunset","(20, 4, 2022)","Prime Minister Narendra Modi will address the nation from the Red Fort on Thursday night to mark the 400th birth anniversary of Guru Tegh Bahadur, the first prime minister to deliver a speech at the Mughal-era monument after sunset.

Modi will be addressing the nation from the lawns of the Red Fort and not its ramparts.The fort was chosen as the venue for the event as it was from here that Mughal ruler Aurangzeb had given orders for the execution of Guru Tegh Bahadur, the ninth Sikh Guru, in 1675, according to officials of the culture ministry.The ramparts of the Red Fort is from where prime ministers addresses the nation on Independence Day.READ | PM Modi unlikely to attend Bengal Global Business Summit starting from April 20Prime Minister Modi will speak at 9.30 pm on Thursday and his speech will be about interfaith peace and harmony among communities, according to the officials.Other than Independence Day, this is the second time that Modi will be making a speech from the monument.In 2018, he had hoisted the national flag at the monument and commemorated the 75th anniversary of the formation of the Azad Hind Government by Netaji Subhas Chandra Bose. His address on this occasion was at 9 am.The Thursday event will have performances by 400 Sikh musicians and there will also be a langar. Modi will also release a commemorative coin and postage stamp to mark the occasion, the officials said.Close to the Red Fort, is the Gurdwara Sis Ganj Sahib in Chandni Chowk. It was built at the site where Guru Tegh Bahadur was beheaded by the Mughals, they said, adding that Gurdwara Rakab Ganj Sahib, which is near Parliament, was built at his cremation site.Union Home Minister Amit Shah on Wednesday will start off the event, which will be attended by 11 chief ministers and prominent Sikh leaders from across the country. The families of 400 Sikh 'jathedars' have also been invited, including those from the Golden Temple in Amritsar.Live TV--- ENDS ---READ | PM Modi pledges to serve nation by taking inspiration from Guru Ravidas' teachings","['PM Modi breaks from tradition', ' to address nation from Red Fort after sunset ']",https://www.indiatoday.in/india/story/pm-modi-address-nation-red-fort-after-sunset-guru-tegh-bahadur-1939507-2022-04-20
5,india,European Commission boss Ursula von der Leyen to visit India next week,"(20, 4, 2022)","Russia's war against Ukraine as well as cooperation in the Indo-Pacific will feature in the discussions European Commission President Ursula von der Leyen will have with Indian leaders during her visit to New Delhi next week, the EU said on Tuesday.

Announcing her visit from April 24 to 25, it said the fight against climate change and biodiversity loss, the energy and digital transition, connectivity, security and defence and cooperation in the Indo-Pacific will be at the centre of her conversations in Delhi.It said the EU-India broad economic agenda, with a focus on the free trade agreement, investment protection agreement and geographical indications pact will also be on the agenda.""Russia's war against Ukraine will also feature in discussions,"" the EU said in a statement.READ | PM Modi holds ‘productive interaction’ with European Council, European Commission presidents in ItalyIt will be von der Leyen's first visit to India as the president of the European Commission.The Ministry of External Affairs (MEA) said von der Leyen is scheduled to hold talks with Prime Minister Narendra Modi and will meet President Ram Nath Kovind among other leaders.The president of the European Commission has been invited as the chief guest for this year's Raisina Dialogue.""India and the European Union share a vibrant Strategic Partnership which has been witnessing strong growth with wider and deeper co-operation in political and strategic, trade and commerce, climate and sustainability, digital and technology aspects as well as people-to-people ties,"" the MEA said.The India-EU leaders' meeting in May last year set new milestones with the decision to resume trade talks and the launch of the India-EU connectivity partnership.""The forthcoming visit of the President of the European Commission will be an opportunity to review progress and further intensify the multifaceted partnership with EU,"" the MEA said in a statement.She will travel to India after the visit of British Prime Minister Boris Johnson.READ | Jaishankar speaks with EU counterpart, discusses Afghanistan, Myanmar""In the last decade, EU India trade in goods has increased by 41 per cent and trade in services has increased by 76 per cent. EU-India trade in goods and services in 2020 amounted to Euro 96 billion,"" the EU said in its statement.The EU is one of the largest investors in India accounting for 16 per cent of total investments received between 2015-20 (Euro 83 billion in 2000-2021).The EU said there are 4,500 European companies operating in India, contributing to the creation of over 1.5 million direct and 5 million indirect jobs in the country.""The Leaders' meeting held last year provided fresh impetus to the EU India relationship, including in trade and investment,"" it said.During the trip, von der Leyen will visit The Energy and Resources Institute (TERI) campus known as TERI Gram, where she will interact with the youth on the existential challenge of climate change and the need to work together for a green, digital and resilient future.President von der Leyen will also deliver an address at the International Solar Alliance (ISA) and discuss with Indian and EU companies the security of supply chains in the energy sector, the EU said.Live TV--- ENDS ---READ | India's monthly purchase of Russian oil less than what Europe buys in 1 afternoon: Jaishankar to US",['European Commission boss Ursula von der Leyen to visit India next week'],https://www.indiatoday.in/india/story/european-commission-ursula-von-der-leyen-india-visit-april-24-ukraine-war-1939506-2022-04-20
6,india,NSA invoked against 2 accused in Khargone communal clashes,"(20, 4, 2022)","The local administration has invoked the stringent National Security Act (NSA) against two persons allegedly involved in the violence that erupted during a Ram Navami procession in Madhya Pradesh's Khargone city, an official said on Tuesday.

The NSA was invoked against Nawaz, a resident of Talab Chowk area and Mohsin alias Nati, resident of Jakaria Masjid area, for alleged involvement in the April 10 violence, in-charge Superintendent of Police (SP) Rohit Kashwani said.As many as 153 persons have been arrested and 65 First Information Reports (FIRs) registered in connection with the violence, he said.Kashwani urged people to help police identify the culprits.Stone-pelting took place during a Ram Navami procession in the city on April 10, leading to clashes and arson. Among the injured was Superintendent of Police Siddharth Choudhary who was hit by a bullet.READ | How fake report led villagers to attack blind Muslim man’s family near KhargoneMeanwhile, Madhya Pradesh Additional Chief Secretary (Home) Rajesh Rajora and Additional Director General (ADG) of Police Vipin Maheshwari visited Khargone on Tuesday and held meetings with members of both the Hindu and Muslim communities.They also inspected riot-hit areas including Aurangpura, Talab Chowk, Sanjay Nagar, Mohan Talkies, Bhatwadi, Sarafa Bazaar and met those affected by the violence.The victims will get help and action will be taken against the rioters, the officials assured.The Madhya Pradesh government has announced aid of Rs 1 crore for providing relief to the people affected by the violence.The Khargone administration on Tuesday relaxed the curfew in the city from 8 am to 12 noon and from 3 pm to 5 pm.READ | Shop of man with no hands razed for 'rioting' in MP""The administration had conducted a survey and sent a report to the state government which has allotted Rs 1 crore for relief,"" said district collector Anugraha P.Based on this survey, financial assistance will be provided immediately to the affected people and vendors whose houses, shops and vehicles were damaged in the violence, the collector said.Only the stores selling milk, vegetables and medicines were allowed to remain open during the relaxation of curfew.A government order said that people can purchase essential items from the shops in their neighbourhood.Petrol pumps will remain closed and the sale of kerosene will remain suspended at fair price shops, it added.Live TV--- ENDS ---READ | Jahangirpuri violence: NSA against 5 day after Amit Shah says action must set precedent",['NSA invoked against 2 accused in Khargone communal clashes'],https://www.indiatoday.in/india/story/nsa-invoked-against-2-accused-khargone-communal-clashes-1939505-2022-04-20
7,india,"After decades-long wait, 63 families displaced from East Pakistan get land, homes","(20, 4, 2022)","The Uttar Pradesh government has sanctioned a land lease to rehabilitate 63 Bengali Hindu families who came to Meerut's Hastinapur from East Pakistan in 1970.

In a ceremony at Lok Bhavan on Tuesday, CM Yogi Adityanath leased two acres of land for farming and a residential plot of 200 square meters to each of these displaced families. Rs 1.2 lakh will be disbursed to these families under the Chief Minister's Housing Scheme for construction of houses.“Your 38-year-long wait is over today. Action plan to settle these poor families is being implemented. By giving these 63 pattas, we are directly benefiting 400 people,” Yogi Adityanath said.Deputy chief ministers Keshav Prasad Maurya and Brajesh Pathak were also present at the ceremony.READ | UP CM Yogi Adityanath announces first decision in second term, free ration scheme extended by 3 monthsIn 1970, 65 Bengali Hindu families migrated from East Pakistan, now Bangladesh, to Uttar Pradesh. The then government rehabilitated them by giving employment at Madan Cotton Mill in Hastinapur, Meerut. However, the mill was closed on August 8,1984, after which these families faced livelihood crisis.Though members of two families have died, 63 families were waiting for rehabilitation for the last 30 years. The CM approved the proposal for their rehabilitation on Wednesday and 300 acres of land has been earmarked for them in Kanpur Dehat Rasulabad.The UP chief minister blamed “insensitive” regimes of the past for never making any effort for the displaced families. Dreren Mandal, 65, said that in times of crisis, his family barely had enough to meet their basic needs. But now, he is filled with a hope, of providing a better future to his children.“Life post-partition has been very hard. Since the cotton mill closed in 1984, the people of the community have been struggling hard to earn a livelihood and support their families through the years,” Mandal said.Jaimala, 70, said that she never thought the day would come when she and her family would have their own house and land. With tears brimming in her eyes, she recalled how her whole life was spent in supporting her family.“But now, we can have our own village with basic facilities of health, education, employment and a good future for our children,” she said.Live TV--- ENDS ---READ | How human smugglers along Bangladesh borders bring in illegal migrants | Exclusive","['After decades-long wait', ' 63 families displaced from East Pakistan get land', ' homes']",https://www.indiatoday.in/india/story/63-bengali-hindu-families-displaced-from-east-pakistan-get-land-homes-yogi-up-govt-1939503-2022-04-20
8,india,Election Commission orders probe against Assam CM for poll code breach,"(20, 4, 2022)","The Assam State Election Commission has ordered a probe against Chief Minister Himanta Biswa Sarma for allegedly violating the poll code while campaigning for the Guwahati Municipal Corporation (GMC) elections.

Kamrup Metropolitan deputy commissioner Pallab Gopal Jha has been asked by the state poll panel to conduct the probe.“I am directed to forward herewith a copy of the complaint petition dated 18/04/2022 received from Sanjeev Bora, president, AJP, Kamrup (Metro), and request you to kindly enquire into the matter and furnish a report to this Commission at an early date,” the Assam State Election Commission wrote in a letter to Pallab Gopal Jha.READ | Assam CM Himanta Biswa Sarma booked over remarks on Congress leader Rahul GandhiThe order comes after the Asom Jatiya Parishad reportedly lodged a complaint with the state poll panel alleging that the chief minister violated the model code of conduct by announcing sops to landless residents of Guwahati while campaigning for the BJP ahead of the GMC polls.The regional political party also alleged that Sarma lured the voters by offering an extension of the Arunodoi scheme and also promising Rs 10 crore to each ward for developmental activities.Election for all 60 wards of the GMC is slated to be held on April 22. The counting of votes will take place on April 24. A total of 7,96,829 voters are eligible to exercise their franchise at 789 polling stations.Live TV--- ENDS ---READ | No place for crime and criminals says Assam’s CM Dr Himanta Biswa Sarma",['Election Commission orders probe against Assam CM for poll code breach'],https://www.indiatoday.in/india/story/assam-election-commission-orders-probe-himanta-biswa-sarma-poll-code-violation-1939501-2022-04-20
9,india,"Congress leaders discuss poll strategy at 10 Janpath, Sonia and Rahul Gandhi skip meet","(20, 4, 2022)","Top Congress leaders convened at 10, Janpath for the second day in a row to discuss the party’s strategy for the upcoming Assembly polls and the 2024 general elections. Tuesday’s meeting lasted nearly seven hours, sources said.

The meeting at Congress president Sonia Gandhi’s residence saw hectic deliberations regarding the party’s battle plan in states where elections are due in the next year or two: who to form alliances with, what are the party’s weaknesses, how to bolster prospects and set the poll narrative.READ | Does the Congress take its revival plans seriously?Madhya Pradesh Congress Committee president Kamal Nath and senior leader Digvijay Singh were reportedly present at the meeting. On Wednesday, Rajasthan Chief Minister Ashok Gehlot and Chhattisgarh CM Bhupesh Baghel will be arriving in Delhi for another round of discussions.Meanwhile, the Congress is gearing up for a three-day Chintan Shivir or brainstorming session in Udaipur from May 13. Besides coming up with a revival plan, leaders will also examine the long-term strategy presented by poll strategist Prashant Kishor.According to sources both Sonia Gandhi and Rahul Gandhi were absent from the meetings held on Monday and Tuesday. Prashant Kishor had met with Priyanka Gandhi Vadra and other senior Congress party leaders.Live TV--- ENDS ---READ | Prashant Kishor meets top Congress leaders at 10 Janpath, second meeting in 3 daysALSO READ | An offer to quit, impatient G23 and the Kishor factor: Can Gandhis survive to fight another day?","['Congress leaders discuss poll strategy at 10 Janpath', ' Sonia and Rahul Gandhi skip meet']",https://www.indiatoday.in/india/story/congress-leaders-discuss-poll-strategy-10-janpath-sonia-rahul-gandhi-skip-meet-1939500-2022-04-20
10,india,"IAS topper Tina Dabi to marry Pradeep Gawande today, wedding preparations in full swing","(20, 4, 2022)","Tina Dabi, the first SC woman to top the IAS examination, will be marrying Dr Pradeep Gawande in a private ceremony in Jaipur today. The couple have sent out invitations for their wedding reception at a plush hotel in the city on April 22.

The staff at the five-star hotel in Jaipur, where the wedding reception is scheduled to be held on April 22, remained tight-lipped about the details of the marriage ceremony.However, both the Dabi and the Gawande families are believed to be elated at the duo’s upcoming nuptials. Preparations are underway for an elaborate ceremony.READ | IAS exam topper Tina Dabi ready to tie the knot again, shares pic with fianceDabi, an officer from the 2016 Rajasthan cadre, and Gawande, from the 2013 cadre, are currently posted in Jaipur. While Tina Dabi is currently Joint Secretary of Finance (Tax) to the Rajasthan government., Dr Gawande is posted as Director of Archaeology and Museums in the Rajasthan capital.The two IAS officers met during the Covid-19 pandemic, when they were tasked with ensuring supplies. ""We had met during the pandemic. It was he who proposed to me and I accepted his proposal,"" Dabi had told India Today.While 29-year-old Dabi will be tying the knot for the second time, this would be Gawande’s first marriage. Dabi was previously married to Athar Aamir Ul Shafi Khan, an IAS officer from Kashmir, but their marriage did not last long. The couple was granted divorce by a family court in Jaipur in August 2021.According to sources, several prominent politicians including Rajasthan Chief Minister Ashok Gehlot, senior bureaucrats and other dignitaries are likely to attend the high-profile wedding in Jaipur.Live TV--- ENDS ---READ | Tina Dabi-Athar Aamir Khan story: Hailed as symbol of communal harmony, IAS couple end marriage","['IAS topper Tina Dabi to marry Pradeep Gawande today', ' wedding preparations in full swing ']",https://www.indiatoday.in/india/story/ias-topper-tina-dabi-to-marry-pradeep-gawande-today-wedding-preparations-on-1939499-2022-04-20
11,india,"After boy’s fall, army constructs ‘Insaniyat Bridge’ in Jammu-Kashmir’s Kishtwar","(20, 4, 2022)","The Indian Army has constructed an iron foot bridge at Zalla village in the Chhatroo area of Jammu and Kashmir’s Kishtwar district, and named it ‘Insaniyat Bridge’.

Locals living in far-flung villages have long felt the need for a permanent bridge. Matters gained a sense of urgency when a boy from Zalla village fell off the wooden log bridge.Villagers then approached the Indian Army for help. After assessing the requirement, the local Rashtriya Rifles unit constructed a 45-feet-long and 3-feet-wide iron footbridge for the people. The bridge is strong enough to sustain weight of 5-6 persons at once, and can also be used for movement of cattle. - , "" "" #InsaniyatBridge #UserGeneratedContent #Kishtwar (@manjeetnegilive) pic.twitter.com/qAPmvZ3ujL— AajTak (@aajtak) April 19, 2022
The footbridge was inaugurated on Monday by Brigadier Pranab Misra, Commander 9 Sector Rashtriya Rifles, in the presence of civil administration, other dignitaries and people of the area.Dedicated to the people, the Insaniyat Bridge has reduced the distance between remote villages and Chhatroo town by 7 km, thereby mitigating hardships and opening up new vistas of opportunity for many locals.Live TV--- ENDS ---READ | J&K: Indian Army hosts 'Iftar Milan' in Kishtwar, 167 attendALSO READ | Indian Army helps transform J&K school near LoC","['After boy’s fall', ' army constructs ‘Insaniyat Bridge’ in Jammu-Kashmir’s Kishtwar']",https://www.indiatoday.in/india/story/indian-army-constructs-insaniyat-bridge-jammu-kashmir-zalla-kishtwar-1939498-2022-04-20
12,india,Raja Warring to take charge as Punjab Congress president on April 22,"(20, 4, 2022)","Newly appointed Punjab Pradesh Congress Committee President Amarinder Singh Raja Warring will officially take charge on April 22 in the presence of senior party leaders in Chandigarh.

Three-time MLA from Gidderbaha constituency of Muktsar district and a former transport minister, 44-year-old Warring was named the Congress’s state unit chief on April 9. He succeeds Navjot Singh Sidhu, who quit after the party's debacle in the recent Punjab Assembly election.READ | Resentment in Sidhu camp after Congress appoints new PCC chiefA PCC spokesperson said that Warring will take over the charge along with the working president Bharat Bhushan Ashu at a simple ceremony on April 22, since the wheat harvesting season is at its peak.“While workers are welcome to attend the ceremony at Congress Bhawan in Chandigarh, after taking over the responsibility given to us by the party high command, we will reach out to you ourselves at your doorsteps,” Warring and Ashu said.With civic polls around the corner, Warring has already dived headfirst into rallying the party. He, along with the working president Bharat Bhushan Ashu, has already covered about 30 assembly segments over the past week and met the workers there.“We will ensure the coronation of each and every worker right at his doorstep as each one of them is the shining knight in armour for our party,” they added.Live TV--- ENDS ---READ | Zero tolerance for indiscipline within party, says new Punjab Congress chief Raja Warring",['Raja Warring to take charge as Punjab Congress president on April 22'],https://www.indiatoday.in/india/story/raja-warring-to-take-charge-punjab-congress-president-april-22-1939497-2022-04-20
