SN,category,headline,date,content,keywords,link
1,india,NA,NA,NA,NA,https://www.indiatoday.in/india/video/pm-modi-asks-states-to-study-gujarat-s-vidya-samiksha-kendra-for-changes-in-education-1939282-2022-04-19
2,india,"Body found hanging in Bengal's Birbhum, BJP claims he was party worker ","(19, 4, 2022)","The body of an individual was found hanging in Mollarpur in West Bengal's Birbhum district on Tuesday morning.

The individual has been identified as Purna Chandra Laha.The BJP has alleged that he was a party worker and was murdered. However, his family members have not commented on whether he was associated with the party or not.Live TV--- ENDS ---READ | Birbhum arson: Why Bengal remains prone to political violence","['west bengal', ' birbhum', ' bjp', ' body', ' ']",https://www.indiatoday.in/india/story/body-found-west-bengal-birbhum-bjp-worker-murder-1939279-2022-04-19
3,india,NA,NA,NA,NA,https://www.indiatoday.in/india/video/intelligence-agencies-flag-major-cyber-security-breach-in-military-1939272-2022-04-19
4,india,Kerala HC dismisses actor Dileep’s plea to quash murder conspiracy case,"(19, 4, 2022)","The Kerala High Court has dismissed actor Dileep’s plea to quash the conspiracy to murder case filed against him by the Kerala Police Crime Branch.

On January 9, the Crime Branch registered a case based on a complaint filed by an officer investigating the 2017 Kerala actor assault case. The case was filed based on a purported audio clip of Dileep, which was telecast by a TV channel, in which the actor was allegedly heard conspiring to harm the official.Last week, the Kerala Crime Branch probing the 2017 actor assault case sought the cancellation of Dileep's bail. The police said Dileep influenced the witnesses while out on bail.CONSPIRACY TO MURDERDileep is the eighth accused in the 2017 actor assault case. A further investigation was launched after Dileep's former friend Balachandra Kumar came out with audio clips allegedly belonging to Dileep, where the actor threatens and plans an attack on the investigation officers of the case.Justice Ziyad Rahman AA asked the prosecution how mere utterances made by the actor could be deemed as conspiracy.The prosecution maintained that Dileep's threats were not just utterances. The allegations against him could be corroborated by the audio recordings and other evidence submitted by director Balachandra Kumar.Dileep's former wife, Manju Warrier, was also questioned by the Crime Branch team. She identified voice samples of actor Dileep and two other accused family members in the case.2017 KERALA ACTOR ASSAULT CASEAn actress was abducted and allegedly molested in her car for two hours by the accused, who had forced their way into the vehicle on the night of February 17, 2017. The entire act was filmed by them to blackmail the actress. There are 10 accused in the 2017 case, including Dileep, who was arrested and later released on bail.Live TV--- ENDS ---Also Read | Actor assault case: Kavya Madhavan refuses to appear for questioning in police club, insists on Dileep's residenceAlso Read | Actor assault case: Dileep accuses cops of harassing his 87-year-old mother, seeks to quash FIR","['Kerala HC', ' dileep', ' plea quashed', ' conspiracy to murder case']",https://www.indiatoday.in/india/story/kerala-hc-dismisses-actor-dileeps-plea-quash-conspiracy-murder-case-1939271-2022-04-19
5,india,"Karnataka mutt commission row: Congress slams minister BC Patil, calls him shameless for insulting seer","(19, 4, 2022)","The Congress party in Karnataka has slammed minister BC Patil for his statements against the Dingaleshwar seer. The minister had said that the seer, “is like a chameleon, changing colours to suit the situation.”

Reacting to this statement, Karnataka Pradesh Congress Committee working president, Saleem Ahmed, said, “BC Patil is shameless. He is trying to divert attention. The swamiji is not a member of any political party. Making a statement against the swamiji is not acceptable.”CM ASKS FOR PROOFEarlier, Karnataka Chief Minister Basavaraj Bommai, issued a statement regarding the allegations laid down by the seer that the government was demanding a 30% commission as a ‘cut’ for giving grants to mutts.In his statement, the CM said, “Dingaleshwara Swamiji is a revered seer, a Mahatma, it is not enough if the head of a Mutt just issues a statement. If he could provide details as to who demanded the commission, to whom it was paid, how much was paid and all the related details, then I will ensure a thorough investigation.”Responding to the demands for proof by the CM, the seer questioned as to how there could be documents for corruption.“Yeh andar ki baat hai. Sab ko pata hai corruption hai. [This is an internal matter. Everyone knows there is corruption],” said Dingaleshwar seer.THE MUTT CONTROVERSYBefore the controversy surrounding contractors' allegations of corruption could be put to bed, the Basavaraj Bommai-led BJP government in Karnataka, on Monday, was hit with new allegations of corruption over distributing grants to mutts.Lingayat seer Dingaleshwar Swamiji, on Monday, alleged that mutts in the state were told to pay up to a 30 percent commission for the release of grant funds sanctioned to them.Live TV--- ENDS ---Also Read | Karnataka minister Eshwarappa responsible for contractor Santosh Patil's death, claims his brotherAlso Read | Crime Branch arrests 7 people in Karnataka for running Police recruitment scam; many others absconding","['Karnatka mutt commission row', ' congress', ' BC Patil', ' news', ' politics', ' Dingaleshwar seer ']",https://www.indiatoday.in/india/story/karnataka-mutt-commission-row-congress-slams-minister-patil-shameless-insulting-lingayat-seer-cm-bommai-proof-1939260-2022-04-19
6,india,Chennai: Principal among 3 suspended after school van ran over 8-year-old,"(19, 4, 2022)","Sri Venkateshwara Matriculation school in Chennai’s Valasaravakkam on Tuesday dismissed three staff, including the school principal Lakshmi, in connection with a case where a school van ran over an 8-year-old student within the school premises.

While the driver and student's caretaker, Gananshakti, were arrested earlier, the school authorities have today dismissed three staff, after instructions from the State Department of Education.8-YEAR OLD RUN OVER BY SCHOOL VANThe incident occurred on March 28, when Deekshith was dropped by the school van inside the school premises. He was knocked down and ran over by the van when the vehicle was being parked as the driver, Poongavanam, did not notice him approaching the van.Based on the parents' complaint, a case under section 304 A was registered with the Valasaravakkam police. Subsequently, the driver and Gananshakti, the child's caretaker who was supposed to be near the van, were arrested.Meanwhile, the mother of the deceased, Jennifer, had also refused to accept the body, stating that her son was dropped at school by 8.30 AM and only after 10 minutes, at around 8.40 AM, she was informed over the phone that he met with an accident.""There was blood coming out of his nose and mouth. No one from the school came to meet us. They just said that when he went back to the school van to take the lunch box, the vehicle which was reversing ran over his stomach. I will not accept the body until those responsible are arrested"", she had stated.READ MORE| 7-year-old girl on way to school run over by truck in Jhalawar, angry villagers block road","['child run over by school van ', ' student run over by school van', ' ']",https://www.indiatoday.in/india/story/student-dies-school-van-accident-1939253-2022-04-19
7,india,Calcutta HC orders two-member panel probe into rehabilitation of those affected by poll violence,"(19, 4, 2022)","The Chief Justice's division bench of Calcutta High Court has ordered a two-member committee to probe the matter of rehabilitation of 300 individuals who were rendered homeless after the West Bengal Assembly elections.

The state has submitted that 70 people returned home, 43 did not want to return, and 155 were out of Bengal. The petitioner in the case, BJP's Priyanka Tibrewal, said that the report was fabricated.ALSO READ | CBI announces cash reward for info on accused in BJP worker's deathFollowing the results of the 2021 assembly elections, violence was reported in parts of West Bengal, where BJP supporters were allegedly attacked by Trinamool Congress workers. Many were rendered homeless in the violence. The case was handed over to the CBI.","['Calcutta HC', ' Bengal post-poll violence']",https://www.indiatoday.in/india/west-bengal/story/calcutta-hc-orders-two-member-panel-probe-bengal-post-poll-violence-1939263-2022-04-19
8,india,"Uttar Pradesh cabinet approves 14 proposals, big decision on recruitment of Lab Assistants","(19, 4, 2022)","The Uttar Pradesh Cabinet on Tuesday approved 14 proposals set before it. Among them were proposals to improve state tourism, widen roads and set up a National Center for Disease Control in Lucknow.

TOP POINTS:1. Approval of land to set up an NCDC at Sarojini Nagar, Lucknow2. The Public Works Department will widen Pukhraya Bindki highway at a cost of Rs 1136.45 crores.3. In the matter of Lab Assistant recruitment, 25% by promotion, the rest will be recruited directly4. A helipad site will be built at Ramabai site in Lucknow, and private landings can be made.5. The development work in Bhagirathi was approved,6. Cabinet approved four points mentioned to improve tourism in UP7. Development work of helipad in Agra Mathura Prayagraj was approved","['Uttar Pradesh cabinet', ' Uttar Pradesh cabinet meeting', ' ']",https://www.indiatoday.in/india/story/uttar-pradesh-cabinet-approves-14-proposals-big-decision-on-recruitment-of-lab-assistants-1939254-2022-04-19
9,india,Bhushan Kumar's attempts show his thirst to get rid of rape case: Mumbai court,"(19, 4, 2022)","A Mumbai magistrate’s court has said that producer Bhushan Kumar, who was accused in a rape case, attempted to contest the matter, which is unfortunate, unethical and unjustified. “His attempts show his hunger and thirst to get rid of the matter at the earliest,” the court said while ordering the Mumbai police to investigate the case further.

The court was looking into a B Summary report filed by Mumbai Police. A B Summary Report is submitted by police when the police classify the case as maliciously false or when there is no evidence or prima facie case against the accused after investigation. The Magistrate must sift through the details of the case and decide to accept the closure or can ask the police to investigate further. In this case, the Magistrate court refused to accept the B Summary report and asked for the investigation to be carried on further.\ALSO READ | Mumbai court refuses to close rape case against producer, orders action against complainantThe case that Mumbai Police's DN Nagar police station was investigating against Kumar, the owner of T-Series, involved sections of rape, cheating, and criminal intimidation.Observing the conduct of the complainant, the Magistrate said, ""She has set the criminal law into motion and she has no grievances in accepting the final report. Her conduct furnishes an assurance that she has misused the provisions of law meant for needy litigants. For her personal gain and advantage, she has crossed every limit that all women have been following for decades.""""From the perusal of the final report, it is apparent that after registration of the FIR, the investigating officers, Police Inspector Anil Mule and Assistant Police Inspector Hasina Shikalkar of DN Nagar Police Station have infringed upon the established directions of law as well as advisories issued by the government by not recording the statement of the victim under Section 164 of the Criminal Procedure Code before a magistrate for reasons best known to them. They have also breached the directions issued by the Supreme Court, by virtue of which it was incumbent on the police to record the statement of the victim before a magistrate.""Also Read: | FIR against T-Series head Bhushan Kumar for alleged rape of 30-year-oldThe magistrate further added that the ""most significant feature of this matter is that after registration of the offence, the investigating officers neither attempted to arrest the accused nor the accused approached for pre-arrest bail which shows confidence and commitment.""The order was passed earlier this month by the magistrate court, but it is only now that the detailed order has been made available.",['Bhushan Kumar producer rape case'],https://www.indiatoday.in/india/story/bhushan-kumar-producer-rape-case-1939255-2022-04-19
10,india,"Indian flag, Hindu idol were damaged in Jahangirpuri, says VHP leader out on bail","(19, 4, 2022)","Local Vishva Hindu Parishad (VHP) leader Prem Sharma was arrested on Monday for allegedly organising the Hanuman Jayanti procession in Delhi’s Jahangirpuri on Saturday without requisite permission. He was later released on bail.

Nine people were injured after communal clashes had broken out in Jahangirpuri during the procession on Saturday evening.On Tuesday, in an exclusive interview with India Today, VHP leader Prem Sharma said that permission had been obtained from the police to organise the shobha yatra on Saturday. Additionally, he alleged that a Hindu idol and the Indian flag were damaged during the clash.‘PERMISSION OBTAINED’Prem Sharma said, “We had taken permission from two police stations, Mahendra Park and Jahangirpuri. This procession is carried out every year without problem. We had told the police that more than 400 people would be present and there would be a music system. We even informed them of the route.”“If we had not told the police in advance, how were 15-20 cops and their vehicles stationed with us? We told the police everything,” he added.He said they submitted a letter and got it signed by the police.‘HINDU IDOL, INDIAN FLAG DAMAGED’VHP leader Prem Sharma said that a Hindu idol and the Indian flag were damaged during the clash on Saturday.“Balaji idol was vandalised during the procession. The Indian flag was damaged. Why are we being arrested? Action should be taken against those who used stones and swords. Stones were being thrown from all around. We were trying to run for our lives,” he added.WHAT HAPPENED ON SATURDAY?Nine people were injured in clashes that broke out between two communities during a Hanuman Jayanti procession in northwest Delhi's Jahangirpuri area on Saturday evening. Among those injured were several police personnel.According to the police, stones were pelted and some vehicles torched in the violence that occurred at around 6 pm on Saturday.Live TV--- ENDS ---ALSO READ | BJP MLA finds Pak plot in Jahangirpuri violence, police stick to 'criminal conspiracy' | Latest","['VHP', ' jahangirpuri', ' communal clash', ' hanuman jayanti', ' ']",https://www.indiatoday.in/india/story/idol-flag-damaged-shobha-yatra-jahangirpuri-clash-vhp-clash-1939242-2022-04-19
11,india,Death toll due to storms and lightning strikes rises to 23 in Assam,"(19, 4, 2022)","At least 23 people have lost their lives in several incidents of storms and lightning across Assam in the last few days, said the Assam State Disaster Management Authority (ASDMA) in a release on Monday night.

23 DEAD IN STORMS, LIGHTNING STRIKESSevere storms accompanied by lightning strikes hit Assam since Thursday, leaving behind a trail of destruction, including damaged houses, uprooted trees and snapped electric lines, along with human fatalities.As per the data shared by Chief Executive Officer of Assam State Disaster Management Authority, GD Tripathi, in the last three to four days, 22 districts have reported storm and lightning incidents in 80 Revenue Circles across 1,410 villages, impacting 1.09 lakh people.At least 23 people lost their lives in several incidents of severe storms and lightning strikes throughout Assam in the last few days: Chief Executive Officer of Assam State Disaster Management Authority GD Tripathi pic.twitter.com/sEyogiqJJO— ANI (@ANI) April 18, 2022
EX-GRATIA ANNOUNCEDEx-gratia payment to the kin of deceased has been initiated and it will be completed soon, GD Tripathi was quoted by ANI as saying.Ex-gratia payment to the next of kin of deceased persons has been initiated and it will be completed soon: Chief Executive Officer of Assam State Disaster Management Authority GD Tripathi— ANI (@ANI) April 18, 2022
READ MORE| Death toll in Assam floods climbs to 87; deluge hits north Bihar","['assam news', ' death toll rises', ' 23 dead in assam lightning', ' assam lightning', ' death due to lightning', ' assam storms and lightning', ' ']",https://www.indiatoday.in/india/story/death-toll-rises-assam-lightning-strike-23-dead-1939221-2022-04-19
12,india,"Kerala CPM minister Govindan, BJP leader Surendran spar over majority, minority fundamentalism","(19, 4, 2022)","Kerala Communist Party of India (Marxist) (CPM’s) minister MV Govindan and the Bharatiya Janata Party (BJP) leader, K Surendran have given rise to a fresh debate on majority and minority fundamentalism. The CPM minister on Monday, said that majority fundamentalism was more dangerous than minority Fundamentalism.

Reacting to this, BJP leader Surendran said that the CPM’s stance in Kerala might turn the state into another Kashmir.Minister MV Govindan made the statement while talking about the political killings in Kerala’s Palakkad last week where an RSS leader and Popular Front of India (PFI) activist were murdered.“Majority fundamentalism is more dangerous. Majority fundamentalism is working towards the formation of Hindu rashtra. The hatred towards minorities is part of that attempt to create a Hindu rashtra. Minority fundamentalism emerges to resist majority fundamentalism. There’s no doubt that it is majority fundamentalism that leads to the development of minority fundamentalism,” Govindan said.However, BJP leader K Surendran did not mince words in his response. He slammed the comment, and said that the government's stance might turn Kerala into Kashmir.“The minister’s words show open support for PFI, which has become a threat to peaceful life in the country. The CPM’s response is worrying. They have an alliance with communal forces. It is whitewashing the PFI, which is an Indian agency for international religious terrorism,” he said.Meanwhile, opposition leader VD Satheesan said that Chief Minister Pinarayi Vijayan was appeasing all communal forces in the name of social engineering. This, he said, ties the government's hand in such issues.Live TV--- ENDS ---Also Read | How political murders continue to stain KeralaAlso Read | Kerala Congress leader PJ Kurien hits out at Rahul Gandhi, says party president need not be from Nehru family","['Kerala minister', ' MV Govindan', ' News', ' Politics', ' BJP', ' K Surendran', ' India', ' CPM']",https://www.indiatoday.in/india/story/kerala-cpm-minister-govindan-bjp-leader-surendran-majority-minority-fundamentalism-political-killings-1939224-2022-04-19
