SN,category,headline,date,content,keywords,link
1,binge-watch,Lock Upp's Mandana Karimi recalls horrific jail experience in Iran when her friends got 85 lashes,"(1, 4, 2022)","Mandana Karimi, who is currently seen on Lock Upp, recently opened up on being arrested while she was visiting her country, Iran. Speaking to her co-contestant Payal Rohatgi, she revealed that she was put behind bars for allegedly being intoxicated.

Earlier on Lock Upp, Karan Kundrra had lashed out at Mandana Karimi for playing the woman card. Recently on the show, the actress recalled being arrested and how she was made to watch her friends being beaten up. She said that she was not punished because she was injured at the time and had undergone surgery. However, she was made to watch her friends getting lashed.Mandana was talking to Payal when she shared, ""I went back to Iran for my friend’s sister’s wedding. So, I missed the wedding and then we were all to go to Shomal. It is a place near Tehran. You know, like we go to Lonavala with friends here. So, we went there and in the villa, they had a bike. I love riding bikes, so I was playing around with the bike. While riding it, I had an accident at a turn.”She further added, ""My knee was injured badly and the whole thing busted out. They had to put it all together and I was about to have a surgery. I could hear my friends talking and having full masti time as they waited for me to come out of the operation theatre. But, someone was watching us and realised ‘ye log ka kuch nasha hai (these people seem to be intoxicated)’. When we were changing clothes, we felt a kick on the door and a woman cop fully covered came with a man and asked us ‘get the f*** out’. I was like, ‘Dude, what happened?’ And, the guy who arrested us was one of the fellows who went to war.""Sharing the rest of the story, Mandana shared why she doesn't want to return to Iran. “He wanted to teach us a lesson and that guy made me watch my friends being lashed. All my friends got 85 lashes and they made me watch it as they could not lash me because I was (injured). He told me that I could not escape it all just because of the injury. I had to watch my friends getting the lashes. That was my jail experience. That is the reason I do not want to be in a country that treats its citizens like that,"" she said.Live TVALSO READ | Karan Kundrra accuses Mandana Karimi of playing the woman card on Lock Upp, says 'leave the show'",NA,https://www.indiatoday.in/television/reality-tv/story/lock-upp-s-mandana-karimi-recalls-horrific-jail-experience-in-iran-when-her-friends-got-85-lashes-1932243-2022-04-01
2,binge-watch,"Son Ye-jin, Jeon Mi-do's Thirty-Nine ends on a high note, garners massive views","(1, 4, 2022)","South Korean series Thirty-Nine, starring Ye-jin, Jeon Mi-do and Kim Ji-hyun, has ended on an all-time high rating. The Kdramas last episode was aired on JTBC on Thursday, March 31. The complete series is available on Netflix.

The March 31 episode of Thirty Nine garnered its highest viewership ever. As per a report on Soompi.com, according to Nielsen Korea, the series finale Thirty-Nine secured an average nationwide rating of 8.1 per cent, which is the show's new personal record.Meawhile, tvN’s Kill Heel's latest episode got an average rating of 2.6 per cent. On the other hand, another Korean show Sponsor got a combined total of 1.1 per cent for the night.Thirty-Nine is a heartwarming tale that revolves around three friends who have been together for 20 years and are now on the verge of turning 40. The Kdrama traces the journey of three 39-year-old women and how they face unforeseen circumstances.In the series, Son Ye-jin plays Cha Mi-jo, who is the head dermatologist of a clinic in Gangnam. Her character is warm and caring who grew up in a well-to-do family. Jeon Mi-do is Jung Chan-young, who aspired to be an actress but things didn't work out and she became an acting teacher instead. Her world came crashing down after she was diagnosed with pancreatic cancer. Kim Ji-hyun is seen as Jang Joo-hee, who works as a cosmetics manager at a department store and has never been in a romantic relationship.Live TVALSO READ | Son Ye-jin-starrer Thirty Nine's new episodes won't stream this week. Here's why",NA,https://www.indiatoday.in/binge-watch/story/son-ye-jin-jeon-mi-do-s-thirty-nine-ends-on-a-high-note-garners-massive-views-1932229-2022-04-01
3,binge-watch,"What to watch on Amazon Prime Video, Disney+ Hotstar and Apple TV this weekend","(31, 3, 2022)","Sharmaji Namkeen, a perfect and heartwarming tribute to Rishi Kapoor, is now available on Amazon Prime Video. Other exciting movies and shows like Prabhas and Pooja Hegde’s Radhe Shyam, Oscar Isaac’s Moon Knight and Shreyas Talpade’s Kaun Pravin Tambe, among others.

Here’s the list:ON AMAZON PRIME VIDEOSharmaji NamkeenRishi Kapoor’s swan song, Sharmaji Namkeen, is the story of a retired man who sets out on a path of self-discovery. Paresh Rawal plays the same character as the late veteran actor in the film. The cast also features Juhi Chawla, Suhail Nayyar, Taaruk Raina, Satish Kaushik, Sheeba Chaddha and Isha Talwar. Read our review here.Radhe ShyamDirected by Radha Krishna Kumar, Prabhas and Pooja Hegde's Radhe Shyam released in theatres on March 11. After receiving mixed reviews from audience and critics, the film is now going ahead with its OTT release. Radhe Shyam is an epic love saga that talks about the war between love and destiny. Read our review here.MoonshotDirected by Christopher Winterbauer, Moonshot is a romantic comedy starring Cole Sprouse, Lana Condor, Mason Gooding, Emily Rudd and Zach Braff. The story is about people in their 20s embarking on a journey to reunite with their partners. But they go off course, which leads to something unexpected and amazing.ON DISNEY+ HOTSTARMoon KnightMoon Knight, which released on March 30, features Oscar Isaac in the role of Marc Spector. The Marvel web series is based on a superhero who suffers from dissociative identity disorder. Now, that’s a first! Moon Knight also grapples with a mystery involving Egyptian Gods.Kaun Pravin TambeStarring Shreyas Talpade, Ashish Vidyarthi, Parambrata Chatterjee and Anjali Patil, Kaun Pravin Tambe releases on April 1. It is a sports biopic which chronicles the extraordinary journey of cricketer Pravin Tambe, a right-armed leg spinner.ON APPLE TVSlow HorsesSlow Horses is a spy thriller series based on Mick Herron’s novel of the same name. Gary Oldman plays the role of Jackson Lamb, who heads a team of British intelligence agents who have made career-ending mistakes and now serve in the disgraced branch of MI5 - Slough House.ON NETFLIXGet Organized with The Home Edit Season 2Clea and Joanna are back to tame celebrities and everyday clients' homes in their signature style. The description reads, ""A man narrates stories of his life as a 10-year-old boy in 1969 Houston, weaving tales of nostalgia with a fantastical account of a journey to the moon.""Apollo 10 1/2: A Space Age ChildhoodApollo 10 1/2: A Space Age Childhood is a sci-fi animation film. The plot of the movie revolves around the Apollo 11 moon landing.ON SONYLIVAadavallu Meeku JohaarluThe romantic comedy stars Rashmika Mandanna, Khushbu Sundar, Raadhika Sarathkumar, Urvashi, and Sharwanand. Directed by Tirumala Kishore the story explores arranged marriages in India in a heartwarming manner.DISCOVERY+Queen of Versailles Reigns AgainJackie Siegel and her family are on a mission to finally finish their 90,000 square-foot palace, often regarded as Versailles. Can they do it? Queen of Versailles Reigns Again is now available for streaming.White Water SummerIf you want a dose of adrenaline rush through a travel show, watch White Water Summer. The show will take you to the tiny river town of Maupin, Oregon, where tourists bond over adventurous activities, love triangles and endless party scenes.Inventions That Changed HistoryHistorians, scientists, pop culture experts and Hollywood celebrities host informative rides with incredible stories. Fasten your seatbelts for some invention stories that can blow your mind.LIONSGATE PLAYGomorrah Season 5Gomorrah is a crime drama which is back with its fifth season. The description of the show reads, ""The Camorra rule the suburbs of Napoli. And Don Pietro rules the Camorra, with the help of Ciro Di Marzio, his trusted right hand. But is Gomorrah truly such a simple Italian crime drama?""Live TVALSO READ | Sharmaji Namkeen Movie Review: A fitting tribute to Rishi Kapoor",NA,https://www.indiatoday.in/binge-watch/story/what-to-watch-on-amazon-prime-video-disney-hotstar-and-apple-tv-this-weekend-1932018-2022-03-31
4,binge-watch,Crash Landing On You couple Son Ye-jin and Hyun Bin are married! See inside pics and videos,"(31, 3, 2022)","South Korean actors Son Ye-jin and Hyun Bin got married today in an intimate wedding ceremony in Seoul. The couple, who have appeared together in Crash Landing On You and Negotiation, have been in a relationship for around two years now. Pictures and videos from their wedding have gone viral.

SON YE-JIN AND HYUN BIN ARE MARRIED!Son Ye-Jin and Hyun Bin are now husband and wife. The couple exchanged vows and rings in a private wedding ceremony held in Seoul, which was attended by family and close friends of the couple. A picture is now being shared where the bride and groom can be seen exchanging rings.Take a look at the photo:BINJIN MARRIED #BinJin #binjinwedding pic.twitter.com/QpuEnpMVUb— TERESA () BINJIN WEDDING SOOOOOON (@binjinshearteu) March 31, 2022
A video has gone viral where Hyun Bin can be seen holding Ye-jin's hand as they walked towards the aisle.AHHH THIS WILL BE MY FAVOURITE VIDEO OF BINJIN THE SHIP REALLY ENDED INTO ENDGAME.. WHAT KDRAMA SUPERPOWER IS THIS #TheBinJinWedding #BinJin #BinJinWedding pic.twitter.com/sSULcgyMZA— (@_DevAkshi__) March 31, 2022
Take a look at other photos and videos from the wedding ceremony:We're finally getting a video clip! Our bride as she walks down the aisle! What a lovely sight to see!#BinJin # #TheBinJinWedding pic.twitter.com/pQGzInmCmi— (@EdelweissPH_FC) March 31, 2022
Bride, Son Yejin, and groom, Hyun Bin, talking to each other at their wedding ceremony #CLOYEpisode17 #TheBinJinWedding pic.twitter.com/nIUaaqtmTX— SIGRISWILPH (@sigriswilph) March 31, 2022
""#SonYejin shed tears at their wedding, while #HyunBin protected her by her side.""OHMYGOD MY BABY IS CRYING TT#TheBinJinWedding #BinJin #CLOYEpisode17 https://t.co/TgCXvEtjmM pic.twitter.com/bXyG8vAFAb— (@serineblack) March 31, 2022
Hyun Bin's agency shared photos from the wedding along with a note about the couple's wedding. In the picture, while Son Ye-jin was dressed in a pristine white flowy gown, Hyun Bin coordinated her in an all-white suit set. The note in Korean roughly translates to, ""This is VAST Entertainment. Today, actor Hyun Bin and actor Son Ye-jin got married. We took our first steps as a couple. We apologize for the fact that this ceremony will be held privately in consideration of the Covid-19 situation. We are sharing the news with their wedding photos instead.""Take a look at the post:View this post on InstagramA post shared by VAST (@vast.ent)
 The note further read, ""Thank you from the bottom of my heart for the many blessings and warm support sent for their new beginning. Actors Hyun Bin and Son Ye Jin along with their agencies will continue to put in full effort to give back for the love received. Thank you.""Son Ye-jin is currently seen in the Netflix series Thirty-Nine. Recently, when she was asked about her first love, she said, ""My current love is my first love,"" The actress also thanked fans for their loving wishes on her engagement. ""I am just so thankful. I am not sure what to say about such a personal matter in my life, here at the press conference for the drama Thirty-Nine, but I feel that I am encountering such important events at the start of 2022, both as an actress and as a person, and so it almost feels like destiny. I have received so many congratulations from everyone, and so I want to take this opportunity to thank you all,"" she said during a press conference for Thirty-Nine.Congratulations, Hyun Bin and Son Ye-jinLive TVALSO READ | Crash Landing On You star Son Ye-jin says beau Hyun Bin is her first love",NA,https://www.indiatoday.in/binge-watch/story/crash-landing-on-you-couple-son-ye-jin-and-hyun-bin-are-married-see-inside-pics-and-videos-1931913-2022-03-31
5,binge-watch,Sharmaji Namkeen Movie Review: A fitting tribute to Rishi Kapoor,"(31, 3, 2022)","Like the title, Sharmaji Namkeen is deliciously savoury. Rishi Kapoor’s last film and one that he would have been very proud of, the story of a senior citizen whose desire to not let age defy his dreams, is a sweet story filled with several emotional moments that give acting stalwarts Rishi Kapoor and Paresh Rawal a chance to shine. Debutant director Hitesh Bhatia takes on the mammoth challenge of giving direction to a cast that boasts names like Paresh Rawal, Juhi Chawla and, of course, Rishi Kapoor. Fortunately, he doesn’t let these heavyweights bog him down with expectations and instead, plays to their strengths.

Sharmaji Namkeen isn’t original or different from what we have seen before. A story of aspirations and dreams and finding one's own voice in a crowd, where age plays an important role, has been done before. We have even seen the track of parental strife with their children as life goes on in many films. But, what makes this story of a retired senior citizen finding solace in his culinary skills as he attempts to give life a second chance interesting, is the lead performances by Paresh Rawal and Rishi Kapoor, who play Sharmaji. The seamless transition from one actor to another playing the same role is oddly smooth and doesn’t feel jarring.Watch the trailer of Sharmaji Namkeen here:The supporting cast, especially the kitty party brigade led by Juhi Chawla, brings those light-hearted sweet moments in places that sometimes feel heavy. As a film, Sharmaji is light. It goes beyond being just a tribute to Rishi Kapoor. Of course, each time Chintu ji fills up the frame in his trademark sweater, you can’t help but realise what a terrific actor we have lost. His love for cinema is unparalleled.Sharmaji Namkeen doesn’t need a rating. It is an opportunity for all of us to relive and celebrate the life of Rishi Kapoor, a star, a performer and an actor who, like Sharmaji, never let the digits under the age bracket define him.PS: Don’t miss the end credits and watch Rishi Kapoor’s bloopers, moments that we rarely get to witness.Live TVALSO READ | Ranbir Kapoor reveals he wanted to finish dad Rishi’s last film Sharmaji Namkeen using prosthetics. WatchALSO READ | Rishi Kapoor told Ranbir 'Tu acting achi kar leta hai but don’t do arty films next time' after BarfiNOW READ:Beast to KGF Chapter 2, South films and shows to watch in theatres and OTT in April 2022Alia Bhatt quashes rumours about being upset with RRR team, says she loved working with SS RajamouliRanbir Kapoor is grateful to Sharmaji Namkeen makers for completing his father's last workHeropanti 2 song Jalwanuma teaser out. Tiger Shroff, Tara Sutaria promise melody for aching hearts",NA,https://www.indiatoday.in/binge-watch/story/sharmaji-namkeen-movie-review-a-fitting-tribute-to-rishi-kapoor-1931815-2022-03-31
6,binge-watch,"Bridgerton star Simone Ashley confirms Season 3, says Kate and Anthony are just getting started","(31, 3, 2022)","Bridgerton Season 2 recently dropped on Netflix, making fans swoon over the amazing chemistry of Kate Sharma (Simone Ashley) and Anthony Bridgerton (Jonathan Bailey). And now, Simone has dropped another exciting update! The Viscount and the Viscountess Bridgerton will return for the show's Season 3. Simone Ashley also hinted that the third season's story will focus more on Kate and Anthony's married life, with an interesting twist. Well, we can't wait now!

BRIDGERTON IS COMING WITH SEASON 3!In an exclusive conversation with Deadline, Ashley said, “We’re going to be back! Kate and Anthony are just getting started. We have the amazing Jess Brownell who is taking the lead as showrunner in Season 3. In Season 2, there was a lot of push and pull between Kate and Anthony, there were complications with the family, and then they find each other towards the end. I think everything is just starting. I’d like to see Kate just let go a bit more and play more in Season 3 and kind of swim in that circle of love together. I think they both deserve it.”WHAT WILL THE STORY FOCUS ON?Even though viewers love the intense love connection between Kate and Anthony, Simone Ashley promises that the Viscountess will thrive on her own. She added, “She’s in charge of the household now and she’s got big boots to put on. I think she can do it. I want to keep that softness and vulnerability to Kate, for sure, and she can share that with Anthony. I’m just excited for her to have a home and to have a family. I’m excited to see her grow. I think I’d like to see Kate being much braver and less headstrong and more heart strong.”ABOUT BRIDGERTON SEASON 2Bridgerton Season 2 starts with Anthony pursuing Kate's younger sister Edwina (Charithra Chandran). While Kate tries to stop this match, the two become unlikely companions. Naturally, much drama ensues. Season 2 of Bridgerton premiered on Netflix on March 25, 2022.Live TVALSO READ I | Bridgerton Season 2 Review: Kate Sharma brings balls and beauty to epic Netflix series",NA,https://www.indiatoday.in/binge-watch/story/bridgerton-star-simone-ashley-confirms-season-3-says-kate-and-anthony-are-just-getting-started-1931808-2022-03-31
7,binge-watch,Crash Landing On You couple Son Ye-jin and Hyun Bin to marry today. See dreamy wedding photoshoot pics,"(31, 3, 2022)","Son Ye-jin and Hyun Bin, who worked together in the popular drama Crash Landing On You, are getting married today, March 31. The couple's agencies have shared wedding photos of the couple along with a note. A year ago, the couple publicly revealed that they were in a relationship.

Hyun Bin's agency shared photos from the wedding along with a note about the couple's wedding. In the picture, while Son Ye-jin was dressed in a pristine white flowy gown, Hyun Bin coordinated her in an all-white suit set. The note in Korean roughly translates to, ""This is VAST Entertainment. Today, actor Hyun Bin and actor Son Ye-jin got married. We took our first steps as a couple. We apologize for the fact that this ceremony will be held privately in consideration of the Covid-19 situation. We are sharing the news with their wedding photos instead.""Take a look at the post:View this post on InstagramA post shared by VAST (@vast.ent)
 The note further read, ""Thank you from the bottom of my heart for the many blessings and warm support sent for their new beginning. Actors Hyun Bin and Son Ye Jin along with their agencies will continue to put in full effort to give back for the love received. Thank you.""Son Ye-jin is currently seen in the Netflix series Thirty-Nine. Recently, when she was asked about her first love, she said, ""My current love is my first love,"" The actress also thanked fans for their loving wishes on her engagement. ""I am just so thankful. I am not sure what to say about such a personal matter in my life, here at the press conference for the drama Thirty-Nine, but I feel that I am encountering such important events at the start of 2022, both as an actress and as a person, and so it almost feels like destiny. I have received so many congratulations from everyone, and so I want to take this opportunity to thank you all,"" she said during a press conference for Thirty-Nine.Congratulations, Hyun Bin and Son Ye-jinLive TVALSO READ | Crash Landing On You star Son Ye-jin says beau Hyun Bin is her first love",NA,https://www.indiatoday.in/binge-watch/story/crash-landing-on-you-couple-son-ye-jin-and-hyun-bin-to-marry-today-see-dreamy-wedding-photoshoot-pics-1931776-2022-03-31
8,binge-watch,Rishi Kapoor told Ranbir 'Tu acting achi kar leta hai but don’t do arty films next time' after Barfi,"(31, 3, 2022)","Rishi Kapoor’s passing has left a huge void not just in the lives of his family members, but also in those who relished his work and enjoyed his performances. His last film, Sharmaji Namkeen, releases on Amazon Prime Video today, March 31, and is a fitting tribute to his acting legacy. As a special gesture to celebrate his dad's work and share some personal memories, Ranbir Kapoor recently did an exclusive interaction with IndiaToday.in, where he spoke about how harsh his father was about his work. Ranbir said that his dad didn’t somehow understand the choices he made.

DAD WAS A HARSH CRITIC: RANBIRSpeaking to IndiaToday.in, Ranbir said, ""Dad was a harsh critic. He never appreciated me in my face. I don’t think he understood my choices. He was always worried ki what is he doing. I remember on the 7th or 8th day of shoot of Saawariya, he came on set. You probably know the sets of Saawariya - they were such large, daunting sets - and Mr Bhansali (Sanjay Leela Bhansali) was the director. Dad took me to a corner and asked me several questions, starting with 'why is it so dark here?' I said, 'Papa, it is a story of nights'. He said 'it is such a huge set but where are the people?' I said 'Mr Bhansali is trying a different style and it is just two of us walking on the street'. He asked 'why is this bridge so low and why are you bending down and going from the boat?'""Don't miss #RanbirKapoor's tribute to his dad #RishiKapoor at 2:30 pm on #InDaClub, only on India Today TV. #Promo pic.twitter.com/BZuCEZwcG8— IndiaToday (@IndiaToday) March 31, 2022
Ranbir Kapoor went on, ""So, he asked me all these questions and I am wondering why is he asking me these questions. After 5 minutes, he took me to a corner and told my mother 'I don’t think this picture is going to work'. He said you cannot alienate people of place and time. And so, he had that instinct. But having said that, my father has never sat me down and given me tips on acting or told me 'you have to behave this way'. He always told me don’t take success to head and failure to heart. You have to work very hard. I have imbibed the qualities of chasing the process of being good at your work and being disciplined.""DAD SAID DON'T DO ART FILMS NEXT TIME: RANBIRTalking about the remarks Rishi made about his film choices, Ranbir added, ""He was very harsh. I remember even when he saw Barfi for the first time he called me. I am always nervous when my father called me after a film. He told me 'Haan tu acting achi kar leta hai (You act well) but don’t do arty films next time'.""Rishi Kapoor's reaction to Ranbir's Rockstar was also epic. Ranbir said, ""When he saw Rockstar, he called me and said 'woh ladki end mein marr gayi thi ya vaapas aa gayi (that girl died in the end or came back)?'""But Ranbir Kapoor's Sanju impressed Rishi. ""Of course, when Sanju was released, he was very proud that the film did well. He was proud of my work and I think that sense of acknowledgement from him means the world to me. Because being such a harsh critic of mine, when he finally liked something, it meant something. I will never forget it,"" reveals Ranbir.View this post on InstagramA post shared by amazon prime video IN (@primevideoin)
Ranbir, much like the rest of us, is looking forward to Rishi Kapoor's last film, Sharmaji Namkeen. The film is extra special because Paresh Rawal steps into Rishi's shoes to complete the project after the actor's demise in 2020. Sharmaji Namkeen, also starring Juhi Chawla is streaming on Amazon Prime Video now.Live TVALSO READ | Ranbir Kapoor reveals he wanted to finish dad Rishi’s last film Sharmaji Namkeen using prosthetics. WatchALSO READ | Not Alia Bhatt, Ranbir Kapoor's phone wallpaper is a happy picture of THIS person. Fans go awww",NA,https://www.indiatoday.in/binge-watch/story/rishi-kapoor-told-ranbir-tu-acting-achi-kar-leta-hai-but-dont-do-arty-films-next-time-after-barfi-sharmaji-namkeen-1931769-2022-03-31
9,binge-watch,Moon Knight Episode 1 Review: A refreshing departure from Marvel’s run-of-the-mill superhero stuff,"(30, 3, 2022)","A superhero with a mental health disorder? You read it right. Marvel’s latest offering in their favourite genre is a departure from what we have come to expect from the Mecca of superhero movies. Moon Knight’s directors - Mohamed Diab, Justin Benson and Aaron Moorhead - create a world that’s unlike any other Marvel movie we have seen in the recent past. Oscar Isaac plays a superhero with a dissociative identity disorder. We see him in two roles - one as the shy Steven who seems like a regular bloke working at the museum gift shop, and then as Marc, his other personality that’s triggered whenever there is some impending doom around him. Marc and Steven are like chalk and cheese and one can’t be whole without the other.

There is a lot of Egyptian folklore and cultural references throughout the first episode. Marc or Moon Knight’s wife, Layla El-Faouly, is played by actress May Calamawy. She is an archaeologist who is in on the big secret. Moon Knight’s nemesis is Harrow, played by the brilliant Ethan Hawke, who is hell bent on summoning forces that will cause mayhem.Watch the trailer of Moon Knight here:The first episode is a precursor to what to expect. It sets the tone for future events and presents a superhero who is utterly complex yet simple at the same time. Oscar Isaac is just terrific as Moon Knight and the way he alternates between these two personalities is simply brilliant.Moon Knight’s first episode is sensational stuff and is definitely worth your time. As a bonus, you also get to learn a lot about Egyptian culture and their Gods.Live TVALSO READ | All about Marvel's Moon Knight before series premieres on Disney+ HotstarALSO READ | Ethan Hawke signed Moon Knight without reading the script, reveals director Mohamed Diab",NA,https://www.indiatoday.in/binge-watch/story/moon-knight-episode-1-review-a-refreshing-departure-from-marvel-s-run-of-the-mill-superhero-stuff-1931477-2022-03-30
10,binge-watch,Abhishek Bachchan's Dasvi screened for inmates of Agra Central Jail. Watch,"(30, 3, 2022)","Abhishek Bachchan's upcoming film, Dasvi, was filmed at Agra Central Jail. On March 29, the film's first screening was held there and the Dasvi team got a great response from the guards and the inmates. While shooting for the film, Abhishek struck up a cordial relationship with a few of the inmates and even promised them an exclusive screening of the film. And on Tuesday, the actor fulfilled his commitment.

Abhishek Bachchan's Dasvi is set to premiere on Netflix and Jio Cinema on April 7. Abhishek along with his co-stars Yami Gautam, Nimrat Kaur and director Tushar Jalota returned to Agra Central Jail to screen Dasvi for around 2000 guards and inmates there.Abhishek Bachchan shared a video of the same and penned a sweet note on Instagram. He wrote, ""A promise is a promise!! Last night I managed to fulfil a commitment I made a year ago. The first screening of our film #Dasvi held for the guards and inmates of Agra Central Jail. We shot the film here. Their reactions are memories I will remember and cherish for a lifetime (sic).""Take a look atView this post on InstagramA post shared by Abhishek Bachchan (@bachchan)
At the Agra Central Jail, Abhsihek took a stroll and recalled the moments spent there. He was also seen pointing out where he shot the Macha Macha song and other scenes in Dasvi. The actor also donated books to the library of the Argra jail.Dasvi, presented by Jio Studios and Dinesh Vijan is a Maddock Films production. Directed by Tushar Jalota and produced by Dinesh Vijan and Bake My Cake Films, it will begin streaming on Jio Cinema and Netflix from April 7.Live TVALSO READ | Dasvi trailer out now. Abhishek Bachchan's Ganga Ram Chaudhary is a riot",NA,https://www.indiatoday.in/movies/bollywood/story/abhishek-bachchan-s-dasvi-screened-for-inmates-of-agra-central-jail-watch-1931385-2022-03-30
11,binge-watch,All about Marvel's Moon Knight before series premieres on Disney+ Hotstar,"(30, 3, 2022)","Marvel Studios' new web series Moon Knight premieres today, March 30, on Disney+ Hotstar. Written by Jeremy Slater, Moon Knight stars, Oscar Isaac, Ethan Hawke and May Calamawy. After Hawleye, Marvel Studios has returned with yet another action-packed, mind-bending, live-action series. This time Marvel is taking its fans on a journey of mystery, secrets and chaos with its latest superhero, Moon Knight. Directed by Mohamed Diab, Justin Benson and Aaron Moorhead, the web series is loaded with Egyptian mythology.

Moon Knight is unlike previous MCU heroes. He is much more complex and vengeful. The series stars Oscar Isaac as Steven Grant and mercenary Marc Spector AKA Moon Knight. Ethan Hawke plays the antagonist, Arthur Harrow, who is a religious zealot and a cult leader associated with the Egyptian god Ammit. Actress May Calamawy plays Layla El-Faouly, who is an archeologist and is connected to Spector's past.Moon Knight, which is touted to be intense, mysterious and thematically edgy, premieres today, March 30, on Disney+ Hotstar in English, Hindi, Tamil, Telugu and Malayalam.Here’s everything you need to know about Moon Knight:WHO IS MOON KNIGHT?Granted with Egyptian God, Khonshu’s ceremonial armour given to all of the God’s warriors through the centuries, Moon Knight is a vigilante who carries out his vengeance on earth. He has taken on Khonshu’s earthly avatar and his fist of vengeance. Moon Knight was granted his special powers by the Egyptian God of the Moon and the self-appointed God of Vengeance, Khonshu. Moon Knight fights all perceived injustices as he carries out Khonshu’s orders and delivers vengeance on Earth.Here' the trailer of Moon Knight:MOON KNIGHT'S ENTRY INTO MARVELThe character of Moon Knight made its first appearance in Marvel Comics in August 1975 in Werewolf by Night #32. The character was written by Dough Moench and illustrated by artist Don Perlin.ABOUT STEVEN GRANT AND MARC SPECTORIn real life, Moon Knight’s human name is Steven Grant, a mild-mannered gift-shop employee at the museum, who becomes plagued with blackouts and memories of another life. He is then diagnosed with dissociative identity disorder and shares a body with mercenary Marc Spector. Moon Knight exists as the alter-ego of Marc Spector. As Steven/Marc’s enemies converge upon them, they must navigate their complex identities while being thrust into a deadly mystery among the powerful gods of Egypt.Live TVALSO READ | Ethan Hawke signed Moon Knight without reading the script, reveals director Mohamed Diab",NA,https://www.indiatoday.in/binge-watch/story/all-about-marvel-s-moon-knight-before-series-premieres-on-disney-hotstar-1931316-2022-03-30
12,binge-watch,"Rishi Kapoor's Sharmaji Namkeen to Sushant Singh Rajput's Dil Bechara, posthumous Bollywood releases","(30, 3, 2022)","Celebrities who left us for their heavenly abode have also left a void in the industry that can never be filled. While all the work that they have done over the years will live on forever, it is their last project after their demise that is dearly remembered by the fans, more so because the artists themselves couldn't see it take its final shape. Late actor Rishi Kapoor's Sharmaji Namkeen is one such among many. He was shooting for his film Sharmaji Namkeen when he passed away due to leukaemia. His unfinished parts were completed by Paresh Rawal, who stepped into his shoes to play the lovable 60-year-old man in the film. As a mark of love and respect, the makers, however, also unveiled the first look of Rishi Kapoor from the film on his 69th birthday anniversary.

View this post on InstagramA post shared by amazon prime video IN (@primevideoin)
Sharmaji Nameen will premiere on Amazon Prime Video on March 31. Before that, here's looking at other films that were released posthumously in Bollywood.SUSHANT SINGH RAJPUT'S DIL BECHARAView this post on InstagramA post shared by Sanjana Sanghi (@sanjanasanghi96)
Sushant Singh Rajput is also one of the actors who passed away before his film, Dil Bechara, saw the light of the day. Released on Disney+ Hotstar on July 24, 2020, this was Sushant's last film that fans watched with teary eyes. Dil Bechara was the Hindi remake of the Hollywood film, The Fault In Our Stars, based on the book of the same name. Sushant played the role of Immanuel Rajkumar Junior AKA Manny. Despite suffering from bone cancer, his character is always shown as optimistic and motivated.IRRFAN'S MURDER AT TEESRI MANZIL 302Similarly, Irrfan’s last film, Murder at Teesri Manzil 302, was released on Zee5 a year after his demise in 2020. In the film, he played the role of Shekhar Sahyogi AKA Mr Chaand, an Indian handyman in Bangkok, who helps out fellow Indians with their chores. Irrfan passed away after fighting a long battle with neuroendocrine tumour. Despite his deteriorating health, he managed to complete the shoot of Angrezi Medium.SRIDEVI IN SHAH RUKH KHAN'S ZEROOne of the most loved actresses, Sridevi, appeared in a cameo in Shah Rukh Khan's Zero, released in theatres months after her sudden demise in February 2018. Sridevi played herself in a party sequence in the film and shared the screen with SRK.OM PURI IN SALMAN KHAN'S TUBELIGHTLate actor Om Puri was also among those who couldn't see his film take the final shape due to his demise in 2017. He, however, had shot for Salman Khan's Tubelight, which was released on the occasion of Eid the same year. He essayed the role of an orphanage caretaker.Viceroy's House, The Ghazi Attack, Gul Makai and Omprakash Zindabad are Om Puri's other posthumous films.RAJESH KHANNA'S RIYASATRajesh Khanna’s last film, Riyasat, was released two years after his death in 2012. He played the role of Godfather Don Saheb, who protects his city from people with bad intentions.SHAMMI KAPOOR IN RANBIR'S ROCKSTARLike Rajesh Khanna, 70s heartthrob Shammi Kapoor also couldn't see his last film take its final shape. Ranbir Kapoor’s Rockstar was his last film, which was released months after his death. He did a cameo and his character was named Ustad Jameel Khan.FAROOQUE SHAIKH IN YOUNGISTAN AND CHILDREN OF WARFarooque Shaikh had not one but two films that were released after his death in 2013. First was Youngistaan, co-starring Jackky Bhagnani. He essayed the role of Akbar Patel, secretary to the Prime Minister, who helps Jackky’s character in the film. The second film was a war drama, Children of War, where he portrayed the role of Mojid, a right-minded, well-to-do zamindar. Both his last films were released in 2014.Live TVALSO READ | When Rishi Kapoor screamed at Juhi Chawla on Sharmaji Namkeen shoot, actress remembersALSO READ | Rishi Kapoor's last film Sharmaji Namkeen to release on Amazon Prime Video on March 31",NA,https://www.indiatoday.in/movies/bollywood/story/rishi-kapoor-s-sharmaji-namkeen-to-sushant-singh-rajput-s-dil-bechara-posthumous-bollywood-releases-1931320-2022-03-30
