SN,category,headline,date,content,keywords,link
1,business,"Sensex rises 230 points, Nifty up at 17,222 | List of top gainers","(28, 3, 2022)","The Sensex and Nifty recovered from early losses on Monday to snap a three-session losing streak, as heavyweight banks clawed back lost ground, and Coal India and telecom major Bharti Airtel posted sharp gains.

The blue-chip NSE Nifty 50 index closed 0.4 per cent or 69 points higher at 17,222, while the S&P BSE Sensex rose 0.4 per cent or 231.29 points to 57,593.49.Both indexes had fallen 0.9 per cent in intraday trade, dragged down by heavyweight financials, after Shanghai announced a lockdown over the weekend to contain a spike in Covid-19 cases, stoking worries about a hit to global activity.The Nifty and the Sensex have recouped some losses triggered by the Ukraine war and resultant spike in oil prices, but are still negative for the year.TOP GAINERS SHARESThe Nifty Financial Services index closed 0.3 per cent higher after shedding 1.1 per cent during the session, with top private-sector lender HDFC Bank recovering from a 2 per cent drop to end a tad higher, as per a Reuters report.Coal India jumped 2.8 per cent after the miner said it meets 98 per cent of projected coal demand of power plants.Bharti Airtel jumped 3.3 per cent to its highest closing level since late November, and was the top percentage gainer on the Nifty.PVR climbed 3.4 per cent and INOX Leisure surged 11.3 per cent, after the companies said they would merge as the Covid-hit entertainment industry looks for ways to recover and minimise losses.Adani Total Gas climbed as much as 8.2 per cent after the company announced a foray into electric mobility. The stock ended 4.2 per cent higher.Gas distributor GAIL jumped 3 per cent after it said late on Friday that it was considering a share buyback plan.Meanwhile, Asian peers continued to face pressure, European shares gained as interest rate-sensitive stocks rose and hopes of a peace deal in the Ukraine crisis aided sentiment.ALSO READ | Bharat Bandh: What SBI, other bank customers need to know about bank strike",NA,https://www.indiatoday.in/business/story/sensex-rises-230-points-nifty-up-at-17-222-list-of-top-gainers-1930514-2022-03-28
2,business,Cancer cover in health insurance: 5 things you need to know,"(28, 3, 2022)","Cancer, though a deadly disease, can be cured if diagnosed timely, thanks to growing advancement in medical science and technology. It is no surprise that the treatment could be prolonged and expensive as it involves multiple diagnostic tests, radiation therapy, surgical procedures and/or chemotherapy sessions. The process is, no doubt, taxing on the patient as well as the family members. A large part of the financial woes can be mitigated by purchasing a health insurance plan with coverage for cancer.

Listed below are the top 5 things to know when looking for cancer cover in health insurance:1. Standalone Cancer Insurance v/s Regular Health Insurance: Most regular health insurance plans in India cover the insured for hospitalization expenses related to cancer treatment, either as part of the base policy or in the form of add-on riders.However, these plans may not necessarily take care of all non-hospital expenditure, which can compound to quite a substantial amount especially in the case of cancer treatment. The alternate option is to go for specific cancer insurance plans that provide wider coverage particularly for the treatment of this ailment.2. Lumpsum Payment v/s Reimbursement: The amount payable by the insurer could be a one-time fixed lumpsum payable upon diagnosis (as seen in most cancer insurance plans), or as a reimbursement of actual expenses incurred.3. Types of Cancers Covered: All health insurance plans do not cover all types of cancer by default. Even cancer-specific insurance plans would cover predetermined list as defined by the insurance company. Here, it is important to check the list of exclusions to ensure that any cancer of personal concern is not omitted for coverage.4. Stages of Cancer Covered: Again, the stages at which the cancer is covered would vary from plan-to-plan. Moreover, certain insurers also enlist the amount payable at each stage of detection, which is important to note.5. Limitation of Coverage / Benefit: Another crucial point to be aware of is whether the selected plan imposes any co-payment (i.e. to be borne by the policyholder) on the cost of cancer treatment, or any sub-limits i.e. upper cap on the amount payable by the insurance company.Additionally, a desirable policy feature is having Restoration or Reinstatement Benefit (refurbishment of Sum Insured on raising medical claim) for same disease treatment, as the treatment of cancer may involve multiple medical interventions.(The article is written by Vivek Narain, Health Insurance Specialist, SANA Insurance Brokers Pvt. Ltd. (SANA.Insure)",NA,https://www.indiatoday.in/business/story/cancer-cover-in-health-insurance-5-things-you-need-to-know-1930504-2022-03-28
3,business,Supertech insolvency: What will happen to flats | Top points,"(28, 3, 2022)","Nearly 11,000 homebuyers of Supertech's ongoing housing projects in the national capital region (NCR) are trying to ascertain what will happen to their flats now after the real estate developer was declared bankrupt by the National Company Law Tribunal (NCLT).

Acting on a petition filed by the Union Bank of India for non-payment of around Rs 432 crore worth dues, the bankruptcy court ordered the initiation of insolvency proceedings or Corporate Insolvency Resolution Process (CIRP) against real estate firm Supertech Ltd, one of the companies of Supertech group.The NCLT said ""there has been a default in payment of the financial debt"" and appointed Hitesh Goyal as the Interim Resolution Professional (IRP) superseding the board of Supertech Ltd, according to PTI report.SUPERTECH BUYERSSupertech Ltd has 38,041 customers and out of them, homes have been delivered to 27,111 people. As many as 10,930 homes are yet to be delivered and among them, over 70 per cent of construction is complete with respect to over 8,000 homes, according to Supertech Group Managing Director Mohit Arora, the PTI report says.Supertech Group said it would challenge the order before the National Company Law Appellate Tribunal (NCLAT). However, it also added the NCLT order will not affect the operations of other companies of the Supertech Group.The NCLT order will not impact the construction at all ongoing projects or operation of the company and ""we are committed to giving delivery of units to allottees,"" it said.Arora said, ""there are around 11-12 housing projects in the Supertech Ltd against which insolvency proceedings have been initiated. Around 90 per cent of these projects are completed.""The projects that will be impacted include Eco Village I, II and III in Greater Noida (West), known as Noida Extension, as well as the Emerald Court project, which houses the twin towers, according to a PTI report.The debt of Supertech Ltd is around Rs 1,200 crore, including nearly Rs 150 crore loans from Union Bank of India, he added.According to Arora, there are three-four other companies in the group that are developing many projects across Delhi-NCR, including luxury project Supernova.The default pertains to the loan given by Union Bank of India to Eco Village II project at Greater Noida (West) in Uttar Pradesh, which was being developed at a cost of Rs 1,106.45 crore.SETBACK FOR SUPERTECHThe tribunal has also directed the IRP to make a public announcement in this regard and declared a moratorium against the company as per the provision of the Insolvency & Bankruptcy Code.Moratorium will continue till a resolution plan is approved and during that period no new cases or claims can be filed against the company in any court of law, tribunal, arbitration panel or any other authority.Apart from this, Supertech is also barred from transferring, encumbering, alienating, or disposing of any assets.This is the second major setback for Noida-based developers in the last one year.On August 31 last year, the Supreme Court had ordered the demolition of Supertech Ltd's twin 40-storeyed towers, which are part of the under-construction Emerald Court project in Noida for violation of building norms.SUPERTECH IS NOT ALONEMany real estate companies are facing insolvency proceedings including Jaypee Infratech and Mumbai-based HDIL.Amrapali group and Unitech group have also defaulted in delivering many projects, particularly in Delhi-NCR, affecting thousands of homebuyers.The government has taken over the management control of Unitech, while NBCC under the supervision of the apex court is completing stalled projects of Amrapali.ALSO READ | Supertech declared insolvent by company law tribunal",NA,https://www.indiatoday.in/business/story/supertech-insolvency-what-will-happen-to-flats-top-points-1930491-2022-03-28
4,business,Dharampal Satyapal group's headquarters gets LEED award for green building,"(28, 3, 2022)","The Dharampal Satyapal Group (DS Group)'s headquarters has been awarded Leadership in Energy and Environmental Design (LEED) Platinum certification, under the US Green Building Council (USGBC) for being a green building.

The DS Group Headquarters (DSHQ), situated in the national capital region (NCR) houses the Corporate office, an R&D centre and state-of-art manufacturing facilities for confectionery, flavours and fragrances and edible gold and silver embellishments.""DSHQ is the leader amongst all LEED v4 O&M existing Buildings worldwide for two consecutive years and still holds the highest number of credits amongst existing green building projects clearly making it a global leader. LEED is a globally recognized symbol of sustainability excellence, signifying that a building is lowering carbon emissions, conserving resources and reducing operating costs, while prioritizing sustainable practices,"" The DS Group said in a statement.The Group’s portfolio is extensive and diverse with presence in Mouth Freshener, Food and Beverage, Confectionery, Hospitality, Agri, Luxury Retail, Tobacco businesses and also other investments. Rajnigandha, Catch, Pulse, FRU, Maze, Ksheer, Pass Pass, BABA, Tulsi, L’Opera, Le Marche, Birthright, The Manu Maharani and Namah are some of the leading brands.LEED evaluates green buildings worldwide on seven credit categories, which are then awarded points by USGBC. Significant work has been done by the Group in seven areas to earn the credits.Seven areas are location and transportaion, sustainable sites, water efficiency, energy and atmosphere, indoor environment quality, and innovation in design process and regional priority.""In the pursuit of improved prospects for the future generations and safeguard our resources, we work to balance environmental, societal and economic considerations. Our sustainability initiatives are spread across the country and in area of energy management, water management, material conservation, recycling and waste management. This aligns our business, social and environmental objectives to make significant contribution to the society and the country. This fulfils our ethos of responsible growth, while delivering superior value to all our stakeholders,"" the Group’s Vice Chairman Rajiv Kumar stated.",NA,https://www.indiatoday.in/business/story/dharampal-satyapal-group-s-headquarters-get-leed-award-for-green-building-1930461-2022-03-28
5,business,"Ruchi Soya FPO last day: subscription status, price band, top things to Know","(28, 3, 2022)","Baba Ramdev's Patanjali-backed Ruchi Soya Industries' follow-on public offering (FPO) enters its last day on Monday. The FPO, which opened on March 24, has been subscribed over two times.

RUCHI SOYA FPO PRICE BANDRuchi Soya FPO price band was fixed at Rs 615 to Rs 650 per equity share.The IPO has a face value of Rs 2 per equity share.The FPO has a market lot of 21 shares and a minimum order quantity of 21 shares.A retail-individual investor can apply for up to 14 lots or 294 shares.Ruchi Soya FPO has an issue size of Rs 4,300 crore.Shares allotted in the Qualified Institutional Buyers (QIBs) category amount to 50 per cent, in the retail category up to 35 per cent and the non-Institutional category up to 15 per cent.RUCHI SOYA FPO SUBSCRIPTIONThe Ruchi Soya FPO has been subscribed 1.04 times in the QIB category, 7.42 times in the NII category, 0.69 times in the Retail category, 6.72 times in the employee segment, and overall 2.23 times.ALSO READ | Ruchi Soya will be debt-free by next month, says Baba Ramdev",NA,https://www.indiatoday.in/business/story/ruchi-soya-fpo-last-day-subscription-status-price-band-top-things-to-know-1930447-2022-03-28
6,business,"Veranda learning IPO: Subscription date to price band, all you need to know","(28, 3, 2022)","Veranda learning solutions initial public offering (IPO) is opening for subscriptions on Tuesday, ahead of the ending of the ongoing financial year. While there is no announcement regarding the launch date of Life Insurance Corporation of India's (LIC) IPO, investors are getting an opportunity to try their luck on the initial share sale of Veranda learning solutions.

Veranda Learning Solutions Limited is a coaching service provider for government service examinations.VERANDA LEARNING IPO DATEThe initial public offering (IPO) of Veranda Learning Solutions Limited is opening for subscription on March 29, Tuesday.The three-day process will close on March 31.VERANDA LEARNING IPO PRICE, DETAILSThe IPO price has been fixed between Rs 130 and Rs 137 per equity share.It has a market lot of 100 shares and a minimum order quantity of 100 shares.A retail-individual investor can apply for up to 14 lots or 1400 shares.Veranda learning IPO issue size is Rs 200 crore. There will be fresh issue of shares up to Rs 200 crore.Shares offered in Qualified Institutional Buyers (QIBs) amount to 75 per cent, in the retail category are up to 10 per cent, and in Non-Institutional Investor (NII) category amount to 15 per cent.ALSO READ | PVR, INOX share prices jump to record high after merger announcement | Check latest",NA,https://www.indiatoday.in/business/story/veranda-learning-ipo-subscription-date-to-price-band-1930401-2022-03-28
7,business,Why did PVR and Inox merge? Answer lies in rise of OTT platforms,"(28, 3, 2022)","PVR Limited and INOX Leisure Limited have announced a merger with an aim to create a giant cinema operator with a network of more than 1,500 screens across 109 cities.

""The Board of Directors of PVR Limited (PVR) and the Board of Directors of INOX Leisure Limited (INOX),at their respective meetings held today, have approved an all stock amalgamation of INOX with PVR,"" PVR said in a BSE filing.PVR-INOX MERGER DEALThe merger is subject to approval of the shareholders of PVR and INOX respectively, stock exchanges, SEBI and such other regulatory nod.Post the merger, the combined entity will be named as PVR INOX Limited with branding of existing screens to continue as PVR and INOX respectively. New cinemas opened post the merger will be branded as PVR INOX.WHY THIS DEAL?With PVR currently operating 871 screens across 181 properties in 73 cities and INOX operating 675 screens across 160 properties in 72 cities, the combined entity will become the largest film exhibition company in India operating 1546 screens across 341 properties across 109 cities.The combination would augur well for the growth of the Indian cinema exhibition industry, besides ensuring tremendous value creation for all stakeholders, including customers, real estate developers, content producers, technology service providers, the state exchequer and above all, the employees, PVR said in a statement.OTT FACTORDuring the Covid-19 pandemic when cinema halls were closed, over-the-top (OTT) platforms with deep pockets such as Amazon Prime Video, Disney-Hotstar, and Netflix made deep inroads in India and now command sizeable subscribers.While strongly countering the adversities posed by the advent of various OTT platforms and the after-effects of the pandemic, the combined entity would also work towards taking world-class cinema experience closer to the consumers in Tier 2 and 3 markets, PVR said in the statement.""This is a momentous occasion that brings together two companies with significantly complementary strengths. The partnership of these two brands will put consumer at the center of its vision and deliver an unparalleled movie going experience to them,"" Ajay Bijli, Chairman and Managing Director of PVR said.""The film exhibition sector has been one of the worst impacted sectors on account of the pandemic and creating scale to achieve efficiencies is critical for the long term survival of the business and fight the onslaught of digital OTT platforms,"" Bijli said.ALSO READ | Bharat Bandh: What SBI, other bank customers need to know about bank strike",NA,https://www.indiatoday.in/business/story/pvr-inox-merger-rise-of-ott-platforms-amazon-prime-hotstar-netflix-1930376-2022-03-28
8,business,Bitcoin price rises to 3-month high | Check latest details,"(28, 3, 2022)","Bitcoin price on Monday crossed $47,000-market to hit a three-month high as the global cryptocurrency market was trading in green, according to data on the CoinDesk website.

Other popular cryptocurrencies, including Ethereum, extended gains on the share market.BITCOIN PRICE TODAYThe world's largest cryptocurrency by market capitalization, Bitcoin's price jumped 5.38 per cent to $47,062.Bitcoin gained around 12 per cent in one week.The second largest cryptocurrency, Ethereum, rose 5.44 per cent to $3,318.""Bitcoin hovered above US$46,000, breaking the three-month-long downward trend in the past 24 hours. BTC and ETH are up by nearly 15 per cent and 16 per cent over the past week, currently trading at US$46,000 and US$3,300 levels. BTC’s support lies between US$40,000 to US$42,000, while the resistance holds at US$50,000,"" Edul Patel, CEO and Co-founder of Mudrex, said.CRYPTOCURRENCY PRICES LATESTXRP extended 3.93 per cent, Terra was up 4.59 per cent, Solana rose by 7.95 per cent, Cardano was up 4.02 per cent, Avalanche rose by 5.65 per cent, Polkadot gained 7.17 per cent.Other popular alt coins such as Dogecoin and Shiba Inu rose by over 6 per cent respectively.""According to the market cap, major altcoins are also running in green. VeChain, Convex Finance, Holo and Filecoin have witnessed nearly 59 per cent, 57 per cent, 56 per cent, and 41 per cent of them over the past week. The coming week would be crucial for the crypto market,"" Patel said.ALSO READ | Bharat Bandh: What SBI, other bank customers need to know about bank strike",NA,https://www.indiatoday.in/business/story/bitcoin-price-rises-to-3-month-high-check-latest-details-1930342-2022-03-28
9,business,"Bharat Bandh: What SBI, other bank customers need to know about bank strike","(28, 3, 2022)","Banking services were partially hit on Monday due to Bharat bandh and the bank strike. A section of employees did not report for duty today in support of the two-day nationwide general strike called by central trade unions, according to a PTI report.

The bank strike is scheduled to continue tomorrow.GOVERNMENT BANKSTransactions at many public sector banks have been impacted as employees have not reported for duty. Besides, there might be a delay in cheque clearances and government treasury operation might also be affected by the strike.The impact of the strike is prominent in eastern India as many branches of public sector banks there are closed, All India Bank Employees' Association (AIBEA) General Secretary C H Venkatachalam said.In the other regions, branches are open as officers are present but services are being impacted due to many employees participating in the strike, he said.PRIVATE BANKSHowever, there was hardly any impact on the functioning of private sector banks such as HDFC Bank, ICICI Bank, Axis Bank and others, according to the PTI report.WHY BANK STRIKE, BHARAT BANDH?Bank unions are protesting against the government's move to privatise two public sector banks as announced in Budget 2021-22. They are also demanding an increase in interest rate on deposits and reduction in service charges.Besides AIBEA, Bank Employees Federation of India (BEFI) and All India Bank Officers' Association (AIBOA) are also part of the two-day strike call given by the joint forum of central trade unions and various sectoral independent trade unions to protest against government's anti-people economic policies and anti-worker labour policies, according to the PTI report.All Indian Trade Union Congress (AITUC), Centre of Indian Trade Unions (CITU) and Indian National Trade Union Congress (INTUC), among others are demanding scrapping of the proposed changes in labour laws and privatisation in any form.Increased allocation of wages under MNREGA (Mahatma Gandhi Rural Employment Guarantee Act) and regularisation of contract workers are also part of their demands.STATE BANK OF INDIAMost of the banks, including State Bank of India (SBI), had informed their customers about the proposed strike and the likely impact on the services in advance.""We have been advised by the lndian Banks'Association (lBA) that All lndia Bank Employees' Association (AIBEA), Bank Employees Federation of lndia (BEFI) and All lndia Bank Officers' Association (AIBOA) have served a Notice, informing their decision to go on a nationwide Bank Strike on 28th & 29th March, 2022,"" SBI said in a BSE filing.""We advise that while the Bank has made necessary arrangements to ensure normal functioning in its branches and offices on the days of Strike, it is likely that work in our Bank may be impacted to a limited extent, by the Strike,"" SBI said in a statement.ALSO READ | PVR, INOX share prices jump to record high after merger announcement | Check latest",NA,https://www.indiatoday.in/business/story/bharat-bandh-bank-strike-latest-news-march-2022-date-sbi-hdfc-icici-axis-1930323-2022-03-28
10,business,"PVR, INOX share prices jump to record high after merger announcement | Check latest","(28, 3, 2022)","Share prices of PVR and INOX jumped to a record high on Monday after the country's two largest multiplex firms had announced a merger. While the PVR share price soared 10 per cent and INOX's share price jumped 20 per cent to a record high, according to a Reuters report.

PVR and INOX said on Sunday that the merger, which is subject to regulatory approvals, would help both companies improve efficiency, reach newer markets and optimise cost. The merger would create a giant cinema operator with more than 1,500 screens across 109 cities.PVR SHARE PRICEYou can check the latest PVR share price on BSE at - https://www.bseindia.com/stock-share-price/pvr-ltd/pvr/532689/To check PVR share on NSE, you need to visit - https://www.nseindia.com/get-quotes/equity?symbol=PVRINOX SHARE PRICEInox share price on BSE can be checked at https://www.bseindia.com/stock-share-price/inox-leisure-ltd/inoxleisur/532706/.The share price of Inox on NSE can be checked at https://www.nseindia.com/get-quotes/equity?symbol=INOXLEISUR .PVR-INOX MERGERThe announcement came the entertainment industry recovers from the Covid-19 pandemic.""The film exhibition sector has been one of the worst impacted sectors on account of the pandemic and creating scale to achieve efficiencies is critical for the long-term survival of the business and fight the onslaught of digital OTT platforms,"" PVR Chairman Ajay Bijli said in a press release.Over-the-top, or OTT, platforms such as Disney-Hotstar, Amazon Prime Video, and Netflix have made deep inroads in India.PVR is India's largest multiplex chain with more than 850 screens, followed by INOX Leisure with about 650 screens.The merger follows a two-year period when most theatres were shut due to pandemic-induced restrictions.ALSO READ | Petrol price nears Rs 100 mark in Delhi as fuel rates see sixth hike in last seven days. Check rates",NA,https://www.indiatoday.in/business/story/pvr-inox-share-price-bse-nse-merger-latest-1930299-2022-03-28
11,business,"Sensex drops 380 points, Nifty slips to 17,044 | Check top performing stocks","(28, 3, 2022)","The Sensex and Nifty dropped in early morning trade on Monday after being pinned down by heavyweight financial stocks. The share market is trading in the red as shares edged lower for a fourth straight session.

The benchmark S&P BSE Sensex slipped 0.67 per cent or 382.17 points to 56,980.03, the blue-chip NSE Nifty 50 index was down 0.63 per cent or 108.35 points at 17,044.65, according to data from BSE India and NSE India websites.Broader Asian markets were also under pressure after China's financial hub of Shanghai announced a coronavirus lockdown, spurring worries about a hit to global activity.STOCKS IN FOCUSMultiplex firms PVR and INOX Leisure surged after announcing a merger.PVR jumped as much as 10 per cent and INOX Leisure soared 20 per cent to a record high after announcing the merger to create a giant cinema operator with more than 1,500 screens.Top private-sector lender HDFC Bank slid 1.9 per cent, while mortgage lender HDFC Ltd fell 1.7 per cent.ALSO READ | Multiplex giants PVR, INOX announce merger; combined entity to run over 1500 screens across India",NA,https://www.indiatoday.in/business/story/sensex-drops-380-points-nifty-slips-to-17-044-top-performing-stocks-shares-1930285-2022-03-28
12,business,"Gold, silver prices today: Precious metals witness dip on MCX | Check latest rates here","(28, 3, 2022)","Both gold and silver are trading on the lower side of the Multi Commodity Exchange (MCX) on Monday, March 28, 2022.

Witnessing a marginal drop of Rs 157 or 0.30 per cent, gold futures maturing on April 5, 2022, are retailing at Rs 51,784 per 10 grams on the MCX.Meanwhile, the rate of silver futures, maturing on May 5, 2022, stood at Rs 68,566 per kg, recording a drop of 0.58 per cent or Rs 401.Notably, the prices of gold and silver stood at Rs 51,876 per 10 grams and Rs 68,836 per kg respectively when the market closed on March 25.Gold and silver prices on the international market:As per Reuters, gold prices fell on Monday as hopes of progress in Russia-Ukraine peace talks to be held this week dented safe-haven demand for bullion, while a stronger U.S. dollar and higher yields further weighed on the metal.As per the latest metal report, spot gold fell 0.5 percent to $1,947.90 per ounce. Meanwhile , U.S. gold futures were down 0.2 percent at $1,949.70.In addition to this, spot silver fell 1.2 percent to $25.21 per ounce, among other metals.Gold and silver prices in major Indian cities:CITYGOLD (per 10 grams, 22 carats) SILVER (per kg) NEW DELHI Rs 48,200Rs 68,900MUMBAIRs 48,200Rs 68,900KOLKATARs 48,200Rs 68,900CHENNAIRs 48,440Rs 73,400READ MORE| Petrol price nears Rs 100 mark in Delhi as fuel rates see sixth hike in last seven days. Check rates",NA,https://www.indiatoday.in/business/story/gold-silver-prices-today-precious-metals-witness-dip-mcx-latest-rates-march-28-gold-rate-1930274-2022-03-28
