SN,category,headline,date,content,keywords,link
1,business,Risk and returns in investment: Things to keep in mind,"(5, 4, 2022)","Outside my apartment building in Mumbai there is a wall with some graffiti on it. Besides the usual stuff which is not worth repeating, someone had declared ""NFTs are bad investments"". A few weeks later either the same person or someone else overwrote on it, so now it reads ""NFTs are good investments"".

Without getting in to NFTs specifically, the point is that good or bad investments are often judged by only one thing returns. But really that’s only one side of the coin. Risk is the often ignored but equally important element of investing. It’s probably ignored because its notoriously hard to measure and humans famously prefer cognitive ease.There really is no one-size-fits-all type asset allocation. Age, risk appetite (and other behavioural factors), personal finances and circumstances are all important building blocks for the right mix. So, an investment idea you picked up on a WhatsApp, even if it is recommended earnestly, may not be right for you.A sound asset allocation ensures an investor has exposure to multiple asset classes that are not correlated with each other. Most investors are typically overexposed to 1-2 asset classes in India those are usually real estate / fixed deposits and gold.The first thing to keep in mind is to determine the appropriate asset allocation and next one, which is much harder, is to make sure you have the discipline to stick to that framework.I think something that’s really important to guard against in these times is recency bias and FOMO.""Modern humanity is sick with FOMO Fear of Missing Out and though we have more choice than ever before, we have lost the ability to really pay attention to whatever we choose."" Yuval Noah Harari.In poker, if a player has a bad beat and loses a round despite having strong cards, there is this tendency to play “on tilt”. “On tilt” simply means that the player plays recklessly because they have been biased by this bad beat. And the thing is, “on tilt” can also happen in the opposite situation that is if the player won a hand due to great luck.Similarly, if someone you know or you make great money on a hot IPO / stock / cryptocurrency, don’t invest “on tilt” and pile in to the next one without considering its merits and risks.(The article is written by Atanuu Agarrwal, Co-Founder, Upside AI)ALSO READ | HDFC merger: From 2nd largest company to chasing SBI, HDFC Bank aiming for jackpot",NA,https://www.indiatoday.in/business/story/risk-and-returns-in-investment-things-to-keep-in-mind-1933727-2022-04-05
2,business,"Household budgets on rise as petrol-diesel to vegetable, oil, milk prices spike","(5, 4, 2022)","Prices of petrol, diesel, vegetables, oil, milk and other essential commodities have gone up rapidly across the country. The spurt in prices has triggered inflation fears and is putting a burden on common people.

This comes as the ongoing war between Russia and Ukraine has resulted in a steep increase in international oil and gas prices.VEGETABLE, RICE PRICES RISEThere has been a sharp hike in vegetable prices. Prices of tomatoes, pumpkin, chilli, radish, and gourd have gone up rapidly, according to an ANI report. Vegetable vendors and traders have cited price hikes as the prime reason behind this sudden increase in vegetable prices.Price rise is also having a negative impact on the demand for chicken, cooking oil and branded basmati rice. While the global price of basmati rice has escalated, the rates of regional varieties have gone up, according to an Economic Times report.EDIBLE OIL The country, which is dependent on the imports of edible oil to meet over 60 per cent of its domestic demand, has seen a sharp rise in retail prices of various types of cooking oils in the last couple of months due to the global geopolitical situation. The prices have continued to rule firm despite several government measures, as per a PTI report.The average retail price of sunflower oil rose as high as Rs 184.58 per kg as on April 4 compared to the rate of Rs 161.71 a kg on January 1 this year.Similarly, the average retail price of soyabean oil has increased to Rs 162.13 per kg from Rs 148.59 per kg, while that of palm oil has risen to Rs 151.59 per kg from Rs 128.28 per kg in the said period.Mustard oil saw an increase of Rs 2.78 per kg to hit Rs 188.54 in the said period.PETROL, DIESEL, LPG GASPetrol and diesel prices were on Tuesday hiked by 80-85 paise a litre each, taking the total increase in rates in the last two weeks to more than Rs 9.20 per litre.This is the 13th increase in prices since the ending of a four-and-half-month-long hiatus in rate revision on March 22.On March 22, the domestic LPG gas price was increased by Rs 50 per cylinder.MILKMilk prices have already been hiked by Amul, Parag and others.INFLATIONThe Reserve Bank of India (RBI) is likely to maintain the status quo on interest rates in its forthcoming monetary policy review but may change its stance in view of retail inflation piercing its upper tolerance limit, PTI reported, quoting experts.The RBI Governor-headed rate setting panel -- Monetary Policy Committee (MPC) -- will be holding its first meeting of the 2022-23 fiscal from April 6 to 8. The outcome will be announced on April 8.Chief Economist of ICRA Limited Aditi Nayar said in the April 2022 policy review, the MPC is expected to revise up its Consumer Price Index-based inflation forecast.READ ALSO | HDFC merger: From 2nd largest company to chasing SBI, HDFC Bank aiming for jackpot",NA,https://www.indiatoday.in/business/story/household-budgets-on-rise-as-petrol-diesel-to-vegetable-oil-milk-prices-spike-1933716-2022-04-05
3,business,"Bitcoin price down below $47,000-mark | Check latest cryptocurrency updates","(5, 4, 2022)","Bitcoin's price on Tuesday hovered below the $47,000-mark. Ethereum was flat as the global cryptocurrency market remained volatile, according to data on CoinDesk.

The world's largest cryptocurrency by market capitalisation, Bitcoin was up by 1.67 per cent to $46,828. Ethereum was up by 0.98 per cent to $3,527.Terra share price gained 2.35 per cent to $116, XRP was down by 0.30 per cent, Solana fell 1.15 per cent, Cardano was up by 2 per cent.Other popular alt coin Dogecoin was up by 4.22 per cent, and Shiba Inu made gains of 0.29 per cent.""The cryptocurrency spectrum remained largely range-bound over the past 24 hours. The largest altcoin, Ether, seems to be in a solid uptrend with the ‘Merge’ coming closer,"" Edul Patel, CEO and Co-founder of Mudrex, said.""Although the price of ETH doesn’t seem to have priced in this upgrade yet, the technical charts look solid. Altcoin holders would definitely be closely tracking the movement in ETH,"" Patel said.ALSO READ | Mukesh Ambani vs Gautam Adani: Who is winning see-saw battle of fortune?",NA,https://www.indiatoday.in/business/story/bitcoin-price-down-below-47-000-mark-check-latest-cryptocurrency-updates-1933673-2022-04-05
4,business,"HDFC merger: From 2nd largest company to chasing SBI, HDFC Bank aiming for jackpot","(5, 4, 2022)","HDFC Bank and HDFC ltd have announced a merger process in a USD 40 billion deal which will create a financial services titan. The merger between India's most valuable private lender and the country's largest mortgage lender is the largest transaction in the nation's corporate history.

HDFC Chairman Deepak Parekh termed it as a 'merger of equals', which will also benefit the economy as a larger balance sheet and capital base will allow a greater flow of credit into various sectors.HDFC VS TCS, RELIANCEThe merger of HDFC Bank and HDFC Ltd could create the second largest company in India by market capitalisation, leaving behind Tata Consultancy Services (TCS), the crown jewel of the Tata group.The HDFC twins now have a combined m-cap of Rs 13.99 lakh crore, exceeding Rs 13.94 lakh crore of TCS, according to a PTI report.Reliance Industries remains India's largest company by a huge margin, with its market cap standing at Rs 18 lakh crore.HDFC VALUATONThe proposed entity will have a combined asset base of around Rs 18 lakh crore. The merger is expected to be completed by the second or third quarter of FY24, subject to regulatory approvals.The combined balance sheet will be Rs 17.87 lakh crore and the net worth will be Rs 3.3 lakh crore, as of December 2021 balance sheet.HDFC Bank chief executive and managing director Sashidhar Jagdishan said the value of the proposed deal is USD 40 billion.""The value of HDFC is USD 60 billion. If you strip off the portion of their (HDFC) holding in us (HDFC Bank), it comes to USD 40 billion and that's the value of the deal,"" Jagdishan told reporters.HDFC VS SBI, ICICI BANKAbsorbing HDFC Ltd will help HDFC Bank narrow the gap with bigger rival State Bank of India (SBI) and help it expand its home loan portfolio as well as open up the scope for larger loans by building on its 6.8 crore customer base, according to the PTI report.The merger could improve HDFC Bank's earnings over the next three to five years, said S&P Global Ratings, solidifying its ranking as the second-largest bank in India, twice the size of number three ICICI Bank Ltd, according to PTI report.It will raise HDFC Bank's loans by 42 per cent to around Rs 18 lakh crore (USD 237 billion), and increase the market share to about 15 per cent, from 11 per cent now, the PTI report says.This is the second reverse merger in the banking sector after ICICI Ltd did a similar amalgamation with its banking arm ICICI Bank in October 2001.ALSO READ | Mukesh Ambani vs Gautam Adani: Who is winning see-saw battle of fortune?",NA,https://www.indiatoday.in/business/story/hdfc-merger-with-hdfc-bank-sbi-icici-tcs-reliance-1933669-2022-04-05
5,business,Veranda Learning Solutions IPO share allotment: How to check application status,"(5, 4, 2022)","The share Allotment for Veranda Learning Solutions Initial Public Offering (IPO) is likely to be known today. Those who subscribed to the IPO must check their application status to ascertain whether they have been allotted shares or not.

Veranda Learning Solutions IPO opened for subscription on March 29 and will close on March 31.VERANDA LEARNING SOLUTIONS IPO ALLOTMENTInvestors can check their application status at the BSE website - https://www.bseindia.com/investors/appli_check.aspx .You need to go to the ""Status of Issue Application"" section to check the status of your application.You need to enter a few details such as - Issue Type, Issue Name, Application Number, and Permanent Account Number (PAN).VERANDA LEARNING IPO DETAILSVeranda Learning Solutions Limited, which offers offline and online coaching services, has launched its IPO.It has a face value of Rs 10 per equity share.The IPO price has been fixed between Rs 130 to Rs 137 per equity share.The IPO has a market lot of 100 shares and a minimum order quantity of 100 shares.The IPO was subscribed 3.53 times overall. The public issue was subscribed 2.02 times in the qualified institutional buyer (QIB) category, 3.87 times in the non-institutional investors (NII) segment, and 10.76 times in the retail segment.ALSO READ | Mukesh Ambani vs Gautam Adani: Who is winning see-saw battle of fortune?",NA,https://www.indiatoday.in/business/story/veranda-learning-solutions-ipo-share-allotment-status-check-bse-link-1933637-2022-04-05
6,business,"Sensex drops 200 points, Nifty down to 17,992 amid inflation worries","(5, 4, 2022)","Sensex and Nifty dropped in early morning trade on Tuesday, as heavyweight financial stocks slipped, while fresh inflation worries due to rising global crude prices also weighed on sentiment.

The equity benchmark S&P BSE Sensex fell 0.34 per cent or 203.63 points to 60,408.11, the NSE Nifty 50 index was down 0.34 per cent or 61.35 points at 17,992.05.The Nifty bank index fell 0.7 per cent, while the finance index dropped 0.84 per cent. Both the indexes had gained more than 4 per cent on Monday.Brent crude prices jumped on persistent supply worries globally, lifting Oil and Natural Gas Corp up 1.7 per cent.Power Grid and NTPC Ltd gained 1 per cent each on rising power demand due to hotter weather.On Monday, the Sensex vaulted 1,335 points while the Nifty shot past the 18,000-mark, fuelled by index heavyweights HDFC twins which soared almost 10 per cent after announcing corporate India's biggest merger.The 30-share BSE Sensex darted up 1,335.05 points or 2.25 per cent to close at an over two-month high of 60,611.74. Likewise, the broader NSE Nifty jumped 382.95 points or 2.17 per cent to 18,053.40.ALSO READ | Mukesh Ambani vs Gautam Adani: Who is winning see-saw battle of fortune?",NA,https://www.indiatoday.in/business/story/sensex-drops-200-points-nifty-down-to-17-992-amid-inflation-worries-1933617-2022-04-05
7,business,"Gold, silver prices today: Precious metals witness dip on MCX | Check latest rates here","(5, 4, 2022)","Both gold and silver are trading on the lower side of the Multi Commodity Exchange (MCX) on Tuesday, April 5, 2022.

Witnessing a marginal drop of Rs 23 or 0.04 per cent, gold futures maturing on June 3, 2022, are retailing at Rs 51,520 per 10 grams on the MCX.Meanwhile, the rate of silver futures, maturing on May 5, 2022, stood at Rs 66,257 per kg, recording a drop of 0.13 per cent or Rs 89.Notably, the prices of gold and silver stood at Rs 51,533 per 10 grams and Rs 66,295 per kg respectively when the market closed on April 4.GOLD AND SILVER PRICES ON THE INTERNATIONAL MARKETAs per Reuters, gold inched lower on Tuesday as the U.S dollar held firm on rising prospects of more Russian sanctions, and bigger interest-rate hikes by the Federal Reserve to rein in inflation.As per the latest metal report, spot gold was down 0.2 percent at $1,929.60 per ounce. Meanwhile, U.S. gold futures were flat at $1,933.60.In addition to this, spot silver edged 0.1 percent lower to $24.48 per ounce.PRICES IN MAJOR INDIAN CITIESCITYGOLD (per 10 grams, 22 carats) SILVER (per kg) NEW DELHI Rs 47,800Rs 71,400MUMBAIRs 47,800Rs 66,600KOLKATARs 47,800Rs 66,600CHENNAIRs 48,030Rs 71,400READ MORE| Petrol, diesel prices above Rs 100 in major cities | Will rates go up further?",NA,https://www.indiatoday.in/business/story/gold-price-today-5-april-2022-precious-metals-dip-mcx-latest-rates-1933596-2022-04-05
8,business,Mukesh Ambani vs Gautam Adani: Who is winning see-saw battle of fortune?,"(4, 4, 2022)","The see-saw battle of fortune between Adani Group chairman Gautam Adani and Reliance Industries CMD Mukesh Ambani on the billionaires indexes has raised the million-dollar question - Who is India's richest man. One overtakes the other in the lists of richest persons from time-to-time.

The ""Bloomberg Billionaires Index"" and ""Forbes Real Time Billionaires"" are two popular indexes that track net worth and the growth or decline of the world's richest people.ADANI VS AMBANIGautam Adani has overtaken Mukesh Ambani on the Bloomberg Billionaires Index.As of April 4, 2022, Gautam Adani has a net worth of $100 billion, according to Bloomberg Billionaires Index.Gautam Adani has joined the centibillionaires club. Any individual with a net worth of $100 billion or above is called a centibillionaire.While Gautam Adani is in 10th position, Mukesh Ambani is in 11th position with a net worth of $99 billion.Meanwhile, on the Forbes Real Time Billionaires list, Gautam Adani is in the 9th position, Mukesh Ambani is in the 10th position.Gautam Adani has a net worth of $106.1 billionaires, Mukesh Ambani has $101.5 billion, according to Forbes Real Time Billionaires.Mukesh Ambani heads Reliance Industries, which has ventures in petrochemicals, oil and gas, telecom and retail. Gautam Adani's Adani group's ventures include ports, airports, infrastructure, commodities, coal, power generation and transmission and real estate, according to Forbes.GREEN, RENEWABLE ENERGYBoth Adani and Ambani have announced major plans for green and renewable energy.Mukesh Ambani announced that Reliance Industries would invest Rs 75,000 crore in green energy. Gautam Adani also said that his group would invest $20 billion in renewable energy generation.ALSO READ | Petrol, diesel prices above Rs 100 in major cities | Will rates go up further?",NA,https://www.indiatoday.in/business/story/mukesh-ambani-vs-gautam-adani-who-is-winning-see-saw-battle-of-fortune-1933328-2022-04-04
9,business,"Petrol, diesel prices above Rs 100 in major cities | Will rates go up further?","(4, 4, 2022)","Petrol and diesel prices have hit the Rs 100-mark respectively in several areas across the country, increasing the burden on common people. The fuel rates were hiked by 40-43 paise on Monday.

This is the 12th increase in prices since the ending of a four-and-half-month-long hiatus in rate revision on March 22. In all, petrol and prices have gone up by over Rs 8.40 per litre.Fuel rates have been increased across the country and vary from state to state, depending upon the incidence of local taxation.PETROL, DIESEL PRICE Petrol prices are above Rs 100 a litre mark in all major cities from Srinagar to Kochi.Price of petrol and diesel in Delhi at Rs 103.81 per litre and Rs 95.07 per litre respectively today. In Mumbai, the petrol and diesel rates are at Rs 118.83 per litre and Rs 103.07 a litre..Petrol in Kolkata on Monday costs Rs 113.45 per litre and diesel at Rs 98.22 a litre.Petrol price in Bengaluru is Rs 109.41. Chennai 109.34, Gurgaon 104.06, Noida 104.00, Lucknow Rs 103.52, Patna Rs 115.45, and Hyderabad Rs 117.68Diesel prices hit the Rs 100-mark in Bhubaneswar, Hyderabad, Patna, Thiruvananthapuram, Mumbai, Raipur, and several cities of Rajasthan, Madhya Pradesh, Telengana and Andhra Pradesh, according to a PTI report.Diesel is the costliest in Chittor in Andhra Pradesh (Rs 105.52 a litre), while petrol at Rs 120.65 a litre is the costliest at the border town of Sri Ganganagar in Rajasthan, PTI reported on Sunday.MORE HIKE?Prices had been on a freeze since November 4 ahead of the assembly elections in states like Uttar Pradesh and Punjab -- a period during which the cost of raw material (crude oil) soared by about USD 30 per barrel.India is 85 per cent dependent on imports for meeting its oil needs and so retail rates adjust accordingly to the global movement.The increase in retail price warranted by crude oil prices rising during the 137-day hiatus is huge, but state-owned fuel retailers Indian Oil Corporation (IOC), Bharat Petroleum Corporation Ltd (BPCL) and Hindustan Petroleum Corporation Ltd (HPCL) are passing on the required increase in stages.Oil companies ""will need to raise diesel prices by Rs 13.1-24.9 per litre and Rs 10.6-22.3 a litre on gasoline (petrol) at an underlying crude price of USD 100-120 per barrel,"" PTI reported quoting Kotak Institutional Equities.Moody's Investors Services last month stated that state retailers together lost around USD 2.25 billion (Rs 19,000 crore) in revenue for keeping petrol and diesel prices on hold during the election period, as per the PTI report.Crisil Research said a Rs 9-12 per litre increase in retail price will be required for a full pass-through of an average USD 100 per barrel crude oil and Rs 15-20 a litre hike if the average crude oil price rises to USD 110-120, PTI reported.ALSO READ | HDFC Bank, HDFC Ltd announce merger | What this means for customers, shareholders",NA,https://www.indiatoday.in/business/story/petrol-diesel-prices-above-rs-100-in-major-cities-will-rates-go-up-further-1933280-2022-04-04
10,business,"Elon Musk reveals 9.2% stake in Twitter, shares surge 26%","(4, 4, 2022)","Tesla Inc Chief Executive Officer Elon Musk has built a 9.2 per cent stake in Twitter Inc, a regulatory filing showed on Monday, potentially making him the biggest stakeholder in the micro-blogging site.

Twitter shares soared 26 per cent in premarket trading after the filing, which comes close on the heels of Musk tweeting that he was giving ""serious thought"" to building a new social media platform.Shares of other social media firms, including Meta Platforms FB.O and Snapchat owner Snap Inc, were also trading higher.Musk owns 73.5 million Twitter shares, valuing his passive stake in the company at up to $2.9 billion based on the stock's Friday close. The shares are held by the Elon Musk Revocable Trust.Musk, a prolific user of Twitter, has over 80 million followers on the site since joining in 2009 and has used the platform to make several announcements, including teasing a go-private deal for Tesla that landed him in regulatory scrutiny.He, however, has been critical of the social media platform and its policies of late and has said the company is undermining democracy by failing to adhere to free speech principles.Meanwhile, Musk and Twitter's billionaire co-founder, Jack Dorsey, have had some common ground in terms of dismissing the so-called Web3, a vague term for a utopian version of the internet that is decentralized.Musk is also the founder and CEO of SpaceX, and leads brain-chip startup Neuralink and infrastructure firm The Boring Company.ALSO READ | Petrol, diesel prices above Rs 100 in major cities | Will rates go up further?",NA,https://www.indiatoday.in/business/story/elon-musk-reveals-9-2-stake-in-twitter-shares-surge-26-1933347-2022-04-04
11,business,"Sensex rises 1300 points, Nifty up at 18,053 | Top performing shares","(4, 4, 2022)","The Sensex and Nifty rose on Monday to close at a near three-month high, buoyed by a surge in India's largest private lender HDFC Bank and mortgage lender Housing Development Finance Corp after the companies said they were merging in a $40 billion deal.

The NSE Nifty 50 index closed 2.2 per cent or 382.95 points higher at 18,053.40, and the S&P BSE Sensex rose 2.25 per cent or 1,335.05 points to 60,611.74.TOP GAINERS SHARESHDFC Ltd gained 9.3 per cent, hitting its highest since late November, while HDFC Bank rose about 10 per cent to a level not seen since mid-October.The Nifty bank index rose 4 per cent and the finance index surged 4.6 per cent.The market movement is largely due to the ""unexpected announcement"" of the merger, said Saurabh Jain, assistant vice president at SMC Securities.""This is a very positive news in the sense the foreign institutional investors holding will increase after the merger,"" Jain said.Both HDFC and HDFC Bank were major laggards last year, gaining 1.1 per cent and 3 per cent, respectively, compared with a 13.5 per cent rise in the Nifty bank index.Shares of Adani Ports and Special Economic Zone rose 4.2 per cent after it reported strong March business operations.Indian sugar stocks gained up to 4.5 per cent on export deals.Shares of commercial vehicles maker SML Isuzu soared 20 per cent after a strong March sales update and a hike in vehicle prices.Market participants will be closely watching the monetary policy decision by the country's central bank on Friday.Meanwhile, global share markets were mixed on Monday amid talks of yet more sanctions against Russia over its invasion of Ukraine.ALSO READ | Bitcoin price falls, global cryptocurrency market in red",NA,https://www.indiatoday.in/business/story/sensex-rises-1300-points-nifty-up-at-18-053-top-performing-shares-1933339-2022-04-04
12,business,"HDFC Bank, HDFC Ltd announce merger | What this means for customers, shareholders","(4, 4, 2022)","HDFC Bank, India's largest private lender, will merge with the country's largest housing finance company, Housing Development Finance Corporation or HDFC Ltd to create a financial services conglomerate, the companies said on Monday.

""The resulting larger balance sheet would allow underwriting of large ticket infrastructure loans, accelerate the pace of credit growth in the economy, boost affordable housing and increase the quantum of credit to the priority sector...,"" HDFC Ltd Chairman Deepak Parekh said.HDFC, HDFC BANK MERGERAs part of the deal, shareholders of HDFC Ltd will receive 42 shares of the bank for 25 shares held. Existing shareholders of HDFC Ltd will own 41per cent of HDFC Bank. Shares held by the housing finance company in the lender will be extinguished, making HDFC Bank a full-fledged public company.The subsidiaries and associates of HDFC Ltd will shift to HDFC Bank, the companies said in a regulatory filing.Transaction completion is subject to shareholders, creditors and regulatory approvals including from the Reserve Bank of India (RBI), the Insurance Regulatory and Development Authority (IRDAI), Competition Commission of India (CCI), market regulator Securities and Exchange Board of India (SEBI) and the Stock Exchange.Closing is expected to be achieved within less than 18 months, subject to completion of regulatory approvals and other customary closing conditions, HDFC Bank and HDFC Ltd said in a statement.There will be a combined customer base of HDFC Bank and HDFC Ltd with a plethora of financial products - mortgages, savings accounts, life insurance, general insurance, health insurance, investment products, credit cards, and personal loans.HOME LOANWith the merger of the Corporation with HDFC Bank, HDFC Bank will be able to offer more competitive housing products, according to the BSE filing by HDFC.The Corporation's rural housing network and affordable housing lending is likely to qualify for HDFC Bank as priority sector lending. The merger will also enable a higher flow of credit into priority sector lending, including agriculture.HDFC Bank can leverage the loan management system, comprising rule engines, IT tools and rules, agents connected through a central system.HDFC Limited is a significant provider of home loans to the Low Income Group (LIG) and Middle Income Group (MIG) segments under the affordable housing initiatives of the Government of India. Access to housing finance for this category would be improved further on account of low-cost funds available by HDFC Bank.HDFC Bank has a presence in more than 3,000 cities or towns through its 6,342 branches, with about 50 per cent of these branches in semi-urban or rural areas in the country.Leveraging this distribution might, the proposed transaction would broad base the home loan offering, synonymous with the national objective of Pradhan Mantri Awas Yojana that intends to provide housing for all, the companies said.ALSO READ | HDFC Bank, HDFC Ltd share prices soar after merger announcement | Check latest",NA,https://www.indiatoday.in/business/story/hdfc-bank-hdfc-ltd-announce-merger-what-this-means-for-customers-shareholders-1933252-2022-04-04
