SN,category,headline,date,content,keywords,link
1,business,"Petrol, Diesel Prices Today: Petrol price nears Rs 100 mark in Delhi as fuel rates see sixth hike in last seven days. Check rates","(28, 3, 2022)","The price of petrol and diesel in India was hiked for the sixth time in seven days on Monday. While the price of petrol increased by 30 paise per litre, the diesel rate saw a rise of 35 paise per litre.

As a result, the price of petrol in Delhi is now nearly Rs 100 per litre. Petrol is selling in Delhi at Rs 99.41 per litre and diesel at Rs 90.77 per litre.Until last Tuesday, fuel prices in India had remained unchanged since November 2021, despite global crude oil prices breaching the three-figure mark and touching multi-year highs. However, many had been anticipating a rise in prices after hostilities between Russia and Ukraine increased global prices.In the last one week, the rates of both petrol and diesel have increased by around Rs 4 per litre.CHECK LATEST RATESDelhiPetrol - Rs 99.41 per litreDiesel - Rs 90.77 per litreMumbaiPetrol - Rs 114.19 per litreDiesel - Rs 98.5 per litreChennaiPetrol - Rs 105.18 per litreDiesel - Rs 95.33 per litreKolkataPetrol - Rs 108.85 per litreDiesel - Rs 93.92 per litreIn India, petrol and diesel prices depend on various factors such as demand for fuel, valuation of INR against USD, consumption ratio of refineries and more.The prices of petrol and diesel vary from state to state, depending on the incidence of local taxes like value-added tax (VAT) and freight charges.ALSO READ: Prices of 800 essential medicines, including Paracetamol, set to rise by 10.7% from April",NA,https://www.indiatoday.in/business/story/petrol-diesel-price-fuel-rate-hike-delhi-mumbai-chennai-kolkata-1930230-2022-03-28
2,business,"Multiplex giants PVR, INOX announce merger; combined entity to run over 1500 screens across India","(27, 3, 2022)","India's two largest multiplex firms said on Sunday they would merge to create a giant cinema operator with more than 1,500 screens across 109 cities as the entertainment industry recovers from the COVID-19 pandemic.

PVR PVRL.NS and INOX Leisure INOL.NS said the merger, which is subject to regulatory approvals, would help both companies improve efficiency, reach newer markets and optimise cost.""The film exhibition sector has been one of the worst impacted sectors on account of the pandemic and creating scale to achieve efficiencies is critical for the long-term survival of the business and fight the onslaught of digital OTT platforms,"" PVR Chairman Ajay Bijli said in a press release.ALSO READ: From right technology to lay offs, key lessons from Covid-19 for officesOver-the-top, or OTT, platforms such Netflix NFLX.O, Amazon's Prime Video AMZN.O and Disney DIS.N have made deep inroads in India, where the pandemic ravaged a film industry known for song-and-dance spectacles watched by millions. Read full storyPVR is India's largest multiplex chain with more than 850 screens, followed by INOX Leisure with about 650 screens.The merger follows a two-year period when most theatres were shut due to Covid-19 restrictions.ALSO READ: Meet India's first husband and wife who helm separate unicorns",NA,https://www.indiatoday.in/business/story/multiplex-giants-pvr-inox-announce-merger-1930188-2022-03-27
3,business,Supertech declared bankrupt | Are your flats safe?,"(25, 3, 2022)","Supertech has been declared insolvent after the National Company Law Tribunal (NCLT) admitted the Union Bank of India's petition over non-payment of dues. The Delhi-bench of NCLT, which heard the plea, also appointed Hitesh Goel as the insolvency resolution professional (IRP).

Supertech, however, said that it would approach NCLAT to appeal against the order claiming that the matter pertains to a financial creditor.This comes as Supertech was directed to demolish the realty developer's 40-storey twin towers in Emerald Court in Noida. The towers will have to be demolished by May 22.Supertech Ltd has undertaken multiple projects in Noida, Gurugram, Ghaziabad, and Greater Noida. Thousands of homebuyers are awaiting their flats in these housing projects.WHAT HOMEBUYERS SHOULD DOHomebuyers must not panic. They should immediately file their claim forms and submit to IRP Hitesh Goel.Once this paperwork is done, homebuyers would become eligible to ascertain their claim in Supertech.They will also become a part of the Committee of Creditors (COC).The COC will become the approval authority for all key decisions in Supertech.Hence, homebuyers who decide to become a part of the COC, will play a pivotal role in Supertech's revival.SUPERTECH ASSURES BUYERSSupertech has assured that homebuyers will get possession of their flats.""We have a strong record of delivering more than 40000 Flats during the last 7 years and we shall continue to give delivery to our buyers under our Mission Completion 2022 under which we have undertaken a target of delivering 7000 Units by December, 2022,"" Supertech said.""In the interest of homebuyers, preference was given to construction and delivery of projects over repayment of bank dues which can be fulfilled after project completion. As all the projects of the company are financially viable, there is no chance of loss to any party or financial creditor. The order will not affect the operations of any other Supertech Group Company,"" the company said in a statement.ALSO READ | Supertech twin towers will be demolished by May 22, Noida authority tells SC",NA,https://www.indiatoday.in/business/story/supertech-declared-bankrupt-are-your-flats-safe-1929572-2022-03-25
4,business,"Sensex drops over 200 points, Nifty down at 17,153","(25, 3, 2022)","The Sensex and Nifty fell on Friday to end the week with losses of nearly 1 per cent, dragged down by fears that a surge in oil prices due to the Ukraine war could accelerate inflation and further sap growth in an economy already slowed by Covid-19.

The benchmark S&P BSE Sensex fell 0.41 per cent or 233.48 points to 57,362.20 and blue-chip NSE Nifty 50 index closed down 0.40 per cent or 69.75 points at 17,153.Commodity prices have risen sharply since Russia invaded Ukraine, piling pressure on India which imports more than 80 per cent of its oil needs. State-run fuel retailers hiked petrol and diesel pump prices three times this week to keep up with surging crude prices, according to a Reuters report.TOP STOCKS IN FOCUSConsumer, information technology and pharmaceutical stocks were among the biggest drags on Friday.The Nifty IT index and the Nifty Pharma Index fell 1 per cent and 0.9 per cent, respectively, after ending more than 1 per cent higher in the previous session.The Nifty FMCG Index was down 0.8 per cent. Titan Co and Tech Mahindra were the top Nifty 50 percentage losers, falling 3.6 per cent and 2.4 per cent.Among other individual share moves, InterGlobe Aviation, the parent of top airline IndiGo, gained 4.2 per cent after J.P. Morgan upgraded its rating on the stock.ALSO READ | Veranda Learning IPO Subscription: Date, price band, issue size",NA,https://www.indiatoday.in/business/story/top-gainers-share-25-march-2022-sensex-drops-over-200-points-nifty-down-1929539-2022-03-25
5,business,Supertech declared insolvent by company law tribunal,"(25, 3, 2022)","Property developer Supertech Ltd on Friday went into insolvency after the National Company Law Tribunal (NCLT) admitted a petition filed by the Union Bank of India for non-payment of dues, according to a Moneycontrol report.

However, there is no clarity over the amount of dues that is required to be paid by Supertech to lenders.The Delhi-bench of NCLT has also appointed Hitesh Goel as the insolvency resolution professional (IRP) in this matter under the Insolvency and Bankruptcy Code (IBC), Moneycontrol reported.SUPERTECH STATEMENT""In the interest of homebuyers, preference was given to construction and delivery of projects over repayment of bank dues which can be fulfilled after project completion. As all the projects of the company are financially viable, there is no chance of loss to any party or financial creditor. The order will not affect operations of any other Supertech Group Company,"" Supertech said in a statement.""We have a strong record of delivering more than 40000 Flats during the last 7 years and we shall continue to give delivery to our buyers under our “Mission Completion 2022” under which we have undertaken a target of delivering 7000 Units by December, 2022,"" the company said.IMPACT ON HOMEBUYERSSupertech Ltd has a number of projects in the National Capital Region (NCR) such as Gurugram, Ghaziabad, Noida and Greater Noida.More than 25,000 homebuyers are awaiting for possession of flats built by Supertech ltd.However, homebuyers of Supertech flats must not panic. Instead, they should immediately file their claim with IRP with Hitesh Goel.SUPERTECH TWIN TOWERSEarlier in February, the Noida authorities informed the Supreme Court that Supertech's twin 40-storey towers in the Emerald Court project would be demolished by May 22. The authorities also stated that all debris will be removed by August 22.ALSO READ | Cryptocurrency tax, bill in India: What we know so far",NA,https://www.indiatoday.in/business/story/supertech-declared-insolvent-by-nclt-reports-1929445-2022-03-25
6,business,"From right technology to lay offs, key lessons from Covid-19 for offices","(25, 3, 2022)","When the pandemic Covid-19 first struck the world two years ago, it ushered in a wave of upheaval followed by another and another. From upending countless businesses, jobs and lives, the pandemic has transformed all facets of work once and for all.

There is no going back but to keep finding one new normal after next. HR leaders across the globe were thrust to the frontline and tasked with training employees on remote work, helping them navigate challenges as everyone worked from home, managing company-wide lay-offs and adopting never-before-seen tech.CRISIS SITUATIONEven in the crucible of crisis, HR teams steered their organisations through uncertainties, disruptions and cruxes. The practices adopted and the lessons learnt during the pandemic are sure to be carried to the post-pandemic world and enlighten the obscure path ahead.As the dust settles and we continue to forge new paths in an ever-changing world, here are some key lessons HR teams have learnt over the course of two pandemic-afflicted years.REMOTE WORK IS POSSIBLE, PROFITABLEWhen the global pandemic upended work nearly overnight, organisations quickly transitioned to work from home or remote work to ensure business continuity. The early apprehensions and hesitations gave way to faith and confidence in employees and, eventually, productivity gains.With nearly 95 per cent of the workforce working remotely, organisations developed policies for employees to work remotely and familiarize themselves with virtual meetings and communication tools. Now, two years later, employees and employers are profiting from remote and flexible working models with elevated productivity, performance and work-life balance. Employees no longer want to be tethered to offices and want to work with autonomy and flexibility.CONTINUITY, CONTIGENCY PLANAfter having barely braved the pandemic, several organisations are putting in place contingency plans to insulate their business against any future Black Swan events. Millions of businesses across the globe had to shut down operations due to the pandemic.To prevent any future business closure, organisations are not just focusing on growth strategies but also planning for business continuity and contingency. By investing in risk analysis and management, companies can devise strategies to respond to unexpected crises that may threaten business survival in the future.RIGHT TECHNOLOGYPerhaps the biggest lesson learnt from the pandemic is embracing the right technology to cushion against sudden catastrophes. The pandemic accelerated the adoption of technology and digitalisation as businesses realised their transforming effects.With the right investments in technology, many businesses were able to scale business operations and innovate in a time when others were struggling to survive. AI and automation helped organisations streamline complex business functions and eliminate redundant tasks. And cloud-based tech tools helped employees collaborate, reduce paperwork and improve performance.LEADERSHIP PIPELINEBusiness leaders across the globe learnt how crucial it was to build a leadership pipeline to ensure business continuity and improve organisational resilience. Fostering resilience in employees and preparing them for future roles and responsibilities suddenly became the need of the hour.Mere leadership training is no longer sufficient by future leaders must be scouted, groomed, prepared and tested over time. By identifying linchpin positions, integrating succession planning with leadership development and measuring progress regularly, organisations can prepare an army of leaders of tomorrow who are ready to take on responsibilities and challenges.TALENT ACQUISTION STRATEGIESWhile in the first year of the pandemic, employees held onto their jobs for dear life lest they might lose them, the second year reversed the roles. With surging demand for tech talent across the globe, employees began to leave existing jobs for better roles in droves.The ‘Great Resignation’ taught employers how hard retaining employees can be and why they must build robust talent acquisition strategies. To win the war for talent, many organisations have partnered with online hiring platforms to leverage their abundant resources, advanced technologies, fast hiring velocity and vast geographical footprint.The Covid-19 pandemic has fundamentally altered how we work, hire and live. HR teams across the globe have learnt innumerable lessons no playbook could have taught them. Organisations have hatched innovative and novel strategies no business could have foreseen two years ago. Many of the past strategies have been abandoned and organisations have accepted constant and continuous learning and changing is the only way forward. What the next year brings cannot be ascertained, but the two years of the Covid-19 pandemic have taught every business countless valuable lessons that can help them brave future crises.(The writer is Yogita Tulsiani MD- C0 Founder at iXceed Solutions.)ALSO READ | Meet India's first husband and wife who helm separate unicorns",NA,https://www.indiatoday.in/business/story/work-from-home-key-lessons-from-covid-19-for-offices-1929415-2022-03-25
7,business,"Bitcoin rises over $44,000 | Check latest cryptocurrency prices","(25, 3, 2022)","Bitcoin and Ethereum prices rose as the global cryptocurrency market was trading in green. Bitcoin is having a winning run as it rose over the $44,000-mark. Several other cryptocurrencies have made bigger gains.

This comes as members of Russia's national legislature have said that Moscow might accept Bitcoin for oil from countries with which it shares good terms.BITCOIN, ETHEREUM PRICESBitcoin was trading 2.49 per cent up at $44,179. Ethereum was trading 2.87 per cent at $3,141.86.OTHER CRYPTOCURRENCIESXRP was up 0.49 per cent at $0.840829, Solana gained by 7.30 per cent at $104.46, Cardano was up by 4.99 per cent, Avalanche was up by 0.99 per cent.Dogecoin was down by 0.27 per cent and Shiba Inu rose by 1.31 per cent.""The global crypto market cap and trading volume rose by nearly 3 per cent and 7 per cent over the last day. Bitcoin and most other cryptos had a good day on Thursday. BTC and ETH gained 3 per cent each, trading above US$43,000 and US$3,000 levels,"" Edul Patel, CEO and Co-founder of Mudrex said.""Several altcoins performed even better, including DOGE, Cardano, Solana, Algorand, Axie Infinity, etc. BTC’s dominance is currently at 41.82 per cent, while its resistance lies between US$46,000 and US$51,000. BTC can reverse the four-month-long downtrend if it crosses the lower resistance of US$46,000,"" Patel said.ALSO READ | Ruchi Soya will be debt-free by next month, says Baba Ramdev",NA,https://www.indiatoday.in/business/story/bitcoin-cryptocurrency-price-today-ethereum-global-crypto-market-1929381-2022-03-25
8,business,"Veranda Learning IPO Subscription: Date, price band, issue size","(25, 3, 2022)","Veranda Learning Initial Public Offering (IPO) is all set to hit the market. It will be interesting to see investors' response to the initial share sale of Veranda Learning Solutions Limited, which offers online and offline coaching services on UPSE, banking, government services and jobs examinations.

VERANDA LEARNING IPO DATEThe subscription process for Veranda Learning IPO will commence on March 29 and it will culminate on March 31.VERANDA LEARNING IPO PRICE BAND, ISSUE SIZEThe book built issue IPO has a face value of Rs 10 per equity share.The IPO price has been fixed between Rs 130 and Rs 137 per equity share.The IPO has a market lot and a minimum order quantity of 100 shares.The shares will be listed on BSE and NSE.The issue size of the IPO is Rs 2,000 crore. The IPO is entirely a fresh issue of shares.IPO BID LOT SIZEShares offered in Qualified Institutional Buyers (QIBs) are 75 per cent of the net offer. Ten per cent of the net offer is allotted in the retail portion and 15 per cent is allotted in the NII category.A retail-individual investor can apply for up to 14 lots.ALSO READ | Meet India's first husband and wife who helm separate unicorns",NA,https://www.indiatoday.in/business/story/veranda-learning-ipo-review-subscription-date-price-band-issue-size-bid-lot-size-1929349-2022-03-25
9,business,"Cryptocurrency tax, bill in India: What we know so far","(25, 3, 2022)","The cryptocurrency tax and proposed regulation bill have been a topic of discussion among investors and stakeholders in India for sometime. While Finance Minister Nirmala Sitharaman did provide clarity on crypto taxation, the government is yet to bring legislation to regulate cryptocurrencies.

The government on Thursday proposed to tighten the norms for taxation of cryptocurrencies by disallowing the set off of any losses with gains from other virtual digital assets, according to a PTI report.FINANCE BILL, 2022As per the amendments to the Finance Bill, 2022, circulated among the Lok Sabha members, the ministry proposes to remove the word 'other' from the section relating to the set off of losses from gains in virtual digital assets, the PTI report says.This would mean that loss from the transfer of virtual digital assets (VDA) will not be allowed to be set off against the income arising from the transfer of another VDA.VIRTUAL DIGITAL ASSETSThe VDAs will include prevailing cryptocurrencies and non-fungible tokens (NFTs) which has gained a fad over the past couple of years.According to the Finance Bill, 2022, a VDA could be a code or number or token which can be transferred, stored or traded electronically, PTI reported.PRICE TRACKER | Are you a cryptocurrency investor? Track latest prices on India Today Cryptocurrency TrackerCRYPTO TAX, TDS, DEDUCTIONThe Union Budget 2022 has brought in clarity concerning the levy of income tax on crypto assets.From April 1, a 30 per cent I-T plus cess and surcharges, will be levied on such transactions in the same manner as it treats winnings from horse races or other speculative transactions.Also, while computing the income from transfer of VDA, no deduction in respect of any expenditure (other than the cost of acquisition) or allowance will be allowed.The Budget 2022-23 also proposed a 1 per cent Tax Deducted at Source (TDS) on payments towards virtual currencies beyond Rs 10,000 in a year and taxation of such gifts in the hands of the recipient.The threshold limit for TDS would be Rs 50,000 a year for specified persons, which include individuals/HUFs who are required to get their accounts audited under the I-T Act.The provisions related to 1 per cent TDS will come into effect from July 1, 2022, while the gains will be taxed effective April 1.CRYPTOCURRENCY BILL IN INDIASeparately, the government is working on legislation to regulate cryptocurrencies, but no draft has yet been released publicly, as per the PTI report.The bill was was listed in the government’s legislative business of the winter session last year. The bill seeks to ""create a facilitative framework for the creation of the official digital currency to be issued by the Reserve Bank of India.""The bill ""allows for certain exceptions to promote the underlying technology of cryptocurrency and its uses"", according to the bill listed for introduction on the Lok Sabha website.However, the bill was not brought in during the winter session of Parliament.ALSO READ | Meet India's first husband and wife who helm separate unicornsPRICE TRACKER | Are you a cryptocurrency investor? Track latest prices on India Today Cryptocurrency Tracker",NA,https://www.indiatoday.in/business/story/cryptocurrency-tax-bill-in-india-bitcoin-ban-regulation-1929323-2022-03-25
10,business,"Sensex falls nearly 150 points, Nifty in red on volatile oil prices","(25, 3, 2022)","The Sensex and Nifty 50 fell marginally in choppy trade on Friday as investors weighed swings in crude oil prices and geopolitical events in the absence of major local triggers.

The benchmark S&P BSE Sensex slipped 0.25 per cent or 146.34 points to 57,449.34 and the blue-chip NSE Nifty 50 index eased 0.23 per cent or 39.15 points to 17,183.60. For the week, both indexes were down about 0.5 per cent.Volatile crude prices and developments on the Ukraine front have kept domestic investors on edge. High oil prices make India, the world's third-largest importer and consumer of oil, susceptible to inflation.Indians have already begun to feel the pinch after state-run fuel retailers hiked petrol and diesel pump prices three times this week. Prices of other key consumer items have also jumped as companies try to pass on costs.In Mumbai trading, the Nifty Bank Index lost 0.29 per cent. The Nifty IT index and the Nifty Pharma Index fell marginally after ending more than 1 per cent higher in the previous session.ALSO READ | Meet India's first husband and wife who helm separate unicorns",NA,https://www.indiatoday.in/business/story/sensex-falls-nearly-150-points-nifty-in-red-on-volatile-oil-prices-1929306-2022-03-25
11,business,"Gold, silver prices today: Yellow metal records marginal dip, silver witnesses hike on MCX","(25, 3, 2022)","On Friday, March 25, 2022, while gold is trading on the lower side, silver rates are retailing on the higher side of the Multi Commodity Exchange (MCX).

Recording a marginal dip of Rs 46 or 0.09 per cent, gold futures, maturing on April 5, 2022, are trading at Rs 52,100 per 10 grams on the MCX.Meanwhile, the market rates for silver futures, maturing on May 5, 2022, stand at Rs 69,663 per kg, recording a hike of Rs 126 or 0.18 percent on the MCX.Notably, the prices of gold and silver stood at Rs 52,078 per 10 grams and Rs 69,320 per kg respectively when the market closed on March 24.Gold and silver prices on the international market:As per Reuters, gold on Friday was on course for a third weekly gain in four, as the Russia-Ukraine conflict escalated and the spike in oil prices this week increased demand for bullion as a safe-haven asset and an inflation hedge.Notably, the metal hovered near a one-week high scale in the previous session and jumped nearly 2 percent so far this week.As per the latest metal report, spot gold was up 0.2 percent at $1,960.84 per ounce. Meanwhile, U.S. gold futures were flat at $1,961.70.In addition to this, spot silver rose 0.5 percent to $25.64 per ounce, among other metals.Gold and silver prices in major Indian cities:CITYGOLD (per 10 grams, 22 carats) SILVER (per kg) NEW DELHI Rs 47,950Rs 68,500MUMBAIRs 47,950Rs 68,500KOLKATARs 47,950Rs 68,500CHENNAIRs 48,310Rs 72,800READ MORE| EPF nomination online: Rs 7 lakh insurance, pension, other benefits",NA,https://www.indiatoday.in/business/story/gold-silver-prices-today-precious-metals-gold-rates-dip-silver-hike-mcx-latest-rates-march-25-1929296-2022-03-25
12,business,"EPF nomination online: Rs 7 lakh insurance, pension, other benefits","(24, 3, 2022)","Employees' Provident Fund Organisation (EPFO) offers a number of benefits for Employees' Provident Fund (EPF) members. PF account holders can avail hassle-free and speedy online services and insurance up to Rs 7 lakh by filing an e-nomination.

""Do you know the benefits of filing an e-nomination?"" EPFO tweeted and listed the details.EPF ONLINE NOMINATIONOnline claim settlement upon death of member.Paperless and speedy claim settlement.Online payment of PF and pension.Insurance up to Rs 7 lakh for eligible nominees.Benefits of filing e-Nomination.- #EPF #SocialSecurity #eNomination #AmritMahotsav @AmritMahotsav pic.twitter.com/xJ8AZbkZjD— EPFO (@socialepfo) March 22, 2022
EPFO has added 15.29 lakh net subscribers during January 2022. Month-on-month comparison of payroll data also indicates an increase of 2.69 lakh net subscribers addition in January, 2022 as compared to the net additions during the previous month of December, 2021, according to a statement by the Ministry of Labour & Employment.Of the total 15.29 lakh net subscribers added during the month, around 8.64 lakh new members have been registered under the social security ambit of EPF & MP Act, 1952 for the first time, the Ministry of Labour and Employment stated.ALSO READ | Ruchi Soya will be debt-free by next month, says Baba Ramdev",NA,https://www.indiatoday.in/business/story/epf-nomination-online-rs-7-lakh-insurance-pension-other-benefits-1929123-2022-03-24
