SN,category,headline,date,content,keywords,link
1,business,NA,NA,NA,NA,https://www.indiatoday.in/business/video/tackling-economic-turbulence-how-will-inflation-hit-south-asia-1935297-2022-04-08
2,business,Cardless cash withdrawal via UPI at all banks' ATMs soon | How will this benefit you,"(8, 4, 2022)","The Reserve Bank of India (RBI) on Friday decided to permit all banks to introduce card-less cash withdrawal through ATMs. Currently, card-less cash withdrawal through ATMs is a permitted mode of transaction offered by a few banks in the country on an on-us basis.

""It is now proposed to make card-less cash withdrawal facility available across all banks and ATM networks using the UPI. In addition to enhancing ease of transactions, the absence of the need for physical card for such transactions would help prevent frauds such as card skimming, card cloning, etc,"" RBI Governor Shaktikanta Das said while announcing bi-monthly monetary policy review.HELP FOR BANK CUSTOMERSThe RBI took the decision in a bid to check fraud.Once all banks implement the card-less cash withdrawal system, customers at their home banks' ATMs will be able to use it.The RBI said that the absence of a need for a card to initiate cash withdrawal transactions would help in containing frauds like skimming, card cloning, device tampering.The transaction at ATMs would done via Unified Payments Interface (UPI).""To encourage card-less cash withdrawal facility across all banks and all ATM networks / operators, it is proposed to enable customer authorisation through the use of Unified Payments Interface (UPI) while settlement of such transactions would happen through the ATM networks,"" according to RBI.Separate instructions would be issued to NPCI, ATM networks and banks shortly, RBI said.ALSO READ | Petrol, diesel prices: Why govt, oil companies are finding it difficult to control spike","['cardless withdrawal', ' cardless at ATMs', ' atm latest news', ' atm news']",https://www.indiatoday.in/business/story/cardless-cash-withdrawal-via-upi-at-atms-extended-to-all-banks-how-will-this-benefit-you-1935166-2022-04-08
3,business,"Sensex rises over 400 points, Nifty up at 17,784","(8, 4, 2022)","The Sensex and Nifty on Friday ended after making gains after the central bank hinted at gradually moving away from its ultra-loose monetary policy to counter inflation.

Stocks ended higher after three sessions of losses. The NSE Nifty 50 index saw a late surge, ending up 0.82 per cent or 144.80 points to 17,784.35, while the S&P BSE Sensex rose 0.70 per cent or 412.23 points to 59,447.18.The central bank kept the lending rate, or the repo rate, steady at 4 per cent as widely expected and stuck to an accommodative stance to support a post-pandemic economic recovery that remained tepid.As a first step towards policy tightening, the central bank said it would restore the width of the liquidity adjustment facility corridor to 50 basis points.Prithviraj Srinivas, Chief Economist, Axis Capital, Mumbai, said the RBI has changed its stance to ""more hawkish"" and the increase in inflation forecast is a bit more than expected, according to Reuters report.The move follows nearly two years of record-low repo rate and comes against the backdrop of the US Federal Reserve and other global peers starting to raise rates to counter a price surge.""The review shows the RBI is ready to steer monetary policy out of crisis level accommodation,"" Srinivas said.India's inflation has breached the 6 per cent upper limit of the central bank's target range for two months. Economists polled by Reuters had expected the RBI to wait at least a few more months to raise interest rates.The 10-year benchmark bond yield rose 15 basis points to 7.075 per cent, while the rupee strengthened against the dollar to Rs 75.71 from Rs 75.97 after the policy announcement.ALSO READ | Petrol, diesel prices: Why govt, oil companies are finding it difficult to control spike","['sensex today', ' nifty today', ' share market today', ' stock market today']",https://www.indiatoday.in/business/story/sensex-rises-over-400-points-nifty-up-at-17-784-1935149-2022-04-08
4,business,How Uday Kotak fixed IL&FS,"(8, 4, 2022)","When the crisis at IL&FS (Infrastructure Leasing & Financial Services) exploded in September 2018, many saw it as India’s Lehman Brothers moment, when the US investment banking firm collapsed ahead of the 2008 global financial crisis. The concern was that the fall of one of India’s biggest financiers of infrastructure projects in the NBFC (non-banking financial company) space would trigger a spate of such crashes and loan defaults, sending lakhs of crores of rupees of public money down the drain and leading to thousands of job losses. IL&FS had amassed a debt of Rs 99,355 crore—nearly as much as the Centre’s allocation to states to build infrastructure projects this fiscal—the bulk of it borrowed from public sector banks, and was in no position to repay it. The company closed the 2017-18 financial year with revenues of Rs 18,799 crore on a consolidated basis, and a loss of Rs 1,886.85 crore. In a swift action akin to the one taken in the January 2009 ‘Satyam Scam’, the Centre in October 2018 replaced the entire IL&FS board with a new, six-member board, and made Uday Kotak, managing director & CEO of Kotak Mahindra Bank, its non-executive chairman. On April 2, as Kotak’s term at IL&FS ended and he passed on the baton to the current chairman & managing director C.S. Rajan, the company claimed it had resolved Rs 55,000 crore of its total outstanding debt, with Rs 21,000 crore already out of its books. With this, Kotak and his team met 90 per cent of the target they had set: a realistic Rs 61,000 crore of the outstanding debt.
It wasn’t easy, as the team worked through the complex maze of the IL&FS group’s companies and transactions, holding two full-day board meetings every month, most of them virtual, for the past two years to resolve the crisis. “We were in the middle of a potential systemic crisis in the Indian financial system,” says Kotak. The board discovered that the group had 347 subsidiaries, almost twice the 169 companies the Ministry of Corporate Affairs had initially estimated, going down, in some cases, to five layers of subsidiaries. Some of these had to be kept as ‘going concerns’ (making enough money to stay afloat in the foreseeable future), since they were “national assets and needed to be protected”. The other challenge was to resolve the debt of an NBFC outside the Insolvency & Bankruptcy Code (IBC) because financial services were not included in the mechanism at the time. They were, thus, navigating “uncharted waters”, as Kotak put it. “We have seen many conglomerates going through a messy IBC process. Their actual recovery was in single-digit percentage of total debt,” he says. The challenge was how to get fair recovery of the money and ensure its fair distribution.

Unlocking Value
“In just four years from 2014-18, the group’s debt rose from Rs 48,000 crore to Rs 91,000 crore,” reveals CMD Rajan, a former IAS officer who retired as Rajasthan chief secretary in 2018. “A large number of units were suffering from time and cost overruns over delays in land acquisition or forest and environmental clearances and project finance.” The group also had investments in several unviable projects and often sacrificed profits for growth. As the new management began to seek out buyers for IL&FS’s assets, they found that the actual market value of these assets was lower than the management’s initial assessment. Other challenges included delays in approval by joint venture partners, government stakeholders hampering the progress of sale transactions, certain state governments withholding legitimate annuities, non-payment of receivables, complicated and time-consuming judicial procedures, and complex intra-group lending that led to inter-linkages and delay in resolution.
  
“IL&FS had a big mismatch in assets and liabilities and enormous liquidity problems. Uday Kotak very quickly assessed the situation, and classified the companies under three codes—red, green and amber,” says former finance secretary S.C. Garg, who was part of the government team that reconstituted the board and brought in Kotak. Companies with more assets than liabilities were coded green; amber denoted firms that would fetch enough to pay off the secured lenders (ones backed by collaterals) and some to unsecured lenders. The other ext­reme were the red companies, which could not yield enough to pay even the secured lenders. “It was then decided that green and amber should be sold off. Selling the companies was the preferred mode of resolution,” Garg says.

“This classification helped achieve a clear understanding on expectations from asset sales,” says Ashvin Parekh, a banking consultant. “From a situation where few believed any money would be recovered, Uday Kotak and team managed to recover a significant Rs 55,000 crore.” IL&FS management claims the recovery, at around 56 per cent, is way above the 31 per cent lenders recover on an average through IBC.

Road to Recovery
Just as HDFC chairman Deepak Par­ekh had played a critical role in getting together all stakeholders of Satyam Computer to resolve the crisis at the IT firm that was subsequently sold off to the Mahindra Group, Kotak, a go-to person for the government for banking affairs, played catalyst in bringing all options to redeem IL&FS to the table. Hectic parleys with several corporates, lenders and the government helped the team resolve Rs 16,400 crore of IL&FS’s debt through monetising of assets. These included the sale of its wind power assets, its Chinese road assets, its technology group firms, the stake in ONGC Tripura, even its towering headquarters in Mumbai’s Bandra Kurla Complex. In addition, the company has accrued cash and invIT (infrastructure investment trust, a pooled investment vehicle like a mutual fund) units worth Rs 20,000 crore. Another Rs 4,600 crore of debt was discharged via repayments and release of NFB (non-fund based) limits such as letters of credit. Resolutions are in progress for yet another Rs 14,000 crore. IL&FS has filed an application with the National Company Law Appellate Tribunal for allowing it to undertake interim distribution of Rs 20,000 crore of cash, of which Rs 16,000 crore is available for distribution to creditors. Most of this money will be distributed to three large holding companies of IL&FS.
Kotak steered the recovery and resolution through two pandemic years, which is being acknowledged as a feat. In hindsight, however, some say the board should have been more aggressive. “They could have done better by selling the companies; even road companies have been converted to InvITs. They are possibly a safer option, but I don’t agree with that. I think this was something sub-optimal,” says Garg. Shardul Shroff, executive chairman of Shardul Amarchand Mangaldas & Co, says the insolvency law has specific legal provision on how to undertake insolvency of financial service providers and precedent-based procedures for group insolvency; it also prescribes timelines for resolution. “The recovery in IL&FS Group has been substantial,” Shroff concedes, “but how much of that is in cash or REITs (real estate investment trusts) is yet to be put in the public domain. Lenders have a choice whether to accept cash or REITs. This is undetermined at a group level vis-a-vis individual corporate debtors in the IL&FS group.”
  

The Way Ahead
Experts say CMD Rajan must now build on the momentum Kotak set in motion. “If the company is continued like a ‘going concern’, it is equivalent to being on ventilator. It’s unsustainable,” says a Mumbai-based analyst. “Moreover,” says Shroff, “after 2019, the special procedure of IBC should apply and the company will not have the benefit of the Companies Act where there is no time limit. If it finally goes under IBC or is transferred there, an administrator will be appointed and the board will continue to be superseded.” Given that the cash component is unlikely to be substantial since several projects were incomplete, Shroff believes the lenders will get alternative commercial paper of IL&FS and other subsidiary companies to retire their debt or continue it with alternative instruments. “This may not satisfy secured creditors,” he says.
Once the resolution process is completed, the decision on whether to keep IL&FS or to completely erase it will have to be taken. A narrowly-focused company could emerge. “Many subsidiaries and businesses were part of IL&FS,” says Nilesh Shah, MD, Kotak Mahindra Asset Management Company. “Shut them down or decide what’s working and keep that alive. But IL&FS as a brand name will not be able to raise capital, so shut it down and reincarnate.” There are about 120 companies in the group that still need to be resolved. Garg advocates the company cease to exist once it completes all the transactions in a year from now.
“To prevent such a crisis from happening again, we should show collective responsibility,” says Parekh. “Every aspect of the financial machinery, including the role of the regulator, needs to be strengthened.” Shah believes the market has to introspect as to why it did not penalise the company and allowed it to raise money till the very end. Kotak says the IL&FS experience has taught him many things. One, in a crisis situation such as this, the government needs to move with speed, as it did in this case. Two, the need for checks and balances at all levels—the management, the board of directors, institutional shareholders, rating agencies, auditors and the regulators. Three, a faster judicial process. Four, that sovereign governments, particularly in states, respect contracts. And, finally, a robust legal framework to address group resolutions. “I believe IL&FS is a case study on how we think about the future of structure, regulation, governance and how we built a resolution framework in a no man’s land,” he says. Abysmal governance, complicated company structures, poor regulatory oversight—the IL&FS story was a composite of all the evils that plague corporate India. Kotak and his team have undone some of the damage, but to pre-empt more such crises, India needs to strengthen governance at every stage. The IL&FS case and its debt resolution saga should serve as a timely eye-opener.","['Uday Kotak', ' IL&FS', ' IL&FS crisis', ' Kotak Mahindra Asset Management - Issue Date: Apr 18', ' 2022']",https://www.indiatoday.in/magazine/business/story/20220418-how-uday-kotak-fixed-il-fs-1934627-2022-04-08
5,business,"More hiring, better salary hikes: Here is what private sector employees can expect","(8, 4, 2022)","Covid pandemic hit all sectors and there were reports of job cuts and salary cuts as businesses across verticals have witnessed extensive disruptions. However, as the country's economy is on a path to recovery, hiring activity is likely to get a boost and employees in the private sector can expect better salary increases.

In an exclusive chat with IndiaToday,In, Yogita Tulsiani, MD CO-Founder at iXceed Solutions, lists out what private sector employees can expect this year.In the past two years, almost every industry has been hit hard due to the ongoing pandemic. From an HR perspective, salary hikes have been limited. How would you react to this?The harmful impacts of the Covid-19 epidemic on work and professions have been widely established, in my opinion. Not only that, but millions of professionals have had their incomes cut and many have lost their positions totally, with roughly 4 million jobs already gone for good in various areas of the world.However, it would be incorrect to conclude that the worldwide response to the epidemic has been entirely negative for working professionals, according to me. The 'new normal,' in my opinion, has helped firms to identify development possibilities and accelerate digitalization. Not only that, but both Generation Z and millennials are enthusiastic about how forward-thinking organisations are emphasising cutting-edge technologies and promoting digital cooperation.In the pre-covid era, 2019, the increment was around 9.25 percent, while in 2021, it was around 8.4 percent. As per industry standards, what is the percentage we can expect in the financial year 2022-23?Companies are vying against one another to recruit and hire the greatest personnel, in my opinion, and the job market has experienced a remarkable resurgence. Not only that, but rising attrition, a severe talent shortage, and a scarcity of in-demand talents are all pushing pay up. But, in the case of high-performing individuals/employees with specific abilities, I believe that wage increases of up to 25 per cent are possible.Since, companies are back to pre-Covid increment levels. Which sector is likely to see the maximum hike?In my opinion, India has already entered the new-age period of electric cars (EV). With new production centers and an increasing drive to improve charging infrastructure, as well as the government's assistance through the PLI for building up local battery manufacturers, big investments are coming up. Apart from electric vehicles, I believe IT will do well because the need for digitalization from businesses that want to survive and grow will continue to rise.Attrition has been an issue and how will this impact salary hikes?According to me, one out of every three companies is expecting a double-digit pay hike as the average rate converges to 9 per cent. In fact, the disruption in skill supply has driven salary rises in India far beyond those in other emerging economies, and businesses are offering greater flexibility in working circumstances - including hybrid or work from home - in an effort to retain employees.Apart from this, companies have increased their efforts to retain employees, and the strain on payrolls has spread to industries that saw demand collapse during the initial wave of lockdowns.","['hiring', ' hiring latest', ' jobs', ' jobs alert', ' salary hike', ' salary increment']",https://www.indiatoday.in/business/story/more-hiring-better-salary-hike-here-is-what-private-sector-employees-can-expect-1935127-2022-04-08
6,business,"Petrol, diesel prices: Why govt, oil companies are finding it difficult to control spike","(8, 4, 2022)","Prices of essential commodities, including edible oil and vegetables, have skyrocketed after petrol and diesel rates were increased by oil marketing companies on successive occasions. The rising prices of Compressed Natural Gas (CNG) in the National Capital Territory (NCT) of Delhi and Mumbai have also worsened the situation.

The Reserve Bank of India (RBI) on Friday raised the retail inflation projection for the current financial year to 5.7 per cent on the back of rising global prices amidst ongoing geo-political tensions. In its earlier policy review in February, the RBI had projected retail inflation to be at 4.5 per cent in fiscal 2022-23.""Global food prices along with metal prices have hardened significantly. Economy is grappling with a sharp rise in inflation... Inflation is now projected at 5.7 per cent in 2022-23 with Q1 at 6.3 per cent; Q2 at 5 per cent; Q3 at 5.4 per cent and Q4 at 5.1 per cent,"" RBI Governor Shaktikanta Das said while unveiling the first monetary policy review for the current fiscal year.Opposition parties have targeted the government over the rise in the rates of petrol, diesel, cooking gas and vegetables and asked it to control prices.STICKY WICKETWhile it is necessary to stem the spiraling fuel rates in order to bring down prices of essential commodities, the government is on a sticky wicket to go for an excise duty cut which will cost the exchequer several crores and widen the Centre's fiscal deficit. Fiscal deficit denotes a shortfall in the government's income compared with the spending.The revision of petrol and diesel prices has not been done on Thursday and Friday. This comes as a relief after fuel rates were increased 14 times since the ending of a four-and-half-month long hiatus in rate revision on March 22. In all, petrol and diesel prices have gone up by Rs 10 per litre each or 10.5 per cent since March 22.The increase in retail rates was necessitated as crude oil prices rose during the 137-day hiatus which put a financial burden on state-owned fuel retailers - Indian Oil Corporation (IOC), Bharat Petroleum Corporation Ltd (BPCL) and Hindustan Petroleum Corporation Ltd (HPCL).INTERNATIONAL OIL PRICESIndia is 85 per cent dependent on imports for meeting its oil needs and so retail rates adjust accordingly to the global movement.Following Russia's invasion of Ukraine international crude oil prices hit a peak of $139 per barrel in early March this year. Rates have dropped far more steeply as Brent crude futures were steady at $100.73 per barrel on Friday. This means a litre of brent crude costs around Rs 48 on Friday.However, petrol and diesel prices were on a freeze since November 4, ahead of the assembly elections in five states, including Uttar Pradesh. During the period, the cost of crude oil soared by about $30 per barrel.Credit rating firm Moody's Investors Services last month stated that state retailers together lost around $2.25 billion (Rs 19,000 crore) in revenue for keeping petrol and diesel prices on hold during the election period, as per a PTI report.Oil companies ""will need to raise diesel prices by Rs 13.1-24.9 per litre and Rs 10.6-22.3 a litre on gasoline (petrol) at an underlying crude price of $100 to $120 per barrel,"" PTI reported quoting Kotak Institutional Equities.Crisil Research said a Rs 9-12 per litre increase in retail price will be required for a full pass-through of an average $100 per barrel crude oil and Rs 15-20 a litre hike if the average crude oil price rises to $110 to $120, PTI reported.STATE TAXESPrices we pay for buying petrol and diesel across India include central and state taxes. State governments levy value-added tax (VAT) on petrol and diesel. The percentage of VAT is decided by the respective state governments and this is the reason why petrol and diesel prices vary from state to state.A few days back, while talking about high petrol and diesel prices, NITI Aayog Vice Chairman Rajiv Kumar said that given the global situation, fuel rates were rising across the world.""In the past, the government had taken steps to reduce the tax burden. And I think it's time now for the states to come forward if they feel that this is required to be done,"" he said.Kumar assured that the government was keeping a close watch on prices of all commodities including fuel and would take steps as necessary.ALSO READ | LIC IPO: Date, price details, size for policyholders, investors","['petrol price', ' petrol price today', ' diesel price', ' diesel price today', ' petrol diesel price']",https://www.indiatoday.in/business/story/petrol-diesel-prices-why-govt-oil-companies-are-finding-it-difficult-to-control-spike-1935100-2022-04-08
7,business,"Bitcoin price falls below $44,000 | Check latest cryptocurrency prices","(8, 4, 2022)","Bitcoin's price on Friday remained flat even as the global cryptocurrency market by and large was trading in green, according to data on CoinDesk.

This comes after Wall Street indicated concerns over the possibility of tightening of policy by the US central bank.BITCOIN PRICE TODAYBitcoin's price was up by 0.80 per cent to $43,657.17. However, Bitcoin's price fell from $44,000-$45,000 mark.Ethereum, the world's second largest cryptocurrency by market capitalization, was up by 1.69 per cent to $3,270.CRYPTOCURRENCY PRICESXRP gained 1.96 per cent but Terra fell 2.89 per cent.Solana was up by 6.52 per cent, Cardano gained 6.52 per cent, Cardano was up by 2.07 per cent, Avalanche gained 6.16 per cent, Polkadot was up by 2.15 per cent, Stellar was up 1.63 per cent.Other popular alt coins Dogecoin was up by 5.02 per cent, Shiba Inu was up by 1.40 per cent.""Bitcoin, Ethereum, and other cryptocurrencies gained small amounts as investors started to digest the U.S Federal Reserve's hawkish remarks. BTC traded flat at US$43,000 over the past 24 hours. If BTC buyers can make a decisive move above US$45,000, they can reverse the current trend,"" Edul Patel, CEO and Co-founder, Mudrex said.""According to the market cap, most cryptocurrencies are running in green. NEAR Protocol outperformed the market spiked nearly 16 per cent after raising $350 million in funding yesterday,"" Patel said.ALSO READ | Sensex nears 60,000, Nifty at 17,660 ahead of RBI's interest rate announcement","['bitcoin price', ' bitcoin price today', ' bitcoin price usd', ' bitcoin news', ' bitcoin price in India', ' bitcoin share price', ' cryptocurrency', ' cryptocurrency news', ' crypto', ' crypto news India', ' crypto tax', ' cryptocurrency price', ' crypto market', ' cryptocurrency in India']",https://www.indiatoday.in/business/story/bitcoin-price-falls-below-44-000-check-last-cryptocurrency-prices-1935005-2022-04-08
8,business,"RBI monetary policy: Inflation to hit 5.7%, GDP growth projected at 7.2%","(8, 4, 2022)","The Reserve Bank of India (RBI) on Friday kept the repo rate unchanged at 4 per cent. The reverse repo rate also remained the same at 3.35 per cent. This was the first monetary policy announcement in the new financial year that commenced on April 1.

GDP GROWTH, INFLATIONThe central bank has lowered its gross domestic product (GDP) rate projection to 7.2 per cent for the ongoing financial year of 2022-23 from an earlier estimate of 7.8 per cent, announced in February.However, the central bank noted that the country's economy was recovering.The RBI has projected that inflation will be higher than that of February.The inflation forecast for the fiscal 2022-23 has been increased to 5.7 per cent against the previous estimate of 4.5 per cent.The Monetary Policy Committee (MPC), headed by RBI Governor Shaktikanta Das, held its first meeting in the current financial year from April 6 to today. The decision to keep the key interest rates unchanged was taken unanimously.RBI has also rephrased its 'accommodative' stance to focus on withdrawal of accommodation.The interest rate or repo rate is the rate that the RBI charges when commercial banks borrow money from the country's central bank. The reverse repo rate is that charge that the RBI pays to commercial banks. Both are considered as benchmark interest rates in the country's economy.In the last 10 meetings, the MPC left interest rate unchanged and also maintained an accommodative monetary policy stance.The repo rate, or the short-term lending rate, was last cut on May 22, 2020. Since then, the rate remains at a historic low of 4 per cent.The ongoing Russia-Ukraine conflict and surging oil prices are pushing the cost of commodities higher, resulting in rising inflationary trends.Earlier, the government had mandated the central bank to keep inflation at 4 per cent, with an upper and lower tolerance level of 2 per cent.After the February MPC meeting, the RBI had decided to hold its key lending rates steady at record low levels for the 10th straight meeting to support a durable recovery of the economy.","['RBI POLICY', ' RBI MONETARY POLICY', ' RBI MONETARY POLICY DATE 2022', ' RBI MONETARY POLICY TODAY', ' RBI MONETARY POLICY MEETING', ' RBI MONETARY POLICY DATE', ' RBI MONETARY POLICY 2022']",https://www.indiatoday.in/business/story/rbi-monetary-policy-2022-interest-rate-gdp-growth-repo-rate-shaktikanta-das-1934955-2022-04-08
9,business,"Sensex nears 60,000, Nifty at 17,660 ahead of RBI's interest rate announcement","(8, 4, 2022)","The Sensex and Nifty were in green in early morning trade on Friday ahead of an interest rate decision by the Reserve Bank of India (RBI), which has stuck to a loose monetary policy to support a post-pandemic economic recovery but is now faced with rising inflation.

The NSE Nifty 50 index was up 0.12 per cent or 21 points at 17,660.95, while the S&P BSE Sensex rose 0.09 per cent or 58.08 points to 59,093.03.Even though inflation has breached the 6 per cent upper limit of the central bank's target range for two months, a Reuters poll showed it will still wait at least a few more months before joining other central banks in raising rates.The Reserve Bank of India has for nearly two years kept the key repo rate at a record low of 4% and kept its stance accommodative until the economic recovery is firmly entrenched.In support of this view, Governor Shaktikanta Das had last month said inflation was expected moderate despite a surge in global prices for crude oil. Read full story""While, it is true that there are countries that are deviating from the U.S. Federal Reserve's hawkish rhetoric ... India perhaps has some space to keep rates unchanged for now, but a prolonged deviation could be destabilising,"" HDFC Bank's Treasury Research team said in a preview note, as per a Reuters report.ALSO READ | LIC IPO: Date, price details, size for policyholders, investors","['sensex today', ' sensex share price', ' sensex index', ' sensex market', ' sensez now', ' nifty 50', ' nifty share price', ' nifty today', ' nifty index', ' share market', ' share market today', ' share market news', ' share market news today']",https://www.indiatoday.in/business/story/sensex-share-market-stock-market-rbi-monetary-policy-1934948-2022-04-08
10,business,"Gold, silver prices today: Precious metals witness dip on MCX | Check latest rates here","(8, 4, 2022)","Both gold and silver are trading on the lower side of the Multi Commodity Exchange (MCX) on Friday, April 8, 2022.

Witnessing a marginal drop of Rs 96 or 0.18 per cent, gold futures maturing on June 3, 2022, are retailing at Rs 51,825 per 10 grams on the MCX.Meanwhile, the rates for silver futures maturing on May 5, 2022, stood at Rs 66,770 per kg, recording a marginal drop of 0.10 per cent or Rs 68.Notably, the prices of gold and silver stood at Rs 51,897 per 10 grams and Rs 66,765 per kg respectively when the market closed on April 7.GOLD AND SILVER PRICES ON THE INTERNATIONAL MARKETAs per Reuters, gold prices remained trapped in a tight range on Friday as the dollar firmed on prospects of aggressive interest rate hikes by the U.S. Federal Reserve, partially offsetting safe-haven demand fuelled by the lingering Russia-Ukraine conflict.As per the latest metal report, spot gold was subdued at $1,929.48 per ounce by 0318 GMT. Meanwhile, U.S. gold futures were down 0.3 percent at $1,931.90.In addition to this, spot silver edged 0.1 percent lower to $24.54 per ounce, among other metals.PRICES IN MAJOR INDIAN CITIESCITYGOLD (per 10 grams, 22 carats)SILVER (per kg)NEW DELHIRs 48,010Rs 66,800MUMBAIRs 48,010Rs 66,800KOLKATARs 48,010Rs 66,800CHENNAIRs 48,600Rs 71,100READ MORE| SBI alert: State Bank of India shares list do's and don'ts for customers","['gold price today', ' gold price today in delhi', ' gold price today in mumbai', ' gold price today in kolkata', ' gold price today in india', ' silver price today', ' gold rate today']",https://www.indiatoday.in/business/story/gold-price-today-8-april-2022-precious-metals-dip-mcx-latest-rates-1934935-2022-04-08
11,business,SBI alert: State Bank of India shares list do's and don'ts for customers,"(7, 4, 2022)","The State Bank of India (SBI) has warned its customers against online fraud and phishing attacks. India's largest public sector lender has also adopted an OTP based cash withdrawal system for transactions at SBI ATMs to protect customers from fraud.

In an awareness message, SBI has offered a few safety tips for its customers.LIST OF DO'SIf you receive any suspicious e-mail/phone call/SMS/link, please think before you are prompted to take any action.Always check for the padlock and secure channel for safe banking.Scrutinize your credit reports once a while to keep a check on your financial well-being.Routinely review your bank and credit card statements to keep a check on any unauthorized entries.Report cybercrimes online at cybercrime.gov.in.Knowledge is power.Mr. Thinkeshwar shares some safety tips for our customers.#SBI #StateBankOfIndia #SafetyTips #SafeBanking #MrThinkeshwar #AmritMahotsav #AzadiKaAmritMahotsavWithSBI pic.twitter.com/tviMMOKIhw— State Bank of India (@TheOfficialSBI) April 5, 2022
LIST OF DON'TS Don't share personal information or account-specific details like internet banking credentials, ATM card details, credit card details, etc. via e-mail/phone call/SMS or on social media.Don't click on any email or social media messages you don't expect to need.Don't open attachments that you were not expecting, especially ZIP files, and never run .exe files.Don't share fake messages, fake news, fake information.OTP-BASED ATMAn OTP will be sent to your registered mobile number.The OTP is a four-digit number that authenticates the user for a single transaction.Our OTP based cash withdrawal system for transactions at SBI ATMs is vaccination against fraudsters. Protecting you from frauds will always be our topmost priority.#ATM #OTP #SafeWithSBI #TransactSafely #SBIATM #Withdrawal #AmritMahotsav #AzadiKaAmritMahotsavWithSBI pic.twitter.com/5rklPPY1jZ— State Bank of India (@TheOfficialSBI) March 12, 2022
This will protect SBI Card holders from unauthorized ATM cash withdrawals.ALSO READ | Income Tax return: New ITR forms explained","[""SBI alert: State Bank of India shares list do's and don'ts for customers""]",https://www.indiatoday.in/business/story/sbi-alert-state-bank-of-india-shares-list-do-s-and-don-ts-for-customers-1934756-2022-04-07
12,business,Borrowing loans through mobile apps? Beware of interest rates,"(7, 4, 2022)","You may come across a number of online lending platforms which offer instant loans through mobile apps. The Delhi High Court has asked the Reserve Bank of India (RBI) to file a status report on the steps taken for implementation of a committee's report to look into the issue of these online lending platforms offering short-term personal loans at exorbitant interest rates through mobile apps, according to a PTI report.

A bench of Acting Chief Justice Vipin Sanghi and Justice Navin Chawla was informed by senior advocate V Giri on Wednesday, representing the RBI, that the report of the committee is under circulation for inviting comments of the public at large.The court said, “let the respondent file a status report on the steps taken for implementation of the report before the next date of hearing”. It listed the matter for further hearing on July 20.PERSONAL LOANThe court was hearing a PIL seeking regulation of online lending platforms offering short-term personal loans at exorbitant interest rates through mobile apps, and allegedly humiliating and harassing people in case of delay in repayment.During the hearing, advocate Prashant Bhushan, appearing for the PIL petitioner, said nothing has been done by the government or RBI even after getting the committee's report and added that the menace was continuing.HIGH INTEREST RATESThe court was hearing the petition filed by Telangana-based Dharanidhar Karimojji, who works as a freelancer in digital marketing, claiming there are more than 300 mobile applications that provide instant loans ranging from Rs 1,500 to Rs 30,000 for 7 to 15 day periods.However, these money lending platforms deduct almost 35 per cent to 45 per cent of the loan as platform fees, service charges, or processing fees and only transfer the remaining money to the borrower's bank accounts, the petition has said.RBI'S STANCEEarlier, RBI's counsel had said that it regulates banks and non-banking finance companies and it does not regulate online lending platforms and that the central government has the power to do so.The RBI had said that a committee has already been constituted which has to give its report.The high court had earlier observed that online lending platforms, offering short-term personal loans through mobile apps, cannot be allowed to charge exorbitant rates of interest and processing fees.It had said an expert body was required to look into the issue and added that it expects that the Centre and RBI will come out with some solution.PETITIONER'S CLAIMThe petitioner's counsel had told the court that these entities pose a menace as they charge exorbitant interests rates of one per cent or more per day and in the event of non-payment or delay in repayment of the loaned amount, they call up everyone on the borrower's contact list to humiliate and harass them into making payments.He had said the prayer is to stop charging exorbitant rates of interest from borrowers and added that the RBI is fully aware of the problem but no action has been taken.LENDING PLATFORMThe high court, in January, had earlier issued notices and sought responses of the Centre and the Finance Ministry on the petition which has claimed that such lending platforms charge exorbitant interests on the loans given by them.The plea has said that even the RBI has issued a press note cautioning the general public about these platforms.It has sought directions to the ministry and RBI ""to regulate and control the working of online digital lenders doing business through the mobile app or any other platform"" and stop them from charging exorbitant interest on the loan from borrowers.The plea has also sought directions to the ministry and RBI to stop the harassment of the borrowers from recovery agents, fix a maximum rate of interest chargeable by the online digital lenders, and set up a grievance redressal mechanism in every state to resolve the problems faced by borrowers within a specific time.ALSO READ | Ride cancellation, surge pricing remain top concerns for Ola, Uber riders: Survey","['loan', ' loan latest news', ' loan news', ' mobile apps', ' mobile apps news']",https://www.indiatoday.in/business/story/borrowing-loans-through-mobile-apps-beware-of-interest-rates-1934743-2022-04-07
