SN,category,headline,date,content,keywords,link
1,science,Covid-19 precaution dose for all adults: The why and how of booster doses,"(8, 4, 2022)","The Centre on Friday announced that booster vaccine doses against Covid-19 will be available for everyone above the age of 18 years from April 10. These shots will be available at private vaccination centres, and will be paid, while the government's free vaccination campaign continues.

The precautionary dose has been approved amid reports of a new variant, XE, emerging in the UK and a few cases popping up in India. The booster doses were first introduced after the Omicron variant began spreading across the country late last year. So far, the government has approved booster doses for healthcare workers and for the elderly.Over 2.4 crore precaution doses have been administered across the country to healthcare workers, frontline workers and people above the age of 60 years.WHAT ARE BOOSTER DOSES?According to the World Health Organisation (WHO), booster doses are given to an already vaccinated individual when, with time, the immunity and clinical protection has fallen below a rate deemed sufficient in that population. The objective of a booster dose is to restore vaccine effectiveness from that deemed no longer sufficient. Centre has not mandated taking booster shots. (File Pic)Meanwhile, it is worth mentioning that the degree of waning of immunity differs between vaccine products and target populations. The global health body in December last year said that vaccine booster dose policy decisions should be based on evidence of individual and public health benefits and obligations to secure global equity in vaccine access as a means to minimize health impacts and transmission, and thereby reduce the risk of variants and prolongation of the pandemic.WHY ARE BOOSTERS RECOMMENDED?Booster doses are primarily recommended to boost immunity and the body's ability to fight an incoming virus, or a variant of concern. However, the reasons may differ based on by vaccine product, epidemiological setting, risk group, and vaccine coverage rates.A study by the National Institute of Virology (NIV) in Pune has found that antibody levels waned after six months in those who were fully vaccinated against the coronavirus with Covishield, Covaxin and a mix of both -- Covishield as the first dose and Covaxin as the second dose.Boosters are primarily recommended based on these factors:* If the body is losing immunity and could come under attack from an emerging variant. While studies suggest that antibodies persist for at least 6 months, waning of neutralizing antibodies has been reported from across the country.* While more research is needed into establishing that the effectiveness of vaccinations lasts forever, it is recommended to take boosters in order to ensure that efficacy prevails for a longer time.* Breakthrough infections are another cause of concern. Data from Israel suggest that around 40% of breakthrough infections are in immunocompromised individuals. According to WHO, while breakthrough infections are still expected, the vast majority are less severe than those seen in unvaccinated people.HAS GOVT MANDATED BOOSTER SHOTS?No, the Centre has not mandated taking booster shots. It is a voluntary choice and paid. However, healthcare experts recommend taking a booster dose of Covid-19 to enhance antibodies and immunity against SARS-CoV-2.ARE THERE SIDE EFFECTS OF BOOSTER DOSE?Similar to what we experienced after taking the first jab of the Covid-19 vaccine, people might see some temporary symptoms that include sore, swollen arm, fever, body aches, headaches and tiredness. Some people could also have chills, swollen lymph nodes. However, these are not signs indicating you are sick, bit that the immune system is developing and responding to the vaccine.So far, about 96 per cent of all population above 15 years of age in the country have received at least one Covid-19 vaccine dose, while about 83 per cent have received both the doses","['Covid-19', ' booster dose', ' precaustion dose', ' Covid-19', ' what is boost dose', ' why is booster dose needed', ' Covid vaccine', ' booster vaccine', ' Science News', ' India Today Scence']",https://www.indiatoday.in/science/story/covid-19-precaution-dose-for-all-adults-the-why-and-how-of-booster-doses-1935171-2022-04-08
2,science,"Climate change: Humans generated 640 mn tons methane, 36 bn tons CO2 in 2021, scientists call it alarming","(8, 4, 2022)","Days after scientists on the United Nations Intergovernmental Panel on Climate Change called for cutting down greenhouse gas emissions to avoid a 1.5 degrees Celsius rise in global temperature, a new report paints a grim picture.

The National Oceanic and Atmospheric Administration observed a record annual increase in atmospheric levels of methane, a heat-trapping greenhouse gas that causes global warming, in 2021. Scientists have termed it to be the largest annual increase recorded since systematic measurements began in 1983.An estimated 640 million tons of methane were emitted into the atmosphere last year by human activity; roughly 36 billion tons of carbon dioxide were emitted during the same period.Preliminary analysis reveals that the annual increase in atmospheric methane during 2021 was 17 parts per billion (ppb), which was 15.3 ppb a year before. The US-based agency said that atmospheric methane levels averaged 1,895.7 ppb during 2021, or around 162% greater than pre-industrial levels.The preliminary data underscores how significantly methane has been underestimated by governments and comes after over 100 countries have agreed to collectively slash emissions of the gas by 30% by the end of the decade. Scientists say industrial sources of methane are relatively simple to pinpoint and abate using existing technology. (File Pic)Scientists part of the IPCC have identified methane as the biggest contributor to climate change after carbon dioxide, citing fossil fuel as the biggest source of these emissions. The panel has called for drastic cuts in emissions by 2030 in order to achieve net zero by 2050 and gave the planet a fighting chance against climate change.""The levels of carbon dioxide also continue to increase at historically high rates. The global surface average for carbon dioxide during 2021 was 414.7 parts per million (ppm), which is an increase of 2.66 ppm over the 2020 average,"" Noaa said, adding that this marks the 10th consecutive year that carbon dioxide increased by more than 2 parts per million, which represents the fastest sustained rate of increase in the 63 years since monitoring began.While both methane and CO2 warm the atmosphere, the two greenhouse gases are not equal. A single carbon dioxide molecule causes less warming than a methane molecule -- but lingers for hundreds of years in the atmosphere, whereas methane disappears within two decades.Scientists say industrial sources of methane are relatively simple to pinpoint and abate using existing technology.“The evidence is consistent, alarming, and undeniable. We need to build a Climate Ready Nation to adapt to what’s already here and prepare for what’s to come. At the same time, we can no longer afford to delay urgent and effective action needed to address the cause of the problem — greenhouse gas pollution,” Noaa administrator, Rick Spinrad said.","['climate change', ' greenhouse has emission', ' Science', ' Methane', ' Carbon Dioxide', ' Science News', ' Noaa', ' India Today Science', ' Environment']",https://www.indiatoday.in/environment/story/climate-change-greenhouse-gas-methane-carbon-emission-ipcc-noaa-1935084-2022-04-08
3,science,Investors urge governments not to ditch climate for energy security,"(8, 4, 2022)","Asset owners managing more than $10.4 trillion have urged governments not to let worries about security of fossil fuel supplies impede the transition to greener energy needed to limit catastrophic climate change.

With governments scrambling to replace Russian oil and gas supplies after the invasion of Ukraine, United Nations climate scientists issued new warnings this week on the need to quickly scale up renewable energy and roll back support for emissions-intensive fossil fuels.The Steering Group of the Net-Zero Asset Owner Alliance, which counts some of the world's largest pension schemes and insurers as members, said on Friday that energy security policies must align with the world's climate goal.That goal, set in the Paris Agreement, aims to cap global warming at 1.5 degrees Celsius above the pre-industrial level by 2050, and would require drastic near-term cuts in fossil fuel use. read more""The world is still heading for an excess of fossil fuel-based energy use that will vastly exceed the carbon budgets needed to meet the 1.5C Paris Agreement goal. This trend must be halted,"" the investor group said.The group called for an end to using taxpayer cash to prop up the fossil fuel industry through subsidies that go against the pledges made by governments to get to net-zero emissions.""In the short term, using all available energy resources including the immediate scaling of energy efficiency to diversify energy supply must be a top priority for many countries, especially in Europe,"" the group said.Unit costs for solar energy and lithium-ion batteries have both fallen by around 85%, while wind energy costs are down 55%, the investor group said.""These are viable steps towards energy system resilience, a greener economy, the provision of green jobs, and the protection of businesses and consumers against future price spikes in oil and gas,"" the investors said.","['climate change', ' global warming', ' fossil fuel', ' science', ' environment', ' ipcc']",https://www.indiatoday.in/environment/story/investors-urge-governments-not-to-ditch-climate-for-energy-security-1935070-2022-04-08
4,science,Astronomers discover earliest and most distant galaxy formed moments after Big Bang,"(8, 4, 2022)","Astronomers have discovered what may be the earliest and most distant galaxy ever observed, one that formed relatively soon after the Big Bang event that marked the origin of the universe and may be populated by the novel first generation of stars.

The galaxy, called HD1, dates from a bit more than 300 million years after the Big Bang that occurred about 13.8 billion years ago, researchers said on Thursday. The observations suggest HD1 formed stars at a staggering rate - perhaps about 100 new stars annually - or instead harbored what would be the earliest-known supermassive black hole, they added.Because of how long light takes to travel immense distances - 5.9 trillion miles (9.5 trillion km) in a year - observing objects such as HD1 amounts to peering back in time. If the data is confirmed by future observations, HD1 would supplant one called GN-z11 as the earliest-known galaxy by about 100 million years. HD1 would be considered the earliest and furthest known astronomical entity.The researchers used data from telescopes in Hawaii and Chile and the orbiting Spitzer Space Telescope. They hope to obtain more clarity using the James Webb Space Telescope, due to become operational within months after being launched by NASA in December. read more""Observational information on HD1 is limited and other physical properties remain a mystery including its shape, total mass and metallicity,"" said University of Tokyo astrophysicist Yuichi Harikane, lead author of research detailing the discovery published in the Astrophysical Journal.Metallicity refers to the proportion of material other than the gases hydrogen and helium that were present in the primordial universe. The distant early galaxy HD1, object in red, is shown at the center of this undated zoom-in handout image. The galaxy, if confirmed by future observations, would be the earliest and most distant known astronomical object. (Photo: Reuters)""The difficulty is that this is almost the limit of the capabilities of current telescopes in terms of both sensitivity and wavelength,"" Harikane added.Galaxies are vast assemblages of stars and interstellar matter bound by gravitational attraction, like the Milky Way in which our solar system resides. The first galaxies, arising 100 million to 150 million years after the Big Bang, were less massive and denser than those existing today, with many fewer stars.The researchers said HD1, with a mass perhaps 10 billion times greater than our sun, may have been populated with the very first generation of stars. These so-called Population III stars are hypothesized as extremely massive, luminous, hot and short-lived, composed almost exclusively of hydrogen and helium.""After the Big Bang, some regions in space ended up being denser than others, and this attracted progressively more matter. This effect created large concentrations of gas, some of which collapsed to form stars,"" said astrophysicist Fabio Pacucci of the Center for Astrophysics-Harvard & Smithsonian, lead author of a related study in the journal Monthly Notices of the Royal Astronomical Society Letters.Elements heavier than hydrogen and helium were absent in the universe's initial stages, forged later inside the earliest stars and then spewed into interstellar space when they exploded at the ends of their life cycles.HD1 was observed to possess extreme ultraviolet luminosity. Population III stars could emit more UV light than ordinary stars, with HD1 possibly ""undergoing a very abrupt starburst,"" Pacucci said.An alternative explanation for the UV luminosity could be a supermassive black hole about 100 million times more massive than our sun situated inside HD1, Pacucci added. Many galaxies including the Milky Way hold supermassive black holes at their centers. Until now, the earliest-known one of these was dated to about 700 million years after the Big Bang.The earliest stars and galaxies paved the way for those existing today.""The first galaxies ... were a millionth of the mass of the Milky Way and much denser. One way to think of them is as the building blocks in the construction project of present-day galaxies, like our own Milky Way,"" Harvard University theoretical physicist and study co-author Avi Loeb said.","['Galaxy', ' How is galaxy formed', ' HD1 galaxy', ' most distant galaxy', ' Big Bang']",https://www.indiatoday.in/science/story/astronomers-discover-earliest-and-most-distant-galaxy-formed-moments-after-big-bang-1935039-2022-04-08
5,science,"Fossils of dinosaur killed on the day of asteroid strike found, hold clues to moments after impact","(8, 4, 2022)","What happened in the moments before and after the fateful day, 65 million years ago, when an asteroid roughly 10 kilometers wide hit Earth and wiped dinosaurs off the surface of Earth. Scientists now have a front-row seat to that day, thanks to the discovery of a dinosaur fossil that was killed on that day.

Scientists have discovered a perfectly preserved fossil leg of a dinosaur that still has remnants of its skin on the bone. The fossil has been dated to the day when the asteroid hit Earth resulting in a new evolutionary process, after causing the extinction of the dinosaur species.Found at the Tanis fossil site in the US State of North Dakota, scientists have also found remains of fish that breathed in impact debris as it rained down from the sky.Phillip Manning, a professor of natural history at the University of Manchester told BBC Radio 4’s Today programme, ""it was the ultimate dinosaur drumstick. The time resolution we can achieve at this site is beyond our wildest dreams This really should not exist and it’s absolutely gobsmackingly beautiful. I never dreamt in all my career that I would get to look at something a) so time-constrained; and b) so beautiful, and also tells such a wonderful story.” The ensuing mass extinction erased about three-quarters of Earth's species. (Representative Image)The fossil, revealed in a BBC documentary, reviewed by Sir David Attenborough, belongs to Thescelosaurus are speculated to be very scaly like lizards and unfeathered, unlike their meat-eating contemporaries.""This looks like an animal whose leg has simply been ripped off really quickly. There's no evidence on the leg of disease, there are no obvious pathologies, and there's no trace of the leg being scavenged, such as bite marks or bits of it that are missing. So, the best idea that we have is that this is an animal that died more or less instantaneously,"" Prof Paul Barrett from London's Natural History Museum told BBC.Paleontologists said that the location provides details about what happened moment by moment after the asteroid hit the planet. ""It’s almost like watching it play out in the movies. You look at the rock column, you look at the fossils there, and it brings you back to that day,” Robert DePalma, the University of Manchester graduate student who is leading the Tanis dig told BBC.The Tanis site has emerged as a major source of looking into the past. Previously, scientists had said that the well-preserved fish fossils unearthed at the site are providing a deeper understanding of one of the worst days in the history of life on Earth.The ensuing mass extinction erased about three-quarters of Earth's species, including the dinosaurs at the end of the Cretaceous Period, paving the way for mammals - eventually including humans - to become dominant.","['asteroid hit', ' dinosaur', ' dinosaur extinction', ' Tanis site', ' Dinosaur fossil', ' Where did asteroid hit earth', ' science news', ' india today science']",https://www.indiatoday.in/science/story/fossils-of-dinosaur-killed-on-the-day-of-asteroid-strike-found-hold-clues-to-moments-after-impact-1935034-2022-04-08
6,science,Scientists shocked at new discovery around particles that makes our Sun shine,"(8, 4, 2022)","After working on it for a decade, conducting careful analysis and scrutiny, physicists at the Fermilab Collider Detector (CDF) have come across a new observation, that, if confirmed could have a tectonic shift in the world of physics. They have found a fundamental particle to have more mass (weight) than what was initially thought.

This subatomic particle, known as the W boson, is responsible for a fundamental force at the center of atoms, and they exist for only a fraction of a second before they decay into other particles. These particles have been used to explain the workings of the universe, and a new observation of them having a different mass could have a major impact on the equations that govern the workings of our world.Scientists have for the first time determined the mass of W bosons with a precision of 0.01 per cent — twice as precise as the previous best measurement. ""It corresponds to measuring the weight of an 800-pound gorilla to 1.5 ounces,"" the collaboration said in a statement. The findings have been published in the journal Science.They say that if confirmed, this measurement suggests the potential need for improvements to the Standard Model calculation or extensions to the model.“The number of improvements and extra checking that went into our result is enormous. We took into account our improved understanding of our particle detector as well as advances in the theoretical and experimental understanding of the W boson’s interactions with other particles. When we finally unveiled the result, we found that it differed from the Standard Model prediction,” Ashutosh V. Kotwal of Duke University, who led this analysis and is one of the 400 scientists in the CDF collaboration said in a statement. The Collider Detector at Fermilab recorded high-energy particle collisions produced by the Tevatron collider from 1985 to 2011. (Photo: CDF)A GRAND COLLISION OVER A DECADEPhysicists at the US government’s Fermi National Accelerator Lab crashed particles together over 10 years and measured the mass of 4 million W bosons, a messenger particle of the weak nuclear force. W bosons are responsible for the nuclear processes that make the sun shine, and particles decay.The data around W bosons were collected from 1985 to 2011. The measured value remained hidden from the analysers until the procedures were fully scrutinized. And when it finally showed up ""it was a surprise.” According to Fermilab, the mass of a W boson is about 80 times the mass of a proton.“Many collider experiments have produced measurements of the W boson mass over the last 40 years. These are challenging, complicated measurements, and they have achieved ever more precision. It took us many years to go through all the details and the needed checks. It is our most robust measurement to date, and the discrepancy between the measured and expected values persists,” CDF co-spokesperson Giorgio Chiarelli, Italian National Institute for Nuclear Physics said. About 400 scientists at 54 institutions in 23 countries are still working on the wealth of data collected by the experiment. (Photo: Fermilab)IS PHYSICS REALLY FLAWED?The result is so full of surprises, that if confirmed by another experiment, it could present one of the biggest problems yet in the scientists’ detailed rulebook for the cosmos, called the standard model. The Standard model talks about 17 fundamental particles, the building blocks of matter, and how they interact.While the results show a flaw in our understanding of the physics, scientists speculate that there may be an undiscovered particle that is interacting with the W boson that could explain the difference. They also speculate it could be the elusive dark matter that is playing a role or it could be a new physics, that remains to be fully understood.“It’s now up to the theoretical physics community and other experiments to follow up on this and shed light on this mystery. If the difference between the experimental and expected value is due to some kind of new particle or subatomic interaction, which is one of the possibilities, there’s a good chance it’s something that could be discovered in future experiments,” CDF co-spokesperson David Toback said.","['Fermilab', ' Particle physics', ' building blocks', ' standard model', ' physics', ' science news', ' sun', ' nuclear process', ' how does sun shine', ' Sun energy', ' India Today Science']",https://www.indiatoday.in/science/story/scientists-shocked-at-new-discovery-around-particles-that-makes-our-sun-shine-1935011-2022-04-08
7,science,"First private mission to Space Station to launch today, four astronauts set to ride SpaceX's Falcon-9","(8, 4, 2022)","With commercial space travel becoming the norm of the day, four astronauts will launch to the International Space Station on a maiden private mission. The astronauts will launch on SpaceX Crew Dagon atop a Falcon-9 rocket to dock with the flying outpost, where they will spend eight days conducting research and scientific studies.

The launch is scheduled at 7:50 AM ET or 5:20 pm Indian Standard Time.Nasa has completed the Launch Readiness Review for Axiom’s Ax-1 mission and weather reports are favourable for launch. The Ax-1 crew includes Commander Michael López-Alegría of Spain and the United States, Pilot Larry Connor of the United States, and Mission Specialists Eytan Stibbe of Israel and Mark Pathy of Canada.The Dragon spacecraft will dock with the Space Station a day after the launch, attaching itself to the Harmony module’s space-facing port.WATCH AXIOM-1 MISSION LAUNCH LIVE HEREThe four astronauts from three different countries will launch onboard a refurbished Falcon 9 rocket, which previously deployed GPS III Space Vehicle 04, GPS III Space Vehicle 05, Inspiration4, and one Starlink mission. SpaceX said that after separation, Falcon 9’s first stage will land on the A Shortfall of Gravitas droneship stationed in the Atlantic Ocean. The Dragon spacecraft supporting this mission previously flew the Demo-2 and Crew-2 missions.During their stay in microgravity, the four astronauts will conduct over 20 experiments including studies on unraveling the mysteries surrounding chronic pain and sleep disturbances during space travel, Spaceflight-Associated Neuro-Ocular Syndrome (SANS), which manifests through changes in visual acuity experienced by many astronauts on long-duration space flights.""Data collected in-flight will impact understanding of human physiology on Earth and in orbit as well as establish the utility of novel technologies that could be used for future human spaceflight pursuits and humankind on Earth,"" Axiom Space said in a statement.The maiden private mission will mark the beginning of commercial space missions, which will see more and more companies sending their men to the Space Station for new studies.However, the four astronauts have clarified that they are not space tourists, unlike the millionaires club which has been joyriding on Blue Origin, and Virgin Galactic brief suborbital flights. ""We are not space tourists,"" Lopez-Alegria said during a recent news briefing, adding that the Axiom team has undergone extensive astronaut training with both NASA and SpaceX and will be performing meaningful biomedical research.","['Axiom-1', ' Axiom-1 mission', ' Axiom space', ' private missions', ' Science News', ' SpaceX', ' Nasa', ' Space Station', ' India Today Science']",https://www.indiatoday.in/science/story/axiom-1-mission-launch-spacex-nasa-space-station-elon-mush-falcon-9-1934965-2022-04-08
8,science,"Woman got pregnant after sexual encounter with alien, claims new US defence report","(7, 4, 2022)","Several witnesses have alleged that UFOs have had sexual encounters with humans and also left one woman pregnant.

The absurd claims were made in Pentagon documents from the Defense Intelligence Agency, as obtained and reported by The Sun.The report was obtained as part of a Freedom of Information request.The report titled 'Anomalous Acute and Subacute Field Effects on Human and Biological Tissues' investigates the health impact on humans who have had paranormal experiences or “injuries to human observers by anomalous advanced aerospace systems"".READ | Is that a UFO? Video of unidentified object in Islamabad skies leaves internet abuzz | WATCHThe US-based civilian research agency MUFON compiled a list, which featured in the “useful database” of the report, and listed the biological effects of UFO sightings on humans and their frequency.Bizarre occurrences such as ""apparent abduction"", ""unaccounted for pregnancy"", sexual encounters, experience of telepathy and perceived teleportation, were included in the report.The study states five reported sexual encounters between UFOs and humans.The report states that UFO sightings can leave witnesses injured or suffering from radiation burns, brain problems and damaged nervesThe report which had been prepared for the DIA also warned that such objects may be a ""threat to United States interests"".One statement in the report read, “Humans have been found to have been injured by exposure to anomalous vehicles, especially airborne and when in close proximity.”The injuries were reported to be related to electromagnetic radiation and linked them to ""energy related propulsion systems"". Heating and burn injuries from radiation, damage to the brain and the ability to impact nerves were listed as possible injuries.The report, a part of over 1500 pages of DIA documents, related to the Pentagon's secretive UFO programme, the Advanced Aviation Threat Identification Program (AATIP), included another document which sets out how to categorise ""anomalous behaviour"" - with encounters with ""ghosts, yetis, spirits, elves and other mythical/ legendary entities"" classed as ""AN3"" and ""witness interaction with AN3 entities"" such as near-death experiences and religious miracles classed as AN4.ALSO READ | Second alien moon orbiting a planet discovered outside our solar system, it's big and strange","['UFO', ' US', ' Pentagon', ' health effects', ' paranormal ']",https://www.indiatoday.in/science/story/woman-pregnant-sexual-encounter-alien-claims-us-defence-report-pentagon-1934770-2022-04-07
9,science,NA,NA,NA,NA,https://www.indiatoday.in/science/video/all-you-need-to-know-about-nasa-s-space-launch-system-videographic-1934724-2022-04-07
10,science,Scientists discover microplastic stuck deep inside lungs of living people,"(7, 4, 2022)","Scientists have for the first time discovered microplastics stuck in the lungs of living people in a major study indicating that we are inhaling these dangerous substances without even knowing. The new study hints at the dangerous impact this could have on the respiratory system, causing severe problems.

Microplastics are small plastic pieces that are less than five millimeters long and have been found to be spread across oceans, mountains, and in the air. These are generated from large plastic debris that degrades into smaller and smaller pieces. These tiny particles easily pass through water filtration systems and end up in the ocean, posing a potential threat to aquatic life.A team of scientists from Hull York Medical School and the University of Hull found 39 microplastics in 11 of the 13 lung tissue samples tested, higher than any previous laboratory tests. The study has been accepted for publication by the journal Science of the Total Environment.""Microplastics have previously been found in human cadaver autopsy samples - this is the first robust study to show microplastics in lungs from live people. ""It also shows that they are in the lower parts of the lung. Lung airways are very narrow so no one thought they could possibly get there, but they clearly have,"" said Dr. Laura Sadofsky, Senior Lecturer in Respiratory Medicine at Hull York Medical School and lead author of the paper.The study was conducted on living lung tissues as collected from surgical procedures carried out on patients who were still alive, as part of their routine medical care.Scientists have discovered 12 different types of microplastics which have many uses and are commonly found in packaging, bottles, clothing, rope/twine, and many manufacturing processes. The team said that they also found considerably higher levels of microplastics in male patients compared to females.""We did not expect to find the highest number of particles in the lower regions of the lungs, or particles of the sizes we found. This is surprising as the airways are smaller in the lower parts of the lungs, and we would have expected particles of these sizes to be filtered out or trapped before getting this deep into the lungs,"" Dr. Laura said.The study revealed the presence of 11 microplastics in the upper part of the lung, seven in the mid part, and 21 in the lower part of the lung ""which was an unexpected finding."" Researchers also found microplastics of the size and shape which are inhalable by humans.Researchers had earlier found these tiny plastic particles in the blood raising health concerns across the world. Earlier, scientists studying these tiny particles had detected them in the air surrounding Pic du Midi at an altitude of 2,877 meters in the French Pyrenees.NOW READ: Shashi Tharoor chatting with Supriya Sule in Lok Sabha sparks viral memesOnePlus 10 Pro display is the unsung hero that gives it an edge over competitorsChina used compromised cameras to snoop into India's power grids, says reportWest won't stop at destroying Russia; India will be next: Donetsk on Russia-Ukraine warCentre to announce 3-year Agnipath entry scheme for youngsters to join defence forcesJo shuru kiya hai, use khatam toh karna hi hai, Javed Akhtar on legal battle with Kangana Ranaut","['Microplastics', ' What are microplastic', ' Plastic pollution', ' Lungs', ' Plastic in lungs', ' Science News', ' Health', ' India Today Science']",https://www.indiatoday.in/science/story/scientists-discover-microplastic-stuck-deep-inside-lungs-of-living-people-1934702-2022-04-07
11,science,"Italian astronaut lands on the Moon. For now, in a simulator","(7, 4, 2022)","European Space Agency has landed its astronaut on the Moon.

At the moment, this successful lunar landing was done in a simulator, which Europe hopes to turn into a real event in the coming years as Artemis soars to the lunar surface. Italian astronaut Roberto Vittori conducted the test landing on the heavily cratered surface mired in shadows on the lunar south pole.The astronaut used the advanced flight simulator to try out a mock polar touchdown as part of a project to design a ‘human-in-the-loop’ lunar landing system. A veteran astronaut of six spaceflights, Vittori jumped into a unique motion simulator based at the German Aerospace Center at Oberpfaffenhofen.The simulator has been designed for extreme tilt angles and manoeuvres that could be a requirement when humans return to the Moon by the end of this decade. The simulator on the end of an industrial robot arm with a flight deck capsule attached to it is fitted in turn with a virtual flight deck window. Mosaic of the lunar south pole from images acquired by ESA’s SMART-1. (Photo: ESA)“It was a beautiful run. The simulator is an incredible machine, probably one of the best I have experienced. This experiment today is for me showing that Europe can play a key role in the future of exploration,” Vittori said after the simulation.The European Space Agency in a statement said that the astronaut was able to experience how a spacecraft behaves during critical flight phases and then take action to control it. He was put through different test scenarios to encapsulate the full process of the lunar landing, which included a scenario where the autopilot was set to land in a landing zone littered with boulders.""Vittori was able to intervene within a given time window and select a safer alternative landing site via touch screens. In another scenario, the autopilot experienced a technical fault. Here, the Italian astronaut was able to switch to fully manual control and pilot the module manually as it descended onto the lunar surface,"" the space agency said. The DLR Robotic Motion Simulator is based on an industrial robot arm with a flight deck capsule attached to it, fitted in turn with a virtual flight deck window. (Photo: ESA)The primary goal of the simulation was to evaluate human-machine interfaces and assistance functions for spacecraft as the space agency establishes a preliminary design and the preliminary requirements for a human lunar landing, with astronauts in the loop to improve robustness and reliability of the flight system.Europe is already working on an intermediate station for crewed missions to the Moon dubbed Lunar Gateway. The station will act as a basecamp for surface exploration.","['Artemis mission', ' Moon landing', ' Moon mission', ' European Space Agency', ' ESA', ' Science News', ' India Today Science']",https://www.indiatoday.in/science/story/moon-landing-italian-astronaut-european-space-agency-nasa-artemis-mission-1934661-2022-04-07
12,science,China energy goals a problem as UN report calls for deeper coal cuts,"(7, 4, 2022)","A new U.N. report detailing what the world needs to do to combat climate change has highlighted the need for China - by far the world's biggest greenhouse gas emitter - to accelerate its shift towards clean and low-carbon energy.

This week's report by the Intergovernmental Panel on Climate Change (IPCC) said global emissions needed to peak by 2025 and fall 43% below 2010 levels by the end of the decade if temperature rises are to be kept below 1.5 degrees Celsius.It also recommended a 65%-95% cut in coal consumption by 2050 and further cuts in oil and gas, putting China's efforts to decarbonise its coal-heavy energy system - and its renewed emphasis on energy security - under the spotlight.Frank Jotzo, economist at the Australia National University (ANU) and one of the authors of the IPCC report, told a briefing this week that China was one of several countries currently falling short when it comes to meeting global goals aimed at curbing temperature rises.""The opportunity is there,"" he said, ""but the short-term actions overall and the near-term pledges that have been made are incompatible.""China, which produces about a third of global annual emissions, has not officially responded to the IPCC report, and media coverage has been scant. Chinese researchers who helped draft the report also declined to comment.Beijing has already pledged to bring greenhouse gases to a peak ""before 2030"" and achieve carbon neutrality by 2060.But its recent focus has shifted towards energy security, following disruptive power cuts as well as the geopolitical uncertainties brought about by Russia's invasion of Ukraine, which has also prompted countries like Germany to reconsider coal as a replacement for Russian natural gas.Economic stability has also been a growing concern, especially as the ongoing battle against new COVID-19 outbreaks stifles businesses and disrupts supply chains.Recent policy documents show China remains committed to coal as an energy source, at least in the short-term, with plans to start reducing consumption after 2025.""The language at the moment is for coal-fired power generation, and more accepting of it,"" said Jorrit Gosens, an ANU researcher on Chinese energy policies.In its latest energy five-year plan, China said ""advanced coal technologies"" would help the transition to green energy, with coal-fired electricity providing baseline power for renewable energy bases across the country.""They are saying it is necessary in order to allow growth in renewable energy,"" said Gosens.Another 33 gigawatts (GW) of coal-fired power capacity went into construction last year, and researchers estimate it could rise by 150 GW by 2025. read moreChina has pledged to raise wind and solar capacity to 1,200 gigawatts by 2030, but many think it could easily build more.Peter Newman, another author involved in the IPCC report, acknowledged that China had made big contributions to decarbonisation, driving down manufacturing costs for wind and solar, and working quickly to electrify transportation, but it had to show more ambition.""That is a sign of how commitment can occur, but it needs to extend right through China's economy,"" said Newman, who is from Australia's Curtin University.","['climate change', ' IPCC', ' Science News', ' UN', ' UN IPCC highlights', ' China emissions', ' India emissions', ' India Today Science', ' Environment']",https://www.indiatoday.in/environment/story/china-energy-goals-a-problem-as-un-report-calls-for-deeper-coal-cuts-1934654-2022-04-07
