SN,category,headline,date,content,keywords,link
1,science,The mystery of why our Moon has two faces solved,"(19, 4, 2022)","As countries race to the Moon, new research reveals a previously unknown mystery of why the two sides of the Moon are so different. The solution to this riddle lies in an ancient asteroid collision that rocked the Moon 4.3 billion years ago.

The collision was so big that it changed the face of Earth's natural satellite, creating an uneven balance between the side visible to us from the planet and the other that remains hidden.While the nearside (the face that the Moon shows to Earth) is dominated by the lunar mare — the vast, dark-colored remnants of ancient lava flows, Luna's far side is packed with craters and virtually devoid of large-scale lava flows.In a study published in the journal Science Advances, scientists have explained that this strange geographical contrast between the two sides is due to a giant impact billions of years ago near the lunar south pole. The impact was so big that it wreaked havoc on the moon's mantle.AN ANCIENT COLLISSIONThe new research shows that the impact led to the formation of the Moon’s giant South PoleAitken (SPA) basin, the second-largest impact crater in the solar system. It also created a massive plume of heat that propagated through the lunar interior. This plume, according to researchers, would have carried certain materials — a suite of rare-Earth and heat-producing elements — to the Moon’s nearside.This concentration of elements would have contributed to the volcanism that created volcanic plains on the side visible to us. “We know that big impacts like the one that formed SPA would create a lot of heat. The question is how that heat affects the Moon’s interior dynamics,” Matt Jones, a Ph.D. candidate at Brown University and the study’s lead author said. The formation of the largest and most ancient lunar impact basin, South PoleAitken (SPA), was a defining event in the Moon’s evolution. (File Pic)Led by a team of researchers from Brown University, Purdue University, Stanford University, and Nasa's JPL, the team conducted computer simulations of how heat generated by the giant impact would alter patterns of convection in the Moon’s interior. They found that the impact led to a unique development inside the mantle that only affected the near side.A CRATERED HISTORYThe difference between the nearside and the far side of the Moon was first revealed during the US-led Apollo missions and the Soviet Luna missions. The analysis further revealed differences in the geochemical composition and that the nearside is home to a compositional anomaly known as the Procellarum KREEP terrane (PKT) — a concentration of potassium (K), rare earth elements (REE), phosphorus (P), along with heat-producing elements like thorium.The study reveals that when the object collided with the Moon it led to major lava flows on the nearside filling the older impact craters. ""What we show is that under any plausible conditions at the time that SPA formed, it ends up concentrating these heat-producing elements on the nearside. We expect that this contributed to the mantle melting that produced the lava flows we see on the surface.” Matt Jones added.“And the South PoleAitken impact is one of the most significant events in lunar history. This work brings those two things together, and I think our results are really exciting,” he added.","['Moon mission', ' Moon surface', ' craters on Moon', ' impact craters', ' asteroid moon', ' science news', ' moon mission', ' chandrayaan-3', ' India Today Science']",https://www.indiatoday.in/science/story/the-mystery-of-why-our-moon-has-two-faces-solved-1939195-2022-04-19
2,science,First private astronauts to return home after completing 26 experiments in space,"(19, 4, 2022)","Over a week after they docked with the International Space Station, four private astronauts are set to return home after finishing their research and life-changing science and technology demonstrations in zero gravity. Led by retired NASA astronaut Michael Lopez-Alegria, the crew arrived at the flying outpost on April 9.

Dubbed Axiom Mission-1 (Ax-1), the crew will board SpaceX's Dragon spacecraft to begin the journey home with a splashdown off the coast of Florida on April 20. The departure was delayed earlier after unfavourable weather at the splashdown location for the recovery of the Dragon Endeavour.""During the Ax-1 mission, the crew pioneered a new path in space to allow more opportunities for individuals, nations, and researchers around the world to work in microgravity,"" Axiom Space said in a statement.WHAT DID AXIOM-1 PRIVATE ASTRONAUTS DO ON SPACE STATION?During their over a week-long stay in the flying laboratory, the crew conducted over 26 experiments, including technology demonstrations. The experiments included self-assembling technology for satellites and future space habitats, cancer stem cell study, air purification, and testing edge computing, made possible by Axiom’s full-service integration into the NASA process for science and technology activities.""Data collected in-flight will impact understanding of human physiology on Earth and in orbit as well as establishing the utility of novel technologies that could be used for future human spaceflight pursuits and people on Earth,"" the commercial space company said adding that these tests will directly improve life on Earth, and simultaneously support efforts to help the most vulnerable on the planet.López-Alegría, Stibbe, and Larry Connor completed the final session of the neurowellness research by monitoring brain activity with a high-density EEG system. The crew had been utilizing a new dry sensor EEG device to take two recordings per day of up to 10 minutes. This study demonstrated an innovative EEG system for cognitive assessment and training for long-term space mission research.They also concluded the BioMonitor study, which will help investigate new analysis techniques to detect negative effects on the interaction of the heart, lungs, and circulation through real-time monitoring.While the space station has hosted civilian visitors from time to time, the Ax-1 mission will mark the first all-commercial team of astronauts to use ISS for its intended purpose as an orbiting laboratory. As the flying outpost heads into what could be its final extension into orbit, Nasa is handing over the baton to commercial space stations it gets direct competition from China, which is readying its own lab in microgravity.","['Axiom-1 mission', ' Ax-1', ' SpaceX', ' science news', ' India Today Science', ' Elon Musk', ' Private astronaut mission', ' Space Station']",https://www.indiatoday.in/science/story/axiom-1-mission-private-astronauts-return-spacex-space-station-crew-dragon-1939167-2022-04-19
3,science,Did climate contribute to the emergence of modern-day humans? Scientists now have answers,"(18, 4, 2022)","The story of human evolution on a planet that has just been a few billion years old has always been intriguing and a team of scientists have now found how climate and other planetary conditions influenced their movement on the surface. Climate shifts over the last 2 million years have long been believed to have a pivotal role in the evolution of homo-sapiens.

Using a massive simulation of climatic conditions spanning over two million years, scientists have shown how it contributed to the emergence of modern-day humans. They used South Korea’s fastest supercomputer named Aleph to simulate Earth’s climate history over the past 2 million years along with a database of well-dated fossil remains and archeological artifacts.The study published in the journal Nature states astronomically forced changes in temperature, rainfall, and terrestrial net primary production had a major impact on the observed distributions of homo sapiens.""During the Early Pleistocene (18,00,000 years ago), hominins settled primarily in environments with weak orbital-scale climate variability. This behaviour changed substantially after the mid-Pleistocene transition when archaic humans became global wanderers who adapted to a wide range of spatial climatic gradients,"" the paper read.The study is based on the largest model so far to investigate how Earth's movement led to human migration over different geological epochs. ""Even though different groups of archaic humans preferred different climatic environments, their habitats all responded to climate shifts caused by astronomical changes in earth’s axis wobble, tilt, and orbital eccentricity with timescales ranging from 21 to 400 thousand years,"" Axel Timmermann, lead author of the study and Director of the IBS Center for Climate Physics (ICCP) said in a statement.The team ran the climate model on a supercomputer for six months in a bid to reconstruct how temperature and rainfall influenced humans over a million years. They included astronomical changes that Earth goes through over 100,000-year cycles that include its oscillations in the planet's tilt and even its orbit around the Sun, which also affects the seasons.The simulations showed that an early human species, Homo heidelbergensis, started expanding its habitat around 7,00,000 years ago and may have given rise to a slew of others across the globe, including Neanderthals.“Our climate-based reconstruction of hominin lineages is quite similar to recent estimates obtained from either genetic data or the analysis of morphological differences in human fossils, which increases our confidence in the results,” remarks Dr. Jiaoyang Ruan, co-author of the study.The research, going beyond early human habitats, and times and places of human species’ origins, also addressed how humans may have adapted to varying food resources over the past 2 million years. The team also concluded that early African hominins around 2-1 million years ago preferred stable climatic conditions. This constrained them to relatively narrow habitable corridors. Following a major climatic transition about 800 thousand years ago, a group known under the umbrella term Homo heidelbergensis adapted to a much wider range of available food resources, which enabled them to become global wanderers.","['Human evolution', ' Homo Sapiens', ' Climate change', ' Human migration', ' Science News', ' India Today Science']",https://www.indiatoday.in/science/story/human-evolution-homo-sapiens-climate-change-food-resources-migration-1938892-2022-04-18
4,science,"What is Iron Beam, the Star Wars-like missile defense system tested by Israel?","(18, 4, 2022)","Films have always been a source of inspiration behind new discoveries, technological advancements, and unique designs. Israeli engineers and scientists have now revealed a Star Wars-like laser beam that can target incoming missiles and render them useless. The Israeli prime minister says, ""It may sound like science fiction, but it's real.""

Dubbed Iron Beam, the technology, a laser missile-defense system, can reportedly intercept drones, mortars, rockets, and anti-tank missiles.Israel has been known for its technological advancement in weaponry and is one of the biggest global exporters of arms. The Iron Beam is part of the country's aerial defense system alongside its highly advanced rocket-intercepting Iron Dome. Claimed to be the world's first energy-based weapons system, it uses a laser beam to shoot down incoming UAVs, rockets & mortars.Naftali Bennett in a tweet said, ""Israel has successfully tested the new “Iron Beam” laser interception system. This is the world’s first energy-based weapons system that uses a laser to shoot down incoming UAVs, rockets & mortars at a cost of $3.50 per shot.""Israel has successfully tested the new “Iron Beam” laser interception system.This is the world’s first energy-based weapons system that uses a laser to shoot down incoming UAVs, rockets & mortars at a cost of $3.50 per shot.It may sound like science fiction, but it's real. pic.twitter.com/nRXFoYTjIU— Naftali Bennett (@naftalibennett) April 14, 2022
WHAT IS IRON BEAM?In a video released by the Israeli government, the Iron Beam system is shown targetting an incoming rogue Unmanned Aerial Vehicle (UAV), which is then destroyed mid-air before it is able to attack. The test was conducted last month in the Negev Desert.The video, which was highly edited and set to music, appears to show a laser beam shooting out of a ground station, hitting the targets and smashing them into small pieces.While the country has released very few details about the laser system’s effectiveness, it is expected to be deployed on land, in the air, and at sea. The goal is to deploy the laser systems around Israel’s borders over the next decade to protect the country against attacks. The announcement of the new system was aimed at sending messages to Palestine and Iran. This is the world’s first energy-based weapons system, claims Israel. (Photo: Screengrab/Naftali Bennett)WHY DOES ISRAEL NEED IRON BEAM?Part of a series of systems meant to intercept everything from long-range missiles to rockets launched from just a few kilometers (miles) away, Iron Beam has been designed to complement the Iron Dome system, which has emerged as a costly technology for the country.Israeli PM Naftali Bennett had in February acknowledged that the Iron Dome defense system is too expensive and the country is speeding the rollout of laser technology to help protect it from rocket attacks. The Iron Dome defense system is too expensive and the country is speeding the rollout of laser technology to help protect it from rocket attacks. If it is possible to intercept a missile or rocket with just an electric pulse that costs a few dollars, we will have nullified the ring of fire that Iran has set up on our borders,"" Bennett had told the Institute for National Security Studies at Tel Aviv University. The Iron Dome system targetting incoming cluster missiles. (Photo: Reuters)The Iron Dome system, unveiled a decade ago, has been a great success, with a 90% interception rate against incoming rocket fire, however, it has been equally expensive. The Israeli prime minister had said that Iron Dome is limited by its high price, which is partly underwritten by the United States. Bennett said someone in Gaza can fire a rocket toward Israel for a few hundred dollars, but it costs tens of thousands of dollars to intercept it.The new system, as claimed by the Israeli government, will cost just $3.50 per shot.WILL OTHER COUNTRIES GET IRON BEAM?Israel has been known to be a major arms exporter to countries across the world, including India, which uses Israeli Tavor assault rifles, the Negev and the B-300 anti-tank rocket launchers, and Phalcon AWACS systems among others. ""This new generation of air defense can also serve our friends in the region,” Bennett has said in the past, hinting that the technology could be used by other countries as well.The country is working on a ""laser wall"" against missiles, rockets, and drones that can be used by Israel and other countries against threats from Iran, which has developed long-range missiles capable of striking Israel.","['Iron beam', ' what is iron beam', ' what is iron dome', ' Israel weapons', ' Israel army', ' Naftali Bennett', ' Iron beam system', ' Rafle', ' Science News', ' India Today Science']",https://www.indiatoday.in/science/story/what-is-iron-beam-the-star-wars-like-missile-defense-system-tested-by-israel-1938825-2022-04-18
5,science,"Climate toll on US military bases: Sunken runways, damaged roads","(18, 4, 2022)","US military bases in the Arctic and sub-Arctic are failing to prepare their installations for long-term climate change as required, even though soaring temperatures and melting ice already are cracking base runways and roads and worsening flood risks up north, the Pentagon’s watchdog office said Friday.

The report from the inspector general of the Department of Defense provides a rare bit of public stock-taking of the military’s state of readiness or lack of readiness for the worsening weather of a warming Earth.The U.S. military long has formally recognized climate change as a threat to national security. That’s in part because of the impact that intensifying floods, wildfires, extreme heat and other natural disasters are having and will have on U.S. installations and troops around the world.Increasing hurricanes, flooding, storms and wildfires in recent years have caused billions of dollars in damage to Florida’s Tyndall Air Force Base, Nebraska’s Offutt Air Force Base and other U.S. military installations, and interrupted training and other operations.For years, laws, presidential orders and Pentagon rules have mandated that the military start planning and work so that its installations, warships, warplanes and troops can carry out their missions despite increasingly challenging conditions as the use of fossil fuels heats up the Earth.While even acknowledging climate change was a career risk for administration officials under former President Donald Trump, President Joe Biden directed faster, more sweeping action on climate change by the Department of Defense and other agencies as one of his first acts in office. US military bases in the Arctic and sub-Arctic are failing to harden their installations against long-term climate change as require. (Photo: AP)Despite Biden’s emphasis, inspectors visiting the United States’ six northernmost military bases last June and July found none were carrying out the required assessments and planning to prepare their installations and operations against long-term climate change.Further, “most installation leaders at the six installations we visited in the Arctic and sub-Arctic region were unfamiliar with military installation resilience planning requirements, processes, and tools,” the inspector general reports said.Senior officers told the inspector general’s inspection team that their operations lacked the training and funding to start the required work on hardening their bases. Some saw requirements for that kind of long-term planning as assembling a “wish list” that would go up against competing priorities, the officers told the inspectors.A Pentagon spokesman did not immediately respond to a request for comment Friday. The inspector general report cited Defense officials as saying that the Biden administration has finished or is working on many of the report’s recommendations to better incorporate climate preparations at bases and across military branches, and would increase resources to bases to make that possible.One of the bases is in Greenland and the other five in Alaska: Thule Air Base, Joint Base Elmendorf-Richardson, Clear Space Force Station, Eielson Air Force Base, Fort Wainwright and Fort Greely.The Arctic and sub-Arctic are important to U.S. strategic aims in part because of rising tensions and competition with Russia and China, and in part because sharply rising temperatures are melting sea ice and opening up both shipping lanes and access to the region’s oil and other resources, increasing interest and traffic in the region.The Defense Department also sees “the Arctic is a potential vector for an attack on the U.S. homeland, a region where Russia and China are operating more freely, and a strategic corridor for DoD forces between the Indo-Pacific and Europe,” the report notes.The inspectors found the kind of problems associated with worsening climate change already causing trouble at the U.S. bases.At Fort Wainwright in Alaska, heightened wildfire risks in 2019 interrupted training for two Pacific Air Force squadrons, so that one was able to carry out only 59% of planned training for a period, the report said.Many of the specific discussions of climate risks at the six bases were blacked-out in the version of the report made public Friday.But inspectors photographed and described some. That included cracked and sunken runways undermined by melting ice, damaged hangers and roads, and a collapsed rock barrier that had been piled up to hold back floodwater from a river swollen by glacial melting, at Thule in Greenland.Leaders at all six bases visited noted that kind of damage, inspectors said, “however, officials from five of these installations said they had not begun incorporating future climate risks into their installations’ planning.”“They stated that their day-to-day focus was on reacting to immediate problems or reducing risk to existing hazards, rather than planning for future hazards,” the report noted.The Arctic is warming two to three times faster than the rest of the world. A March heat wave that hiked Arctic temperatures 50 degrees (30 Celsius) higher than normal stunned scientists.Of 79 U.S. military installations overall, the Department of Defense says two-thirds are vulnerable to worsening flooding as the climate worsens and half are vulnerable to increasing drought and wildfires.","['climate change', ' army bases', ' Alaska', ' global warming', ' Science news', ' environment', ' US Military']",https://www.indiatoday.in/science/story/climate-toll-on-us-military-bases-sunken-runways-damaged-roads-1938816-2022-04-18
6,science,China to launch three astronauts on six-month mission to under-construction space station,"(18, 4, 2022)","China will launch its third crew mission to its under-construction space station in June when three taikonauts (Chinese astronauts) will strap themselves, in the Shenzhou 14 capsule for a ride to Tiangong.

Hao Chun, director of the China Manned Space Engineering Office, said that the crew of the Shenzhou-14 capsule will spend six months on the Tiangong to add two modules to the station readying it for future science operations. The Shenzhou-14 mission will be followed by another launch for a six-month mission.The two crews would overlap for three to five days, marking the first time the station has six people aboard. The Shenzhou-13 mission will integrate the Wentian module, which is expected to launch in July to the under-construction space station. Meanwhile, Beijing will launch the Mengtian module in October.China’s ambitious space program launched its first astronaut into orbit in 2003, landed robot rovers on the moon in 2013, and on Mars last year. Officials have discussed a possible crewed mission to the moon. The core module of the Tiangong, or Heavenly Palace, was launched in April 2021. The Chinese space agency plans to complete the construction of its flying outpost by the end of this year as it aims to give direct competition to the International Space Station. Chinese astronaut Ye Guangfu sits outside return capsule of the Shenzhou-13 manned space mission after landing at the Dongfeng landing site. (Photo: AP)When completed with the addition of two more sections — named Mengtian and Wentian — the station will weigh about 66 tons, much smaller than the International Space Station, which launched its first module in 1998 and weighs around 450 tons.The latest update comes days after China successfully returned its second crew mission to Earth from the space station. The crew of Shenzhou 13 landed in the Gobi desert in the northern region of Inner Mongolia.During the mission, astronaut Wang Yaping carried out the first spacewalk by a Chinese woman. Wang, commander Zhai Zhigang, and crewmate Ye Guangfu also beamed back physics lessons for high school students. With the completion of the Shenzhou-13 mission, the ""technology verification phase"" of the space station project has been completed.China was the third nation to launch an astronaut into space on its own after the former Soviet Union and the United States. Tiangong is China’s third space station following predecessors launched in 2011 and 2016. The government announced in 2020 that China’s first reusable spacecraft had landed following a test flight but no photos or details have been released.","['China', ' China space station', ' Shenzhou-14 mission', ' Tiangong', ' China space programme', ' Science News', ' India Today Science']",https://www.indiatoday.in/top-stories/story/china-to-launch-three-astronauts-on-six-month-mission-to-under-construction-space-station-1938781-2022-04-18
7,science,"Solar flare causes radio blackout over parts of Asia, Australia; Sun to be even more active this week","(18, 4, 2022)","Days after a geomagnetic storm hit Earth, solar activity is once again picking up pace and the Sun is likely to erupt with more flares this week. A solar flare hurtled from the Sun on Sunday and caused a strong shortwave radio blackout over southeast Asia and Australia.

The X1 class flare was accompanied by a Coronal Mass Ejection (CME) from a cluster of active sunspots that have produced significant flaring prior to appearing on the eastern limb of the Sun. The flare originated from Regions 2994 and 2993 and caused a brief radio blackout and was classified as a Type II solar radio burst.""Solar activity is expected to be active over the next week as these sunspots migrate across the visible disk,"" the agency under the National Oceanic and Atmospheric Administration said in an update. The latest forecast from the Space Weather Prediction Center comes after the Sun erupted, hurtling flares towards the inner planet, including Earth.According to spaceweather.com, the sunspot complex AR2993-94, produced an X1-class solar flare on April 17, maybe just the beginning. Another potentially large active region is right behind it. The sunspots appeared on Sunday and Nasa's Solar Dynamics Observatory is tracking its progress. ""This sunspot group has been active for more than a week, hurling CMEs and plumes of plasma into space from its location on the far side of the sun. Now it is turning to face Earth and shows no signs of slowing down,"" the space observer said.The host star of our solar system had previously erupted, sending out plasma towards Earth that hit the planet, causing a geomagnetic storm last week.A solar flare is a sudden, rapid, and intense explosion on the surface of the Sun that happens when massive amounts of energy stored in magnetic fields are suddenly released. The explosion emits radiation across the length and breadth of the universe, hurtling them towards planets in the solar system. These radiations contain radio waves, x-rays, and gamma rays.There are three stages of a solar flare: first, the precursor stage, where the release of magnetic energy is triggered with soft X-Ray emissions. The second stage, named impulsive, is when protons and electrons are accelerated to energies equivalent to a million electron volts. The third stage is the gradual build-up and decay of the X-Rays.The Sun is now in its 11th solar cycle, which is characterised by high activity on the surface.","['Solar flare', ' sunspot', ' sun', ' solar activity', ' radio blackout', ' science news', ' India Today science', ' Solar storm', ' geomegnetic storm', ' radio blackout', ' auroras']",https://www.indiatoday.in/science/story/solar-flare-sunspot-geomagnetic-storm-x1-class-radio-blackout-sun-1938753-2022-04-18
8,science,"Fuel leak, faulty valve: Nasa to remove Artemis Moon rocket from launchpad","(18, 4, 2022)","Days after a fuel leak thwarted Nasa's attempt to conduct key tests to validate the Space Launch System, engineers will remove the mega Moon rocket from the launchpad. The Wet Dress Rehearsals were aimed at validating the rocket that is poised to take humans back to the Moon.

The rocket and the Orion spacecraft will be rolled back to the Vehicle Assembly Building to replace a faulty upper stage check valve and a small leak on the tail service mast umbilical. ""During that time, the agency also will review schedules and options to demonstrate propellant loading operations ahead of launch,"" Nasa said in a statement.During the dress rehearsals, the Artemis team was working to activate the facilities needed for launch and formally begin the countdown sequence. It also included practicing a synergy between the rocket, the ground control, and the mission control for the Artemis rocket.WHAT HAPPENED DURING REHEARSALS?While the tests were planned to be complete within 48 hours of commencement and just days after the rocket was laced on the launch pad, the teams encountered several difficulties. These difficulties came in the shape of a fuel leak and a major faulty valve. The test was first stopped when the Artemis team encountered a helium check valve that was not functioning as expected, requiring changes to ensure the safety of the flight hardware. The Space Launch System (SLS) is poised to usher a new era in space travel. (Photo: Nasa)The check valve allows liquid or gas to flow in a particular direction and prevents backflow. The helium check valve is about three inches long and prevents the helium from flowing back out of the rocket. Helium is used for several different operations, including purging the engine or clearing the lines, prior to loading propellants during tanking, as well as draining propellants.The team later detected a liquid hydrogen (LH2) leak on the tail service mast umbilical of the rocket. Located at the base of the mobile launcher, the umbilical connects to the rocket’s core stage. The leak was discovered when engineers initiated liquid hydrogen loading operations. However, they were unable to complete the process. The launch team had, however, managed to load some super-cold liquid hydrogen and oxygen into the core stage of the 30-story Space Launch System rocket but fell far short of the full amount.Meanwhile, two other countdown attempts were marred by balky fans and a large hand-operated valve that workers mistakenly left closed at the pad last week. NASA had been targeting June for the launch debut of the 322-foot (98-meter) SLS rocket. The empty Orion capsule on top will be sent on a four- to six-week mission around the moon and back.","['Nasa', ' Artemis', ' Space Launch System', ' Moon Mission', ' Artemis wet dress rehearsals', ' Science news', ' India Today Science']",https://www.indiatoday.in/science/story/fuel-leak-faulty-valve-nasa-to-remove-artemis-moon-rocket-from-launchpad-1938734-2022-04-18
9,science,"Nasa shares image of Mars crater, netizens say it looks like alien footprints","(17, 4, 2022)","An image of the Mars crater released by Nasa has gone viral on social media. The space agency captured the image using the High-Resolution Imaging Science Experiment (HiRISE), on the Mars Reconnaissance Orbiter.“The Martian crater marks the spot,” Nasa wrote in the caption of the Instagram image, adding, “The map is projected here at a scale of 50 centimetres (19.7 inches) per pixel,” Nasa wrote in the caption.Several Instagram users commented on the Instagram post shared by Nasa. “Looks like an alien footprint on Mars,” wrote one user. “All of God's creation encompasses beauty and the universe is not an exemption,” said another. “Something spectacular that leaves you speechless!!!” added a third.

 In the caption, Nasa also revealed that a larger crater sits within a second rocky basin, designated the “Airy Crater”.The post further explained that the Airy Crater originally defined zero-longitude for the Red Planet. But as scientists started capturing more detailed images of the planet's surface, they needed a more precise marker. Therefore, Nasa designated the smaller crater - dubbed Airy-0 (zero) - as its Prime Meridian in order to not alter existing maps.Live TV--- ENDS ---Read more | UAE's Hope probe, Nasa's Maven mission join hands to unravel mysteries on MarsAlso read | Nasa gives green signal to resume key test on Artemis rocket that will return humans to Moon","['Nasa mars crater', ' alien footprints', ' nasa news', ' science news', ' ']",https://www.indiatoday.in/science/story/looks-like-alien-footprints-nasa-shares-image-of-mars-crater-1938529-2022-04-17
10,science,Chinese astronauts land on Earth after China's longest crewed space mission,"(16, 4, 2022)","Three Chinese astronauts returned to earth on Saturday after 183 days in space, state television reported, completing the country's longest crewed space mission to date.

The astronauts landed nine hours after they left a key module of China's first space station.While in orbit, the Shenzhou-13 mission astronauts took manual control in the Tianhe living quarters module for what state media called a ""docking experiment"" with the Tianzhou-2 cargo spacecraft.Following their launch in October, the astronauts - Zhai Zhigang, Ye Guangfu and a female crew member, Wang Yaping - spent 183 days in space, completing the fifth of 11 missions needed to finish the space station by the end of the year. One of the Chinese astronauts exiting the capsule in which the landed on earth. (Credits: AFP)Shenzhou-13 was the second of four planned crewed missions to complete construction of the space station, which began last April. Shenzhou-12 returned to Earth in September.China's next two missions will be Tianzhou-4, a cargo spacecraft, and the three-person Shenzhou-14 mission, Shao Limin, deputy technology manager of Manned Spaceship System was quoted by state media as saying.Barred by the United States from participating in the International Space Station (ISS) in orbit, China has spent the past decade developing technologies to build its own space station, the only one in the world other than the ISS.China, which aims to become a space power by 2030, has successfully launched probes to explore Mars and became the first country to land a spacecraft on the far side of the Moon.Live TV--- ENDS ---Also Read | Genetic study sheds light on why humans live longer than animalsAlso Read | Boeing to launch Starliner on second test flight to Space Station in May","['China', ' space station', ' astronauts', ' news', ' science', ' world']",https://www.indiatoday.in/science/story/chinese-astronauts-land-earth-after-china-longest-crewed-space-mission-1938152-2022-04-16
11,science,Three Chinese astronauts to return home after completing country's longest space mission,"(15, 4, 2022)","Three Taikonauts (Chinese astronauts) are set to return to Earth after spending six months on the under-construction Chinese space station. The Shenzhou-13 astronaut will undock from the Tianhe core module on the flying outpost and land at the Dongfeng landing site, where Chinese space agency crews have been practicing recovery operations.

Astronauts Zhai Zhigang, Wang Yaping and Ye Guangfu will return home after completing the longest space mission in China's history. The three taikonauts have been conducting scientific experiments on the station, along with setting it up and taking lectures in schools on the ground.The Shenzhou-13 spacecraft carrying the three Chinese astronauts docked with the space station in October 2021. The two men and one woman were the second crew to move into the space station, which was launched in April. The first crew stayed three months.While Zhai Zhigang and Wang Yaping are space veterans, this was the first trip for Ye Guangfu. During their six-month stay in orbit, the crew conducted three spacewalks to install equipment in preparation for expanding the station; assessed living conditions in the Tianhe module and conducted experiments in space medicine and other fields. The three astronauts entered the Tianhe space station core module in OCtober 2021.China’s military-run space program plans to send multiple crews to the station over the next two years to make it fully functional.When completed with the addition of two more sections — named Mengtian and Wentian — the station will weigh about 66 tons, much smaller than the International Space Station, which launched its first module in 1998 and weighs around 450 tons. Two more Chinese modules are due to be launched before the end of 2022.According to CGTN, with the completion of the Shenzhou-13 mission, the ""technology verification phase"" of the space station project will be completed. There will be two more crewed missions to build the space station, with more unmanned missions to send cargo ships and additional modules for installation.Meanwhile, the Long March-7 Y5 carrier rocket, which will be used to launch the Tianzhou-4 cargo vessel, has arrived at the launch site in Hainan Province on Monday.","['China space programme', ' China space station', ' Tiangong', ' Long March', ' Science', ' China space', ' Xi Jinping', ' Science News', '']",https://www.indiatoday.in/science/story/three-chinese-astronauts-to-return-home-after-completing-country-s-longest-space-mission-1937937-2022-04-15
12,science,The secret to living long: Genetic study sheds light on why humans live longer than animals,"(15, 4, 2022)","In a major study, scientists have revealed that the slower a genetic code mutates, the longer the individual lives. The study, which tries to shed light on genetic changes in ageing and cancer, found that despite huge variation in lifespan and size, different animal species end their natural life with similar numbers of genetic changes.

Researchers at the Wellcome Sanger Institute conducted a genetic study among 16 species including human, mouse, lion, giraffe, tiger, and the long-lived, highly cancer-resistant naked mole-rat, confirming that the slower the rate at which mutations occur leads to a longer life, and therefore, mammals from tigers to humans have a long life than a giraffe.A mutation is a change in the DNA sequence that, according to the National Human Genome Research Institute, can result from DNA copying mistakes made during cell division, exposure to ionising radiation, exposure to chemicals called mutagens, or infection by viruses. These mutations are at the root of cancer.While we know how mutations lead to cancer, their role in the process of aging has not been detailed.The study, published in the journal Nature, states that somatic mutation rates are evolutionarily constrained and may be a contributing factor in ageing.Genetic changes, known as somatic mutations, occur in all cells throughout the life of an organism. This is a natural process, with cells acquiring around 20 to 50 mutations per year in humans. Most of these mutations will be harmless, but some of them can start a cell on the path to cancer or impair the normal functioning of the cell. Visitors watch a Royal Bengal Tiger standing inside its enclosure at the Alipore Zoo after it reopened for the public in Kolkata. (AP Photo)""To find a similar pattern of genetic changes in animals as different from one another as a mouse and a tiger was surprising. But the most exciting aspect of the study has to be finding that lifespan is inversely proportional to the somatic mutation rate,"" Dr Alex Cagan of Wellcome Sanger Institute said in a statement.Researchers generated whole-genome sequences from 208 intestinal crypts taken from 48 individuals, to measure mutation rates in single intestinal stem cells. Analysis of the genome revealed that somatic mutations accumulated linearly over time and that they were caused by similar mechanisms across all species, including humans, despite their very different diets and life histories.They noticed that the rate of somatic mutation decreased as the lifespan of each species increased. They, however, found no significant association between somatic mutation rate and body mass, indicating that other factors must be involved in larger animals’ ability to reduce their cancer risk relative to their size.“Ageing is a complex process, the result of multiple forms of molecular damage in our cells and tissues. Somatic mutations have been speculated to contribute to ageing since the 1950s, but studying them had remained difficult. With the recent advances in DNA sequencing technologies, we can finally investigate the roles that somatic mutations play in ageing and in multiple diseases. That this diverse range of mammals end their lives with a similar number of mutations in their cells is an exciting and intriguing discovery,” Dr Inigo Martincorena, a co-author of the study said.","['Genetic mutation', ' Genes', ' DNA', ' Genome sequencing', ' Science News', ' DNA', ' Aging', ' Human aging process', ' cancer']",https://www.indiatoday.in/science/story/genes-dna-genome-sequencing-aging-process-genetic-mutations-cancer-1937924-2022-04-15
