SN,category,headline,date,content,keywords,link
1,science,"Centre says draft bill to create DNA data banks, save profiles under consideration","(7, 4, 2022)","The Centre has approved projects to strengthen DNA analysis and cyber-forensics under the Nirbhaya Fund Scheme as it plans to work on regulating evolving DNA technology. Minister for Science & Technology Dr. Jitendra Singh said that the government has formulated the DNA Technology (Use and Application) Regulation Bill.

The bill will provide ""regulation of the use and application of Deoxyribonucleic Acid (DNA) technology with the aim to establish the identity of certain categories of persons including the victims, offenders, suspects, undertrials, missing persons and unknown deceased person,"" the minister said.In a written reply to a question in the Rajya Sabha, the minister said that the Draft Bill under consideration has the provision to set up DNA data banks across the country and to store DNA profiles to track these categories of people across India. He added that the Directorate of Forensic Science Services (DFSS), MHA, has issued quality manuals and working procedure manuals for biology and DNA division, and guidelines for collection of forensic evidence in sexual assault cases and the standard components in a sexual assault evidence collection kit. The DNA technology has been evolving across the world. (File Pic)The ministry said that 23,233 Investigation Officers (IQs), Prosecution Officers (POs), and Medical Officers have been trained to collect forensic evidence in sexual assault cases and the standard components in a sexual assault evidence collection kit. Meanwhile, a DNA analysis laboratory has also been set up by MHA in the Central Forensic Sciences Laboratory in Chandigarh.The Parliamentary Standing Committee on Science and Technology, Environment, Forests, and Climate Change in 2021 raised concerns flagging the provision for the creation of a national databank of crime scene DNA profiles stating it could be used to target communities.""The risk with a national data bank of crime scene DNA profiles is that it will likely include virtually everyone since DNA is left at the crime scene before and after the crime by several persons who may have nothing to do with the crime being investigated,"" the standing committee said.""There is also DNA to be present of those who were nowhere near the crime scene but bodily material like hair may have been transported to the crime scene inadvertently by a variety of ways,"" the report said.The bill was first introduced in Lok Sabha by Harsh Vardhan as the Minister for S&T in August 2018 and passed in January 2019. However, the bill lapsed due to the dissolution of the Lok Sabha.After the reconstitution of the government following the 2019 Lok Sabha elections, the Cabinet approved the bill and it was again introduced in Lok Sabha in July 2019.","['DNA bill', ' What is DNA bill', ' DNA technology', ' Science', ' DNA', ' DNA databank', ' India Today Science']",https://www.indiatoday.in/science/story/centre-says-draft-bill-to-create-dna-data-banks-save-profiles-under-consideration-1934651-2022-04-07
2,science,"Isro's Small Satellite Launch Vehicle's maiden flight delayed, launch now between July-Sept","(7, 4, 2022)","The Indian Space & Research Organisation (Isro) will launch Earth Observation Satellite-02 on board the Small Satellite Launch Vehicle (SSLV) in the second quarter of this year. The maiden launch of the SSLV, now delayed, will boost India as a major launch destination to deploy commercial satellites in Low Earth Orbit (LEO).

Science & Technology Minister Dr. Jitendra Singh on Thursday said that EOS-02 is a technology demonstration satellite for various new technologies with applications that include agriculture, forestry, geology, hydrology, miniaturised power electronics, reaction wheels.The launch of the SSLV was initially targetted in the fourth quarter of 2021, however, due to Covid-19 induced lockdown, the development process was affected. Disruption in the domestic supply chain was a factor for the delay of spacecraft realization due to the non-availability of components, manpower, and facilities.The latest announcement comes weeks after Isro successfully conducted the ground testing of the newly developed solid booster stage (SS1) that will power its liftoff. The remaining stages of SSLV (SS2 & SS3) have successfully undergone necessary ground tests and are ready for integration.Isro had initially planned to launch SSLV in the first quarter of this year. The SSLV will provide a payload capability of 500 kilograms to a 500-kilometer planar orbit. By comparison, the PSLV — the workhorse of Isro — can take up to a 1,750-kilogram payload into SSO of 600 km altitudeThe government has sanctioned Rs 169 crores for the development of the project. This will cover the development & qualification of the vehicle systems and the flight demonstration through three development flights (SSLV-D1, SSLV-D2 & SSLV-D3).The minister also highlighted the findings behind the failure of the GSLV-F10 mission that launched with an Earth observation Satellite last year. ""Initial investigations with the post-flight data conducted immediately after the launch indicated that an anomaly in the Cryogenic Upper Stage led to the failure of the mission. A National level Failure Analysis Committee (FAC) consisting of experts from academia & ISRO was immediately constituted to identify the causes of the anomaly in the Cryogenic Upper Stage of GSLV, that led to a mission abort and to recommend corrective actions for future missions,"" the minister said.The 51.70-meter-tall rocket GSLV-F10/EOS-03 had successfully lifted off from the second launch pad at the Sriharikota spaceport as planned at 05.43 am on August 12. While the first and second stages of the mission kicked in successfully with a nominal burn, it was the third stage that did not go as planned.","['Isro', ' SSLV', ' Small satellite launch Vehicles', ' What is SSLV', ' Science News', ' India Today Science']",https://www.indiatoday.in/science/story/isro-small-satellite-launch-vehicle-sslv-pslv-earth-observation-satellite-1934635-2022-04-07
3,science,Scientists discover ancient cemetery of flying reptiles in Chile's Atacama desert,"(7, 4, 2022)","Scientists in Chile say they have unearthed a rare cemetery with well-preserved bones of ancient flying reptiles that roamed the Andean country's Atacama desert more than 100 million years ago.

The remains belong to pterosaurs, scientists determined, flying creatures that lived alongside dinosaurs that had a long wingspan and fed by filtering water through long thin teeth, similar to flamingos.The group of scientists, led by Jhonatan Alarcon, an investigator at the University of Chile, have been searching for pterosaurs for years, but this discovery surpassed their hopes.""This has global relevance because these types of findings are relatively rare,"" Alarcon said. ""Almost everywhere in the world, the pterosaur remains that are found are isolated.""The discovery of this rare cemetery will allow scientists to study the pterosaur's habits, not just its anatomy, he said. A palaeontologist works at the place where pterosaur fossils were found. (Photo: Reuters)""We could determine how groups of these animals were composed, if they raised their babies or not,"" he added.Another unexpected surprise was how well-preserved the bones scientists discovered were.""Most pterosaur bones that are found are flattened, broken,"" said David Rubilar, head of paleontology at Chile's Museum of National History. ""Nevertheless we were able to recover preserved three-dimensional bones from this site.""This well help scientists better understand pterosaur anatomy.The find was made 65 km (40.39 miles) away from another site where other pterosaur remains were found. This discovery supports scientists' hypothesis that pterosaurs were once widespread in northern Chile.","[' flying reptiles', ' anatomy', ' evolution', ' reptiles', ' science news', ' Chile', ' Atacama desert']",https://www.indiatoday.in/science/story/scientists-discover-ancient-cemetery-of-flying-reptiles-in-chile-s-atacama-desert-1934551-2022-04-07
4,science,"Hubble spots a mysterious planet where rain does not have water, but rocks","(7, 4, 2022)","The Hubble Telescope has been known to find unique mysterious worlds in our Milky Way galaxy, that have remained elusive to ground-based telescopes. The flying observatory has now probed the atmospheres of two different planets, that are similar to Jupiter but are so close to their host star that they are being roasted at seething temperatures.

The temperatures on these planets are so high that they are enough to vapourise even one of the strongest metals, like Titanium. While on one planet it's raining vaporized rock, the other has its upper atmosphere being sunburned by intense ultraviolet (UV) radiation from its star.Astronomers have in two different papers detailed the findings of these two mysterious worlds, which give astronomers new insights into the diversity, complexity, and exotic chemistry taking place in the far reaches of our galaxy.ITS RAINING ROCKSAstronomers observed WASP-178b using Hubble, located nearly 1,300 light-years away from Earth, where the atmosphere is enriched in silicon monoxide gas. In a paper published in the journal Nature, astronomers said that on the daytime side the atmosphere is cloudless, while on the night side of the planet the torrid atmosphere whips around super-hurricane speeds exceeding 2,000 miles per hour. The Hubble space telescope. (Photo: Nasa)The planet is tidally locked to its star, which means one side continuously remains facing the star similar to the Moon that remains locked with Earth. Astronomers said that On the dark side, the silicon monoxide may cool enough to condense into rocks that rain out of clouds, but even at dawn and dusk, the planet is hot enough to vaporize rock. ""We knew we had seen something really interesting with this silicon monoxide feature,"" said Josh Lothringer of the Utah Valley University in Orem, Utah.GETTING ROASTEDIn another paper, published in Astrophysical Journal Letters, astronomers have detailed the findings of a super-hot Jupiter, KELT-20b, located about 400 light-years away. Using the Hubble, they observed that a blast of ultraviolet light from its parent star is creating a thermal layer in the atmosphere, much like Earth's stratosphere.While on Earth Ozone layer absorbs the ultraviolet rays of the Sun and raises temperatures in a layer between 7 to 31 miles above Earth's surface. On KELT-20b the situation is different. On this planet, UV radiation from the star is heating metals in the atmosphere which makes for a very strong thermal inversion layer.""The emission spectrum for KELT-20b is quite different from other hot Jupiters. This is compelling evidence that planets don't live in isolation but are affected by their host star,"" Guangwei Fu of the University of Maryland, said in a statement.Astronomers have long said that while hot Jupiters are inhabitable, thanks to their extremely high temperatures, they do pave the way to better understanding the atmospheres of potentially inhabitable terrestrial planets.","['Hubble telescope', ' hot jupiter', ' what is hot jupiter', ' exoplanets', ' what ar exoplanets', ' Science news', ' India Today Science']",https://www.indiatoday.in/science/story/hubble-spots-a-mysterious-planet-where-rain-does-not-have-water-but-rocks-1934541-2022-04-07
5,science,James Webb Telescope has its own fridge in space that will make it shiver at -266 degrees Celsius,"(7, 4, 2022)","Hanging in the vacuum of space, nearly 15,00,000 kilometers away from Earth, the James Webb Telescope is cooling down. The Mid-Infrared Instrument (MIRI) and other key equipment onboard the world's most powerful observatory are radiating heat into space. But, that's not enough to cool it down. Webb has its own high-tech refrigerator onboard.

The cryocooler on the telescope is circulating cold helium gas on the MIRI optical bench, which will help cool it to about 15 kelvins or nearly -260 degrees Celcius. The cryocooler will redirect the circulating helium gas and force it through a flow restriction, and as the gas expands when exiting the restriction, it becomes colder, and can then bring the MIRI detectors to their cool operating temperature of below 7 kelvins, (-266 degrees Celcius).However, it's not going to be this simple as turning the valve and letting Helium flow. Nasa said that if the cooling is not immediately achieved, MIRI will start warming. If MIRI starts warming, it will raise a new challenge for the Webb team since MIRI’s detectors need to be colder to be able to detect photons of longer wavelengths.""MIRI will support the instrument suite to explore the infrared universe with depth and detail that is far beyond anything that has been available to astronomers to date,"" Nasa said. Scientists hope that the instrument will help reveal astronomical targets ranging from nearby nebulae to distant interacting galaxies with a clarity and sensitivity far beyond what we’ve seen before. The James Webb Telescope beamed this selfie from its location at second Lagrange Point. (Photo: Nasa)All this depends on MIRI being cooled to a temperature below the rest of the observatory, using its own dedicated refrigerator.The instrument has been equipped with four coronagraphs, which have been carefully designed to detect exoplanets at temperatures similar to Earth. The detailed colours of exo-giant planets (similar to our own Jupiter) can then be measured by MIRI’s two spectrometers to reveal chemical identities, abundances, and temperatures of the gases of their atmospheres (including water, ozone, methane, ammonia, and many more).""Getting this instrument cold is one of the last major challenges faced by Webb before the MIRI team can truly relax, and passing through the cooler’s ‘pinch point’ will be the most daunting step in this challenge. At that time, the cooler will have pulled out almost all of the heat left in MIRI’s 100 kilograms (220 pounds) of metal and glass from that tropical launch day morning, three months ago,"" Nasa said.The James Webb Telescope had earlier made global headlines when it dropped the first images of a star that it saw to align its iconic golden mirrors in shape. The telescope is so sensitive that it not only captured the star but hundreds of distant galaxies in the background.","['James webb space telescope', ' James webb telescope pictures', ' Who was James webb', ' James webb space telescope launch', ' James webb space telescope live', ' James webb space telescope science', ' James webb space telescope live video', ' James webb space telescope images', ' James webb space telescope', ' what is James webb space telescope', ' science news', ' Nasa', ' ESA', ' Isro', ' ']",https://www.indiatoday.in/science/story/james-webb-telescope-image-nasa-infrared-instrument-cryocooler-1934524-2022-04-07
6,science,18 nations have gone green on climate and kept economies growing: UN,"(7, 4, 2022)","Proponents of clean energy and thinks tanks have long said it’s possible to reduce emissions and keep an economy growing. Now the latest report from the world’s top climate scientists says 18 countries have done just that, sustaining emissions reductions “for at least a decade” as their economies continue to grow.

The United Nation’s Intergovernmental Panel on Climate Change (IPCC) did not name the countries, citing inconsistency in the data.But using figures from Global Carbon Project, which are not part of the report, The Associated Press found 19 nations where the pre-pandemic annual carbon dioxide emissions were at least 10 million metric tons less in 2019 than in 2010. They are the United States, the United Kingdom, Germany, Japan, Italy, Ukraine, France, Spain, Greece, Netherlands, Mexico, Finland, Singapore, Denmark, the Czech Republic, Belgium, Poland, Romania and Sweden.The IPCC identified three common factors for countries that have been able to decarbonize: They used less energy, transitioned away from fossil fuels to renewable energy and increased the energy efficiency of their products.Such countries “can export a model that shows we can reduce emissions and still have high levels of well-being,” said Greg Nemet, a professor of energy and public policy at the University of WisconsinMadison La Follette School of Public Affairs. ”We can export policies that have played a role in achieving that.”While the list of countries points a way forward, it also raises questions of equity. The United States, Germany, Japan and the United Kingdom are among the largest contributors to historical carbon emissions. Their residents already have electricity and to a large degree, vehicles.Nemet, who is also a lead author of the IPCC report, added that developed countries that have been historical contributors to climate change and have been able to decarbonize need to take a “leadership” role in helping developing countries do the same.Historic emissions and discussions of responsibility are always discussed during U.N. climate conferences. But getting industrialized countries to agree on whether compensation for damages is warranted or how much they should pay to help poorer countries invest in green technologies, has all proved elusive.The least developed countries in the world are estimated to have emitted just 3.3% of global greenhouse gases in 2019, Inger Andersen, executive director of the United Nations Environment Programme, pointed out in a statement to the AP. Some experts note that developing countries often are forced to borrow money at higher rates of interest than developed nations, which can make large capital projects prohibitive.“The 18 countries that have balanced emissions reduction and economic growth are indeed examples that give us hope for the future but... all developed nations have a historic responsibility to ensure that they lean in whether on the Paris Accord targets of delivering $100 billion a year in climate finance, on ensuring poorer countries have access to technology and knowledge to make these shifts,” or by leading, making these transitions first, she said.Michael Grubb, a lead writer on the IPCC report and professor of energy and climate change at the University College of London, said in the report that scientists ran economic and emissions scenarios to see what would happen globally at different levels of carbon pollution reduction. In nearly every scenario -- including the “most aggressive” ones to cut carbon emissions -- the global gross domestic product still nearly doubled by mid-century. Even in the scenario with the deepest emission cuts, GDP jumped 96%, Grubb said.“The point is in practice, what we do in climate mitigation in macroeconomic terms is really going to be lost in the noise of the overall effectiveness of our economic policies,” he said.Grubb said the IPCC report declined to name the 18 countries because the data for some counted only carbon dioxide while for others included all greenhouse gases. Baseline years also differed. Depending on the parameters, there are more nations that reduced emissions while growing their economies, he said.Patricia Romero-Lankao, a senior scientist at the National Renewable Energy Laboratory and lead author of the portion of the IPCC report on national and subnational policies, said she’s optimistic. But she stressed how much more must be done to aid disadvantaged communities and regions in decarbonizing and repairing the impacts of climate change.“This is not a technical problem,” she said. “We need to understand what they need, what challenges they face and how we can adapt our toolset to help us respond to that.”READ | IPCC to release key report on climate change today: What have previous reports found?","['UN panel IPCC', ' climate control', ' climate change ']",https://www.indiatoday.in/science/story/un-panel-ipcc-nations-green-on-climate-control-emissions-1934480-2022-04-07
7,science,"WHO calls on countries to prioritise equitable health to ensure healthier, fairer, greener world","(6, 4, 2022)","As climate change endangers the health, well-being, and sustainable development of billions of people across the globe, the World Health Organisation (WHO) has called on countries to prioritise equitable health now and for future generations in order to promote a healthier, fairer, and greener world.

“Climate change is putting the health, well-being, and sustainable development of billions of people across the Region and the world at risk. It imperils decades of progress in reducing disease-related morbidity and mortality. We must act now to keep humans and our planet healthy,” said Dr Poonam Khetrapal Singh, Regional Director, WHO South-East Asia Region.THREAT OF CLIMATE CHANGEThe WHO said that climate change is expected to cause an additional 250,000 deaths annually between 2030 and 2050. The world health body is urging governments and people to take measures to protect the planet.ALSO READ: 'Now or never’: Window to avoid 1.5 degree Celsius rise in temp closing, scientists call for drastic actionThe threat is worse for South-East Asia, which is home to more than 2 billion people. The population is highly vulnerable to climate change and has the highest estimated number of deaths due to climate change.Intense rainfall, frequent floods, forest fires, and droughts triggered by climate change are already impacting health and livelihood and causing huge sufferings, mental health issues, deaths and displacement, globally and in the region.Apart from this, rising temperatures because of climate change are also leading to outbreaks of infectious disease, heat strokes, trauma, and even death from extreme heat.Crop failure linked to climate change is driving malnutrition and undernutrition.According to the recent data by the global health body, almost the entire global population (99 per cent) breathes air that exceeds WHO air quality limits, and threatens their health.The ongoing Covid-19 pandemic has further exposed the inequitable and unsustainable nature of existing political, social, and commercial decisions.Dr Poonam Khetrapal Singh noted, “We have a once-in-a-century opportunity to drive transformative, lasting change. The COVID-19 pandemic has shown us that if decision-making is transparent, evidence-based, and inclusive, people will support bold and far-reaching policies that protect their health, families and livelihoods.”MEASURES RECOMMENDED BY WHO The WHO is calling for prioritizing equitable health and accelerating steps to protect ecological systems and health to build well-being societies. The measures include long-term investments, well-being budgets, social protection, and legal and fiscal strategies to allow for societies to flourish and fulfill everyone’s right to health and development while protecting our planet.ALSO READ: These Himalayan glaciers are melting fast in IndiaThe priority measures include :Protect and preserve the source of human health- nature. Improve air quality, support afforestation and sustainable farming, and strengthen food systems.Invest in essential services from water and sanitation to clean energy in health care facilities. In line with the 2017 Malé declaration, build climate-resilient health facilities which promote environmentally sustainable practices.Ensure quick and healthy energy transformation. While countries in the Region have made commendable progress towards renewable energy, increased action is needed, accompanied by rigorous enforcement of air quality standards.Promote healthy and sustainable food systems. Disease caused by lack of access to food or consumption of unhealthy ultra-processed food and beverages is a major contributor of noncommunicable diseases (NCDs).Build healthy and livable sustainable cities with green and healthy spaces to encourage physical activity, reduce greenhouse gas emissions and road traffic injuries.“We are at a pivotal moment. The decisions and actions we take now can either escalate damage to the ecological systems that sustain human health and livelihoods, or they can promote a healthier, fairer, and greener world. Together we must confront the climate crisis, protect health for all and ensure a fairer, healthier, and greener future for generations to come,” said the Regional Director, WHO South-East Asia Region.Live TV--- ENDS ---ALSO READ | What measures UN IPCC report suggests to reduce emissions by 2030?","['WHO', ' climate change', ' equitable health', ' ecological system']",https://www.indiatoday.in/science/story/who-calls-on-countries-prioritise-equitable-health-for-healthier-fairer-greener-world-1934333-2022-04-06
8,science,These Himalayan glaciers are melting in India. Gangotri receding at 15 meters a year,"(6, 4, 2022)","A majority of glaciers in the Himalayan region are melting as temperatures rise and climate change wreaks havoc across the world. Studies conducted by the Centre reveal that the phenomenon is being seen across nine major glaciers in the country which is melting at different rates.

Studies led by the Geological Survey of India, Wadia Institute of Himalayan Geology, National Centre for Polar and Ocean Research, National Institute of Hydrology, Space Application Centre, and Indian Institute of Science have observed accelerated heterogeneous mass loss in Himalayan glaciers.Minister of Science & Technology Dr. Jitendra Singh in a written reply in the Lok Sabha said, ""GSI has conducted studies on melting of the glaciers by assessment of mass balance on nine glaciers and also carried out monitoring the recession/ advancement of 76 glaciers in the Himalayan region. The majority of Himalayan glaciers are observed melting/ retreating at varying rates in different regions.""WHICH GLACIERS IN INDIA ARE MELTING?The Ministry of Earth Sciences said that the mean retreat rate of Hindu Kush Himalayan glaciers is 14.9-15.1 meters per year, which is 12.7-13.2 meters per year in Indus, 15.5-14.4 meters per year in Ganga, and 20.2-19.7 meters per year in Brahmaputra river basins.Meanwhile, mass balance studies conducted for some Himalayan glaciers by the University of Kashmir, Sikkim University, IISc, and WIHG, revealed a similar event where a majority of Himalayan glaciers are melting or retreating at varying rates. The Wadia Institute of Himalayan Geology, which is monitoring a few glaciers in Uttarakhand, found that the Dokriani Glacier in the Bhagirathi basin is retreating at 15-20 meters per year since 1995, whereas Chorabari Glacier in the Mandakini basin is retreating at 9-11 meters per year during 2003-2017.The Satluj River basin is witnessing similar events. Divecha Centre for Climate Change, IISc Bangalore investigated the glacier and found that there will be an increase in glacier melt contribution until the middle of the century and then there will be a decline. ""Numerous small glaciers located in the low altitude region of the Satluj basin indicate a significant loss in the area till the middle of the century, creating a scarcity of water during the dry summer season,"" the ministry said.WHY IS THIS A CAUSE OF CONCERN?The melting of glaciers in the Himalayas is a major cause of concern as it will have a massive impact on the water supply for rivers that depend on these glaciers. The continued melting will lead to change in glacier basin hydrology, downstream water budget, and impact on hydropower plants due to variation in discharge, flash flood, and sedimentation.""The increase in risk related to glacier hazards due to enhanced number and volume of glacier lakes, accelerated flash flood and glacial lake outburst floods, while also having an impact on agro practices in high Himalayan region,"" the ministry said in a statement.Meanwhile, the minister said that The melting of glaciers is a natural process and cannot be controlled, however, the melting of glaciers does increase the risks related to glacier hazards. The Centre said that various Indian institutes, organizations, and universities are monitoring the Himalayan glaciers using remote sensing data at a large scale to assess the calamities associated with the melting.",NA,https://www.indiatoday.in/science/story/himalayan-glacier-melting-climate-change-global-warming-india-water-supply-earth-science-1934263-2022-04-06
9,science,42 new genes identified by scientists could help treat Alzheimer’s better,"(6, 4, 2022)","An international team of researchers has identified 75 genes associated with an increased risk of developing Alzheimer’s disease, providing new evidence that the immune cells have a role in the disease. The study also identified 42 new genes which had not previously been implicated in the medical condition.

The new findings also confirm that proteins amyloid-beta and tau build up in and around nerve cells as the disease progresses. Scientists are hopeful that the findings can be used to identify people who are at the greatest risk of developing Alzheimer’s disease before they start to develop the condition.Alzheimer's disease is the most common form of dementia and contributes 60-70 per cent of the cases. According to the World Health Organisation (WHO), it is a syndrome in which there is deterioration in memory, thinking, behaviour, and the ability to perform everyday activities.Dementia is one of the major causes of disability among older people worldwide. The disease has a physical, psychological, social, and economic impact not only on people who are suffering from it but also on immediate families.In what is being termed the largest study of its kind included researchers analysing the genome of more than 1,00,000 people with Alzheimer’s disease and comparing them with more than 6,00,000 healthy individuals to look for differences in genetic makeup. Alzheimer's disease is the most common form of dementia. (Representative Image)Led by researchers, Dr. Rebecca Sims and Professor Julie Williams from the UK Dementia Research Institute (UK DRI) at Cardiff University, the study has been published in the journal Nature Genetics. ""Characterization of the genetic landscape of Alzheimer’s disease (AD) and related dementias (ADD) provides a unique opportunity for a better understanding of the associated pathophysiological processes,"" the paper said.The findings show for the first time that a specific biological signaling pathway involving TNF-alpha, a protein with an important role in inflammation and the immune system, is implicated in Alzheimer’s. Meanwhile, there is more evidence that the dysfunction of microglia, immune cells in the brain that are responsible for eliminating toxic substances, contributes to disease pathology.""Genetics has and will continue to help us identify specific disease mechanisms which we can target therapeutically. This piece of work is a major leap forward in our mission to understand Alzheimer’s, and ultimately produce several treatments needed to delay or prevent the disease,"" Professor Julie Williams of Cardiff University, co-author of the study said in a statement.As part of the study, researchers also devised a genetic risk score to determine how likely patients with cognitive impairment will, within three years of first showing symptoms, go on to develop Alzheimer's disease. However, they clarified that the score is not intended for use in clinical practice at present, but researchers hope it will improve the evaluation of new drugs in clinical trials.“This study more than doubles the number of identified genes influencing risk for the more common form of Alzheimer’s disease. It provides exciting new targets for therapeutic intervention and advances our ability to develop algorithms to predict who will develop Alzheimer’s in later life,” Dr. Rebecca Sims, Senior Research Fellow at Cardiff University, co-author of the study said.",NA,https://www.indiatoday.in/science/story/alzheimer-s-disease-dementia-genes-brain-disability-symptom-treatment-1934203-2022-04-06
10,science,"Amazon books record 83 launches to deploy mega-constellation of 3,236 Kuiper satellites","(6, 4, 2022)","After successfully launching four crewed tourist missions to space on Blue Origin, Jeff Bezos is now ready to launch his satellite constellation to boost internet connectivity similar to Elon Musk's Starlink. Amazon has signed three private companies to conduct record 83 launches to deploy its low Earth orbit (LEO) satellite system.

The 3,236 satellites under Project Kuiper will be launched on Arianespace, Blue Origin, and United Launch Alliance (ULA) rockets to Low-Earth Orbit. The three companies will provide these launch services in what is being called the largest commercial procurement of space launch services in history.Under the agreement, ULA’s Vulcan Centaur rocket will conduct 38 missions, Arianespace’s Ariane-6 will launch 18 missions, and 12 launches will be done on Blue Origin’s New Glenn rocket along with an option of 15 additional launches if needed. ""These agreements mean we have enough capacity to carry into space the majority of the 3,236 satellites that make up our satellite constellation,"" Amazon said in a statement.The 83 launches will be conducted over the next five years. Amazon said that Project Kuiper satellites will launch on Arianespace’s Ariane 6 rocket out of the Guiana Space Center in French Guiana, and on Blue Origin’s New Glenn and ULA’s Vulcan Centaur rockets out of Cape Canaveral Space Force Station in Florida.“These launch agreements reflect our incredible belief in Project Kuiper, and we’re proud to be working with such an impressive lineup of partners to deliver on our mission. Securing launch capacity from multiple providers reduces scheduling risk and helps us secure competitive, long-term pricing that we can pass on to Project Kuiper customers as cost savings,” Amazon Senior Vice President Dave Limp said in a statement. The Jeff Bezos founded company is designing and developing the entire system in-house. (Photo: Amazon)The new agreements with ULA are in addition to an already signed deal for nine launches on Atlas V vehicles as well as two RS1 launches from ABL Space Systems to deploy the prototype KuiperSat-1 and KuiperSat-2 satellites.Amazon said that Project Kuiper will leverage Amazon’s global logistics and operations footprint to provide excellent customer service, and Amazon Web Services will provide networking and infrastructure to serve a diverse, global customer base. Meanwhile, the satellites will also ""serve individual households, as well as schools, hospitals, businesses, disaster relief efforts, government agencies, and other organizations operating in places without reliable broadband.""The Jeff Bezos-founded company is designing and developing the entire system in-house, combining a constellation of advanced LEO satellites with small, affordable customer terminals and a secure, resilient ground-based communications network.Apart from getting launchers, Amazon has also signed an agreement with Switzerland-headquartered Beyond Gravity to build the low-cost versatile dispensers that will deploy the Project Kuiper constellation.Amazon added that the scale of these contracts will also boost the wider launch services industry, driving innovation and job creation in the United States and Europe.",NA,https://www.indiatoday.in/science/story/amazon-project-kuiper-83-launches-satellite-constellation-ula-arianespace-blue-origin-1934164-2022-04-06
11,science,Earth scientists try to solve unusual seismic activity on Atlantic archipelago,"(6, 4, 2022)","Filled with uncertainty, experts are scrambling for answers to explain unusual seismic activity that has rattled the mid-Atlantic volcanic island of Sao Jorge, in Portugal's Azores archipelago, for over two weeks.

The island has been hit by nearly 27,000 small tremors as of Tuesday and there are fears the activity could herald a volcanic eruption for the first time since 1808, or a powerful earthquake. read more""It's an enigma, a mystery,"" said seismologist Joao Fontiela, explaining multiple tremors were common on other Azorean islands but not in Sao Jorge. ""I still haven't found a clear answer.""""Going from a very small number of earthquakes to thousands is extraordinary,"" he said.The volcanic alert is at Level 4, meaning there is a ""real possibility"" the volcano could erupt. But when, where on the island and if it will actually happen are questions that remain unanswered, Fontiela said.So far, all the recorded earthquakes have been of tectonic origin and not volcanic, reaching a magnitude of up to 3.8. If they become volcanic, it means magma is on the move.The number of daily quakes has decreased in recent days but experts are not sure if that trend will continue.Ground deformation has already been detected, which is unusual given the tremors' tectonic origin and low magnitude, Fontiela said.According to Fontiela, the lack of previous studies about Sao Jorge is making it harder to understand the phenomenon.Geologist Jose Madeira said it was not clear what kind of eruption could take place, adding that previous seismic events in Sao Jorge in 1580 and 1808 were marked by deadly pyroclastic flows.Volcanologists also keep an eye on soil gases and earthquakes' depth. read moreThe Sao Jorge earthquakes are happening at average depths of 8-12 kilometres. If a significant number start occurring closer to surface, it might indicate an imminent eruption, said Madeira.Authorities have warned the situation could drag for an undetermined amount of time.",NA,https://www.indiatoday.in/science/story/earth-scientists-try-to-solve-unusual-seismic-activity-on-atlantic-archipelago-1934150-2022-04-06
12,science,"Canyon of fire on Sun explodes: Geomagnetic storm to hit Earth today, tomorrow","(6, 4, 2022)","With the solar cycle ramping up and the Sun is spitting out plasma in the vacuum of space, Earth is in the splash zone. The Space Weather Prediction Center under the National Oceanic and Atmospheric Administration (Noaa) has predicted a solar radiation storm on Wednesday and Thursday as the Sun spits filaments of plasma from a canyon that opened up on the surface on Sunday.

The US-based space observer issued an alert for a minor geomagnetic storm in response to the anticipated arrival of the coronal mass ejection from the filament eruption that was centered near S22W30 on the Sun. The agency warned that there is a possibility of a Solar Radiation Storm occurring on Earth with proton levels exceeding the S1 (Minor) threshold.The geomagnetic storm is likely to extend to April 7, which could lead to fluctuations in power grids along with a minor impact on satellites in the Low Earth Orbit and kickoff auroras at higher altitudes. The geomagnetic storm could lead to minor radio blackouts.Geomagnetic storms are a major disturbance of Earth's magnetosphere that occurs when there is a very efficient exchange of energy from the solar wind into the space environment surrounding Earth. This is not the first time that a geomagnetic storm is set to hit Earth. (File Pic)CANYON OF FIRE OPENS UPThe latest source of the eruption is a location dubbed the canyon of fire, which, according to Space Weather, is a dark filament of magnetism that has opened up in the sun's atmosphere. The walls of the canyon are at least 20,000 km high and 10 times as long. Experts predict that fragments of the magnetic filaments may emerge from the blast site in the form of Earth-directed CMEs.The Solar and Heliospheric Observatory captured an asymmetric full-halo CME emerging from the blast site, while the bulk of the CME will miss Earth, and some of it will hit. ""A fraction of the storm cloud appears to be heading for Earth and could strike our planet's magnetic field on April 5th or 6th. A glancing blow could spark a minor G1-class geomagnetic storm,"" SpaceWeather said in its observation.A similar eruption was observed on Monday. However, experts are not yet sure if the CME will hit Earth or not.This is not the first time that a geomagnetic storm is set to hit Earth, the frequency of space weather events has increased as the Sun is now its new solar cycle ramping up activity. While the one projected to hit Earth is minor in nature, SpaceX Starlink satellites faced the brunt of a major hit earlier this year. 40 Starlink satellites were killed in space when a CME from the Sun struck Earth's orbit.",NA,https://www.indiatoday.in/science/story/canyon-of-fire-on-sun-explodes-geomagnetic-storm-to-hit-earth-today-tomorrow-1934144-2022-04-06
