SN,category,headline,date,content,keywords,link
1,science,James Webb Telescope is shivering in the dark. It's a good thing,"(14, 4, 2022)","The James Webb Telescope, which is primed to see the first moments right after the Big Bang and find the first clues to our existence, is shivering in the darkness of space as its instruments get super cold. It's a good thing since we need it to be super cold to see the birth of the first galaxies in the universe.

The Mid-Infrared Instrument (MIRI) onboard the flying observatory attained its final operating temperature below 7 kelvins (-266 degrees Celsius). The key instrument cooled off in the shade of Webb’s tennis-court-size sunshield, dropping to about -183 degrees Celsius.“The MIRI cooler team has poured a lot of hard work into developing the procedure for the pinch point. The team was both excited and nervous going into the critical activity. In the end, it was a textbook execution of the procedure, and the cooler performance is even better than expected,” Analyn Schneider, project manager for MIRI said in a statement.WHY DOES WEBB NEED TO BE THIS COLD?A major reason for the Webb to be this cold is that it has to observe the universe in infrared light, wavelengths slightly longer than those that human eyes can see. While distant galaxies, stars hidden in cocoons of dust, and planets outside our solar system emit infrared light, so do warmer objects, including Webb’s own electronics, which would make the observations overlap and flawed.Nasa said that cooling down the four instruments’ detectors and the surrounding hardware suppresses those infrared emissions and since MIRI detects longer infrared wavelengths than the other three instruments, it needs to be even colder. Meanwhile, the cold temperatures also help in suppressing electric currents created by the vibration of atoms in the detectors themselves giving the false impression that they have been hit by light from an external source. Now that the instrument is at operating temperature, team members will take test images of stars. (Photo: Nasa)""Those false signals can drown out the real signals astronomers want to find. Since temperature is a measurement of how fast the atoms in the detector are vibrating, reducing the temperature means less vibration, which in turn means less dark current,"" the Webb team said in a statement.A HEALTHY OBSERVATORYScientists began running diagnostics on MIRI after it reached the desired temperature of -266 degrees Celsius and beamed a series of commands to the telescope to see if it could execute tasks correctly.There are still more challenges that the team will have to face before MIRI can start its scientific mission. Now that the instrument is at operating temperature, team members will take test images of stars and other known objects that can be used for calibration and to check the instrument’s operations and functionality.“We spent years practicing for that moment, running through the commands and the checks that we did on MIRI. “It was kind of like a movie script: Everything we were supposed to do was written down and rehearsed. When the test data rolled in, I was ecstatic to see it looked exactly as expected and that we have a healthy instrument,” Mike Ressler, project scientist for MIRI at JPL said.","['James webb space telescope', ' James webb operating temperature', ' Nasa Webb', ' James webb pictures', ' James webb space telescope launch', ' James webb space telescope live', ' James webb space telescope science', ' James webb space telescope live video', ' James webb space telescope images', ' James webb space telescope', ' what is James webb space telescope', ' science news', ' Nasa', ' ESA', ' Isro', ' ']",https://www.indiatoday.in/science/story/james-webb-telescope-cold-temperature-infrared-nasa-esa-big-bang-universe-1937281-2022-04-14
2,science,"UAE's Hope probe, Nasa's Maven mission join hands to unravel mysteries on Mars","(13, 4, 2022)","Over a year after it arrived in the orbit of Mars, the Hope Probe, the Arab world's first interplanetary mission, is beaming back treasure troves of data. The Emirates mission is now collaborating with Nasa's Maven mission which will enable easy data sharing between the two agencies to explore the hidden mysteries of the Red Planet.

The collaboration is aimed at a deeper analysis of data and observations made by the Hope probe and the Mars Atmosphere and Volatile Evolution (MAVEN) mission. The arrangement is expected to add value to both Maven and the Emirates mission, as well as the scientific communities involved in analysing the data the missions collect.While the Hope Probe arrived in Martian orbit in 2021, Maven went into orbit around Mars in 2014. Maven is investigating the upper atmosphere and ionosphere of Mars, offering an insight into how the planet’s climate has changed over time. The observations made by the spacecraft could be key to understanding how climate change leads to planetary evolution as Earth suffers the devastating impact of global warming.NASA’s MAVEN mission and the United Arab Emirates’ Hope Probe mission are paving the way toward greater scientific collaboration and data exchange between the two Mars orbiters as they study the Red Planet's atmosphere. More: https://t.co/F4V5BS1NgT pic.twitter.com/W0LEnRA4wd— NASA Mars (@NASAMars) April 12, 2022
Omran Sharaf, Project Director of the Emirates Mars Mission in a statement said, ""Since the inception of EMM, the project has been defined by strong international collaborations and partnerships. The opportunity to work alongside other Mars missions and derive greater insights by sharing our observations and working together to fit together the pieces of the puzzle is one we are delighted to take.""Dubbed Amal, the Emirates Mars Mission is studying the relationship between the upper layer and lower regions of the Martian atmosphere and aims at producing a holistic view of the planet’s atmosphere at different times of the day, through different seasons.“Maven and EMM are each exploring different aspects of the Martian atmosphere and upper-atmosphere system. Combined, we will have a much better understanding of the coupling between the two, and the influence of the lower atmosphere on the escape to space of gas from the upper atmosphere,” Shannon Curry, Maven principal investigator from the University of California said.","['Hope mars mission', ' Emirates Mars mission', ' Nasa', ' Maven mission', ' Mars', ' Science News', ' India TOday Science']",https://www.indiatoday.in/science/story/hope-mars-mission-nasa-maven-uae-space-agency-amal-1937046-2022-04-13
3,science,"Drought in Chile enters 13th year, govt announces plan to ration water","(13, 4, 2022)","As a punishing, record-breaking drought enters its 13th year, Chile on Monday announced an unprecedented plan to ration water for the capital of Santiago, a city of nearly 6 million.

""A city can't live without water,"" Claudio Orrego, the governor of the Santiago metropolitan region, said in a press conference. ""And we're in an unprecedented situation in Santiago's 491-year history where we have to prepare for there to not be enough water for everyone who lives here.""The plan features a four-tier alert system that goes from green to red and starts with public service announcements, moves onto restricting water pressure and ends with rotating water cuts of up to 24 hours for about 1.7 million customers.The alert system is based off the capacity of the Maipo and Mapocho rivers that supply the capital with most of its water and have seen dwindling water levels as the drought drags on. An aerial view shows the Rungue reservoir during a drought in Rungue, north of Santiago, Chile. (Photo: Reuters)The government estimates that the country's water availability has dropped 10% to 37% over the last 30 years and could drop another 50% in northern and central Chile by 2060.The water deficit in the rivers, measured in liters per second, will determine if cuts will take place every 12, six or four days. In each case, a different area would face water cuts each day.""This is the first time in history that Santiago has a water rationing plan due to the severity of climate change,"" Orrego said. ""It's important for citizens to understand that climate change is here to stay. It's not just global, it's local.""Certain areas in the city center would be exempt due to the high concentration of capitals. Areas fed by well water or other sources besides the two rivers will also be exempt.","['Chile drought', ' climate change', ' global warming', ' science news', ' India Today Science', ' chile water rationing']",https://www.indiatoday.in/environment/story/drought-in-chile-enters-13th-year-govt-announces-plan-to-ration-water-1936962-2022-04-13
4,science,China wants to find Earth 2.0. Beijing has a plan,"(13, 4, 2022)","Known for technological ingenuity and bold missions that have taken them to the Moon, Mars, and beyond, China has plans to go farther and deeper into space. Beijing now wants to find an alternative home -- Earth 2.0.

Beijing is planning a mission that will look for exoplanets beyond our solar system. The main goal of this assignment is to find a world in the habitable zone of its star in the Milky Way galaxy. Earth 2.0 as the mission is being called, aims to find a similar planet to the one we currently inhabit, which is also predicted to face catastrophic situations in the coming decades.Earth 2.0, according to a report in Nature, has been conceptualised by the Chinese Academy of Sciences, which is in the early design phase. The plan is set o go under the hammer in June as a team of experts review the proposed mission and, if cleared, the development phase will kick in that will bring in funding to initiate the building phase of the satellite.STARING INTO THE UNKNOWNThe telescope will look for exoplanets deep in space, outside our solar system, in hopes of finding the chemical signs that are responsible for triggering life. According to the report, the mission will be equipped with seven telescopes that will scan a patch of sky similar to the one observed by the Kepler mission. Several countries are planning to build exoplanet-hunting missions. (Photo: AP)“The Kepler field is low-hanging fruit because we have very good data from there. Our satellite can be 1015 times more powerful than Nasa’s Kepler telescope in its sky-surveying capacity,"" Jian Ge, the lead astronomer on Earth 2.0 told Nature. The spacecraft will implement the transit method, that is, it will detect small changes in the star’s brightness that indicate that a planet has passed in front of it.Together, the six telescopes of the mission will study a staggering 1.2 million stars across a 500-square-degree patch of sky, while also observing dimmer and more distant stars than does NASA’s Transiting Exoplanet Survey Satellite (TESS). The seventh instrument on board will be a gravitational microlensing telescope for surveying rogue planets that are far from their star, similar to Neptune or Pluto.EARTH 2.0 HIDING IN THE STARS?Nasa has so far detected over 5000 worlds in the Milky Way galaxy in what is so far the biggest catalogue of exoplanets outside our Solar System that are waiting to be explored. The 5000 exoplanets discovered so far have varied ranges when it comes to their composition and characteristics. These include small, rocky worlds like Earth, gas giants many times larger than Jupiter, and hot Jupiters in scorching close orbits around their stars.Among this massive catalogue are “super-Earths,” which are possible rocky worlds bigger than our own, and “mini-Neptunes,” smaller versions of our system’s Neptune. The Chinese team hopes to find at least a dozen Earth 2.0 planets within the first few years of its operations. The Chinese government has ramped up its space mission with plans to explore Mars, Moon and asteroids. (File Pic)“There will be a lot of data, so we need all the hands we can get. Earth 2.0 is an opportunity for better international collaboration,” Jian Ge told Nature.Several countries are planning to build exoplanet-hunting missions, including Europe and the US. The James Webb Space Telescope launched last year is set to be the most advanced observatory when it begins operations in a few months, looking deep into the universe, farther and with more clarity than the Hubble telescope.","['China Earth 2.0 mission', ' Earth exoplanet what are exoplanets', ' Science News', ' Chinese academy of science', ' Science News', ' China space programme', ' Xi Jinping']",https://www.indiatoday.in/science/story/china-earth-2-0-mission-exoplanet-survey-cnsa-china-acdemy-of-science-xi-jinping-nasa-1936951-2022-04-13
5,science,"Putin cannot control wind and sun, says Kerry; calls for renewable push","(13, 4, 2022)","The conflict in Ukraine shows now is the time to shift to clean and independent energy, U.S. climate envoy John Kerry said at a conference on the pacific island of Palau as he urged nations to boost the use of offshore renewable power sources.

Russia typically provides Europe with around 40% of its gas, complicating western efforts to impose economic sanctions on Vladimir Putin's government for Russian military actions in Ukraine.""Now is the time to accelerate the transition to an independent and a clean energy future. President Putin cannot control the power of the wind or the sun,"" Kerry said in the opening speech to the Our Oceans conference.The conference opened on Wednesday in Palau, which has a population of just 18,000, to highlight the plight of nations on the frontline of climate change as they grapple with rising sea levels.Nations needed to use more offshore windpower, he said. Kerry also called for the shipping industry to use more green power, saying that if the sector was a country it would be the 8th largest emitter of greenhouse gas.Many Pacific islanders depend on fishing to survive. The problem of illegal fishing by factory trawlers from other countries who use forced labour needed to be addressed, Kerry said, adding that enforcement action could include bringing together coastguard, military and digital surveillance.US President Joe Biden, in recorded remarks, was critical of overfishing and plastics that ""have filled the sea with trash"", and said Washington would announce new initiatives on ocean protection in coming days.Palau's President, Surangel Whipps, Jr. said the climate crisis was also a humanitarian crisis, and nations like Palau needed to balance fishing and conservation.","['Ukraine war', ' John Kerry', ' Climate change', ' Russia US war', ' global warming', ' renewable energy', ' Science News', ' India Today Science']",https://www.indiatoday.in/environment/story/putin-cannot-control-wind-and-sun-says-kerry-calls-for-renewable-push-1936898-2022-04-13
6,science,"Russia will launch lunar probe this year, says Putin amid crippling sanctions from West","(13, 4, 2022)","Facing sanctions from the West over his atrocious war in Ukraine, Russian President Vladimir Putin has now said that Moscow will launch a lunar probe later this year. Moscow will launch Luna-25 to the moon in the third quarter of this year as it goes solo after the US, Europe, Japan, and Canada impose crippling sanctions.

The Russian President, who was meeting his Belarusian counterpart Alexander Lukashenko at the Vostochny Cosmodrome, said that they will develop a new generation transport spaceship and technologies for nuclear energy in space. He recalled Soviet successes in space and said no sanctions on Russia could halt its progress.Attacking the US and Europe over the sanctions, Putin said that Russia has no intention to isolate itself and added that foreign powers wouldn't succeed in isolating it. He said that “it's certainly impossible to isolate anyone in the world of today, especially such a huge country as Russia.”Putin's visit to Vostochny marked his first known trip outside Moscow since Russia launched military action in Ukraine on Feb. 24. Putin toured space facilities together with Belarusian President Alexander Lukashenko. What Russia calls its ""special military operation"" to demilitarise and ""denazify"" Ukraine triggered a barrage of sanctions including restrictions on scientific funding and cooperation. Russian President Vladimir Putin, right, Belarusian President Alexander Lukashenko, left, and Russian Roscosmos head Dmitry Rogozin visit the Vostochny cosmodrome outside the city of Tsiolkovsky. (Photo: AP)Putin also said that Russia will work with Belarus on infrastructure that guarantees the country's independent access to space, adding that he'd asked Russia's space agency, Roscosmos, to train a Belarusian for flight on a Russian spacecraft.The relations between Russia and the US have been at an all-time low including their cooperation in space, where the two countries work together for scientific advancement onboard the International Space Station.Meanwhile, Putin said that peace talks with Ukraine had hit a dead end, using his first public comments on the conflict in more than a week to vow his troops would win and to goad the West for failing to bring Moscow to heel. In the strongest signal to date that the war will grind on for longer, Putin said Kyiv had derailed peace talks by staging what he said were fake claims of Russian war crimes and by demanding security guarantees to cover the whole of Ukraine.Asked by Russian space agency workers if the operation in Ukraine would achieve its goals, Putin said: ""Absolutely. I don't have any doubt at all."" Russia will ""rhythmically and calmly"" continue its operation but the most important strategic conclusion was that the unipolar international order that the United States had built after the Cold War was breaking up, Putin said.","['Ukraine war', ' US Russia sanctions', ' Europe sanctions', ' Luna-25', ' Russia moon mission', ' Nasa', ' ESA', ' Putin', ' Science News', ' India TOday Science']",https://www.indiatoday.in/science/story/us-russia-sanctions-ukraine-vladimir-putin-roscosmos-luna-25-mission-belarus-1936892-2022-04-13
7,science,"Jupiter, Venus, Mars, Saturn to align together in rare cosmic dance, Moon to join them for main event","(13, 4, 2022)","While Mars and Venus have been immersed in a cosmic dance in the skies above us, April is set to get celestial as Saturn and Jupiter join the two planets to form a rare quartet. Jupiter is set to join mars and Venus from mid-April forming a planetary trio for stargazers across the world.

But, that's not all. By the end of April, Saturn will be joining these three planets for a rare alignment in planetary conjunction similar to the one seen in 2020. During the 2020 grand conjunction, Jupiter and Saturn had aligned together and were visible to the naked eye.According to the Jet propulsion Laboratory, these conjunctions are not quite as close as that, but still really impressive and they'll make for thrilling sights in the morning sky. An alignment does not mean that these planets will overlap each other or come extremely close to each other, they will still be separated by billions of kilometers in the vastness of space.The alignment is the result of our orientation with respect to these planets as their views change from month to month as Earth rotates in its orbit around the Sun.A CELESTIAL DANCEApril began with Venus, Saturn, and Mars being separated by a distance of just six degrees, which has been changing as Mars and Saturn have been coming close to each other. During the first week, Saturn and Mars were separated by less than the width of the full moon. Saturn has since then moved on, increasing its separation from Mars each day.By April 14, Jupiter is to rise in the pre-dawn hour, making for a quartet of planets, strung out in a line across the morning sky. Heading into the last week of April, Jupiter will be high enough above the horizon in the hour before sunrise to make it more easily observed.According to JPL, the two brightest planets in the sky, Venus and Jupiter, are headed for their own ultra-close conjunction on April 30th, similar to the meetup of Mars and Saturn earlier in the month.THE MAIN EVENTThe last week of April will be one of the most awaited for stargazers across the world, as Jupiter and Venus come together with the crescent moon passing below Saturn on April 25, Mars on April 26, and finally Jupiter and Venus on April 27. According to Space.com, a 12% illuminated crescent moon with Jupiter four degrees to its upper left and Venus hovering five degrees directly above the lunar sliver will be visible.Venus and Jupiter will stand side-by-side on April 30. Jupiter will appear with three of its four Galilean satellites visible and Venus will look slightly more than half-lit.","['conjunction', ' planet conjunction', ' Mars Venus Saturn Jupiter', ' stargazing', ' celestial events in April', ' Nasa', ' JPL', ' isro', ' Science News', 's']",https://www.indiatoday.in/science/story/jupiter-venus-mars-saturn-to-align-together-in-rare-cosmic-dance-in-april-1936881-2022-04-13
8,science,Hubble finds the biggest comet in our solar system. It takes 3 million years to go around the Sun,"(13, 4, 2022)","The Hubble Space Telescope, which has remained our eyes and ears, into the mysteries of deep space, is in no mood to disappoint even after three decades of its record service. The flying observatory has now revealed the largest icy comet nucleus ever seen by astronomers.

Dubbed C/2014 UN271 (Bernardinelli-Bernstein), the massive comet is nearly 128 kilometers wide and weighs a staggering 500 trillion tons. The nucleus of this mega-comet is 50 times larger than found at the heart of most known comets and its mass is a hundred thousand times greater than the mass of a typical comet found much closer to the Sun.The previous record was held by C/2002 VQ94, which had a 96-meter-wide nucleus discovered in 2002 by the Lincoln Near-Earth Asteroid Research (LINEAR) project. The findings by Hubble have been published in the new study in The Astrophysical Journal Letters. On the left is a photo of the comet taken by the NASA Hubble Space Telescope's Wide Field Camera 3 on January 8, 2022. A model of the coma (middle panel) was obtained by means of fitting the surface brightness profile assembled from the observed image on the left. This allowed for the coma to be subtracted, unveiling the point-like glow from the nucleus. (Photo: Nasa)MEET COMET BERNARDINELLI-BERNSTEINThe comet was discovered by astronomers Pedro Bernardinelli and Gary Bernstein from the archival images of the Dark Energy Survey at the Cerro Tololo Inter-American Observatory in Chile and was first observed in November 2010. At the time, the comet was nearly 4.8 billion kilometers away from the Sun.""This comet is literally the tip of the iceberg for many thousands of comets that are too faint to see in the more distant parts of the solar system. We've always suspected this comet had to be big because it is so bright at such a large distance. Now we confirm it is,"" David Jewitt, a professor of planetary science and astronomy at the University of California said.Nasa said that the comet at the moment is too far away for Hubble to clearly analyse it, so the astronomers made a computer model of the surrounding coma and adjusted it to fit the Hubble images. It is worth mentioning that the Hubble data show a bright spike of light at the nucleus' location. Hui and his team compared the brightness of the nucleus to earlier radio observations from the Atacama Large Millimeter/submillimeter Array (ALMA) in Chile. This combined data constrains the diameter and the reflectivity of the nucleus. This diagram compares the size of the icy, solid nucleus of comet C/2014 UN271 (Bernardinelli-Bernstein) to several other comets. (Photo: Nasa)AN ANCIENT ORIGINAstronomers said that the comet has been falling toward the Sun for well over 1 million years and is coming from the Oort Cloud outside our Solar System, which is the nesting ground of trillions of comets. The comet has an elliptical orbit around the Sun, but given its staggering distance, it takes it 3 million years to go around the Sun.Nasa said that the comet is now less than 3.2 billion kilometers from the Sun, falling nearly perpendicular to the plane of our solar system. In spite of the massive distance, the comet is experiencing a temperature of 175 degrees Celsius, enough to vapourise it and give it its glowing tail.The Oort Cloud still remains a theory because the innumerable comets that make it up are too faint and distant to be directly observed. The comets in this region didn't actually form so far from the Sun; instead, they were tossed out of the solar system billions of years ago by a gravitational ""pinball game"" among the massive outer planets, when the orbits of Jupiter and Saturn were still evolving.""Comet Bernardinelli-Bernstein provides an invaluable clue to the size and distribution of comets in the Oort Cloud and hence its total mass. Estimates for the Oort Cloud's mass vary widely, reaching as high as 20 times Earth's mass,"" Nasa said.","['Comet', ' Largest comet', ' Oort cloud', ' what is Oort cloud', ' largest comet size', ' where is largest comet science news', ' hubble telescope', ' james webb telescope', ' India Today Science']",https://www.indiatoday.in/science/story/hubble-telescope-largest-comet-c-2014-un271-oort-cloud-solar-system-sun-orbit-1936858-2022-04-13
9,science,Nasa gives green signal to resume key test on Artemis rocket that will return humans to Moon,"(13, 4, 2022)","Weeks after rolling out the Space Launch System on the pad, Nasa is set to resume the critical test for the world's most powerful rocket to test its feasibility for a mission to the Moon.

Engineers and the Artemis team will resume the Wet Dress Rehearsals for the system with a modified test, primarily focused on tanking the core stage and minimal propellant operations on the interim cryogenic propulsion stage (ICPS) with the ground systems at Kennedy.The tanking operation, which will see the rocket’s tanks being loaded with propellants, will begin on April 14. Over 7,00,000 gallons of cryogenic, or super cold, propellants including liquid hydrogen and liquid oxygen will be loaded into the rocket at the launch pad on the mobile launcher.Earlier, the test was halted after engineers identified a helium check valve that was not functioning as expected, requiring changes to ensure the safety of the flight hardware. A check valve is a type of valve that allows liquid or gas to flow in a particular direction and prevents backflow. The helium check valve is about three inches long and prevents the helium from flowing back out of the rocket.Nasa said that Helium is used for several different operations, including purging the engine or clearing the lines, prior to loading propellants during tanking, as well as draining propellants. The SLS and Orion atop the mobile launcher were transported to the pad on crawler-transporter 2 for a prelaunch test called a wet dress rehearsal. (Photo: Nasa)“Wet dress rehearsal is an opportunity to refine the countdown procedures and validate critical models and software interfaces. The modified test will enable engineers to achieve the test objectives critical to launching success,” Nasa said in a blog update.With the faults now fixed, once the tanking operation is complete, teams will power up Orion and the Space Launch System core stage, charge the core stage battery, and prepare the four RS-25 engines, which will not be lit during the test.During the test, the Artemis team aims to demonstrate tests on the cryogenic systems and an approximately three-minute hold inside the terminal count, which would not normally occur on launch day.Once the launch controllers reach the point just before the rocket’s RS-25 engines will ignite on launch day, they will recycle back to the T-10 minute point, and then resume the countdown once more after a hold.As far as the weather is concerned, meteorologists predict favorable weather for propellant loading operations. “Weather constraints stipulate there must be less than a 20 per cent chance of lightning within five nautical miles of the pad during the first hour of tanking. Winds also must not be above 37.5 knots and the temperature cannot be below 41 degrees Fahrenheit,” Nasa said.","['Nasa', ' Artemis 1 mission', ' Space Launch system', ' Moon mission', ' Artemis moon', ' Nasa Artemis', ' wet dress rehearsals', ' Science News']",https://www.indiatoday.in/science/story/nasa-artemis-1-space-launch-system-wet-dress-rehearsals-1936833-2022-04-13
10,science,"Isro looks to conduct demo, orbital flight of reusable launch vehicle","(12, 4, 2022)","The Indian Space & Research Organisation (Isro) is planning to conduct a demonstration flight and a orbital launching of a reusable launch vehicle in the coming months as it looks to target the commercial space sector. Isro has been working on a Reusable Launch Vehicle-Technology Demonstration Program to develop a vehicle that can be used multiple times, unlike now when we use a new launch vehicle for every mission.

Isro chief S Somnath has said that the reusable vehicle is critical for strategic users rather than commercial users, which will allow India to take a payload up into space and bring it back safely. Speaking to Geospatial World, the Isro chief said, ""We will have a landing demonstration soon, followed by an orbital launching demonstration.""""We are also looking at how future launch vehicles can be built and how to bring down the cost of the launcher. Currently, the price per kg is typically $20,000. We have to bring it down to $5,000. This will be possible only by bringing reusability into the rocket,"" Somnath told Geospatial World.Isro has been developing Winged Reusable Launch Vehicle technology that will demonstrate hypersonic flight, autonomous landing, powered cruise flight and hypersonic flight using air-breathing propulsion. Indian Space Research Organisation (ISRO) Chairman S. Somanath (L) with outgoing ISRO Chairman K. Sivan as he takes charge of the office. (PTI Photo)According to Isro, under the technology demonstration program, they will conduct a series of experimental flights that will focus on hypersonic flight experiment (HEX) followed by the landing experiment (LEX), return flight experiment (REX) and scramjet propulsion experiment (SPEX).""Suppose we were to build a reusable rocket and launch it only once or twice a year that would not be economical at all. In fact, it will be costlier than an expendable launcher. We need to first create the background on which the reusable rocket will be required, work out the business and launch opportunity, and only then will a reusable rocket become economically viable,"" Somnath told Geospatial World.India has been launching customer satellites on its Polar Satellite Launch Vehicles and Geosynchronous Satellite Launch vehicle (GSLV), pushing its role in the Low Earth Orbit. The Department of Space earned over Rs 351 crores ($35 million and 10 Million Euros) in foreign revenue in the last three years by conducting satellite launches of various private and international agencies.In a written reply in the Lok Sabha, Minister for Science & Technology, Dr. Jitendra Singh said, ""NSIL has already launched 45 international customer satellites onboard Isro’s Polar Satellite Launch Vehicle (PSLV) during the last three years (2019-2021) and has secured four dedicated launch service contracts for foreign satellite customers.""","['Isro', ' Reusable launch vehicle', ' S Somnath', ' RSLV', ' GSL', ' PSLV', ' SpaceX', ' Falcon-9', ' Science News']",https://www.indiatoday.in/science/story/isro-reusable-launch-vehicle-s-somnath-pslv-gslv-sslv-1936560-2022-04-12
11,science,"Geomagnetic storm from Sun to hit Earth at speed of 20,69,834 kmph on Thursday","(12, 4, 2022)","The Sun, which is now in its 11th solar cycle has been ramping up activity this month, the brightest star in our Solar System has exploded again with a Coronal Mass ejection pushing plasma and high-intensity energy towards the inner planets. The coronal mass ejection is likely to hit Earth on Wednesday and Thursday.

The Centre of Excellence in Space Sciences India alerted that a halo coronal mass ejection was detected from the Sun, which could lead to space weather conditions. The center said that the CME could hit Earth on April 14, with a speed of nearly 20,69,834 kilometers per hour.""Our model fit indicates a very high probability of Earth impact on April 14, 2022 with speeds ranging between 429-575 km/s. Low to Moderate geomagnetic perturbations are expected. Currently, solar wind and near-Earth space environmental conditions are returning to nominal levels,"" CESSI said in a tweet. The coronal mass ejection emerged from the corpse of old sunspot AR2987 hurling debris directly toward Earth that was recorded by Nasa's Solar Dynamics Observatory. According to spaceweather.com, shortly after the explosion, a full-halo CME emerged from the blast site. ""The impact could spark a G2-class geomagnetic storm,"" experts say.CMEs typically take several days to arrive on Earth but have been observed, for some of the most intense storms, to arrive in as short as 18 hours. When a CME hits Earth's magnetic field, it causes a major disturbance of Earth's magnetosphere due to the very efficient exchange of energy from the solar wind into the space environment surrounding Earth. This is called a geomagnetic storm.//CESSI SPACE WEATHER BULLETIN//11 April 2022//SUMMARY: QUIET TO MODERATE SPACE WEATHER CONDITIONS// A halo CME was detected by SOHO LASCO on 11 April. Our model fit indicates a very high probability of Earth impact on 14 April, 2022 with speeds ranging between 429-575 km/s + pic.twitter.com/MRFNuLI2hS— Center of Excellence in Space Sciences India (@cessi_iiserkol) April 11, 2022
The Space Weather Prediction Centre under the US-based National Oceanic and Atmospheric Administration (NOAA) also confirmed the event and has warned of a G2-class geomagnetic storm on Thursday and the possibility of a solar radiation storm on Wednesday.NOAA warned that high-latitude power systems may experience voltage alarms, and long-duration storms may cause transformer damage. Meanwhile, it also alerted for corrective actions may be required to change orientation of spacecraft by ground control.","['geomegnetic storm', ' solar storm', ' coronal mass ejection', ' science news', ' india today science', ' solar radiation', ' what is geo', 'agnetic storm', ' types of geomagnetic storm', '']",https://www.indiatoday.in/science/story/geomagnetic-storm-from-sun-to-hit-earth-at-speed-of-20-69-834-kmph-on-thursday-1936513-2022-04-12
12,science,Capacity crunch may abort US satellite boom as sanctions threaten Russia launches,"(12, 4, 2022)","Houston, we have a problem!

US rocket companies are facing the daunting task of ferrying hundreds of satellites to space in the coming years as sanctions sideline the Russian space launch industry.SpaceX, Astra Space (ASTR.O) and Rocket Lab USA (RKLB.O) are among a handful of U.S. companies expected to fill the vacuum, but industry officials have doubts about their capacity to quickly ramp-up.As the race between companies, including Elon Musk-owned SpaceX's Starlink and Amazon.com Inc's Project Kuiper, for building giant satellite constellations to beam broadband internet from space heats up, demand for launches is expected to skyrocket.More than 800 satellites under 100 kilograms are expected to be put in orbit this year alone, nearly double the number of launches in 2021, according to data from launch service aggregator Precious Payload.And with Project Kuiper taking up significant capacity over the next few years, analysts expect the industry to face some launch-related delays.""Come 2024, 2025, when all these mega constellations need a launch, there is going to be a real problem,"" Rocket Lab CEO Peter Beck told Reuters, referring to the networks of communications satellites being built by SpaceX, AST Spacemobile (ASTS.O) and OneWeb. Companies in Europe and the United States will have to quickly step in to meet demand. (Photo: SpaceX))Rocket Lab is among a new breed of firms building miniaturized propulsion systems to cash in on an exponential rise in demand for putting compact satellites in the so-called low earth orbit.In 2021, satellites launched by OneWeb and SpaceX accounted for the launch of about three-quarters of small satellites, according to industry analytics firm BryceTech.Still, Russia maintained a 16% share of the global launch market over the past five years, according to historical databases.Its share was actually larger, given that Soyuz rockets were also launched under a since-suspended French-Russian joint venture named Starsem.About two-thirds of Soyuz launches were commercial or in support of the International Space Station (ISS), while the rest were for Russia's domestic customers, Quilty Analytics analyst Caleb Henry said.If access to Russia's capabilities are lost due to Western sanctions on the country for its invasion of Ukraine, companies in Europe and the United States will have to quickly step in to meet demand.That, however, may not be all that easy, given the complexities and challenges involved in building and launching new rockets.""It is always possible that new vehicles will come online faster, thanks to improved manufacturing techniques, but precedent suggests it will be difficult to achieve high launch cadences for the next few years,"" analyst Henry said.Rocket Lab's Beck said the launch crisis would also apply to smaller satellites used to image the Earth and conduct scientific observation that usually share a ride to orbit on a rocket with other satellites. Russia maintained a 16% share of the global launch market over the past five years. (Photo: Roscosmos)LAUNCH CRUNCHDelayed launches can affect satellite internet companies in multiple ways. There is a risk of losing launch rights if they do not adhere to an FCC mandated deadline, while some firms may not see return on investment unless their satellite is in orbit.United Launch Alliance, a joint venture between Boeing Co (BA.N) and Lockheed Martin (LMT.N), is set to replace its Russian engines with those made by Jeff Bezos-backed Blue Origin. Still, Western launch companies have a long way to go.However, Amazon's blockbuster launch contracts for Project Kuiper can incentivize rocket makers to speed up production, industry experts say.SpaceX's Starship launch vehicle is set to be in mass production sooner and analysts expect it to meet some demand. The company also launches satellites for and operates Starlink.""Longer term, launch constraints can be alleviated by Starship. Starship could crush pricing in the commercial market if Elon wants to, but my prediction is he is much more focused on getting humans to Mars,"" said Deutsche Bank analyst Edison Yu.Yu added that ""new space companies"" such as SpaceX, Rocket Lab and Astra Space are the winners when demand rises and there is no dependence from satellite manufacturers around the world on Russia's Soyuz rocket.Earlier this year, OneWeb decided to abandon Russian launch services and signed a deal with rival SpaceX to put its satellites in orbit.","['SPaceX', ' US Satellite launch', ' Ukraine war', ' Russia sanctions', ' US Russia space ties', ' Science News', ' India Today Science']",https://www.indiatoday.in/science/story/capacity-crunch-may-abort-us-satellite-boom-as-sanctions-threaten-russia-launches-1936486-2022-04-12
