SN,category,headline,date,content,keywords,link
1,science,"New blood test can predict risk of stroke, heart failure four years before it happens","(12, 4, 2022)","Researchers have developed a new blood test that can predict if someone is at high risk of a heart attack, stroke, or even dying from heart failure within the next four years. The test uses proteomics and machine learning to derive a 27-protein model that could predict the 4-year likelihood of cardiovascular disease.

Developed by a team of researchers from SomaLogic, an American company based in Boulder, Colorado, it has been tested on 11,000 participants and was sensitive to both adverse and beneficial changes in outcome. The test relies on measuring proteins in the blood and has close to twice the accuracy compared to existing tests.The study published in the journal Science Translational Medicine states that the aims of this research program were therefore to derive and validate a proteomic prognostic test that predicted all major cardiovascular outcomes and deaths on a time scale consistent with clinical outcome trials.The team used machine learning to analyse 5,000 proteins in blood plasma samples from 22,849 people and identify a signature of 27 proteins that could predict the four-year likelihood of heart attack, stroke, or even heart failure. The model was then validated in over 11,000 people and could also assess risk in people who have previously had a heart attack or stroke. The blood test categorises people on the high to low-risk scale for developing heart conditions. (Photo: Getty)The test can pave the way for a better treatment strategy and a faster adoption due to early diagnosis. The test is currently being used in four healthcare systems within the US and the team expects it to be accepted for testing in the UK as well.Dr. Stephen Williams, who led the research, told The Guardian, “I think this is the new frontier of personalised medicine, to be able to answer the question, does this person need enhanced treatment? And when you’ve treated someone, did it actually work?”The test not only categorises people on the high to low-risk scale for developing heart conditions but also provides a percentage likelihood that they’ll suffer a cardiovascular event within the next four years.“If it turned out that your score was high, you would have a roughly one in two chances of an event, but the average time to that event would be just over 18 months, and the most likely event type would be death. That person will need immediate, enhanced cardio-protection, because those are near-term catastrophic risks. And the nice thing is that treatments already exist,"" Williams further told The Guardian.The new test could be a game-changer for India's heart disease burden as well, where cardiovascular diseases such as ischaemic heart disease and cerebrovascular such as stroke account for 17.7 million deaths. In accordance with the World Health Organisation (WHO), India accounts for one-fifth of these deaths worldwide, especially among the younger population.","['heart disease', ' heart attack', ' blood test', ' science', ' health', ' cardiovascular disease', ' heart attack', ' stroke', ' science news']",https://www.indiatoday.in/health/story/new-blood-test-can-predict-risk-of-stroke-heart-failure-four-years-before-it-happens-1936473-2022-04-12
2,science,"Climate change: Indian researchers develop material that can absorb greenhouse gas, convert it to Hydrogen","(12, 4, 2022)","The Intergovernmental Panel on Climate Change (IPCC) in its latest report called for a drastic reduction in greenhouse gas emissions by 2030 in a bid to achieve net-zero goals. To boost India's chances, a team of researchers from the Indian Institute of Chemical Technology (IICT) in Hyderabad has come up with a material that can absorb greenhouse gas methane, converting it to clean Hydrogen.

The team has for now succeeded in computationally designing this hybrid material that can also simulate a process of capturing carbon dioxide in-situ and converting it to high purity hydrogen from non-fuel grade bioethanol. The team has developed a facility where they can test this material and push for innovative technology in carbon capture.The IPCC report has focused on the immediate need to boost carbon-capturing technology across the world, especially in developing and underdeveloped countries that emit a big chunk of greenhouse gases.The Ministry of Science & Technology in a statement said that given the global warming potential of greenhouse gases, scientists are trying to explore innovative methods of absorbing these gases and converting them to useful substances.The new facility developed by the researchers is a dual operational fixed cum fluidized bed reactor system (FBR) that can carry out enhanced steam methane reforming (SESMR) for high purity H2 production based on the modeling and preliminary experimental studies. Atmospheric methane levels averaged 1,895.7 ppb during 2021, or around 162% greater than pre-industrial levels. (Representative Image)""It is unique and available for the first time in the country to test the performance of dual-functional materials for SESMR in the fluidized bed reactor system. SESMR offers specific advantages of in-situ CO2 removal through sorbents and thereby overcomes the equilibrium limitations of steam reforming and leads to high purity H2 production,"" the ministry added.The team is currently involved in synthesising the dual functional materials identified from theoretical predictions while also optimising existing sorbent/catalyst materials for meeting the increasing challenges of carbon capture and utilization and associated research.An estimated 640 million tons of methane were emitted into the atmosphere last year by human activity; roughly 36 billion tons of carbon dioxide were emitted during the same period. Preliminary analysis reveals that the annual increase in atmospheric methane during 2021 was 17 parts per billion (ppb), which was 15.3 ppb a year before.Scientists part of the IPCC has identified methane as the biggest contributor to climate change after carbon dioxide, citing fossil fuel as the biggest source of these emissions. The panel has called for drastic cuts in emissions by 2030 in order to achieve net zero by 2050 and gave the planet a fighting chance against climate change.","['climate changem global warming', ' science', ' carbon capture', ' methane emission', ' clean technology', ' clean energy', ' environment', ' india today science']",https://www.indiatoday.in/science/story/climate-change-global-waring-greenhouse-gas-emission-carbon-capture-iict-1936443-2022-04-12
3,science,"Cyclones in Africa exacerbated by climate change, finds study","(12, 4, 2022)","Extreme rainfall in southeast Africa has become heavier and more likely to occur during cyclones because of climate change, according to a new analysis released Monday by an international team of weather scientists.

Multiple tropical storms that pummeled Madagascar, Malawi and Mozambique earlier this year were analyzed by the World Weather Attribution group, who determined that the storms were made worse by the increase in global temperatures. In just six weeks between January and March the region saw a record three tropical cyclones and two tropical storms make landfall. The heavy rains, storm surges and floods left more than 230 people dead and displaced hundreds of thousands across the region.The countries remain vulnerable to devastating weather this year, with cyclone season set to end in May.The team of climate scientists used established peer-reviewed methods, including weather observations and computer simulations, to model scenarios using both preindustrial global temperatures and today’s — which is approximately 1.2 degrees Celsius (2.2 degrees Fahrenheit) warmer. The difference between the models determined the impact of human-caused global warming. Heavy rain falls during Cyclone Gombe in Nampula Province, Mozambique. (Photo: AP)Sarah Kew, from the Royal Netherlands Meteorological Institute and participated in the study, said they investigated the influence of climate change using 34 prediction models but data gaps made it difficult to determine the full impact of increasing greenhouse gas emissions.“While our analysis clearly shows that climate change made the storms more damaging, our ability to establish precisely by how much was hampered by inconsistent data and lack of weather observations,” said Dr. Kew. “This would also help to improve forecasts of extreme weather events and their impacts.”In both Madagascar and Malawi, the study was contrained by a lack of weather stations with suitable data. And of the 23 weather stations in the affected regions of Mozambique, only four had complete records dating back to 1981.“Strengthening scientific resources in Africa and other parts of the global south is key to help us better understand extreme weather events fueled by climate change, to prepare vulnerable people and infrastructure to better cope with them,” Dr. Izidine Pinto, a climate system analyst at the University of Cape Town, said.The 33-page study was conducted by 22 researchers, including scientists from universities and meteorological agencies in Madagascar, Mozambique, France, the Netherlands, New Zealand, South Africa, the UK and the US.","['climate change', ' global warming', ' extreme weather', ' cyclones', ' African cyclones', ' Madagascar', ' Science', ' Environment']",https://www.indiatoday.in/environment/story/cyclones-in-africa-exacerbated-by-climate-change-finds-study-1936426-2022-04-12
4,science,Scientists produce 3D printed bone for astronauts to be used on Mars,"(12, 4, 2022)","Humans are bound to be a space-faring species, and countries are working towards the common goal of taking humanity beyond Earth. However, with space travel comes unexpected surprises and at times catastrophes. In a bid to prepare astronauts for venturing on Mars, scientists have developed a 3-D printed bone that could be used in case of a medical emergency.

The artificial bone sample is the first step toward making 3D bioprinting practical on Earth, before sending the technology on deep space missions. The European Space Agency said that astronauts in zero or low gravity lose bone density, so fractures may be more likely in orbit or on Mars, and that's where this technology could step in.The development is being done in hopes of reducing medical supplies on these missions, where weight plays a key role. The bone sample has been developed by the European Space Research and Technology Centre in Noordwijk, which has been working on creating 99 objects to chart Europe’s cosmic journey through artifacts left behind by the scientists and engineers who’ve helped launch more than 180 missions. Skin or bone can be bioprinted using a nutrient-rich ’bio-ink’. (Photo: ESA)""Nearly 3000 international experts currently work in 153 ESTEC laboratories on the missions and new objects that will define the coming decades in space,"" the space agency has said.Skin or bone can be bioprinted using a nutrient-rich ’bio-ink’ of human blood plasma, available from the astronauts themselves. By working upside down in ‘minus 1g’ gravity the team has shown they can probably do it in space.Scientists in 2019 showed that 3D printing human tissue could help keep astronauts healthy during their journey to Mars.""The samples represent the first steps in an ambitious end-to-end roadmap to make 3D bioprinting practical for space. The project is looking into the kind of onboard facilities that would be required, in terms of equipment, surgical rooms, and sterile environments, as well as the ability to create more complex tissues for transplants culminating ultimately in the printing of entire internal organs,"" ESA said.","['3D printed bone', ' 3D printed skin', ' 3D printing', ' Science News', ' bone density', ' space travel', ' Nasa', ' European Space Agency', ' Mars Mission', ' Humans on mars']",https://www.indiatoday.in/science/story/scientists-produce-3d-printed-bone-for-astronauts-to-be-used-on-mars-1936420-2022-04-12
5,science,"With each season lasting over 40 years, Neptune is cooler than we thought","(12, 4, 2022)","When the Sun emits its light, it takes about 8 minutes and 20 seconds for it to reach Earth, for the most distant planet, that time is four hours. Neptune, the last planet in our Solar System, over 4 billion kilometers away from the Sun, is going through a unique change.

It's unexpectedly cooling.Observations spanning over two decades have revealed a more complete picture of trends in Neptune’s temperatures than ever before. The most distant planet from the Sun is going through a surprising drop in its atmospheric temperatures.Observations revealed that the globally-averaged temperatures in Neptune’s stratosphere the layer of the atmosphere just above its active weather layer dropped by roughly 8 degrees Celsius between 2003 and 2018.The study published in the journal Planetary Science relied on observations in thermal-infrared wavelengths beyond the visible light spectrum that sensed heat emitted from the planet’s atmosphere.The planet, which experiences seasons similar to Earth due to its tilt on the axis, takes about 165 years to complete an orbit around the Sun, due to its great distance from our star. The seasons on this planet are long, very long, lasting over 40 Earth-years each.Dr. Michael Roman, Postdoctoral Research Associate at the University of Leicester, who led the study said, ""This change was unexpected. Since we have been observing Neptune during its early southern summer, we would expect temperatures to be slowly growing warmer, not colder.”Meanwhile, the team of international astronomers observed that Neptune’s south pole warmed by roughly 11 degrees Celsius between 2018 and 2020, reversing the previous globally-averaged cooling trend. The cause of these unexpected stratospheric temperature changes is currently unknown, and the results challenge scientists’ understanding of Neptune’s atmospheric variability. Neptune as seen in visible light (centre) and thermal-infrared wavelengths (right), in 2020. The centre image combines multiple images from the Hubble Space Telescope, while the thermal-infrared image on the right was taken from the Subaru Telescope on Maunakea, Hawai’i. In the thermal-infrared, Neptune’s warm south pole glows more brightly than ever seen before. (Photo: Nasa)The study reveals a possible, but tentative, correlation between the solar activity, stratospheric temperatures, and the number of bright clouds seen on Neptune. "" “Temperature variations may be related to seasonal changes in Neptune’s atmospheric chemistry, which can alter how effectively the atmosphere cools. But random variability in weather patterns or even a response to the 11-year solar activity cycle may also have an effect,” Dr. Michael Roman added.Neptune is among the least explored of the solar system's eight planets, with its great distance making it difficult to study from Earth. NASA's Voyager 2 is the only spacecraft to have made a close-up visit, flying past Neptune in 1989.Its temperature changes were unevenly distributed, with regional variations. The southern tropics cooled, then warmed, then cooled again. Mid-latitude temperatures initially remained constant before falling gradually. South pole temperatures initially dropped only slightly before warming dramatically between 2018 and 2020.Neptune and neighboring Uranus are classified as ice giants, as opposed to the gas giants Jupiter and Saturn. Neptune, which like those other planets lacks a solid surface, possesses an extremely dynamic atmosphere mainly of hydrogen and helium, with a small amount of methane, atop a mantle mostly of slushy ammonia and water and a solid core. Neptune boasts the strongest winds of any planet.","['Neptune', ' Neptune size', ' Year on neptune', ' Science News', ' India Today Science', ' Solar system', ' sun', ' solar cycle', ' India Today Science']",https://www.indiatoday.in/science/story/neptune-seasons-cooling-down-climate-change-earth-sun-solar-cycle-1936405-2022-04-12
6,science,"Busier than ever! After Axiom-1, SpaceX shifts focus on launching four more astronauts into space","(12, 4, 2022)","Days after the first private crew docked with the Space Station for over a week-long mission, Elon Musk's SpaceX has shifted its focus on launching the next batch of astronauts to the flying outpost. The Crew-4 mission is scheduled to liftoff on April 21 with four astronauts on a new SpaceX Crew Dragon, named Freedom.

Nasa astronauts Kjell Lindgren, Bob Hines, Jessica Watkins, and European Space Agency's Samantha Cristoforetti will fly on top of a Falcon-9 rocket from Launch Complex 39A at NASA’s Kennedy Space Center in Florida. The four astronauts are currently in quarantine as per the safety guidelines of the mission.""Spending the final two weeks before liftoff in quarantine will help ensure Crew-4 members are healthy and to protect the astronauts already on the space station,"" Nasa said in a blog update. The space agency added that spending the final two weeks before liftoff in quarantine will help ensure Crew-4 members are healthy and to protect the astronauts already on the space station.""Lindgren, Hines, Watkins, and Cristoforetti will be tested twice for the virus as a precaution, as well as anyone who comes in direct, close contact with the crew,"" the American space agency said. SpaceX has plans to conduct one launch every week in 2022. (Photo: SpaceX)The Crew-4 mission is the fourth crew rotation flight to the ISS as part of NASA’s Commercial Crew Program. While this is the first flight for astronauts Bob Hines, and Jessica Watkins, astronauts Kjell Lindgren, and Samantha Cristoforetti have been to space before.The crew is scheduled for a long-duration stay aboard the orbiting laboratory, living and working as part of what is expected to be a seven-member crew.Ahead of their flight, the crew named their spacecraft Freedom in a bid to pay tribute to Freedom 7, the first United States human spaceflight, and the hard work and ingenuity of those involved in Commercial Crew today to usher in a new era of human spaceflight.SpaceX has been busier than ever as it expands it space exploration portfolio With one launch every week so far in 2022, the Elon Musk-led company has already emerged as the biggest private player in the industry. The company has been launching astronauts from American soil since the Demo-2 mission in 2020.Last week, a SpaceX Falcon 9 rocket propelled the Dragon Endeavour spacecraft carrying Ax-1 crew members Michael López-Alegría, Larry Connor, Mark Pathy, and Eytan Stibbe into orbit. The crew will spend more than a week conducting scientific research, outreach, and commercial activities on the space station.","['SpaceX', ' Nasa', ' Space Station', ' ISS< Axiom-1 mission', ' Science News', ' India Today Science', ' Crew-4 mission']",https://www.indiatoday.in/science/story/spacex-nasa-crew-4-mission-space-station-astronauts-roscosmos-axiom-1-1936384-2022-04-12
7,science,First all-private astronaut team reaches International Space Station on SpaceX rocket,"(10, 4, 2022)","The first all-private team of astronauts ever launched to the International Space Station (ISS) were welcomed aboard the orbiting research platform on Saturday to begin a weeklong science mission hailed as a milestone in commercial spaceflight.

Their arrival came about 21 hours after the four-man team representing Houston-based startup company Axiom Space Inc lifted off on Friday from Nasa's Kennedy Space Center, riding atop a SpaceX-launched Falcon 9 rocket.The Crew Dragon capsule lofted into orbit by the rocket docked with the ISS at about 8:30 a.m. EDT (1230 GMT) on Saturday as the two space vehicles were flying roughly 250 miles (420 km) above the central Atlantic Ocean, a live webcast of the coupling from the National Aeronautics and Space Administration showed. A SpaceX rocket ship, carrying the first all-private astronaut team to the International Space Station, arrived safely at the orbiting research platform https://t.co/TPqkiDK574 pic.twitter.com/b4UrsCfLMh— Reuters (@Reuters) April 10, 2022
The final approach was delayed for about 45 minutes by a technical glitch with a video feed used to monitor the capsule's rendezvous with the ISS, but it otherwise proceeded smoothly.The multinational Axiom team, planning to spend eight days in orbit, was led by retired Spanish-born NASA astronaut Michael Lopez-Alegria, 63, the company's vice president for business development.READ | Meet four civilians set to become first private astronauts to stay, work on Space StationHis second-in-command was Larry Connor, a real estate and technology entrepreneur and aerobatics aviator from Ohio designated as the mission pilot. Connor is in his 70s, but the company did not provide his precise age.Rounding out the Ax-1 crew were investor-philanthropist and former Israeli fighter pilot Eytan Stibbe, 64, and Canadian businessman and philanthropist Mark Pathy, 52, both serving as mission specialists.With docking achieved, it took nearly two hours for the sealed passageway between the space station and crew capsule to be pressurized and checked for leaks before hatches were opened to allow the newly arrived astronauts to come aboard the ISS.The Ax-1 team was welcomed by all seven of the regular, government-paid crew members already occupying the space station: three American astronauts, a German astronaut from the European Space Agency and three Russian cosmonauts.The Nasa webcast showed the four smiling Axiom astronauts, dressed in navy blue flight suits, floating headfirst, one by one, through the portal into the space station, warmly greeted with hugs and handshakes by the ISS crew.Lopez-Alegria later pinned astronaut wings onto the uniforms of the three spaceflight rookies of his Axiom team -- Connor, Stibbe and Pathy -- during a brief welcome ceremony.Stibbe is now the second Israeli to fly to space, after Ilan Ramon, who perished with six Nasa crewmates in the 2003 space shuttle Columbia disaster.READ | Nasa looks to conduct one Moon landing every year, wants another lunar lander apart from SpaceX's StarshipSCIENCE FOCUSEDThe new arrivals brought with them two dozen science and biomedical experiments to conduct aboard ISS, including research on brain health, cardiac stem cells, cancer and aging, as well as a technology demonstration to produce optics using the surface tension of fluids in microgravity.The mission, a collaboration among Axiom, Elon Musk's rocket company SpaceX and Nasa, has been touted by all three as a major step in the expansion of space-based commercial activities collectively referred to by insiders as the low-Earth orbit economy, or ""LEO economy"" for short.Nasa officials say the trend will help the US space agency focus more of its resources on big-science exploration, including its Artemis program to send humans back to the moon and ultimately to Mars.While the space station has hosted civilian visitors from time to time, the Ax-1 mission marks the first all-commercial team of astronauts sent to ISS for its intended purpose as an orbiting research laboratory.The Axiom mission also stands as SpaceX's sixth human spaceflight in nearly two years, following four Nasa astronaut missions to the space station and the Inspiration 4 launch in September that sent an all-civilian crew into orbit for the first time. That flight did not dock with the ISS.Axiom executives say their astronaut ventures and plans to build a private space station in Earth orbit go far beyond the astro-tourism services offered to wealthy thrill-seekers by such companies as Blue Origin and Virgin Galactic, owned respectively by billionaire entrepreneurs Jeff Bezos and Richard Branson.Live TV--- ENDS ---VIDEO | SpaceX rocket blasts off for ISS with first all-private crew",['First all-private astronaut team reaches International Space Station on SpaceX rocket'],https://www.indiatoday.in/science/story/first-all-private-astronaut-team-reaches-international-space-station-spacex-rocket-1935692-2022-04-10
8,science,Isro team inspects unidentified objects found in Maharashtra's Chandrapur district,"(8, 4, 2022)","A team of scientists from the Indian Space Research Organisation (ISRO) visited Chandrapur district in Maharashtra to inspect some unidentified objects believed to be remnants of a booster rocket. The unidentified object streaked across the night sky over parts of central India last week.

The matter came to light when Chandrapur district collector Ajay Gulhane revealed that locals spotted an iron ring lying in an open plot in Ladbori village.""It is a cylinder-like thing measuring 1 to 1.5 feet in diameter. It has been collected for examination. We had sent talathis [junior revenue officials] to every village in the district to find out if more parts of objects, if any, were lying scattered, ""he told PTI.READ | Astronomers discover earliest and most distant galaxy formed moments after Big BangIn addition to the giant ring, the locals also spotted a cylinder-like object in Pawanpur village, followed by the discovery of five more such cylinders in the area.In a Facebook post, ISRO said, ""As requested by the district administration, a team of scientists from ISRO is visiting Pawanpur for inspection and further scientific inquiry.""
According to astronomer Jonathan McDowell, who was tracking the trajectory of the debris, the fallen ring ""is consistent with being part of the CZ-3B third stage tankage.""This 3-meter-diameter ring is consistent with being part of the CZ-3B third stage tankage. It was found in Sindewahi (79.6E 20.3N) in eastern Maharashtra. (thanks @DrSachinW for forwarding the image) pic.twitter.com/hppY21nw1v— Jonathan McDowell (@planet4589) April 3, 2022
McDowell explained the fallen parts as the Long March 3B rocket's third stage in a series of tweets. He also showcased the layout of the rocket stages that re-entered Earth due to atmospheric drag.The Geological Survey of India in Nagpur, on the other hand, stated that they could only comment on the nature of the objects after a thorough examination.READ | Isro's Small Satellite Launch Vehicle's maiden flight delayed, launch now between July-Sept","['ISRO', ' Maharashtra Chnadrapur', ' Unidentified objects', "" Isro team inspects unidentified objects found in Maharashtra's Chandrapur district""]",https://www.indiatoday.in/science/story/isro-team-inspects-unidentified-objects-found-maharashtra-chandrapur-district-1935274-2022-04-08
9,science,SpaceX rocket blasts off for International Space Station with first all-private crew | Video,"(8, 4, 2022)","A SpaceX rocket ship blasted off on Friday carrying the first all-private astronaut team ever launched to the International Space Station (ISS), a flight hailed by industry executives and NASA as a milestone in the commercialization of low-Earth orbit.

The four-man team selected by Houston-based startup Axiom Space Inc for its landmark debut spaceflight and orbital science mission lifted off at 11:17 a.m. EDT (1517 GMT) from NASA's Kennedy Space Center in Cape Canaveral, Florida.Falcon 9 launches the first all-private human spaceflight mission to the @space_station pic.twitter.com/krDfQyaVTO— SpaceX (@SpaceX) April 8, 2022
Watch | SpaceX launches first private astronaut mission to Space StationLive video webcast by Axiom showed the 25-story-tall SpaceX launch vehicle - consisting of a two-stage Falcon 9 rocket topped by its Crew Dragon capsule - streaking into the blue skies over Florida's Atlantic coast atop a fiery, yellowish tail of exhaust.Cameras inside the crew compartment beamed footage of the four men strapped into the pressurized cabin, seated calmly in their helmeted white-and-black flight suits moments before the rocket soared toward space.If all goes as planned, the quartet led by retired NASA astronaut Michael Lopez-Alegria will arrive at the space station on Saturday, after a 20-hour-plus flight, and the autonomously operated Crew Dragon will dock with the orbiting outpost some 250 miles (400 km) above the Earth.Live TV--- ENDS ---READ | 10th launch in 10 weeks: 48 SpaceX Starlink satellites to blast off today","['ISS', ' Space X', ' Elon musk', ' private mission']",https://www.indiatoday.in/science/story/spacex-launches-first-private-astronaut-mission-to-international-space-station-1935265-2022-04-08
10,science,WATCH LIVE | SpaceX launches first private astronaut mission to Space Station,"(8, 4, 2022)","SpaceX is set to launch four astronauts to the International Space Station, in what is the maiden private mission to the flying outpost. The four astronauts will remain in microgravity for eight days conducting researches and scientific studies in a boost to commercial space travel.

WATCH FIRST PRIVATE SPACE MISSION LAUNCH LIVEThe four astronauts are from three different countries, and If all goes as planned, the quartet led by retired NASA astronaut Michael Lopez-Alegria would arrive at the space station on Saturday as their SpaceX-supplied Crew Dragon capsule docks at the orbiting outpost.The mission, representing a partnership among Axiom, SpaceX and NASA, is hailed by all three as a key step in the latest expansion of commercial space ventures collectively referred to by insiders as the low-Earth orbit economy, or ""LEO economy"" for short.While the space station has hosted civilian visitors from time to time, the Ax-1 mission will mark the first all-commercial team of astronauts to use ISS for its intended purpose as an orbiting laboratory.Lopez-Alegria, 63, is the Spanish-born mission commander and Axiom's vice president of business development. He is set to be joined by Larry Connor, a real estate and technology entrepreneur and aerobatics aviator from Ohio designated as the mission pilot. Connor is in his 70s but the company did not provide his precise age.Rounding out the Ax-1 team are investor-philanthropist and former Israeli fighter pilot Eytan Stibbe, 64, and Canadian businessman and philanthropist Mark Pathy, 52, both serving as mission specialists. Stibbe is set to become the second Israeli in space, after Ilan Ramon, who perished with six NASA crewmates in the 2003 space shuttle Columbia disaster.","['Axiom-1 mission', ' Private astronaut mission', ' Axiom-1 mission live', ' Nasa', ' Axiom space mission live', ' what is private astronaut mission', ' Space Station', ' Science News']",https://www.indiatoday.in/science/story/axiom-1-spacex-private-mission-launch-watch-live-space-station-nasa-1935194-2022-04-08
11,science,"Retreating glaciers, seismic movement: Scientists decode reasons behind Chamoli disaster","(8, 4, 2022)","Scientists have decoded the reason behind the glacial disaster that occurred in Uttarakhand's Chamoli in 2021. A portion of the Nanda Devi glacier had broken off, triggering an avalanche and a deluge claiming the lives of hundreds and damaging hydroelectricity project sites.

Scientists have found that the region was seismically active before the disaster hit. They also found a sequence of signals of rock-ice detachment preceded by the formation of a new structure.According to them, retreating Himalayan glaciers and associated melt along with unstable slopes are subject to trigger landslides by rainfall during monsoon or by induced seismicity in the region.READ | Humans generated 640 mn tons methane, 36 bn tons CO2 in 2021, scientists call it alarmingThey claimed that in such areas, regular monitoring of seismic activity is required to prevent future disasters.Wadia Institute of Himalayan Geology (WIHG), which recently conducted a post-mortem of the glacial disaster, said that the seismic station in Tapovan had recorded creeping activity in the rock mass around two-and-a half hours ahead of its detachment and downward slide. NDRF teams carry out rescue operation near the damaged Tapovan hydel project tunnel, following a glacier burst at Joshimath. (PTI Photo)ALSO READ | Scientists discover microplastic stuck deep inside lungs of living peopleThe group of nine scientists analysed the satellite images of the avalanche zone and found that it showed gradual growth of cracks and the joint near the crown of the weak wedge. These cracks further started to open up and led to successive advancement of a weak zone near the crown of the wedge failure.Altogether, over 200 people from the Rishiganga project site at Raini and Tapovan-Vishnugad project site at Tapovan had gone missing in the tragedy. Bodies of more than 80 victims have been found while scores of them are still missing.Live TV--- ENDS ---ALSO READ | Astronomers discover earliest and most distant galaxy formed moments after Big BangALSO READ | Fossils of dinosaur killed on the day of asteroid strike found, hold clues to moments after impact","['glacial disaster', ' chamoli disaster', ' ice rock avalanche', ' chamoli avalanche']",https://www.indiatoday.in/science/story/chamoli-retreating-glaciers-seismic-movement-avalanche-flood-disaster-1935168-2022-04-08
12,science,Covid-19 precaution dose for all adults: The why and how of booster doses,"(8, 4, 2022)","The Centre on Friday announced that booster vaccine doses against Covid-19 will be available for everyone above the age of 18 years from April 10. These shots will be available at private vaccination centres, and will be paid, while the government's free vaccination campaign continues.

The precautionary dose has been approved amid reports of a new variant, XE, emerging in the UK and a few cases popping up in India. The booster doses were first introduced after the Omicron variant began spreading across the country late last year. So far, the government has approved booster doses for healthcare workers and for the elderly.Over 2.4 crore precaution doses have been administered across the country to healthcare workers, frontline workers and people above the age of 60 years.WHAT ARE BOOSTER DOSES?According to the World Health Organisation (WHO), booster doses are given to an already vaccinated individual when, with time, the immunity and clinical protection has fallen below a rate deemed sufficient in that population. The objective of a booster dose is to restore vaccine effectiveness from that deemed no longer sufficient. Centre has not mandated taking booster shots. (File Pic)Meanwhile, it is worth mentioning that the degree of waning of immunity differs between vaccine products and target populations. The global health body in December last year said that vaccine booster dose policy decisions should be based on evidence of individual and public health benefits and obligations to secure global equity in vaccine access as a means to minimize health impacts and transmission, and thereby reduce the risk of variants and prolongation of the pandemic.WHY ARE BOOSTERS RECOMMENDED?Booster doses are primarily recommended to boost immunity and the body's ability to fight an incoming virus, or a variant of concern. However, the reasons may differ based on by vaccine product, epidemiological setting, risk group, and vaccine coverage rates.A study by the National Institute of Virology (NIV) in Pune has found that antibody levels waned after six months in those who were fully vaccinated against the coronavirus with Covishield, Covaxin and a mix of both -- Covishield as the first dose and Covaxin as the second dose.Boosters are primarily recommended based on these factors:* If the body is losing immunity and could come under attack from an emerging variant. While studies suggest that antibodies persist for at least 6 months, waning of neutralizing antibodies has been reported from across the country.* While more research is needed into establishing that the effectiveness of vaccinations lasts forever, it is recommended to take boosters in order to ensure that efficacy prevails for a longer time.* Breakthrough infections are another cause of concern. Data from Israel suggest that around 40% of breakthrough infections are in immunocompromised individuals. According to WHO, while breakthrough infections are still expected, the vast majority are less severe than those seen in unvaccinated people.HAS GOVT MANDATED BOOSTER SHOTS?No, the Centre has not mandated taking booster shots. It is a voluntary choice and paid. However, healthcare experts recommend taking a booster dose of Covid-19 to enhance antibodies and immunity against SARS-CoV-2.ARE THERE SIDE EFFECTS OF BOOSTER DOSE?Similar to what we experienced after taking the first jab of the Covid-19 vaccine, people might see some temporary symptoms that include sore, swollen arm, fever, body aches, headaches and tiredness. Some people could also have chills, swollen lymph nodes. However, these are not signs indicating you are sick, bit that the immune system is developing and responding to the vaccine.So far, about 96 per cent of all population above 15 years of age in the country have received at least one Covid-19 vaccine dose, while about 83 per cent have received both the doses","['Covid-19', ' booster dose', ' precaustion dose', ' Covid-19', ' what is boost dose', ' why is booster dose needed', ' Covid vaccine', ' booster vaccine', ' Science News', ' India Today Scence']",https://www.indiatoday.in/science/story/covid-19-precaution-dose-for-all-adults-the-why-and-how-of-booster-doses-1935171-2022-04-08
