SN,category,headline,date,content,keywords,link
1,science,"Indian Ocean hit by six heatwaves in 2021, temp rising by 0.15 degrees Celcius per decade","(24, 3, 2022)","With the effects of climate change becoming more and more visible, the marine world is set to face the brunt of ocean warming. The Indian Ocean witnessed six marine heatwaves in 2021 over a period of 52 days. The situation was grim in the Bay of Bengal, which suffered four of the six weather-related events.

The information was released by Minister of Science & Technology Dr. Jitendra Singh in a written reply in Rajya Sabha on Thursday indicating the rampant impact of climate change on oceans surrounding the country. ""These heatwaves did not break all previous records but were above normal. The western Indian Ocean heatwaves in 2021 were in the top four years in terms of the number of events,"" the minister said in his reply.The weather-related incident is not a single event and the tropical Indian Ocean has been facing the brunt of rising temperatures for decades. The minister informed that the western Indian Ocean region experienced a four-fold rise in marine heatwave events (increasing at a rate of 1.5 events per decade) and the North Bay of Bengal experienced a two-to-three-fold rise (at a rate of 0.5 events per decade).""In recent decades, the tropical Indian Ocean has experienced a rapid increase in ocean warming with an average rise in Sea Surface Temperature (SST) of about 1-degree Celsius over the period of 1951-2015 at a rate of 0.15 degrees Celsius per decade,"" The Ministry of Science & Technology said in a statement. A fisherman casts his net at the confluence of Adyar river and the Indian Ocean at Srinivasapuram beach in Chennai. (Photo: AFP)A recent study by the Indian Institute of Tropical Meteorology (IITM) also highlighted the dire situation, showing that the western Indian Ocean had a total of 66 Marine Heat Wave (MHW) events while the Bay of Bengal had 94 events during 19822018.""The monsoon forecast models used by the India Meteorological Department (IMD) incorporate the ocean surface temperatures as input data. These forecasts can be used for advance planning and disaster management,"" the written reply read.A report released by the UN Intergovernmental Panel on Climate Change (IPCC) had dire warnings for India stating that 12 coastal cities in the country could be submerged by the end of the century. The cities could be nearly three feet underwater by the century's end, the climate change report has warned. The cities include Mumbai, Chennai, Kochi, and Visakhapatnam, among others.Meanwhile, researchers have predicted that because of rising temperatures, extreme sea events along coastlines will become 100 times more frequent by the end of the century. Globally, areas likely to be affected most include the Southern Hemisphere, locations along the Mediterranean Sea and the Arabian Peninsula, the southern half of North America’s Pacific coast, and areas including Hawaii, the Caribbean, the Philippines, and Indonesia.",NA,https://www.indiatoday.in/science/story/climate-change-ocean-temperature-rising-heatwave-bay-of-bengal-indian-ocean-1929111-2022-03-24
2,science,What are chemical weapons and why is the US concerned Russia could use them?,"(24, 3, 2022)","With the war in Ukraine raging for nearly a month, the worry is now shifting to the possible use of chemical weapons by Russia in its invasion. US President Joe Biden has said that Russia's false accusation that Ukraine has biological and chemical weapons hints that Russia’s President Vladimir Putin could use it in the coming days.

The first signs came on March 21 when Russia bombed the Sumykhimprom chemical plant in Ukraine's Sumy. It released ammonia in the area forcing people to remain indoors. The chemical contamination could be a major tactic in advancing Russian troops, whose progress in Ukraine has reportedly been slower than anticipated.“They are also suggesting that Ukraine has biological and chemical weapons in Ukraine. That’s a clear sign he’s considering using both of those. He’s already used chemical weapons in the past, and we should be careful of what’s about to come,” US President Joe Biden said.Meanwhile, Russia's defense ministry has accused Kyiv, without providing evidence, of planning a chemical attack against its own people in order to accuse Moscow of using chemical weapons in the invasion of Ukraine that began on February 24. Ukrainians crowd under a destroyed bridge as they try to flee across the Irpin River in the outskirts of Kyiv, Ukraine. (Photo: AP)WHAT ARE CHEMICAL WEAPONS?All weapons have chemicals. Gunpowder is also a chemical mixture. But the chemical weapons that are often spoken about are a dreaded mixture of gases or liquids that have toxic properties and can kill humans, animals, and other forms of life.According to the Organisation for the Prohibition of Chemical Weapons (OPCW), munitions, devices, and other equipment specifically designed to weaponise toxic chemicals fall under the definition of chemical weapons.The ammonia released by the Sumykhimprom chemical plant is highly corrosive, and exposure to high concentrations can cause blindness, lung damage, and death. While ammonia is not a chemical weapon, its intentional contamination and uncontrolled spread could make it one.The use of chemical weapons was first recorded during World War-I when chlorine, phosgene (a choking agent), and mustard gas (which inflicts painful burns on the skin) were used to inflict serious damage by both sides of the war. That was just the beginning when these dangerous weapons caused nearly 1,00,000 deaths.Over the years, these weapons have been perfected and the Cold War era saw significant development, manufacture, and stockpiling of these weapons of mass destruction. According to the United Nations Office of Disarmament Affairs, chemical weapons have caused more than a million casualties globally.RUSSIA'S EXPERTISE IN CHEMICAL WEAPONSThreat of Russia using chemical weapons in Ukraine looks serious for there is a past. Russia has faced allegations for many years that it has used chemical weapons in targeted killings.The United States had in March last year accused Syrian President Bashar Assad and Russia of trying to block all efforts to hold Damascus accountable for using chemical weapons during attacks on civilians.The US accused Russia of defending Assad “despite its chemical weapons attacks,” obstructing independent investigations, and undermining efforts to hold the Syrian government accountable not only for using chemical weapons but for “numerous other atrocities”. As the war in Ukraine grinds into a second month, President Joe Biden and Western allies are gathering to chart a path to ramp up pressure on Russian President Vladimir Putin. (Photo: AP)In 2018, Russia was accused of using chemical weapons in an attempted killing of two Russians former double agent Sergei Skripal and his daughter Yulia in London.Speaking in Parliament, then UK Prime Minister Theresa May said intelligence experts concluded that the two men charged were officers of Russia's military intelligence service, the GRU.The most recent use of chemicals by Russia to target state opponents came in 2020 when Putin's long-time critic and Opposition leader Alexei Navalny was poisoned.Navalny fell sick on August 20 during a domestic flight in Russia and was flown while he was in a coma to Germany for treatment two days later. Labs in Germany, France, and Sweden, and tests by the Organisation for the Prohibition of Chemical Weapons, found that he was exposed to a Soviet-era Novichok nerve agent.WHAT HAPPENS NOW?Chemical and biological weapons have been at the heart of several invasions in the 21st century that began with the US invading Iraq citing similar reasons. Putin now leveling similar accusations on Ukraine, in justification of his war follows the same tactic.The US has hinted that it will ""respond aggressively"" if Russia uses these weapons on Ukraine. Nato secretary-general Jens Stoltenberg last weekend said that any use of chemical weapons would be a blatant and brutal violation of international law, the ban on the use of chemical weapons. A Russian armored personnel carrier burns amid damaged and abandoned light utility vehicles after fighting in Kharkiv, Ukraine. (Photo: AP)""We are very much aware of that we need to act in a way that prevents this conflict from going from being a very bloody, ugly, horrific conflict in Ukraine to something that turns out to be a full-fledged war between NATO and Russia, in Europe, and also potentially involving, of course, the United States directly,” Stoltenberg told NBC.Earlier this month, US national security adviser Jake Sullivan spoke with Nikolay Patrushev, secretary of Russia's Security Council, warning him of consequences for ""any possible Russian decision to use chemical or biological weapons in Ukraine.""The war in Ukraine has been going on for 29 days now and Ukrainian forces have not shown any sign of pulling back. The Ukrainian government said it would not obey ultimatums from Russia, which demanded it stop defending besieged Mariupol, where hundreds of thousands of civilians are suffering.",NA,https://www.indiatoday.in/science/story/ukraine-war-chemical-weapons-russia-invasion-biden-putin-zelenskyy-1929071-2022-03-24
3,science,"This dinosaur could swim, hunt underwater. Scientists confirm watery lifestyle of extinct species","(24, 3, 2022)","Spinosaurus, the largest-known carnivorous dinosaur, and its closest relatives long have confounded scientists trying to understand how these unusual water-loving beasts lived their lives and hunted prey. Did they wade into rivers and lakes like a heron? Or did they swim underwater like a hippo or croc?

It turns out that the answer was in their bones - their bone density, to be precise. Scientists said on Wednesday that Spinosaurus and its cousin Baryonyx possessed extremely compact bones that would have helped them stay submerged for underwater swimming as semiaquatic predators targeting large prey.Both were members of a Cretaceous Period dinosaur group called spinosaurids that boasted anatomical adaptations such as elongated crocodile-like snouts and conical teeth for hunting aquatic prey. But the researchers found that another spinosaurid called Suchomimus lacked dense bones and likely was a wading predator - showing an unexpected degree of ecological diversity within this group.Spinosaurus, about 50 feet (15 meters) long and weighing seven tons, lived 95 million years ago in Africa. Its anatomy was unlike any other dinosaur, with a relatively small pelvis, short hind legs, paddle-like tail and feet for propulsion in the water and a curious sail-like structure of bony spines 7 feet (2 meters) tall on its back. Workers adjust a Spinosaurus skeleton replica during a preparation and media preview for the Dinosaur EXPO at the National Museum of Nature and Science in Tokyo. (Photo: Reuters)""I think this animal is simply weird: we have nothing alive today that could be considered remotely similar,"" said Matteo Fabbri, a postdoctoral researcher in paleontology at the Field Museum in Chicago and lead author of the study published in the journal Nature.""I really like the idea of this giant animal, weighing many tons, submerging under water to catch prey. It is striking to me that it has a giant sail-crest on its back. That would have made it hard for it to hide under water, but much more ominous: a bit like a shark fin poking above the water line,"" said University of Oxford paleontologist and study co-author Roger Benson.Baryonyx, 33 feet (10 meters) long, lived 125 million years ago in Europe. Suchomimus, 36 feet (11 meters) long, lived 120 million years ago in Africa.In determining that greater bone density is directly associated with an aquatic existence, the researchers amassed data on 297 species of living and extinct animals, land-dwellers and water-dwellers.Bone compactness was found to be a defining characteristic in animals adapted for life in the water such as whales, seals, dugongs, hippopotamuses, crocodiles, penguins and various extinct marine reptiles. No other dinosaurs were found with the bone density of Spinosaurus and Baryonyx, indicating they were alone among dinosaurs in conquering the aquatic realm.""Spinosaurus has the highest bone density among the three,"" Fabbri said. ""Baryonyx has a slightly lower bone density, but still very similar to Spinosaurus. Suchomimus, found as a more terrestrial animal in our study, has a bone density similar to other terrestrial dinosaurs, reptiles and mammals."" A man walks past a Spinosaurus skeleton replica during a preparation and media preview for the Dinosaur EXPO at the National Museum of Nature and Science in Tokyo. (Photo: Reuters)Spinosaurus exceeds even Tyrannosaurus rex in size, but its anatomy has long puzzled scientists. Its original fossils from Egypt were destroyed during World War Two. But the discovery of a skeleton in Morocco in 2008 and additional tail bones dug up subsequently led some paleontologists to propose that Spinosaurus was semiaquatic and an active swimmer. Other researchers looking at the same fossils disagreed.The new study was launched to try to settle the debate.Big fish in rivers and lakes as well as dinosaurs walking along their banks may have been appealing prey for Spinosaurus.""Spinosaurus was perhaps moving along shallow waters using a combination of 'bottom-walking' - like modern hippos - and lateral strokes of its giant tail,"" said University of Cambridge postdoctoral researcher and study co-author Guillermo Navalón. ""Probably used this means of locomotion not to pursue prey for long distances in open waters but to ambush and catch very large fish like lungfishes or coelacanths.""",NA,https://www.indiatoday.in/science/story/this-dinosaur-could-swim-hunt-underwater-scientists-confirm-watery-lifestyle-of-extinct-species-1929031-2022-03-24
4,science,"Sing along! Study confirms music improves mental wellbeing, quality of life","(24, 3, 2022)","Music maestro A R Rahman once said that the idea of music is to liberate the listener and lead him to a frame where he feels he is elevated. And his music does just that.

Researchers have now confirmed what Rahman hinted at years ago. Singing, listening, or playing music leads to better well-being and improved health-related quality of life.An analysis of 26 studies comprising 779 individuals found that music interventions were associated with statistically and clinically significant changes in mental health. However, scientists are yet to understand the magnitude of music’s positive association with health-related quality of life.In a study published in the Journal of the American Medical Association Network Open, researchers said that listening to and making music is increasingly advocated, including in a recent World Health Organization report, as a means of improving health-related quality of life, as well as various domains of well-being in clinical and healthy populations.The analysis revealed that music had a similar positive reinforcement among people as they experienced from weight loss in studies of adults with obesity. Led by J. Matt McCrary, Ph.D. candidate at the Institute of Music Physiology and Musicians’ Medicine, Hannover University of Music, Drama, and Media in Germany, researchers synthesized results of studies investigating outcomes of music interventions in terms of health-related quality of life. Music interventions are associated with clinically meaningful improvements in health-related quality of life. (Photo: AFP)The new analysis could add to devising new techniques to enhance wellbeing under the United Nations Sustainable Development goals.The authors of the meta-research, however, also expressed that there need to be more studies in the field to better understand this positive reinforcement on the brain. ""Future research is needed to clarify optimal music interventions and doses for use in specific clinical and public health scenarios,"" the paper said.They pointed out that lack of clarity regarding the effects of music leads to challenges in including it in health policies and care at local, national, and international levels.They added that there is a need to understand the who, what, when, where, and how effective this method is. The team also called for further research to ""provide guidance regarding optimal music interventions and doses in distinct clinical and public health scenarios.""",NA,https://www.indiatoday.in/science/story/sing-along-study-confirms-music-improves-well-being-and-quality-of-life-1929024-2022-03-24
5,science," Punish Russia, but protect Russian scientists: CERN ponders response to Ukraine war","(24, 3, 2022)","The Geneva-area research center that houses the world’s largest atom smasher is grappling with ways to punish Russia’s government while protecting Russian researchers who work to help solve the deepest mysteries of the universe.

CERN, the historic acronym for what is now the European Organization for Nuclear Research, has a mission to facilitate collaboration among its 23 member countries and beyond. The war in Ukraine, an associate member state, has the organization trying to calibrate its response to join international action against Russia, which was an official CERN observer before the invasion, without sacrificing science.Some 1,000 scientists, or nearly 7% of the 18,000 researchers involved with CERN, are affiliated with Russian institutions — most, though not all, are Russian. If they are cut off from participating in experiments and other research, it could slow or complicate upcoming projects involving the center’s Large Hadron Collider, the world’s largest and most powerful particle accelerator.A crucial decision for CERN’s governing council looms this week because the collider is set to start operating again in April after a hiatus of more than three years that partly resulted from the coronavirus pandemic. The collider requires regular pauses, and its next run is expected to generate huge amounts of new data.“What kind of projects are the Russians involved here at CERN? It’s essentially in everything that we are doing,” Joachim Mnich, the director for research and computing. “We’re in discussions with the council to find a solution for that: Punish — as much as possible, as we can do — the Russian government. But not punishing our colleagues.”The next operation of the accelerator, which is set to churn out new data starting this summer, will be only the third round of experiments in the collider: A first run took place from 2010 to 2012, and a second from 2015 to 2018. The one starting in April is expected to last until 2026. The collider is set to start operating again in April. (File Pic)On March 8, the CERN Council, its governing body, joined international condemnation of the invasion of Ukraine and suspended new collaborations with Russia and its institutions indefinitely. It also expressed support for Russian scientists who “reject this invasion” and stripped Russia of its observer status.CERN is run by 22 European countries and Israel as member states. The United States, Japan and the European Union have observer status. Ukraine is among seven countries with associate member status.Russian researchers are involved in a project for the “high-luminosity” phase of the collider, which should crank up its performance by 2027 and generate vast new amounts of data, CERN says.The Russians are working on physics analysis, computing, and the operation, construction and design of new detectors that catch protons after they are smashed together, Mnich said.Fully two-thirds of the staffers are Russian on an experiment known as NA64, which involves blasting a high-powered electron beam onto a fixed target and searching for unknown particles from a hypothetical dark-sector, he said.Another experiment related to CERN’s accelerator, which propels particles through an underground, 27-kilometer (17-mile) ring of superconducting magnets in and around Geneva, uses synthetic crystals to split and deflect beams. Nearly half of the staff working on the research are from Russia, Mnich said.Yet another project, to study the internal structure of protons and neutrons, has components “delivered by Russian colleagues,” he said.“They are here. They arrived already last year. They’re installed. But we might have problems to operate the detectors if our Russian colleagues will not be able to come to CERN as planned in the future,” Mnich said.“We are not sending anyone home,” he added. “We try to continue to keep them here, but it’s a very difficult situation for us.”",NA,https://www.indiatoday.in/science/story/ukraine-war-russia-invasion-cern-large-hadron-collider-nuclear-research-putin-1929005-2022-03-24
6,science,"Milky Way had exciting teenage years, new study reveals our home galaxy is older than expected","(24, 3, 2022)","The Milky Way galaxy, which houses Earth and our solar system, is older than we previously thought. Astronomers using the European Space Agency Gaia mission have found that a part of the galaxy began forming 13 billion years ago, around 2 billion years earlier than expected, as they identify different phases in the life of Akash Ganga.

The region known as the thick disc of the Milky Way began forming just 0.8 billion years after the Big Bang. Astronomers from the Max-Planck Institute for Astronomy in Germany combined data from the Gaia mission with measurements of the stars’ chemical compositions compiled by China’s Large Sky Area Multi-Object Fiber Spectroscopic Telescope (LAMOST) to create a timeline of the Milky Way's evolution.Astronomers Maosheng Xiang and Hans-Walter Rix from Max Planck used data centered around 2,50,000 stars. In these stars, energy has stopped being generated and has moved into a shell around the core as they have transformed into a red giant star.EVOLUTION OF MILKY WAY GALAXYThe Milky Way galaxy was formed from the merger of small, gas-rich progenitor galaxies. As these galaxies did not collide head-on, they imparted a spin on the resulting structure, presumably flattening it out into what we now see as the so-called thick disk of our Milky Way: gas and stars in a flat pancake, 100,000 light-years in diameter and 6000 light-years thick. An artist’s impression of our Milky Way galaxy, a roughly 13 billon-year-old ‘barred spiral galaxy’ that is home to a few hundred billion stars. (Photo: ESA)The halo surrounding the Milky Way was created by additional mergers with galaxies that were somewhat smaller than the Milky Way. The “adult years” that followed were much quieter and involved steady star formation activity in the so-called thin disk, which is younger and only about 2000 light-years thick.EXCITING TEENAGE YEARSAstronomers using age and chemical composition data studied the teenage history of the Milky Way galaxy. This has now provided insights into the timeline of the evolution of our home galaxy. The teenage years were the most productive and that lasted from about 13 to about 8 billion years ago.During the early times, all the action was in what we now call the stellar halo and the thick disk, which formed from an initial inflow of gas. An exceptionally large number of new stars formed in our galaxy in a short period of time. This peak was due to a consequence of one merger in particular: the so-called Gaia Enceladus/Sausage, a satellite galaxy whose merger-disrupted remnants were discovered in 2018.About eight billion years ago, the new data shows, the productive teenage years came to an end. While there was still a steady inflow of moderate amounts of fresh hydrogen gas from intergalactic space, star formation activity in the thick disk had ended. But since there was not that much gas coming in, this disk needed to contract much further, to a thickness of only about 2000 light-years, to achieve the right conditions for (moderate) star formation.This led to the formation of the galaxy's extended thin disk, and the Milky Way's adulthood had begun.Astronomers are now looking to gather more data to study the adulthood of the galaxy as they expect the fourth Data Release (DR4) of ESA's Gaia mission in 2024.Understanding the formation, history and evolution of our home galaxy is a major goal for astronomy. The new study by Xiang and Rix constitutes a big step forward by putting much more precise dates onto the different phases of early Milky Way history.",NA,https://www.indiatoday.in/science/story/milky-way-had-exciting-teenage-years-new-study-reveals-our-home-galaxy-is-older-than-expected-1928990-2022-03-24
7,science,UN sets five-year goal to broaden climate early warning systems,"(24, 3, 2022)","The chief of the United Nations announced a project Wednesday to put every person on Earth in range of early weather-warning systems within five years as natural disasters have grown more powerful and frequent due to climate change.

UN Secretary-General Antonio Guterres said the project with the Geneva-based World Meteorological Organization aims to make the alert systems already used by many rich countries available to the developing world.“Today, one-third of the world’s people, mainly in least-developed countries and small island developing states, are still not covered by early warning systems,” Guterres said. “In Africa, it is even worse: 60% of people lack coverage.”“This is unacceptable, particularly with climate impacts sure to get even worse,” he said. “We must boost the power of prediction for everyone and build their capacity to act.”Early warning systems allow for the monitoring of real-time atmospheric conditions at sea and on land as a way of predicting upcoming weather events — whether in cities, rural areas, mountain or coastal regions, and arid or polar locations.Expanding their use has taken on urgency because more lead time allows people to prepare for potentially deadly disasters such as heat waves, forest fires, flooding and tropical storms that can result from climate change.A World Meteorological Organization report on disaster statistics released last year showed that over the last half-century or so, a climate or water-related disaster has occurred daily on average, resulting in an average of 115 deaths and $202 million in losses a day.The UN, its partners and many governments are striving to reach an increasingly evasive target of limiting the global temperature rise to 1.5 degrees Celsius (2.7 degrees Fahrenheit).Guterres has instructed WMO, the U.N. weather agency, to push forward an “action plan” on the early warning system by the next U.N. climate conference, which is scheduled to take place in Egypt in November.WMO plans to build on some of its existing programs like a multi-hazard alert system for hazards such as tropical cyclones, flooding and coastal inundation, as well as an early warning system that helps inform people most at risk of some kinds of disasters, the U.N. said.Mohamed Adow, director of Power Shift Africa, a Nairobi-based think tank, said it was “great” that people in Africa would be getting protection from an early warning system but that the work shouldn’t stop there.“The early warning systems are vital in saving lives, but we must not stop at just preventing deaths,” Adow said. “If people survive a climate disaster but then are left to fend for themselves with their homes and livelihoods destroyed, it’s a meager blessing.”“The global community needs to ensure the victims of climate catastrophes are helped to thrive, not just survive,” he added.",NA,https://www.indiatoday.in/environment/story/un-sets-five-year-goal-to-broaden-climate-early-warning-systems-1928952-2022-03-24
8,science,Scientists open last lunar sample that was vacuum sealed on the Moon 50 years ago,"(24, 3, 2022)","As humans plan to return on the Moon, scientists have removed the seals of one of the last unopened Apollo-era lunar samples collected during the Apollo 17 mission. The Astromaterials Research and Exploration Science (ARES) Division at Nasa opened the sample that had been kept preserved since the late 1970s and is set to offer insights into the permanent geological record of Earth's only natural satellite.

Scientists said that Nasa astronauts and engineers at the time had the forethinking of saving this last lunar sample for a future period in time when the technology improves to examine them in a better way than when they were first brought to Earth. The last lunar sample is being studied by the Apollo Next Generation Sample Analysis Program.“We have had an opportunity to open up this incredibly precious sample that’s been saved for 50 years under vacuum, and we finally get to see what treasures are held within,” Thomas Zurbuchen, associate administrator of Nasa’s Science Mission Directorate in Washington said in a statement. The Apollo program gave NASA the chance to try sampling methods they believed would work on the Moon based on what worked on Earth and evolve those methods with each mission. (Photo: Nasa)OPENING SAMPLE 73001The last remaining sample recovered from the Moon, fifty years ago, has been classified as sample 73001, which was scooped from the lunar surface by astronauts Eugene Cernan and Harrison “Jack” Schmitt. The two astronauts had scrapped this sample by hammering thin cylindrical drive tubes into a landslide deposit in the Moon’s Taurus-Littrow Valley.Sample 73001 is the second half of a bigger sample, whose top half was opened in 2019 and scientists have been studying it. Before recovering the lower half of the sample, scientists conducted extensive scans using X-ray CT technology to capture high-resolution 3D images of the sample’s makeup inside the tube.“The drive tube was very full, which is one of the things we learned with the CT scans, and it caused a slight complication in how we were initially planning to extrude it, but we have been able to adapt using these scans,” Ryan Zeigler, Apollo sample curator said. The work to open the last lunar sample began earlier this year with the team working to capture any gas present within the outer protective tube and, finally, by piercing the inner container, to extract any lunar gases remaining inside. This sample, 73001, is the lower half of a double drive tube. The upper drive tube, sample 73002, was returned from the Moon in a normal, unsealed container. (Photo: Nasa)“We are the first people who got to actually see this soil for the first time. It’s just the best thing in the world like a kid in the candy store, right?” deputy Apollo sample curator Juliane Gross said.WINDOW INTO THE PASTScientists hope that the sample will open a window into the ancient history of the Moon, and since Artemis astronauts will go beyond the more familiar lunar equator to the South Pole, with its sometimes cryogenic, or frozen conditions, and its dramatic lighting, the lunar soil there offers tantalizing prospects for study.“The Moon’s South Pole is a great place for potentially building up large deposits of what we call volatiles, [substances that evaporate at normal temperatures, like water ice and carbon dioxide. These volatiles can give us clues about where the water came from in this part of the solar system whether from comets, asteroids, solar wind, or otherwise,” Lori Glaze, director of the Planetary Science Division said.With humans set to return to the Moon, analysis of the last remaining lunar sample from the Apollo era is set to provide new information about volatile reservoirs and the geologic evolution of the Moon.",NA,https://www.indiatoday.in/science/story/scientists-open-last-lunar-sample-that-was-vacuum-sealed-on-the-moon-50-years-ago-1928920-2022-03-24
9,science,"Nasa looks to conduct one Moon landing every year, wants another lunar lander apart from SpaceX's Starship","(24, 3, 2022)","With the Space Launch System (SLS) already on the launch pad for initial testing ahead of the maiden uncrewed mission to the Moon, Nasa is looking for several private players to ferry astronauts to the Moon. The American space agency is looking for a sustained presence on the lunar surface and aims to conduct at least one lunar landing every year over a decade.

Nasa has announced plans to invite commercial companies to develop an astronaut Moon lander apart from SpaceX. The competition is set to get tough for Elon Musk as Nasa looks for another private vendor for a second landing system to put humans on the Moon.“Competition is critical to our success on the lunar surface and beyond, ensuring we have the capability to carry out a cadence of missions over the next decade,"" NASA Administrator Bill Nelson said in a media briefing. The administrator further added that this new astronaut lander opportunity will ultimately strengthen and increase flexibility for Artemis.Nasa had in 202 picked SpaceX to land the next American astronauts on the lunar surface, and the company is working to demonstrate the system in 2025. The space agency has now asked SpaceX to transform the company’s proposed human landing system into a spacecraft for recurring services for a second demonstration mission. Nasa’s plans call for long-term lunar exploration and include landing the first woman and first person of color on the Moon as part of future Artemis missions.The second contract dubbed Sustaining Lunar Development contract expedites progress toward a long-term, sustaining lander capability as early as the 2026 or 2027 timeframe. “We expect to have two companies safely carry astronauts in their landers to the surface of the Moon under Nasa’s guidance before we ask for services, which could result in multiple experienced providers in the market,"" Lisa Watson-Morgan, program manager for the Human Landing System Program said in a statement.Nasa will release the details of requirements for future development and demonstration lunar landing capability to take astronauts between orbit and the surface of the Moon in the coming weeks. The agency said that the effort is meant to maximize NASA’s support for competition and provides redundancy in services to help ensure NASA’s ability to transport astronauts to the lunar surface.The agency is in no mood to remain limited to the Moon and aims to push forward to Mars in the coming decades. “Under Artemis, NASA will carry out a series of groundbreaking missions on and around the Moon to prepare for the next giant leap for humanity: a crewed mission to Mars,"" Nelson added.",NA,https://www.indiatoday.in/science/story/nasa-moon-mission-artemis-astronauts-spacex-starship-lunar-lander-mars-1928893-2022-03-24
10,science,"Leonard, the brightest comet to fly past Earth in 2021, has broken apart. It is dying","(23, 3, 2022)","The brightest comet that passed by Earth, in 2021, lighting up the sky for days has disintegrated and is missing key parts as it moves away from the Sun. The object hit the Sun in January this year after crossing Earth. The comet is now missing its core nucleus and its coma that makes up the temporary atmosphere.

With its nucleus missing, the comet has been fading in brightness and could end up being just another whiff of dust and gas as it keeps moving in its orbit. Discovered by Gregory Leonard, the remnants of the comet can be seen in the morning sky in the Southern Hemisphere.""The comet's legacy was the tail structure made up of charged particles, known as ions. The tail was subject to ""spectacular outburst-induced displays"" after spotting the comet on Jan. 3, 2021,"" Gregory Leonard told EarthSky. He added that the comet will be known for the appearance of the tails, some of the best ever observed.Leonard told EarthSky that it was an utterly surreal experience having a much-anticipated comet sailing dimly overhead for most of 2021, and I was thrilled when it began brightening and tracking across the autumn and winter skies, and of course, bearing my family’s name as it was.Comet Leonard entered Earth's skies nearly a year after it was first discovered around Jupiter in January 2021. Gregory, a senior research specialist, spotted the faint object, which was nearly 1,60,000 times dimmer than the faintest stars visible to the unaided eye. At the time, the comet was 149.565 million kilometers from the Sun near the orbit of Jupiter.The comet turned out to be the brightest object to pass in the skies in 2021 and a rare object that must have visited this region about 70,000 years ago. Since the object has been far away from solar rays for so long it could have frozen carbon dioxide, nitrogen, and carbon monoxide, which vapourised giving it a high brightness. But as they came closer to the Sun its brightness began diminishing. Comet Leonard has been observed and studied by several spacecraft. (Photo: ESA)The comet was already on a path taking it outside of the solar system and not returning for another glimpse anytime soon. Talking about the demise of the comet, Leonard said, ""I don’t mind the fact that it may have disintegrated. With its post-perihelion hyperbolic orbit, I once imagined the comet sometime in the deep future haunting another solar system. Now with its nucleus possibly disintegrated, it may more strangely appear as a ghostly, hyperbolic wisp of dust and gas if that.""Ground-based telescopes and spacecraft have been tracking this unique visitor from deep space. Europe's Solar Orbiter caught a glimpse of the fiery tail of the comet as it monitored its evolution going closer to the Sun. The Heliospheric Imager onboard the spacecraft captured the comet streaking diagonally across the field of view with the Milky Way as a backdrop. Venus and Mercury can also be seen moving in the back drop from left to right.","['Comet leonard', ' What is comet leonard', ' comet leonard brightness', ' comets around Earth', ' what are comets', ' Science News', ' India Today Science']",https://www.indiatoday.in/science/story/leonard-the-brightest-comet-to-fly-past-earth-in-2021-has-broken-apart-it-is-dying-1928612-2022-03-23
11,science,"China sets green hydrogen target for 2025, eyes widespread use","(23, 3, 2022)","China's top economic planner announced a target on Wednesday to produce up to 200,000 tonnes per year of green hydrogen, a zero-carbon fuel generated from renewable energy sources, by 2025, but envisions a more widespread industry over the long term.

The country aims to produce 100,000 tonnes to 200,000 tonnes of green hydrogen a year and have about 50,000 hydrogen-fuelled vehicles by 2025, the National Development and Reform Commission (NDRC) said in a statement.China, the world's largest emitter of greenhouse gases, has been striving to balance energy security and achieve its climate change goals, and is focusing on hydrogen to reduce carbon emissions from its transportation and industrial sectors.Green hydrogen is gas produced from breaking down water in electrolysis using renewable energy sources, reducing the amount of carbon emissions released during the process compared to hydrogen created from natural gas or coal.""Development of hydrogen is an important move for energy transition and a great support for China's carbon peak and carbon neutrality goals,"" said Wang Xiang, the deputy director of the High Technology Department at the NDRC, at a press briefing.China currently produces 33 million tonnes of hydrogen a year, with about 80% of hydrogen coming from coal and natural gas, and the rest mainly a by-product from industrial sectors, according to the government.Data from the China Hydrogen Alliance, an industrial association, shows the country produced 500,000 tonnes of hydrogen from water electrolysis in 2019.Wang said that even though most of China's hydrogen is produced from fossil fuels, the potential of green hydrogen is huge since the country has the world's largest renewable power capacity.The NDRC statement said that China aims to establish a complete hydrogen industry covering transportation, energy storage and industrial sectors, and ""significantly improve"" the portion of green hydrogen in China's energy consumption by 2035.The China Hydrogen Alliance has estimated China's hydrogen demand will reach 35 million tonnes per year by 2030, from 20 million tonnes now, and reach 60 million tonnes by 2050.Hydrogen can be used in fuel cells and in internal combustion engines.High production costs are one of the major obstacles impeding hydrogen development. Analysts estimate that hydrogen prices would need to halve in order to compete with gasoline and diesel.The NDRC called for a rational layout of hydrogen projects based on resources and market demand to avoid disorderly competition.""Local government will be strictly forbidden to blindly follow the trend of hydrogen project construction and will be prevented from building low-end projects in order to avoid the waste of resources,"" said Wang.Almost all provinces and regions in China have included hydrogen into their development plans.Some major Chinese companies in the energy, auto and metallurgy sectors, such as Sinopec, Baosteel and GCL, have also expanded their businesses to include hydrogen production, using natural gas and renewable energy, building hydrogen filling stations and using hydrogen in steelmaking and transportation.","['China', ' green energy', ' Hydrogen energy', ' Emissions', ' Carbon emission', ' global warming', ' climate change', ' Environment']",https://www.indiatoday.in/environment/story/china-sets-green-hydrogen-target-for-2025-eyes-widespread-use-1928549-2022-03-23
12,science,China completes rocket engine test to launch new lab to under-construction Space Station,"(23, 3, 2022)","China has successfully conducted the engine test of its high-thrust oxyhydrogen engine that will power its Long March-5 rocket to space. The rocket will be used to launch the next lab module to its under-construction Space Station, which is currently inhabited by three Chinese taikonauts.

Scientists at the China Aerospace Science and Technology Corporation fired the engine for a duration of 100 seconds on Monday, confirming that it is ready to enter the final assembly of the rocket. According to Xinhua, the engine is the most advanced cryogenic liquid rocket engine ever designed and manufactured in China.Following the successful engine fire, the rocket still has to complete at least 20 experimental tasks for engineers to test its performance and green light the launch of the new mission. The Long March-5 rocket will carry the Mengtian module to Tiangong, which is expected to be finished by the end of this year.The Chinese space station has so far seen two crewed missions docking with astronauts living in microgravity and readying the outpost for future research and deep space explorations. A total of six astronauts, all of Chinese descent, have so far lived on the space station.The Chinese National Space Administration has said that once the construction is completed, the flying laboratory will be able to house six astronauts at any present time. Beijing recently hinted that it will also open up its Space Station to private players as it looks for commercial use of the outpost.Meanwhile, the country is also looking to open foreign astronauts on Tiangong in the future. Zhou Jianping, the chief designer of China's manned space programme said, ""We would actively promote foreign astronauts' participation in the work in China's space station, which is an important part of international cooperation. You look forward to it, I look forward to it too.""",NA,https://www.indiatoday.in/science/story/china-completes-rocket-engine-test-to-launch-new-lab-to-under-construction-space-station-1928544-2022-03-23
