SN,category,headline,date,content,keywords,link
1,science,"Chandrayaan-3, Aditya L-1 to launch this year: Europe readies deep space network to track Indian missions","(30, 3, 2022)","The European Space Agency (ESA) will provide tracking for two big-ticket missions set to be launched by India this year. The Indian Space and Research Organisation (Isro) is set to launch Chandrayaan-3 to the Moon and the maiden mission to the Sun, Aditya L-1.

The ESA said that its global deep-space communication antennas will provide essential support to both missions every step of the way, tracking the spacecraft, pinpointing their locations at crucial stages, transmitting commands, and receiving ‘telemetry’ and valuable science data.Isro had signed an agreement with its European counterpart in 2021 to provide technical support to each other, including tracking and communication services using the European ground stations.“Deep space communication is an essential part of any space mission. Ground stations keep spacecraft safely connected to Earth as they venture into the unknowns and risks of space. Without ground station support, it’s impossible to get any data from a spacecraft, to know how it’s doing, to know if it is safe or even to know where it is,” Ramesh Chellathurai, ESA Service Manager and ESA Liaison Officer for Isro said in a statement.FROM MOON TO SUN The Chandrayaan-3 mission to the Moon is the successor of the Chandrayaan-2 spacecraft that unfortunately crash-landed on the Moon. The new mission will derive power from the crashed mission as it uses the Orbiter still functioning from the second mission.The mission comprises a lander and a rover, which will spend two weeks conducting scientific and technical operations on the surface. ESA’s Kourou antenna and the Goonhilly station will be added to the NASA deep space stations supporting the mission and provide similar support to Chandrayaan-3.Also Read: | All about the Aditya - L1, ISRO's satellite to study the SunMeanwhile, when it comes to Aditya, it will go to L1 the first Lagrange point of the Earth-Sun system. It will study a number of properties of the Sun, such as the dynamics and origins of coronal mass ejections. “The spacecraft will always be in the same direction from Earth as the Sun. So, as Earth rotates, no single ground station will always be in view of Aditya-L1. Using a global station network like ESA’s is the best way to exchange data and commands with this spacecraft as often as possible,” Ramesh added. Isro will use the big iron’ 35-meter-deep space Estrack antennas, located in New Norcia, Australia, Malargüe, Argentina, and Cebreros, Spain to keep in touch with the spacecraft. ESA said that additional support will be provided by a 15-meter antenna at Europe’s spaceport in Kourou, French Guiana, and the commercial 32-meter-deep space antenna at Goonhilly station in the UK. Isro’s flight dynamics team tested the software they will use to precisely determine the location and orbit of Aditya-L1 on ESA’s Gaia observatory.ISRO TO LAUNCH SEVEN SATELLITES IN 2022Along with the Chandrayaan-3 and Aditya L1 missions, the Indian space agency will launch 7 satellites this year. Minister for Science &Technology Dr. Jitendra Singh in a written reply in the Lok Sabha said that currently, the satellites are undergoing various in-orbit tests and calibrations and subsequently, the data available from the satellites will be used for achieving the mission objectives, during the designated mission life.“The total time taken to realize the satellite is 63 months from the date of financial sanction and the expenditure towards realization of the satellite is nearly Rs. 490 crores,” he said.Isro has gained launch momentum with the successful liftoff of the earth observation satellite EOS-4 onboard PSLV-C52 in February this year. The satellites were injected into the polar sun-synchronous orbit at 524.84 km altitude.Live TVAlso Read: | Chandrayaan-3 to be launched in August, Isro to lift off 19 missions in 2022",NA,https://www.indiatoday.in/science/story/chandrayaan-3-aditya-l-1-to-lunch-this-year-europe-readies-deep-space-network-to-track-two-big-indian-missions-1931587-2022-03-30
2,science,American astronaut Mark Vande Hei lands in former Soviet-era country on Russian spacecraft,"(30, 3, 2022)","As war rages between Ukraine and Russia, with the US imposing sanctions on Moscow, American astronaut Mark Vende Hei showed how cooperation can still be of great value. The American astronaut on Wednesday landed in Kazakhstan, which was formerly part of the Soviet Union, on a Russian spacecraft with fellow cosmonauts.

The Soyuz MS-19 spacecraft touched down on Earth bringing three astronauts home after a record-setting mission by Mark Vande Hei, who is now holding the record for the longest single spaceflight mission. The crew from the Russian space agency, Roscosmos, was already scouring the area to recover the astronauts as the spacecraft landed on the ground.Vande Hei, who was on his second spaceflight mission onboard the International Space Station (ISS) has wrapped up 355-days in space this time. He previously spent 168 days during his first mission. During the course of the current mission, Vande Hei has completed 5,680 orbits of Earth covering 24 crore kilometers of distance on the flying laboratory. In this image from March 2017, Vande Hei trained for a spacewalk at NASA’s Johnson Space Center in Houston. (Photo: Nasa)Ahead of returning, cosmonaut Anton Shkaplerov handed over the command of the Space Station to astronaut Tom Marshburn.The successful return marks another feat in US Russia cooperation when it comes to space exploration even as Moscow and Washington attack each other with sanctions aims at hurting their space programmes.Despite the hostility, Nasa has said that after landing, the Soyuz MS-19 crew will split up, as per standard crew return practice, with Vande Hei returning to his home in Houston, while the cosmonauts fly back to their training base in Star City, Russia.",NA,https://www.indiatoday.in/science/story/american-astronaut-mark-vande-hei-lands-in-former-soviet-era-country-on-russian-spacecraft-1931491-2022-03-30
3,science,Nations must move faster to protect biodiversity: Environment advocates,"(30, 3, 2022)","Environmentalists are criticizing slow progress at a U.N.-backed meeting of nearly all the world’s countries toward beefing up protections for biodiversity on Earth, ahead of a crucial meeting expected later this year in China where delegates could sign a global agreement.

A total of 195 countries — but not the United States — which are parties to the Convention on Biological Diversity wrapped up a two-week meeting Tuesday that aimed to make progress toward a deal to prevent the loss of biodiversity and avoid the extinction of many vulnerable species. It also addresses the emergence of pathogens like the coronavirus, which damage both lives and livelihoods.Delegates agreed to hold an interim meeting in Kenya’s capital, Nairobi, in June before a high-level conference known as COP15 in Kunming, China, at a still-undecided date later this year.“Biodiversity is securing our own survival on this planet. It is not a joking matter,” said Francis Ogwal of Uganda, a meeting co-chair. “Every day that you live as a human being is on biodiversity.”Ogwal cited the “close linkage” between biodiversity and climate change, saying “every time that governments are talking about mobilizing for climate change, they should be doing the same for biodiversity.”Advocacy groups and some governments have ambitions for a deal in Kunming that would aim to protect and conserve at least 30% of the world’s land, inland waters and oceans to help stanch habitat loss, the overuse of nature by people and businesses, and the emergence of pathogens that thrive off of environmental upheaval. King penguins walk at the Polk Penguin Conservation Center at the Detroit Zoo in Royal Oak. (Photo: AP)Some faulted the lagging pace of progress.“With so little time to Kunming, parties have finally kicked the can to the end of the road,” said Greenpeace East Asia senior policy advisor Li Shuo. As president of COP15, “China should work out a contingency plan to deliver a complex package with quality and ambition,” Li added.The U.S.-based Campaign for Nature pointed to an emerging consensus on the 30% target and a growing recognition that the lives and livelihoods of local communities and Indigenous peoples should be better protected. Still it pressed for greater intensity from countries to find solutions to declining biodiversity.“Unfortunately, the negotiations in Geneva have not reflected the urgency that is needed to successfully confront the crisis facing our natural world,” said Campaign for Nature’s director, Brian O’Donnell. “Progress with the negotiations has been painfully slow, and the level of ambition with financing remains woefully inadequate.”He said donor countries should commit to “far more ambitious financing targets.”A key issue has been on repurposing and redirecting harmful subsidies that total $500 billion per year and can damage biodiversity. A draft proposal for the China meeting aims to commit $700 billion for sustaining or improving biodiversity.",NA,https://www.indiatoday.in/environment/story/nations-must-move-faster-to-protect-biodiversity-environment-advocates-1931479-2022-03-30
4,science,Asteroid 3.5 times the size of Qutub Minar is coming towards Earth,"(30, 3, 2022)","The space outside Earth, while vacuum, remains a permanent source of chaos, and the orbit will be buzzed again on April Fools' Day. An asteroid nearly 3.5 times the size of Delhi's Qutub Minar is headed towards the planet as it swoops past it one of the ""closest approaches"" by a Near-Earth Object (NEOs).

Dubbed 2007 FF1, the asteroid is nearly 260 meters across and will come as close as 74,23,046 kilometers to the planet. According to the Centre for Near-Earth Object Studies (CNEOS), the asteroid will be arriving towards Earth at a staggering speed of 46,188 kilometers per hour.The Jet Propulsion Laboratory, which tracks Near-Earth Object, has released details about its orbit, which takes it beyond the orbit of Mars before it comes back towards the Sun passing the inner planets to the Solar System. The asteroid last visited Earth in 2020, coming as close as 1,73,42,881 kilometers to our world. The orbit of 2007 FF1 seen in white as against orbit of Earth in blue. (Photo: CNEOS)The JPL has also predicted its next approach after the April 1 flyby. The asteroid will return to Earth only in August 2035, passing by from a distance of 1,14,41,245 kilometers to the surface. According to CNEOS, the asteroid was first spotted in March 2007 when it was cruising in the vacuum of space at 39,348 kilometers per hour.Asteroids are rocky fragments left over from the formation of the solar system about 4.6 billion years ago. According to the Nasa Joint Propulsion Laboratory (JPL), which tracks asteroid movement, an asteroid is classified as a near-Earth object when its distance from our planet is less than 1.3 times the distance from Earth to the Sun (the Earth-Sun distance is about 93 million miles).The latest approach comes just weeks after astronauts detected an asteroid with a low chance of hitting Earth, crashing to the surface. The asteroid barely two meters in size was only the fifth time that humans were able to detect an asteroid before it hit the planet. It entered the atmosphere southwest of Jan Mayen, a Norwegian island 470 kilometers off the east coast of Greenland and northeast of Iceland.",NA,https://www.indiatoday.in/science/story/asteroid-3-5-times-the-size-of-qutub-minar-is-coming-towards-earth-1931459-2022-03-30
5,science,"Pluto is alive! Scientists confirm volcanoes of ice, not seen anywhere in solar system, erupting on surface","(30, 3, 2022)","Nearly 16 years after it was declared unfit to be a planet, it seems Pluto still has the power to pull us back into the mysteries it's hiding on the surface. A new study now hints at mysterious volcanoes of ice being spotted on the surface, the likes of which are not seen anywhere else in the solar system.

Led by astronomers from the New Horizons mission, the team has detected a region of large domes and rises flanked by hills, mounds, and depressions formed by material expelled from below the surface of this distant, icy planet. The creation of this terrain requires multiple eruption sites and a large volume of material that are multiple, several-km-high domes, some of which merge to form more complex platforms.The study published in the journal Nature Communications states that modeling suggests a subsurface water-rich ocean could potentially persist on Pluto existing nearly 100200km or more below the surface of the distant planet, the base of the icy shell. The New Horizons mission had imaged a region dominated by two large mounds known as Wright Mons and Piccard Mon, which is now believed to be cryovolcanoes.PLUTO IS ALIVELed by Dr. Kelsi Singer, New Horizons Deputy Project Scientist from the Southwest Research Institute, the team analyzed the geomorphology and composition of an area located southwest of Pluto’s bright, icy “heart,” Sputnik Planitia. This cryovolcanic region contains multiple large domes, ranging from 1 to 7 kilometers tall and 30 to 100 or more kilometers across, that sometimes merge to form more complex structures. The New Horizons mission was launched by Nasa in 2006, the same year Pluto was downgraded to dwarf status. (Photo: Nasa)“The particular structures we studied are unique to Pluto, at least so far. Rather than erosion or other geologic processes, cryovolcanic activity appears to have extruded large amounts of material onto Pluto’s exterior and resurfaced an entire region of the hemisphere New Horizons saw up close,” Singer said in a statement.Because these are young geologic terrains and large amounts of material were required to create them, it is possible that Pluto’s interior structure retained heat into the relatively recent past, enabling water-ice-rich materials to be deposited onto the surface. Other geologic processes considered to create the features are unlikely, according to the team.NEW HORIZONS UNLOCKEDThe images were obtained from the New Horizons mission in 2015, revealing diverse geological features populating Pluto, including mountains, valleys, plains, and glaciers. The terrain raised curiosity among scientists since the frigid temperatures at Pluto’s distance were expected to produce a frozen, geologically inactive world. The highest-resolution color departure shot of Pluto's receding crescent from NASA's New Horizons spacecraft, taken when the spacecraft was 120,000 miles (200,000 kilometers) away from Pluto. (Photo: Nasa)“One of the benefits of exploring new places in the solar system is that we find things we weren’t expecting. These giant strange-looking cryovolcanoes observed by New Horizons are a great example of how we are expanding our knowledge of volcanic processes and geologic activity on icy worlds,” Singer added.The New Horizons mission was launched by Nasa in 2006, the same year Pluto was downgraded to dwarf status. It remains the sole spacecraft to explore Pluto and its moons after it reached the icy planet in 2015. The spacecraft has been exploring objects in the Kuiper Belt, a region of the solar system that extends from about 30 AU, near the orbit of Neptune, to about 50 AU from the Sun.OTHER INTERESTING SCIENCE NEWS STORIES:Sun explodes again: Geomagnetic storm to hit Earth at 21,85,200 kmph on ThursdayInto the wild: Animals the latest frontier in Covid fightThis astronaut circled Earth 5,680 times. Now he is coming backDelhi feels the heat: How does India measure heatwave and why temperatures that define it are so high",NA,https://www.indiatoday.in/science/story/pluto-is-alive-scientists-confirm-never-before-seen-volcanoes-of-ice-erupting-on-surface-1931354-2022-03-30
6,science,South Korea says it successfully test-fired first solid-fuel space rocket,"(30, 3, 2022)","South Korea's military said it had successfully test-fired a solid-fuel space rocket for the first time on Wednesday, a step it says will help eventually launch a constellation of satellites to better monitor threats such as North Korea.

The launch is the first such test since South Korea and the United States agreed last year to end decades of restrictions on the South's ballistic missile and rocket development, and comes less than a week after North Korea conducted its highest missile test yet.""The success of the test launch of this solid-propelled space launch vehicle is an important milestone in strengthening the defense power of our military's independent space-based surveillance and reconnaissance field at a very critical time,"" the Ministry of National Defense said in a statement, citing last week's test of an intercontinental ballistic missile (ICBM) by North Korea.The defense minister observed the launch of the rocket, which was developed with ""pure Korean technology"", the statement said.In October, South Korea conducted the first test launch of the Nuri liquid-fuelled rocket, its first domestically built space launch vehicle. Nuri blasted off but failed to fully place a dummy satellite into orbit, delivering mixed results for a test launch that represented a major leap for the country's ambitious space plans.In contrast to the Nuri's liquid-fuel design, a solid-fuel rocket such as the one tested on Wednesday would be simpler, less expensive to develop and manufacture, and faster to launch, the defense ministry said.Wednesday's test verified the large solid-fuel engine, fairing separation, stage separation, and upper-stage attitude control technology, which are essential technologies for space launch vehicles, the statement added.The ministry said it plans to eventually use the rocket to put a small satellite or a number of ultra-small satellites into low-Earth orbit in the future, and to later transfer some technology to the private sector to help revitalise the domestic space industry.",NA,https://www.indiatoday.in/science/story/south-korea-says-it-successfully-test-fired-first-solid-fuel-space-rocket-1931382-2022-03-30
7,science,Into the wild: Animals the latest frontier in Covid fight,"(30, 3, 2022)","To administer this COVID test, Todd Kautz had to lay on his belly in the snow and worm his upper body into the narrow den of a hibernating black bear. Training a light on its snout, Kautz carefully slipped a long cotton swab into the bear’s nostrils five times.

For postdoctoral researcher Kautz and a team of other wildlife experts, tracking the coronavirus means freezing temperatures, icy roads, trudging through deep snow and getting uncomfortably close to potentially dangerous wildlife.They’re testing bears, moose, deer and wolves on a Native American reservation in the remote north woods about 5 miles from Canada. Like researchers around the world, they are trying to figure out how, how much and where wildlife is spreading the virus.Scientists are concerned that the virus could evolve within animal populations potentially spawning dangerous viral mutants that could jump back to people, spread among us and reignite what for now seems to some people like a waning crisis.The coronavirus pandemic has served as a stark and tragic example of how closely animal health and human health are linked. While the origins of the virus have not been proven, many scientists say it likely jumped from bats to humans, either directly or through another species that was being sold live in Wuhan, China.And now the virus has been confirmed in wildlife in at least 24 U.S. states, including Minnesota. Recently, an early Canadian study showed someone in nearby Ontario likely contracted a highly mutated strain from a deer.“If the virus can establish itself in a wild animal reservoir, it will always be out there with the threat to spill back into the human population,” said University of Minnesota researcher Matthew Aliota, who is working with the Grand Portage Reservation team.E.J. Isaac, a fish and wildlife biologist for the reservation that’s home to the Grand Portage Ojibwe, said he expects the stakes to get even higher with the start of spring, as bears wake from hibernation and deer and wolves roam to different regions.“If we consider that there are many species and they’re all intermingling to some extent, their patterns and their movements can exponentially increase the amount of transmission that could occur,” he said.INTO THE WILDTheir research is meant to ward off such unwelcome surprises. But it carries its own set of risks.Seth Moore, who directs the reservation biology and environment department, recently almost got bitten by a wolf.And they sometimes team with a crew from the Texas-based company Heliwild to capture animals from the air. One chilly late-winter afternoon, the men climbed into a small helicopter with no side doors that lifted above the treetops. Flying low, they quickly spotted a deer in a forest clearing. They targeted the animal from the air with a net gun and dropped Moore off.Wind whipped at his face as he worked in deep snow to quickly swab the deer’s nose for COVID, put on a tracking collar and collect blood and other biological samples for different research.The men capture moose in much the same way, using tranquilizer darts instead of nets. They trap wolves and deer either from the air or on the ground, and trap bears on the ground.They knew of the young male bear they recently tested because they had already been tracking it. To get to the den, they had to take snowmobiles to the bottom of a hill then hike a narrow, winding path in snow shoes.When Kautz crawled part-way into the den, a colleague held his feet to pull him out quickly if necessary. The team also gave the animal a drug to keep it sleeping and another later to counteract the effects of the first.To minimize the risk of exposing animals to COVID, the men are fully vaccinated and boosted and get tested frequently.The day after testing the bear, Isaac packed their samples to send to Aliota’s lab in Saint Paul. The veterinary and biomedical researcher hopes to learn not just which animals are getting infected but also whether certain animals are acting as “bridge species” to bring it to others. Testing may later be expanded to red foxes and racoons.It’s also possible the virus hasn’t reached this remote location yet. Since it’s already circulating in the wilderness of Minnesota and nearby states, Aliota said it’s only a matter of time.LOOKING FOR MUTANTSClose contact between humans and animals has allowed the virus to overcome built-in barriers to spread between species.To infect any living thing, the virus must get into its cells, which isn’t always easy. Virology expert David O’Connor likens the process to opening a “lock” with the virus’ spike protein “key.”“Different species have different-looking locks, and some of those locks are not going to be pickable by the key,” the University of Wisconsin-Madison scientist said.But other locks are similar enough for the virus to enter an animal’s cells and make copies of itself. As it does, it can randomly mutate and still have a key that fits in the human lock. That allows it to leap back to humans through close contact with live animals, scientists believe.Although spillback is rare, it only takes one person to bring a mutated virus into the realm of humans.Some think the highly mutated omicron variant emerged from an animal rather than an immune-compromised human, as many believe. Virologist Marc Johnson of the University of Missouri is one of them, and now sees animals as “a potential source of pi,” the Greek letter that may be used to designate the next dangerous coronavirus variant.Johnson and his colleagues found strange coronavirus lineages in New York City sewage with mutations rarely seen elsewhere, which he believes came from animals, perhaps rodents.What scientists are most concerned about is that current or future variants could establish themselves and multiply widely within a reservoir species.One possibility: white-tailed deer. Scientists found the coronavirus in a third of deer sampled in Iowa between September 2020 and January 2021. Others found COVID-19 antibodies in a third of deer tested in Illinois, Michigan, New York and Pennsylvania. Infected deer generally have no symptoms. Testing in many other wild species has been limited or absent.“It’s possible that the virus is already perhaps circulating in multiple animals,” said virology expert Suresh Kuchipudi of Pennsylvania State University, an author of the Iowa deer study. If unmonitored, the virus could leave people “completely blindsided,” he said.CAN IT BE STOPPED?Ultimately, experts say the only way to stop viruses from jumping back and forth between animals and humans — extending this pandemic or sparking a new one — is to tackle big problems like habitat destruction and illegal wildlife sales.“We are encroaching on animal habitats like we have never before in history,” Aliota said. “Spillover events from wild animals into humans are, unfortunately I think, going to increase in both frequency and scope.”To combat that threat, three international organizations — the United Nations Food and Agriculture Organization, the World Organization for Animal Health and the World Health Organization — are urging countries to make COVID surveillance in animals a priority.In Grand Portage, Aliota’s collaborators continue to do their part by testing as many animals as they can catch.With icy Lake Superior sparkling through the evergreens, Isaac slipped his hand beneath the netting of a deer trap. A colleague straddling the animal lifted its head off the snowy ground so that Isaac could swab its nostrils.The young buck briefly lurched its head forward, but kept still long enough for Isaac to get what he needed.“Nicely done,” his colleague said as Isaac put the sample into a vial.When they were finished, they gently lifted the trap to let the deer go. It bounded into the vast forest without looking back, disappearing into the snowy shadows.",NA,https://www.indiatoday.in/science/story/into-the-wild-animals-the-latest-frontier-in-covid-fight-1931312-2022-03-30
8,science,"This astronaut circled Earth 5,680 times. Now he is coming back","(30, 3, 2022)","Astronaut Mark Vande Hei arrived on the International Space Station in April 2021 on a journey that has made him the record holder of the longest single spaceflight by an American astronaut. As he closes the hatch of the Soyuz MS-19 spacecraft to begin a journey back home, he will have logged 523 days in space.

Vande Hei who is on his second spaceflight mission onboard the International Space Station (ISS) has wrapped up 355-days in space this time. He previously spent 168 days during his first mission. During the course of the current mission, Vande Hei has completed 5,680 orbits of Earth covering 24 crore kilometers of distance on the flying laboratory.The American astronaut is returning home on a Russian spacecraft with two cosmonauts Anton Shkaplerov and Pyotr Dubrov. While Dubrov had docked on the Station with Mark Vande Hei, Shkaplerov launched on Soyuz MS-19 on October 5, 2021. This was Dubrov’s first flight. Shkaplerov is ending his fourth mission with 708 cumulative days spent in space.""Vande Hei, along with Anton Shkaplerov and Pyotr Dubrov, will close the hatch to the Soyuz MS-19 spacecraft to begin the journey back to Earth. The Soyuz will undock from the Rassvet module, heading for a parachute-assisted landing on the steppe of Kazakhstan, southeast of the remote town of Dzhezkazgan,"" Nasa said in a statement. The International Space Station. (Photo: Nasa)With the three astronauts returning, Expedition 67 will formally begin aboard the station, with new station Commander Tom Marshburn, NASA astronauts Raja Chari, and Kayla Barron, European Space Agency (ESA) astronaut Matthias Maurer, and Roscosmos cosmonauts Oleg Artemyev, Denis Matveev, and Sergey Korsakov.Ahead of returning, cosmonaut Anton Shkaplerov handed over the command of the Space Station to astronaut Tom Marshburn.A major event will be unfolding when the three astronauts land on Earth. Amid a complete breakdown of relations between the US and Russia over the war in Ukraine, space cooperation has been severed in different fields including rocket sharing and launch services.Nasa, however, said that after landing, the Soyuz MS-19 crew will split up, as per standard crew return practice, with Vande Hei returning to his home in Houston, while the cosmonauts fly back to their training base in Star City, Russia.Meanwhile, the next mission to the orbiting lab will be the Axiom Space-1 mission, or Ax-1, carrying a former NASA astronaut and three U.S. crew members. Commander Michael Lopez-Alegria will be making his fifth visit to space and his third visit to the space station while commanding the first private mission for Axiom Space. He will lead first-time space visitors Pilot Larry Connor and Mission Specialists Eytan Stibbe and Mark Pathy aboard Endeavour, during the vehicle’s second mission to the station.",NA,https://www.indiatoday.in/science/story/astronait-mark-vande-hei-nasa-russian-cosmonaut-soyuz-space-station-ukraine-war-1931309-2022-03-30
9,science,"Sun explodes again: Geomagnetic storm to hit Earth at 21,85,200 kmph on Thursday","(30, 3, 2022)","The Sun, which is becoming increasingly active as its new solar cycle becomes more and more violent, exploded a Coronal Mass Ejection that is headed towards Earth. The Center of Excellence in Space Sciences at the Indian Institute of Science Education and Research, Kolkata, estimates that a massive surge of energy and plasma will hit Earth on Thursday.

Coronal mass ejection is one of the biggest eruptions from the Sun's surface that can contain a billion tons of matter accelerated to several million miles per hour into space. This solar material streams out through the interplanetary medium, impacting any planet or spacecraft in its path. When a really strong CME blows past the Earth, it can damage the electronics in our satellites and disrupt radio communication networks on Earth.The solar flares were released from the active regions 12975 and 12976 on the Sun on March 28. The Center said that as these flares strike Earth's magnetic field there is a possibility of coronal mass ejection induced moderate geomagnetic storms. "" Our model fit indicates a very high probability of Earth impact on 31 March with speeds ranging between 496-607 km/s,"" the center said in a tweet. (1 kmps = 3600 kmph). CESSI also flagged new sunspots on the surface of the Sun that could produce more flares in the future. ""AR12975 and AR12976 have magnetically connected and continue to be flagged as M/X class flare productive, with reasonable chances of producing an X class flare. AR 12978 is also now being flagged as flare positive,"" it said.The US-based Space Weather Prediction Center at the National Oceanic and Atmospheric Administration (NOAA) also corroborated the observation and predicted a G3 class strong geomagnetic storm to hit Earth on March 31. It warned that surface charging may occur on satellite components, drag may increase on low-Earth-orbit satellites, and corrections may be needed for orientation problems. "" Intermittent satellite navigation and low-frequency radio navigation problems may occur, HF radio may be intermittent,"" Noaa said in a warning.AR12975 and AR12976 have magnetically connected and continue to be flagged as M/X class flare productive, with reasonable chances of producing a X class flare. AR 12978 is also now being flagged as flare positive.+ pic.twitter.com/trsmpz7N9e— Center of Excellence in Space Sciences India (@cessi_iiserkol) March 29, 2022
This is not the first time that a geomagnetic storm is set to hit Earth, the frequency of space weather events has increased as the Sun is now its new solar cycle ramping up activity. Elon Musk's SpaceX was on the receiving end of one of these geomagnetic storms earlier this year that killed 40 Starlink satellites. The geomagnetic storm was the result of a coronal mass ejection from the Sun by an M1-class solar flare that lasted for about four hours.Thursday's impact is likely to trigger auroras that could be observed at lower altitudes. Meanwhile, it could also have the power of affecting power grids and communication networks.OTHER INTERESTING SCIENCE NEWS STORIES:Into the wild: Animals the latest frontier in Covid fightThis astronaut circled Earth 5,680 times. Now he is coming backDelhi feels the heat: How does India measure heatwave and why temperatures that define it are so high",NA,https://www.indiatoday.in/science/story/geomagnetic-storm-to-hit-earth-solar-flare-sun-coronal-mass-ejection-auroras-1931273-2022-03-30
10,science,Delhi feels the heat: How does India measure heatwave and why temperatures that define it are so high,"(29, 3, 2022)","The United Kingdom on Monday raised the temperature at which forecasters will declare a heatwave in an area as climate change makes these extreme weather events more frequent. The UK Meteorological office raised the thresholds in some counties from 27 degrees Celsius to 28 degrees Celsius threshold and in others from 26 degrees Celsius to 27 degrees Celsius followed by 25 degrees Celsius to 26 degrees Celsius in one.

The decision comes in the backdrop of global warming intensifying the occurrence of these weather-related events. As the world grapples with heat waves, India is no different. The India Meteorological Department on Tuesday predicted a heatwave spell over Northwest, Central & West India for the coming four to five days.The IMD in a statement said that there could be a gradual rise in maximum temperatures by about 2 degrees Celsius over many parts of Central and East India during the next three days. The weather agency warned that heatwave could lead to moderate health concerns for vulnerable people and there is an increased likelihood of heat illness symptoms in people who are either exposed to the sun for a prolonged period or doing heavy work. A woman carries water can on her head, on a hot summer day, at Fort St George, in Chennai, Thursday, March 24, 2022. (PTI Photo)HOW DOES IMD DEFINE HEATWAVE IN INDIA?A heatwave is defined when a region experiences predominantly high temperatures for a sustained period of time. The India Meteorological Department defines a heatwave as a condition of air temperature which becomes fatal to the human body when exposed. ""It is defined based on the temperature thresholds over a region in terms of actual temperature or its departure from normal. In certain countries, it is defined in terms of the heat index based on temperature and humidity or based on the extreme percentile of the temperatures.""IMD considers an area experiencing a heatwave if the maximum temperature of a station reaches at least 40 degrees Celsius or more for the plains and at least 30 degrees Celcius or more for hilly regions. A heatwave is also characterised if the temperature goes at least 4.5 to 6.4 notches up and if ts exceeds over 6.4 degrees Celcius above normal, the IMD classifies it as a severe heatwave.Meanwhile, when it comes to coastal regions, a heatwave is announced if the maximum temperature is 4.5 degrees Celsius or more than the normal temperature experienced in the area.IMD predicts heatwave based on synoptic analysis of various meteorological parameters and from the consensus guidance from various regional & global numerical prediction models. The IMD in its latest projections has predicted a gradual rise in maximum temperatures by about 2 degrees Celsius. (File PIc)WHY IS THE HEATWAVE THRESHOLD SO HIGH IN INDIA?The heatwave threshold in India is high compared to what the United Kingdom has deemed fit to declare a heatwave, since India has tropical weather conditions where temperatures are generally high.Senior IMD scientist R K Jenamani told indiatoday.in that heatwave thresholds differ across the world based on the climatic factors experienced in those regions. ""Different countries have different climatic conditions, scoping capabilities and therefore, while in some countries it's high, in others it's low. The Indian sub-continent has a tropical climate with high temperatures. Therefore, in countries like India, Bangladesh, and Sri Lanka heatwave is declared at higher temperatures compared to that of the United Kingdom.""The senior scientist denied any plans for the weather agency to alter the heatwave threshold for the country in the coming times, even as he acknowledged that climate change is leading to extreme weather events across the world. Temperatures recorded across India on March 28. (IMD)IMD'S LATEST PREDICTION: MORE HEAT INCOMINGThe IMD in its latest projections has predicted a gradual rise in maximum temperatures by about 2 degrees Celsius very likely over many parts of Central and East India during the next three days. A rise in maximum temperatures by 2-4 degrees Celsius is very likely over Maharashtra during the next five days. The weather agency has also predicted severe heatwave conditions in most parts very likely over West Rajasthan, in some parts over East Rajasthan & West Madhya Pradesh on March 29, 30.While parts of North India and Central India, northeast India is likely to experience light to moderate rainfall duringthe next five days with a possibility of isolated heavy falls over Assam-Meghalaya and Arunachal Pradesh on March 31 and April 1.Maximum temperatures have been rising in Delhi and parts of the national capital region in the last couple of days, hovering between 39-41 degrees Celsius. However, the IMD said that for it to declare a heatwave or severe heatwave the temperatures need to be consistently above normal by 4.5 degrees.",NA,https://www.indiatoday.in/science/story/heatwave-temperatures-india-imd-uk-threshold-climate-change-global-warming-1931001-2022-03-29
11,science,Leak in Earth's core brings us close to solving mystery of how our world formed,"(29, 3, 2022)","The Earth has evolved over billions of years, however, the mystery of its formation remains shrouded. A leak in the core of the planet has now given hints about the formation of our world that begins with the Big Bang and the secret lies inside a solar nebula.

Scientists have detected Helium-3, a rare isotope of helium gas, leaking from the Earth's core. This primordial gas was created shortly after the Big Bang and acquired from the solar nebula as the Earth formed. Scientists have now estimated how much of this gas is leaking, which was previously only seen in the middle layers, called the mantle.The detection of Helium-3 indicates that Earth has deep reservoirs of this element, but its locations and abundances remain uncertain. It is worth mentioning that helium-3 can be produced by some natural processes as well, such as the radioactive decay of tritium, however, this primordial element is made primarily in the nebula.The study published in the Journal AGU Geochemistry, Geophysics, Geosystems states that volatile exchange during Earth's formation and evolution implicates the metallic core as a leaky reservoir that supplies the rest of the Earth with helium-3. ""Mainly produced by the decay of uranium and thorium, terrestrial Helium-3 is large of primordial origin, synthesized in the aftermath of the Big Bang (Bania et al., 2002) and incorporated into the Earth primarily during its formation,"" the paper said.The new research provides evidence of the formation of Earth in a solar nebula. Layers of Earth. (Getty)According to Nasa, Nebula are made of dust and gases—mostly hydrogen and helium. The dust and gases in a nebula are very spread out, but gravity can slowly begin to pull together clumps of dust and gas. As these clumps get bigger and bigger, their gravity gets stronger and stronger.Eventually, the clump of dust and gas gets so big that it collapses from its own gravity. The collapse causes the material at the center of the cloud to heat up-and this hot core is the beginning of a star.The researchers modeled helium during early formation when the planet was accumulating helium and following the formation of the Moon, after which helium was lost. Scientists believe around 4 billion years ago, an object one-third the size of the Earth hit the planet that re-melted the Earth’s crust, allowing much of the helium to escape, which continues to this day.The team estimated that each year, about 2 kg of the rare gas helium-3 escapes from Earth's interior.""The core offers a possible reservoir for 3He because it is less vulnerable to large impacts compared to other parts of the Earth system, it does not participate directly in plate cycling, and it has remained mostly liquid over Earth's history,"" the paper said.The team is now trying to go deeper under the surface to explore the true nature of the leak and understand the formation of the planet.MORE ARTICLES FROM THE WORLD OF SCIENCE:Climate change: As UK raises temperatures that define heatwave, here's how India measures heatChina's wind project produces enough clean energy to power 5 lakh families of three for a yearIn detecting alien life on a faraway planet, methane may be the keyIsraeli startup develops helmet to test how space causes neurological changes in brain$26000000000: That's how much Nasa wants in 2023 as it plans to put humans on Moon, Mars",NA,https://www.indiatoday.in/science/story/leak-in-earth-s-core-provides-clues-to-mystery-around-how-our-world-formed-1930920-2022-03-29
12,science,China's wind project produces enough clean energy to power 5 lakh families of three for a year,"(29, 3, 2022)","As China pushes for renewable energy, its first gigawatt-scale offshore wind farm has produced over 1 billion kilowatt-hours of energy that can provide electricity to 5,00,000 families of three for a year. The energy produced by the wind farm is equivalent to 3,07,600 tonnes of standard coal that would have been burned.

According to CGTN, with a total installed capacity of 2 gigawatts, the project can provide 5.6 billion kilowatt-hours of clean electricity for the Guangdong-Hong Kong-Macao Greater Bay Area annually. The Wind Farm, located in the coastal area of Shapa Town, south China's Guangdong Province has successfully managed to reduce 840,000 tonnes of carbon dioxide emissions.""The Shapa project employs top-of-the-line technologies that are used in offshore wind power projects globally,"" Wang Wubin, chairman of China Three Gorges Renewables (Group), told China Media Group. The wind farm consists of 315 offshore turbines, four offshore booster stations, and almost 1,000 kilometers of submarine cables.The wind farm is the first of its kind project in China that has an active anti-typhoon system, which can be remotely controlled with the help of satellites. The project has made inroads by supplying clean energy using submarine cables that can withstand harsh oceanic environments and resist corrosion, among other factors.""We have laid more than 770 kilometers of cables in total for the Shapa offshore wind project. We have also overcome a number of worldwide technical problems, such as manufacturing and quality control of super-large scale marine cables. Our team has mastered core techniques such as the large-size cable forming technology,"" Xia Feng, president of Orient Cable, told CMG. The wind farm is the first of its kind project in China that has an active anti-typhoon system. (Photo: AFP)CHINA NOT ALONEChina is not alone in boosting offshore wind farms in a bid to produce clean energy amid rising concerns over global warming. India has agreed to develop three Sri Lankan wind farms on islets between the countries. A joint statement issued Tuesday after a visit to Colombo by India's foreign minister S Jaishankar said a memorandum of understanding had been signed to build the installations.The Biden administration in the US has also announced it will hold a wind energy auction for two areas off the coast of North and South Carolina in May as part of its plan to ramp up clean energy production. The sale notice includes several stipulations meant to boost the domestic offshore wind supply chain, including offering a 20% credit to bidders if they invest in workforce training programs or supply chain development.Offshore wind power in the United States has lagged European nations in deploying the technology. Currently, the United States has just two small offshore wind facilities, off the coasts of Rhode Island and Virginia, along with two additional commercial-scale projects recently approved for development.The Netherlands has also hinted that it will ramp up the building of offshore wind farms in the coming years, doubling the planned capacity by 2030. Current plans aim at a total capacity of about 10 GW in offshore wind energy in 2030, with about 3 GW already operational or under construction following a series of tenders in recent years.",NA,https://www.indiatoday.in/science/story/china-clean-energy-production-offshore-wind-farms-emissions-xi-jinping-global-warming-1930900-2022-03-29
