SN,category,headline,date,content,keywords,link
1,science,How did vampire bats got a taste for blood? Answer hidden in their genes,"(28, 3, 2022)","Scientists have figured out why vampire bats are the only mammals that can survive on a diet of just blood.

They compared the genome of common vampire bats to 26 other bat species and identified 13 genes that are missing or no longer work in vampire bats. Over the years, those gene tweaks helped them adapt to a blood diet rich in iron and protein but with minimal fats or carbohydrates, the researchers reported Friday in the journal Science Advances.The bats live in South and Central America and are basically “living Draculas,” said co-author Michael Hiller of Germany’s Max Planck Institute. About 3 inches (8 centimeters) long with a wingspan of 7 inches (18 centimeters), the bats bite and than lap up blood from livestock or other animals at night.Most mammals couldn’t survive on a low-calorie liquid diet of blood. Only three vampire species of the 1,400 kinds of bats can do that — the others eat mostly insects, fruit, nectar, pollen or meat, such as small frogs and fish. The latest work expands upon research by another team that pinpointed three of the 13 gene losses. (Photo: AP)“Blood is a terrible food source,” said Hannah Kim Frank, a bat researcher at Tulane University, who was not involved in the study. “It’s totally bizarre and amazing that vampire bats can survive on blood — they are really weird, even among bats.”Some other creatures also have a taste for blood, including mosquitoes, bedbugs, leeches and fleas.The latest work expands upon research by another team that pinpointed three of the 13 gene losses.“The new paper shows how different vampire bats are from even other closely related bats, which eat nectar and fruit,” said Kate Langwig, a bat researcher at Virginia Tech, who had no role in the study.With such a low-calorie diet, vampire bats can’t go long without a meal. In a pinch, well-fed ones will regurgitate their food to share with a starving neighbor. They seem to keep track of who has helped them in the past, said Hiller, noting that vampire bats have complex social relationships.“It’s not a kin thing,” said Tulane’s Frank. “They just notice and remember: You’re a good sharer, I will reward you.”",NA,https://www.indiatoday.in/science/story/how-did-vampire-bats-got-a-taste-for-blood-answer-hidden-in-their-genes-1930329-2022-03-28
2,science,Patients with both Covid-19 and flu at double the risk of dying: Study,"(28, 3, 2022)","As the world grapples with the aftermath of coronavirus and cases of Omicron fall in most countries, a new study hints at concerning post-Covid complications. Researchers have said that people who were hospitalised with coronavirus should be routinely checked for flu as a study shows having the two more than doubles the risk of death.

In a study published in the medical journal Lancet, researchers have tried to understand the clinical outcome of respiratory viral co-infections with SARS-CoV-2. ""SARS-CoV-2 co-infections with influenza viruses and adenoviruses were each significantly associated with increased odds of death,"" the paper said.Scientists also discovered that people who had contacted both coronavirus and the influenza viruses were 2.4 times at the risk of dying than if they just had Covid-19. The study hints that these patients are over four times more likely to require ventilation support post-hospitalisation to keep them breathing.“We found that the combination of Covid-19 and flu viruses is particularly dangerous. We expect that Covid-19 will circulate with flu, increasing the chance of co-infections. That is why we should change our testing strategy for Covid-19 patients in hospital and test for flu much more widely,” Professor Kenneth Baillie of Edinburgh University told The Guardian.The study was conducted among 2,12,466 adults with SARS-CoV-2 infection who were admitted to a hospital in the UK between February 6, 2020, and December 8, 2021. While viral co-infection was detected in 583 patients, 227 patients had influenza viruses, 220 patients had a respiratory syncytial virus, and 136 patients had adenoviruses. SARS-CoV-2 co-infections with influenza viruses and adenoviruses were each significantly associated with increased odds of death.Researchers said that it is the largest study of people with Covid-19 undergoing additional testing for endemic respiratory viruses, reporting 583 confirmed co-infections and 6382 confirmed SARS-CoV-2 mono infections. The study was conducted over a prolonged period of 18 months.The team of researchers from Edinburgh University, Liverpool University, Imperial College London, and Leiden University in the Netherlands urged people to get vaccinated and booster shots in a bid to protect themselves from coronavirus. “The vaccines that protect against Covid-19 and flu are different, and people need both. ""The way that these two infections are treated is also different, so it’s important to test for other viruses even when you have a diagnosis in someone who is hospitalised with a respiratory infection,” Professor Peter Openshaw of Imperial College London told Tha Guardian.Meanwhile, scientists now believe that Covid-19 patients suffer more than respiratory issues. Several studies have revealed that the virus can also damage the heart. A September 2020 study found that the risk of a first heart attack increased by three to eight times in the first week after a Covid-19 infection was diagnosed.The new study comes in the backdrop of a new surge being observed in some countries including China and South Korea.",NA,https://www.indiatoday.in/science/story/patients-with-both-covid-19-and-flu-at-double-the-risk-of-dying-study-1930324-2022-03-28
3,science,Astronomers discover mysterious new wave on Sun that travels faster than expectation,"(28, 3, 2022)","The Sun has always been a source of curiosity for its intense energy production that powers life on Earth and at times causes chaos from its smallest of outbursts. Now scientists have detected a new wave that has a much faster speed than what astronomers had expected theoretically.

The high-frequency-retrograde vorticity waves in the Sun move in the opposite direction of the Sun’s rotation - appear as a pattern of vortices (swirling motions) on the surface of the Sun. Scientists observed it to be moving at three times the speed established by the current theory.In a study published in the journal Nature Astronomy, solar physicists detailed how they analyzed 25 years of space and ground-based data to detect these waves. ""We investigate three possibilities: that these vorticity waves are excited by the Coriolis force and modified by internal magnetic fields, gravity or compressibility,"" the paper said.“The very existence of HFR modes and their origin is a true mystery and may allude to exciting physics at play. It has the potential to shed insight on the otherwise unobservable interior of the Sun,” Shravan Hanasoge, a co-author of the paper said in a statement. An artistic impression of the high-frequency retrograde (HFR) vorticity waves. These waves appear as swirling motions near the equator of the Sun. The rotation in the north is always anti-symmetric to the rotation in the southern hemisphere. (Photo: NYU Abu Dhabi)Scientists have long been puzzled by the surface of the Sun and its atmosphere and the difference in temperatures between these two regions. The interior of the Sun and stars cannot be imaged by conventional astronomy, which forces astronomers to rely on interpreting the surface signatures of a variety of waves to image the interior.Complex interactions between other well-known waves and magnetism, gravity, or convection could drive the HFR waves at this speed. Researchers said that If the HFR waves could be attributed to any of these three processes, then the finding would have answered some open questions we still have about the Sun. ""However, these new waves don’t appear to be a result of these processes, and that’s exciting because it leads to a whole new set of questions,” Hanson said.""These new HFR waves may yet be an important puzzle piece in our understanding of stars,"" researchers said in a statement. The study was conducted at the Center for Space Science in collaboration with the Tata Institute of Fundamental Research (TIFR) and New York University.By studying the Sun’s interior dynamics - through the use of waves - scientists hope to better understand the Sun's potential impact on the Earth and other planets in our solar system.",NA,https://www.indiatoday.in/science/story/astronomers-discover-mysterious-new-wave-on-sun-that-travels-faster-than-expectation-1930301-2022-03-28
4,science,"Without Russia, science going solo on world's woes, dreams","(28, 3, 2022)","Without Russian help, climate scientists worry how they'll keep up their important work of documenting warming in the Arctic.

Europe's space agency is wrestling with how its planned Mars rover might survive freezing nights on the Red Planet without its Russian heating unit.And what of the world's quest for carbon-free energy if 35 nations cooperating on an experimental fusion-power reactor in France can't ship vital components from Russia?FOLLOW LIVE UPDATES ON RUSSIA-UKRAINE WAR HEREIn scientific fields with profound implications for mankind's future and knowledge, Russian President Vladimir Putin's war in Ukraine is causing a swift and broad decaying of relationships and projects that bound together Moscow and the West. Post-Cold War bridge-building through science is unraveling as Western nations seek to punish and isolate the Kremlin by drying up support for scientific programs involving Russia. This photo provided by the CNES shows a Russian Soyuz rocket lifting off from the Kourou space base, French Guiana, early Wednesday Dec.18, 2019. (Image: AP)The costs of this decoupling, scientists say, could be high on both sides. Tackling climate change and other problems will be tougher without collaboration and time will be lost. Russian and Western scientists have become dependent on each other's expertise as they have worked together on conundrums from unlocking the power of atoms to firing probes into space. Picking apart the dense web of relationships will be complicated.ALSO READ |  Over 3.8 million people fled Ukraine amid Russia's invasion: UNThe European Space Agency's planned Mars rover with Russia is an example. Arrays of Russian sensors to sniff, scour and study the planet's environment may have to be unbolted and replaced and a non-Russian launcher rocket found if the suspension of their collaboration becomes a lasting rupture. In that case, the launch, already scrubbed for this year, couldn't happen before 2026.""We need to untangle all this cooperation which we had, and this is a very complex process, a painful one I can also tell you,"" the ESA director, Josef Aschbacher, said in an Associated Press interview. ""Dependency on each other, of course, creates also stability and, to a certain extent, trust. And this is something that we will lose, and we have lost now, through the invasion of Russia in Ukraine.""ALSO READ | Turkey says world cannot 'burn bridges' with MoscowInternational indignation and sanctions on Russia are making formal collaborations difficult or impossible. Scientists who became friends are staying in touch informally but plugs are being pulled on their projects big and small. The European Union is freezing Russian entities out of its main 95 billion euro ($105 billion) fund for research, suspending payments and saying they'll get no new contracts. In Germany, Britain and elsewhere, funding and support is also being withdrawn for projects involving Russia.In the United States, the Massachusetts Institute of Technology severed ties with a research university it helped establish in Moscow. The oldest and largest university in Estonia won't accept new students from Russia and ally Belarus. The president of the Estonian Academy of Sciences, Tarmo Soomere, says the breaking of scientific connections is necessary but also will hurt. The ITER Tokamak machine is pictured in Saint-Paul-Lez-Durance, France, Sept. 9, 2021. (Image: AP)""We are in danger of losing much of the momentum that drives our world towards better solutions, (a) better future,"" he told the AP. ""Globally, we are in danger of losing the core point of science - which is obtaining new and essential information and communicating it to others.""Russian scientists are bracing for painful isolation. An online petition by Russian scientists and scientific workers opposed to the war says it now has more than 8,000 signatories. They warn that by invading Ukraine, Russia has turned itself into a pariah state, which ""means that we can't normally do our work as scientists, because conducting research is impossible without full-fledged cooperation with foreign colleagues.""The growing estrangement is being pushed by Russian authorities, too. An order from the Science Ministry suggested that scientists no longer need bother getting research published in scientific journals, saying they'll no longer be used as benchmarks for the quality for their work.ALSO READ | Together through Covid and war, Indian-Ukrainian couple reunite with proposal at Delhi airportLev Zelenyi, a leading physicist at the Space Research Institute in Moscow who was involved in the now-suspended collaboration on the ExoMars rover, described the situation as ""tragic"" and said by email to the AP that he and other Russian scientists must now ""learn how to live and work in this new non-enabling environment.""On some major collaborations, the future isn't clear. Work continues on the 35-nation ITER fusion-energy project in southern France, with Russia still among seven founders sharing costs and results from the experiment.ITER spokesman Laban Coblentz said the project remains ""a deliberate attempt by countries with different ideologies to physically build something together."" Among the essential components being supplied by Russia is a massive superconducting magnet awaiting testing in St. Petersburg before shipment - due in several years.Researchers hunting for elusive dark matter hope they'll not lose the more than 1,000 Russian scientists contributing to experiments at the European nuclear research organization CERN. Joachim Mnich, the director for research and computing, said punishment should be reserved for the Russian government, not Russian colleagues. CERN has already suspended Russia's observer status at the organization, but ""we are not sending anyone home,"" Mnich told the AP.In other fields as well, scientists say Russian expertise will be missed. Adrian Muxworthy, a professor at London's Imperial College, says that in his research of the Earth's magnetic field, Russian-made instruments ""can do types of measurements that other commercial instruments made in the West can't do."" Muxworthy is no longer expecting delivery from Russia of 250 million-year-old Siberian rocks that he had planned to study.ALSO READ | After China, Russian Foreign Minister Sergey Lavrov to visit India soonIn Germany, atmospheric scientist Markus Rex said the year-long international mission he led into the Arctic in 2019-2020 would have been impossible without powerful Russian ships that bust through the ice to keep their research vessel supplied with food, fuel and other essentials. The Ukraine invasion is stopping this ""very close collaboration,"" as well as future joint efforts to study the impact of climate change, he told the AP.""It will hurt science. We are going to lose things,"" Rex said. ""Just lay out a map and look at the Arctic. It is extremely difficult to do meaningful research in the Arctic if you ignore that big thing there that is Russia.""""It really is a nightmare because the Arctic is changing rapidly,"" he added. ""It won't wait for us to solve all of our political conflicts or ambitions to just conquer other countries.""Live TVALSO WATCH | Pro-Russia ‘Z’ signs dot Ukraine’s Donetsk region | Exclusive Ground Report",NA,https://www.indiatoday.in/world/russia-ukraine-war/story/without-russia-science-going-solo-world-woes-dreams-1930228-2022-03-28
5,science,Why did Isro's GSLV F-10 mission fail in 2021? We now have answers,"(25, 3, 2022)","In August last year, India was poised to get the third Earth Observation Satellite, when after 26 hours of the countdown, the GSLV-F10 mission lifted off - but never reached its destination in space. Isro lost the mission just 297.3 seconds after lift-off to a ""technical anomaly"", which it now says was due to a deviation in performance of the Cryogenic Upper Stage (CUS) of the launch vehicle.

The Failure Analysis Committee set up by the Indian space agency in its report has said that subsequent to lift-off the build-up of pressure in the propellant (Liquid Hydrogen or LH2) tank during the flight was not normal leading to a lower tank pressure at the time of ignition of the engine.This led to an insufficient flow of Liquid Hydrogen into the engine thrust chamber and the reduction in LH2 tank pressure was due to a leak in the respective Vent and Relief Valve (VRV), which is used for relieving the excess tank pressure during flight. Isro said that computer simulations as well as multiple confirmatory ground tests, closely simulating the conditions in the GSLV-F10 flight, validated the analysis by the FAC.""The FAC concluded that the lower LH2 tank pressure at the time of CUS engine ignition, caused by the leakage of Vent & Relief Valve (VRV) resulted in the malfunctioning of the Fuel Booster Turbo Pump (FBTP) leading to mission abort command & subsequent failure of the mission,"" Isro said in a statement.The leakage in the Vent and Relief Valve is being attributed to the damage in the soft seal that could have occurred during the valve operations or due to contamination and valve mounting stresses induced under cryogenic temperature conditions. The 51.70-metre tall rocket GSLV-F10/EOS-03. (Photo: Isro)""The committee has submitted comprehensive recommendations to enhance the robustness of the Cryogenic Upper Stage for future GSLV missions, which includes an active LH2 tank pressurization system to be incorporated to ensure sufficient pressure in the LH2 tank at the appropriate time before engine start command, strengthening of Vent & Relief Valve and associated fluid circuits to avoid the possibility of leakage along with the automatic monitoring of additional cryogenic stage parameters for giving lift-off clearance,"" Isro said.The 51.70-meter-tall rocket GSLV-F10/EOS-03 had successfully lifted off from the second launch pad at the Sriharikota spaceport as planned at 05.43 am on August 12. While the first and second stages of the mission kicked in successfully with a nominal burn, it was the third stage that did not go as planned.Geosynchronous Satellite Launch Vehicle Mark-II (GSLV Mk II) is one of the largest launch vehicles developed by India. A fourth-generation launch vehicle, it is a three-stage rocket with four liquid strap-ons. The third stage, that led to Isro's recent failure, consists of the homegrown Cryogenic Upper Stage.The GSLV has the capability of placing up to 5 tonnes of payload into Low Earth Orbit (LEO), and 2.5 tonnes in the Geosynchronous Transfer Orbits. The August launch was intended to place the EOS-03 into the Geosynchronous Transfer Orbit.",NA,https://www.indiatoday.in/science/story/why-did-isro-s-gslv-f-10-mission-fail-in-2021-we-now-have-answers-1929498-2022-03-25
6,science,Birds are laying eggs earlier as climate change shifts springs,"(25, 3, 2022)","The early bird is getting even earlier.

With climate change spurring earlier springs across much of North America, many birds are laying their eggs earlier in the year, according to a new study adding to mounting evidence that global warming is turning wildlife habits upside down.Of 72 bird species examined around Chicago, roughly a third lay their eggs about 25 days earlier than they did a century ago, researchers report in the paper published on Friday in the Journal of Animal Ecology.Those affected include the mourning dove, American kestrel and Cooper's hawk.The scientists so far haven't found any clear traits shared by these species, such as size or migratory status, that might explain why they’re changing their schedules.But ""the majority of the birds we looked at eat insects, and insects' seasonal behavior is also affected by climate,"" said lead author John Bates, curator of the bird division at the Field Museum in Chicago.How animal and plant life cycles are affected by climate change and seasonal disruptions is a question that's ""becoming more front and center in people's minds,"" Bates said.Just a few temperature degrees off from the long-term average can have a big impact on when insects emerge, when trees sprout leaves, when flowers bloom and, according to the new research, when eggs hatch. The findings echo similar results from studies carried out in recent decades in the United Kingdom. (Getty)Scientists believe those changes could be among the many reasons for the steep decline in bird populations since the 1970s, with the United States and Canada losing roughly a third of their birds - or about 3 billion birds - according to a 2019 study in the journal Science.Bates and his colleagues studied more than 1,500 egg shell records held at Chicago's Field Museum, many dating back to the period between 1872 to 1920 when gathering eggs was a popular pastime. These Victorian era ova enthusiasts left detailed, handwritten labels listing information such as the bird’s species and collection date.The scientists then compared those records with more than 3,000 modern records, along with data describing carbon dioxide levels on the nesting dates across time, for their analysis.The findings echo similar results from studies carried out in recent decades in the United Kingdom, which also found that egg-laying was happening earlier along with reported changes in the growing season.",NA,https://www.indiatoday.in/science/story/birds-are-laying-eggs-earlier-as-climate-change-shifts-springs-1929425-2022-03-25
7,science,"Cooperation with Europe now impossible, says Russian space agency chief post-sanctions","(25, 3, 2022)","The Russian space agency, Roscosmos, chief Dmitry Rogozin has said that any cooperation with Europe is now impossible after sanctions over the Ukraine war. The Russian chief has been gunning for Russian private players to launch satellites and boost the space programme.

Rogozin said that Europe had wrecked cooperation by imposing sanctions against his agency, and rockets that were meant to launch European satellites would now be used for Russian companies or countries friendly to Moscow. The developments will affect at least 10 rockets, which are now up for grabs for local space companies.""At this moment, after the European Space Agency and the whole European Union have taken a frenzied position on the conduct of (Russia's) special military operation in Ukraine and introduced sanctions against Roscosmos, we consider further cooperation impossible,"" Rogozin said.The statement comes against the backdrop of Europe imposing sanctions and breaking cooperation in space exploration with Russia as Moscow continues its war in Ukraine for nearly a month. Europe had on March 17 suspended the joint ExoMars mission with Roscosmos as look to search for better available options to implement the rover mission. UK's OneWeb satellites being removed from the launch pad. (Photo: Roscosmos)""The ruling council acknowledged the present impossibility of carrying out ongoing cooperation with Roscosmos on the ExoMars rover mission with a launch in 2022. ESA Director General has initiated an assessment on potential alternative launch services for these missions, which will include a review of the Ariane 6 first exploitation flights,"" the European Space Agency said in a statement.The Russian space agency had earlier pulled out its staff from the European spaceport in Kourou, French Guiana.Meanwhile, on Monday, British satellite venture OneWeb said it had contracted with Elon Musk's SpaceX to send its satellites into orbit after calling off a March 4 launch of 36 satellites from Russia's Baikonur Cosmodrome in Kazakhstan because of last-minute demands imposed on it by Moscow.Rogozin said a resumption of space cooperation with Europe in some form would only be possible if the European side reflected on ""what they've destroyed with their own hands"" and held a frank conversation with Moscow. Rogozin has previously said that sanctions imposed against Russia could ""destroy"" the US-Russian partnership on the International Space Station, from which two Russians and an American are due to return to Earth on March 30.",NA,https://www.indiatoday.in/science/story/cooperation-with-europe-now-impossible-says-russian-space-agency-chief-post-sanctions-1929416-2022-03-25
8,science,‘Gargantuan task’: Why India’s renewable push will be hard,"(25, 3, 2022)","Plans to build a sprawling solar park on land cultivated for generations by indigenous farmers in India’s Himalayan foothills erupted in violent clashes with police last year after their crops were bulldozed for the development.

Most men from the farming village of a few hundred in Assam state were out looking for work on Dec. 29. One of the few people who remained was Champa Timungpi, who says she was beaten by police and kicked in the stomach when she tried to protest.Pregnant at the time, the 25-year-old was rushed to a hospital for her injuries. “I came back home at night, and I miscarried,” said Tumungpi, who lodged a complaint with police.The lush green village in Nagaon district — still largely unconnected to the grid and home to families who earn less than $2 a day — is now framed by blue solar panels, barbed wire and armed guards.The solar developer Azure Power, listed on the New York Stock Exchange, said in an email that the company legally bought 91 acres (38 hectares) in the village from “recorded landowners” and it’s “incorrect and erroneous” to say the land was forcibly taken.The company’s position is strongly disputed by Timungpi and others in the Mikir Bamuni village who say their rights as tenants and established farmers were ignored. Local officials and police didn’t respond to requests for comment.However it plays out in a district court, the dispute not only speaks to India’s often-tangled land ownership rules rooted in its colonial era. It also illustrates the complexity and immensity of the challenges facing the country of nearly 1.4 billion people in meeting its renewable power goals for the next decade. A solar power plant in Mikir Bamuni village, Nagaon district, northeastern Assam state, India. (Photo: AP)Over the next 20 years, India’s demand for electricity will grow more than anywhere else in the world. Unlike most countries, India still has to develop and lift millions like Timungpi from poverty, and it will need to build a power system the size of the European Union’s.How India meets its energy and economic needs will have an outsized impact on the world’s climate goals. The country is a major contributor of greenhouse gases from the burning of coal and other fossil fuels.Prime Minister Narendra Modi said at last year’s United Nation climate talks that India would increase its capacity of non-fossil fuels electricity to 500 gigawatts by 2030 — from the 104 gigawatts at the start of this year.To meet its goals, India must add four times the amount of power the average nuclear plant produces — every month until 2030.These short-term energy targets won’t do much to limit global warming to 1.5 Celsius (34.7 Fahrenheit) — the level beyond which scientists warn of catastrophic climate impacts, scientists at last year’s United Nations climate conference had warned.But for India, it’ll still be a “gargantuan task,” requiring investments between $20 billion and $26.8 billion, while only $10 billion is available, a parliamentary committee said last month.Some obstacles to renewables — such as the need to build electricity storage for when the sun isn’t shining or wind isn’t blowing — are global challenges. Others are more specific to India — such as the question of who owns land in poor communities that bear least responsibility for the climate crisis and the need to realign power systems that have relied on coal for centuries.While there’s no clear roadmap yet for India’s renewable energy push, experts cite a federal report last year that said an optimal mix would be getting more than half the country’s power from the sun and wind by 2030.But big solar and wind facilities are sparking conflicts with local communities. This is partly because land ownership is fuzzy at many project sites. For example, some communities have used land for centuries to farm or graze cattle without legal rights over it. A Karbi tribal woman whose agriculture land had been transfered to build a solar power plant stands at her home holding her child near the plant in Mikir Bamuni village, Nagaon district. (Photo: AP)As governments and companies focused on transitioning away from fossil fuels, such conflicts were “collaterals” that had to be managed, Kanchi Kohli, an environmental researcher at the Indian think tank Centre for Policy Research.Mandatory environmental impact assessments were waived for solar and wind projects to make them more viable. But environmental issues still have arisen.For instance, India’s Supreme Court in April 2021 ordered that transmission lines for solar energy be put underground after environmentalists reported the lines were killing critically endangered great Indian bustards. Nine months later, the federal government said burying the lines to safeguard the birds would be too costly and would impede green energy development. The court is hearing the matter again.India could reduce its dependence on large solar parks by building solar panels on roofs in cities.The country’s initial rooftop goals were small, but in 2015 it set a target of 40 gigawatts of rooftop solar, enough to power 28 million homes. Customers were allowed to send electricity back to the grid — and the sector grew.In December 2020, the federal government changed rules restricting large industries and businesses from sending electricity back to the grid. These commercial groups are among the highest paying customers for India’s perennially cash-strapped power distribution companies, which lost over $5 billion in 2020.With industries sending electricity back to the grid in the evening when demand and power tariffs are highest, distribution companies were losing their best customers said Vibhuti Garg, an energy economist at the Institute for Energy Economics and Financial Analysis.“They were losing money,” Garg said. How India meets its energy and economic needs will have an outsized impact on the world’s climate goals. (File Pic)The installation cost makes rooftop solar too expensive for most homeowners. That was the case for Siddhant Keshav, 30, a New Delhi entrepreneur, who wanted to put solar panels on his home. “It just didn’t make sense,” he said.Homes comprised less than 17% of India’s rooftop solar in June 2021, according to a report by Bridge to India, a renewable energy consulting firm. And India has only managed to achieve 4% of its 2022 rooftop solar target.Wind could become another important element in India’s clean energy portfolio. But the most “attractive, juicy, windy sites” have small turbines using old technology, said Gagan Sidhu, the director of energy finance at think tank Council on Energy, Environment and Water.By retiring old wind turbines built before 2002, India could unlock a capacity of 1.5 gigawatts, according to a 2017 study by Indo-Germany Energy Forum, the consulting firm Idam Infra and India’s renewable energy ministry. But experts said it’s unclear who would do the retrofitting and pay the bill.With a coastline of over 4,670 miles (about 7,500 kilometers), India could potentially build enough offshore wind farms to provide roughly a third of the country’s 2021 electricity capacity by 2050, according to an assessment led by the Global Wind Energy Council.But these are very expensive to build — and the first such project, a wind farm proposed for the Arabian Sea in 2018, has yet to get underway.",NA,https://www.indiatoday.in/science/story/-gargantuan-task-why-india-s-renewable-push-will-be-hard-1929392-2022-03-25
9,science,Most detailed image of the Sun in 50 years: European probe clicks closest-ever image of our star,"(25, 3, 2022)","The European Solar Orbiter, which is headed for its closest approach to the Sun this month, has beamed back one of the most detailed images ever taken of the brightest star in our solar system. The latest image, a composite of 25 different images captured on March 7, shows the sun in unprecedented detail.

The image was captured by the Extreme Ultraviolet Imager (EUI) onboard the European spacecraft showing the Sun’s full disc and outer atmosphere, the corona, in high resolution. Another image taken by the Spectral Imaging of the Coronal Environment (SPICE) instrument is the first of its kind image in 50 years.The images were taken when the Solar Orbiter was at a distance of roughly 75 million kilometers, halfway between our world and its parent star. The European Space Agency in a statement said that taken one after the other, the full image was captured over a period of more than four hours because each tile takes about 10 minutes, including the time for the spacecraft to point from one segment to the next.The high-resolution telescope of EUI takes pictures of such high spatial resolution that, at that close distance, a mosaic of 25 individual images is needed to cover the entire Sun. The agency said that in total the final image contains more than 83 million pixels in a 9148 x 9112 pixel grid, making it ten times better than what a 4K TV screen can display.The image which shows the Sun’s upper atmosphere, the corona, has a temperature of around a million degrees Celsius. Apart from snapping the Sun, the instruments on board were also gathering data, tracing the layers in the Sun’s atmosphere from the corona, down to a layer known as the chromosphere, getting closer to the surface.""And this is just the start, over the coming years the spacecraft will repeatedly fly this close to the Sun. It will also gradually raise its orientation to view the Sun’s previously unobserved polar regions,"" ESA said.The European Solar Orbiter is currently inside the orbit of Mercury as it preps for its closest approach to the Sun on March 26. The probe will study the constant stream of particles known as the solar wind that affects the environment in the vacuum of space. When the Solar Orbiter arrives at its new destination on March 26, it will be less than one-third of the distance from the Sun to the Earth.",NA,https://www.indiatoday.in/science/story/european-solar-orbiter-most-detailed-image-of-sun-esa-solar-corona-atmosphere-1929380-2022-03-25
10,science,Experts worry about how US will see next Covid-19 surge coming,"(25, 3, 2022)","As coronavirus infections rise in some parts of the world, experts are watching for a potential new COVID-19 surge in the U.S. — and wondering how long it will take to detect.

Despite disease monitoring improvements over the last two years, they say, some recent developments don’t bode well:—As more people take rapid COVID-19 tests at home, fewer people are getting the gold-standard tests that the government relies on for case counts.—The Centers for Disease Control and Prevention will soon use fewer labs to look for new variants.—Health officials are increasingly focusing on hospital admissions, which rise only after a surge has arrived.—A wastewater surveillance program remains a patchwork that cannot yet be counted on for the data needed to understand coming surges.—White House officials say the government is running out of funds for vaccines, treatments and testing.“We’re not in a great situation,” said Jennifer Nuzzo, a Brown University pandemic researcher.Scientists acknowledge that the wide availability of vaccines and treatments puts the nation in a better place than when the pandemic began, and that monitoring has come a long way.For example, scientists this week touted a 6-month-old program that tests international travelers flying into four U.S. airports. Genetic testing of a sample on Dec. 14 turned up a coronavirus variant — the descendant of omicron known as BA.2 — seven days earlier than any other reported detection in the U.S.But it’s different elsewhere. The World Health Organization this week reported that the number of new coronavirus cases increased two weeks in a row globally, likely because COVID-19 prevention measures have been halted in numerous countries and because BA.2 spreads more easily.Some public health experts aren’t certain what that means for the U.S.BA.2 accounts for a growing share of U.S. cases, the CDC said — more than one-third nationally and more than half in the Northeast. Small increases in overall case rates have been noted in New York, and in hospital admissions in New England.Some of the northern U.S. states with the highest rates of BA.2, however, have some of the lowest case rates, noted Katriona Shea of Penn State University.Dr. James Musser, an infectious disease specialist at Houston Methodist, called the national case data on BA.2 “murky.” He added: “What we really need is as much real-time data as possible ... to inform decisions.”Here’s what COVID-19 trackers are looking at and what worries scientists about them.TEST RESULTSTallies of test results have been at the core of understanding coronavirus spread from the start, but they have always been flawed.Initially, only sick people got tested, meaning case counts missed people who had no symptoms or were unable to get swabbed.Home test kits became widely available last year, and demand took off when the omicron wave hit. But many people who take home tests don’t report results to anyone. Nor do health agencies attempt to gather them.Mara Aspinall is managing director of an Arizona-based consulting company that tracks COVID-19 testing trends. She estimates that in January and February, about 8 million to 9 million rapid home tests were being done each day on average — four to six times the number of PCR tests.Nuzzo said: “The case numbers are not as much a reflection of reality as they once were.”HUNTING FOR VARIANTSIn early 2021, the U.S. was far behind other countries in using genetic tests to look for worrisome virus mutations.A year ago, the agency signed deals with 10 large labs to do that genomic sequencing. The CDC will be reducing that program to three labs over the next two months.The weekly volume of sequences performed through the contracts was much higher during the omicron wave in December and January, when more people were getting tested, and already has fallen to about 35,000. By late spring, it will be down to 10,000, although CDC officials say the contracts allow the volume to increase to more than 20,000 if necessary.The agency also says turnaround time and quality standards have been improved in the new contracts, and that it does not expect the change will hurt its ability to find new variants.Outside experts expressed concern.“It’s really quite a substantial reduction in our baseline surveillance and intelligence system for tracking what’s out there,” said Bronwyn MacInnis, director of pathogen genomic surveillance at the Broad Institute of MIT and Harvard.SEWAGE SURVEILLANCEAn evolving monitoring system is looking for signs of coronavirus in sewage, which could potentially capture brewing infections.Researchers have linked wastewater samples to the number of positive COVID-19 tests a week later, suggesting health officials could get an early glimpse at infection trends.Some health departments also have used sewage to look for variants. New York City, for example, detected signals of the omicron variant in a sample taken on Nov. 21 — about 10 days before the first case was reported in the U.S.But experts note the system doesn’t cover the entire country. It also doesn’t distinguish who is infected.“It’s a really important and promising strategy, no doubt. But the ultimate value is still probably yet to be understood,” said Dr. Jeff Duchin, the health officer for Seattle/King County, Washington.HOSPITAL DATALast month, the CDC outlined a new set of measures for deciding whether to lift mask-wearing rules, focusing less on positive test results and more on hospitals.Hospital admissions are a lagging indicator, given that a week or more can pass between infection and hospitalization. But a number of researchers believe the change is appropriate. They say hospital data is more reliable and more easily interpreted than case counts.The lag also is not as long as one might think. Some studies have suggested many people wait to get tested. And when they finally do, the results aren’t always immediate.Spencer Fox, a University of Texas data scientist who is part of a group that uses hospital and cellphone data to forecast COVID-19 for Austin, said “hospital admissions were the better signal” for a surge than test results.There are concerns, however, about future hospital data.If the federal government lifts its public health emergency declaration, officials will lose the ability to compel hospitals to report COVID-19 data, a group of former CDC directors recently wrote. They urged Congress to pass a law that will provide enduring authorities “so we will not risk flying blind as health threats emerge.”",NA,https://www.indiatoday.in/science/story/experts-worry-about-how-us-will-see-next-covid-19-surge-coming-1929347-2022-03-25
11,science,"A sphere that will map the sky every six months hunting for new planets, signs of life","(25, 3, 2022)","After successfully discovering over 5000 planets outside our solar system, astronomers are ready to go beyond looking for answers to the origins of our universe and if life exists in deep space with a new mission. The Spectro-Photometer for the History of the Universe, Epoch of Reionization and Ices Explorer (SPHEREx) mission will scan the entire sky every six months and create a map of the cosmos unlike any before.

The mission, which is similar in approach to the recently launched James Webb Telescope, will be blasted off into space in April 2025 to probe the cosmic history of our origin. The spacecraft will look into what happened within the first second after the big bang, how galaxies form and evolve, and the prevalence of molecules critical to the formation of life, like water, locked away like ice in our galaxy.“We’re at the transition from doing things with computer models to doing things with real hardware. The design for the spacecraft, as it stands, is confirmed. We have shown that it’s doable down to the smallest details. So now we can really start building and putting things together,” Allen Farrington, SPHEREx project manager said. Major components of NASA’s SPHEREx spacecraft, which will seek to answer big questions about the universe, are shown in these illustrations. (Photo: Nasa)WHAT IS SPHEREX MISSION?Countries the world over are vying to become space-faring nations and both ground-based and space-based telescopes are critical in charting the next course of action. While telescopes like Hubble are built to focus on individual stars, galaxies, or other cosmic objects, and to study them in detail, SPHEREx belongs to another class of space telescopes that quickly observe large portions of the sky, surveying many objects in a short period of time.Nasa said that the telescope will scan over 99 per cent of the sky every six months as opposed to Hubble which has barely scanned 0.1 per cent of the sky in more than 30 years of operations. ""Although survey telescopes like SPHEREx can’t see objects with the same level of detail as targeted observatories, they can answer questions about the typical properties of those objects throughout the universe,"" the space agency said.Using SPHEREx, scientists will measure the prevalence of life-sustaining materials like water that reside in icy dust grains in the galactic clouds from which new stars and their planetary systems are born. Astronomers believe the water in Earth’s oceans, thought to be essential to life starting on Earth, originally came from such interstellar material.SIMILIAR TO JAMES WEBB YET VERY DIFFERENTThe SPHEREx mission will work on a similar principle as the James Webb Telescope and collect infrared light  wavelengths outside the range that human eyes can detect. The two telescopes will also both use a technique called spectroscopy to break infrared light into its individual wavelengths, or colors, just like a prism breaks sunlight into its component colors. Spectroscopy is what enables both SPHEREx and Webb to reveal what an object is made of.Despite similar work principles, the two observatories will be vastly different in terms of physical parameters. While Webb is the largest telescope to ever fly in space, with a 21.3-foot (6.5-meter) primary mirror to capture the highest-resolution images of any space telescope in history, SPHEREx has an 8-inch primary mirror and a sun shield that is just 10.5 feet (3.2 meters) across.The new mission will be operated by the Jet Propulsion Laboratory and the spacecraft will be developed by Ball Aerospace. The SPHEREx science team includes members from 10 institutions across the US and South Korea.",NA,https://www.indiatoday.in/science/story/a-sphere-that-will-map-the-sky-every-six-months-hunting-for-new-planets-signs-of-life-1929343-2022-03-25
12,science,Russian spacecraft to bring back American astronaut from space amid breakdown in relations over Ukraine,"(25, 3, 2022)","As the United States and Russia engage in a diplomatic conflict amid the Ukraine war, there still remains the hope of cooperation between the two space-faring nations. American astronaut Mark Vande Hei will hitch a ride on a Russian spacecraft on March 30 to return to Earth after his record-setting stay onboard the International Space Station (ISS).

Vande Hei broke the record for longest single spaceflight by an American astronaut, previously set by astronaut Scott Kelly, who remained in microgravity for 340 days. When Vande Hei returns at the end of this month, he will have lived in space for 355-days in a single mission and completed 5,680 orbits around Earth, covering more than 150 million miles.Nasa said that the American astronaut will strap into the Soyuz MS-19 spacecraft to begin the journey back to Earth along with two Roscosmos cosmonauts, Anton Shkaplerov and Pyotr Dubrov. ""The Soyuz will undock from the Rassvet module, heading for a parachute-assisted landing Wednesday, March 30, on the steppe of Kazakhstan, southeast of the remote town of Dzhezkazgan,"" Nasa said in a statement. Astronaut Mark Vande Hei will return to his home in Houston. (Photo: Nasa)As the American astronaut returns from space, he would have accumulated a total of 523 days beyond Earth. Before their return, Russian cosmonaut Anton Shkaplerov will hand over the command of the Space Station to astronaut Tom Marshburn during a change of command ceremony.Shkaplerov launched on Soyuz MS-19 on Oct. 5, 2021. This was Dubrov’s first flight. Shkaplerov is ending his fourth mission with 708 cumulative days spent in space. The return process began after the arrival of the new crew from Russia to the International Space Station amid a complete breakdown of relations between Moscow, Europe, and Washington over President Vladimir Putin's attack on Ukraine in a military invasion.Once the Soyuz lands, the MS-19 crew will split up, as per standard crew return practice, with Vande Hei returning to his home in Houston, while the cosmonauts fly back to their training base in Star City, Russia.With the three astronauts returning home, the strength of the Space Station will go down to seven from 10 at the moment. Vande Hei will leave behind Commander Marshburn, NASA astronauts Raja Chari and Kayla Barron, ESA (European Space Agency) astronaut Matthias Maurer, and Roscosmos cosmonauts Oleg Artemyev, Denis Matveev, and Sergey Korsakov.",NA,https://www.indiatoday.in/science/story/russian-spacecraft-to-bring-back-american-astronaut-from-space-amid-breakdown-in-relations-over-ukraine-1929315-2022-03-25
