SN,category,headline,date,content,keywords,link
1,data-intelligence-unit,NA,NA,NA,NA,https://www.indiatoday.in/diu/video/diu-video-how-earth-warmed-in-last-142-years-1934298-2022-04-06
2,data-intelligence-unit,Sri Lankan economic crisis explained in five charts,"(4, 4, 2022)","The 81-billion-dollar Sri Lankan economy is on the verge of collapse. The country is set to default on its debts now that it has to repay more than three times the amount it holds as foreign reserves. From debt trap to inflation, many things contributed to the ongoing crisis.

Here are five charts explaining how Sri Lanka came under such massive debt and what the current situation is:Debt TrapSri Lanka has foreign-currency reserves of around USD two billion, while the total debt repayment target in the year 2022 is USD seven billion. Of this, USD 1 billion worth of bonds are maturing as early as July 2022.External debt in Sri Lanka has been on a steep rise since 2005. From USD 11.3 billion in 2005, it rose to USD 21.7 billion in 2010, USD 43.9 billion in 2015, and USD 56.3 billion in 2020 during the Covid pandemic. China accounted for ten per cent of the loans while India constituted two per cent as of April 2021. The trouble was that the country’s external debt rose quicker than the GDP. The external debt to GDP ratio rose from 31.6 per cent in 2010 to 32.4 per cent in 2015, and further to 40.4 per cent in 2020. The rise in total debt, along with their interest rates together forced the central bank to push policy rates to check inflation. However, the currency tumbled against the dollar and the central bank drained foreign reserves to hold the exchange rate in place. However, these factors backfired and pushed the Sri Lankan economy into a vicious cycle.Foreign-Currency Reserves SlipThe foreign reserves in Sri Lanka in 2018 were near USD ten billion. This nosedived to under USD two billion in 2021. Weak CurrencyOn the other side, the Sri Lankan Rupee depreciated by more than 50 per cent against the US dollar this year alone. This means that Sri Lanka now has to shell out nearly Rs. 310 to buy a dollar now, compared to Rs. 200 in January.The Sri Lankan Rupee has depreciated against the Indian Rupee by 31.6 per cent, the Euro by 31.5 per cent, the pound sterling by 31.1 per cent, and the Japanese Yen by 28.7 per cent between January 1 and March 31, according to the Central Bank of Sri Lanka. Rising PricesFollowing the economic turbulence and a massive protest against the sudden hike in the prices of household items, especially food items, cabinet ministers and the central bank’s governor have quit their posts in Sri Lanka. The spillovers from a hollow economy have now started affecting the common people’s pockets.The retail price of rice in the last week was 60 per cent more than the year-ago level, while the price of onions was 79 per cent, that of potatoes 66 per cent, and that of an egg was 93 per cent higher year-on-year.Altogether, headline inflation rose to 18.7 per cent in March 2022 from 15.1 per cent in February 2022. Food inflation stood at 30.2 per cent in March, according to the Central Bank of Sri Lanka.""The import price of crude oil significantly increased by 45.9 per cent in January 2022 (Y-o-Y). Further, the import prices of sugar and wheat increased by 21.1 per cent and 18.6 per cent respectively, in January 2022 (Y-o-Y),"" the country's central bank explained. Meanwhile, the Sri Lankan government sought aid from both India and China and approached the IMF for a debt relief package. It is struggling to finalise a USD one billion credit line with India.",NA,https://www.indiatoday.in/diu/story/sri-lankan-economic-crisis-explained-five-gotabaya-rajapaksa-1933514-2022-04-04
3,data-intelligence-unit,NA,NA,NA,NA,https://www.indiatoday.in/diu/video/diu-video-covid-situation-in-most-affected-countries-1932488-2022-04-01
4,data-intelligence-unit,European countries have been boosting their military spending even before the Russia-Ukraine war,"(31, 3, 2022)","At the end of 2021, more than 50 Nobel laureates had sent an open letter to governments around the world urging them to cut their military spending by two per cent annually. The money thus saved, they had argued, should be used to fight the after-effects of the Covid-19 pandemic and global poverty. Ironically, military spending went up by three per cent the same year, the International Institute for Strategic Studies' latest report noted.

Russia's invasion of Ukraine has taken that arms race, already underway for seven years in Europe as data shows, to a new level. The countries that experienced relief at the end of the Cold War are now desperate to follow the North Atlantic Treaty Organisation (Nato) 's two per cent of GDP defence spending mandate.MILITARY SPENDING KEEPS GOING UPThe world's military spending nearly doubled since 2000. Global military expenditure jumped to around USD 2 trillion in 2021. More than half of this was from Nato countries.The USA, as a Nato guardian, is still a dominant military power and holds 39 per cent (USD 754 billion) of military expenditure, followed by China at 11 per cent (USD 207 billion) and the United Kingdom at four per cent (USD 72 billion). The top 15 countries spend USD 1.5 trillion on defence, almost 81 per cent of the world’s total expenditure. European countries have been the primary drivers of the new arms race, especially during the pandemic period (2019-2021). From 2019 to 2021, per capita military spending jumped from USD 396 to USD 469, an almost 18 per cent rise. Meanwhile, the home of Nato's biggest partners, North America, saw a four per cent jump in per capita military spending in the same period.READ | How the Russia-Ukraine war may affect India’s platterHowever, North America's per capita defence spending is three times higher than Europe in terms of absolute numbers. Russia and the Eurasian region, where Europe feels threatened, registered a seven per cent growth in per capita defence spending from 2019 to 2021.European countries are not only the primary drivers of this military spending growth, Europe is also the highest among other continents, the International Institute for Strategic Studies' latest military report, 2022, revealed.""In 2021, European defence spending grew by 4.8 per cent in real terms, higher than in any other region. This marked the seventh consecutive year of real-terms growth. The 2021 increase, combined with reduced spending in other regions, means that European spending represented 18.7 per cent of the global total after hovering between 16.5 per cent and 17 per cent annually since 2014,"" the report explained. BEGINNING OF A NEW ARMS RACEAs the war started in Ukraine, six Nato members declared to add a sum of USD 133 billion to their defence spending plan.Germany plans to ramp up its defence spending in 2022 alone by USD 112 billion, taking defence spending from 1.53 per cent of the GDP to above two per cent. ""We need to invest significantly more in the security of our country to protect our freedom and our democracy,"" German Chancellor Olaf Scholz announced within four days of the Russian invasion of Ukraine.READ | The rich abandon Russia as sanctions kick inAfter Germany, Belgium followed suit and announced an increase in military spending from 0.9 per cent of the GDP (USD 4.69 billion) to 1.54 per cent (USD 7.71 billion) in the next eight years. In addition, Poland, Romania, Norway, Italy announced an increase in defence spending. Even as a non-Nato member, Sweden announced an increase in its military budget. WHY EVENTS OF 2014 IN UKRAINE MATTERThe defence spending pattern shows that the Russia-Ukraine conflict is the outcome of a series of events in and around Ukraine in 2014 that raised geopolitical tension in the region.Nato's security alliance was formed to avert any security threat from the Soviet Union. After the disintegration of the Soviet Union or the end of the Cold War, Nato was supposed to disband, but it expanded its membership from 16 to 30 countries. The current confrontation between Russia and the west is fuelled by many grievances, especially Nato’s expansion around the east after the end of the Cold War between 1989 and 1990. Despite Russia's strong objection, Nato’s expansion continued. In 2008, Romania, a new Nato member, hosted the Nato summit. In the post-summit statement, Nato declared Ukraine and Georgia would become members. ""We agreed today that these countries will become members of Nato. Both nations have made valuable contributions to Alliance operations. We welcome the democratic reforms in Ukraine and Georgia,"" Nato said in a post-summit statement.READ | Will the Ukraine war be Vladimir Putin's perestroika?Ukraine officially declared its independence in 1991. But political custodians of Ukraine were always divided based on their outside inclination. In 2004, Ukrainian voters elected the pro-Nato candidate Viktor Yushchenko over the Russian-backed Viktor Yanukovych, who later won the 2010 elections. In 2013, protests started against the Russian-backed Yanukovych, who was forced to leave Ukraine in 2014 after long and violent demonstrations.The west supported politicians named in the Maidan Revolution, while Moscow portrayed it as a US coup that brought a fascist regime to power in Ukraine. After this change, repression began against the Russian-inclined population in the Donbas and Luhansk regions. Russia annexed Crimea around the same time.THE BOTTOM LINE Ukraine has now become a visible playground for Russia’s and Nato’s arms race.Live TVREAD | Putin's advisors fear telling truth on 'failing' Ukraine war plan, says UK spy chiefWATCH | DIU Video: One month of Russian Invasion of Ukraine",NA,https://www.indiatoday.in/top-stories/story/european-countries-have-been-boosting-their-military-spending-even-before-the-russia-ukraine-war-1932056-2022-03-31
5,data-intelligence-unit,NA,NA,NA,NA,https://www.indiatoday.in/diu/video/diu-video-pakistan-perennial-political-turbulence-1931908-2022-03-31
6,data-intelligence-unit,How the Russia-Ukraine war may affect India’s platter,"(29, 3, 2022)","In a country where an average household spends two-thirds of the daily income on buying a vegetarian meal, rising prices of key ingredients following Russia’s invasion of Ukraine will make Indians feel the pinch. This may lead to people having little left to spend on other essential items like health and education.

Most people in India depend on agriculture for their livelihood and hence, food availability is not a big problem. However, affordability still is. The Russia-Ukraine war and the consequent supply chain disruptions have only aggravated this concern in India.Sanctions on Russia, one of the world’s largest wheat and sunflower oil producers, have led to a spike in wheat and edible oil prices in India as well. These are the two components that form the heart of an Indian platter. Besides, Russia is also the world's third-largest crude oil producer, and the ongoing sanctions on the country have sent strong headwinds into the global oil market. Brent crude is trading almost consistently above USD 100 a barrel.The subsequent price rise in the retail market is also on the ground now. Petrol and diesel prices in India have risen seven times in the last eight days, pushing the cost of petrol above Rs. 100 a litre in Delhi on March 29.The surge in fuel prices directly affects the prices of food items, especially perishable ones, due to the rise in logistic costs. Together, food items and petroleum products account for one-third of the wholesale inflation, and food items alone constitute more than one-third (39.1 per cent) of the retail inflation. Why a large population in India is vulnerable to food prices?The 2021 Global Food Index report showed that out of 113 countries, India ranked 29 in terms of food availability, and ranked 40 in terms of natural resources and resilience. However, in terms of affordability, India was in the 80th position.The World Bank report on International Comparison in 2017 highlighted that 72 per cent of the Indian population could not afford a healthy diet and 43 per cent of the population couldn’t afford a nutrient-adequate diet. How much does one pay for a meal in India?An ideal vegetarian meal consists of a serving of cereals (300 grams), vegetables (150 grams), and pulses (60 grams). In the case of a non-vegetarian meal, pulses are replaced by a non-vegetarian component (60 grams).An industrial worker has to spend half a day's wage to afford two vegetarian meals and 79 per cent of the day's wage to buy two non-vegetarian meals for a household of five, according to the Economic Survey 2019-20. Based on the inflation-adjusted per-capita income and the cost of a meal in 2019-20, an average Indian pays 66 per cent of the day's income to buy two vegetarian meals and 102 per cent to buy two non-vegetarian meals for a family of five. “While India achieved success in combating transient food insecurity caused by droughts or floods, it miserably failed to make much of a dent in chronic food insecurity as reflected in the low energy intake and high incidences of malnutrition,” noted the Food Security and Nutrition: Vision 2020 report by Niti Aayog.There is chronic under-nourishment in about half of the population, particularly among the vulnerable groups of children, women, and elderly from the lower half of the expenditure class, it added.",NA,https://www.indiatoday.in/diu/story/russia-ukraine-war-affect-india-platter-1931079-2022-03-29
7,data-intelligence-unit,Who has MLAs? BJP's gains directly proportional to Congress loss in a decade ,"(28, 3, 2022)","Back in 2012, of the 1,105 MLAs in the whole of north India, a little over 20 per cent belonged to the Bharatiya Janata Party. Ten years later, in 2022, nearly every second MLA in the region belongs to the BJP now.

India Today's Data Intelligence Unit (DIU) analysed data of elected MLAs in the last decade. We did not include the results of bypolls. Below are the three key takeaways:The strength of the Congress party in assemblies has been declining every year since 2012 (with the exception of 2013 and 2018, when the party made minor gains)The losses incurred by the Congress party are directly proportional to the gains made by the BJPThe non-BJP non-Congress parties have been able to maintain their strength in the assemblies all these yearsIn March 2012, the Congress party had 1,224 MLAs while the BJP had 845. The Congress then was the dominant player. The BJP has become a much bigger player a decade down the road, relegating the Congress to a distant second. In March 2022, the number of Congress MLAs has come down to 719, while the BJP's number has grown to 1,385 out of the 4,120 MLAs in India. BJP's domination in the north, north east The north has been one region where the BJP has gone from strength to strength in the last decade, peaking with nearly 60 per cent seats in 2017 and dropping marginally to 47 per cent of the seats in 2022.We included Delhi, Haryana, Himachal Pradesh, Jammu & Kashmir, Punjab, Rajasthan, Uttar Pradesh, and Uttarakhand for this analysis in the North.ALSO READ: The Congress: Breaking the Gandhian knotUttar Pradesh has been like a fortress where the BJP has won four elections on the trot — two Lok Sabha and two assemblies — with an impressive vote share over 40 per cent. For a state that is known to have constantly shifting political choices, the BJP's recent performances have been quite impressive.The other region where the BJP has made big gains is the northeast. The BJP's strength in the region in 2012 was almost negligible: just 11 of the 498 or two per cent of the total seats. Following an impressive performance in Manipur in the recently concluded elections, nearly 37 per cent of all MLAs in the region now belong to the BJP.Other than these two regions, the BJP's gains in assemblies in other parts of the country have been modest. In western India, for instance, the BJP's seat share in state assemblies grew from 44 per cent in 2012 to 45 per cent at present. The BJP has been a dominant player in all the four western India states — Goa, Gujarat, Maharashtra, and Madhya Pradesh — for a long time.In eastern India, one out of every five MLAs belonged to the BJP in 2012. The proportion stands at one out of every four now. We included Bihar, Chhattisgarh, Jharkhand, Odisha, and West Bengal in the eastern region for this analysis.ALSO READ: Uttarakhand: How to win despite losingJust like the east, the BJP's expansion in the south has been quite modest. In Andhra Pradesh, Karnataka, Kerala, Tamil Nadu, Puducherry, and Telangana, the BJP's seat share in assemblies has changed from 12 per cent in 2012 to 14 per cent now. Shrinking footprint of the Congress Our analysis based on Election Commission data found that the BJP's gains in state assemblies have been proportional to the Congress' loss in the last ten years. In terms of assembly seats across the country, the BJP has added 540 to its fold between 2012-2022. The loss of Congress has been 505 seats in the same period.Data shows that the crisis for Congress is getting bigger with each passing year. Political scientists point out that a reversal of sorts is possible in either of two ways: by raising people's issues through movements and agitations or by being perceived to add value to people's lives.With a constant decline in the number of MPs-MLAs, Congress's ability to offer ""transactional benefits"" to voters has diminished considerably.ALSO READ: Conspiracy to murder democracy: Karnataka Congress demands dismissal of Yediyurappa govtAnd the party has not been part of any worthwhile movement in recent years. Is that the reason why the Congress has not been able to establish connections with voters, and hence its electoral decline?As against the constantly declining trend of the Congress in the last ten years, the non-Congress, non-BJP formations have managed to retain most of their seats. In fact, in the east and the south, the seat share of the non-Congress non-BJP parties stands at a whopping 62 per cent and 72 per cent, respectively.While the non-Congress non-BJP formations have lost 127 seats since 2012 in the north, the net gain in the south has been 143 seats in the same period. The AAP's big win in Punjab has further boosted the tally of the non-Congress, non-BJP parties.ALSO READ: From votes to seats, how have last 3 Jharkhand Assembly elections been like",NA,https://www.indiatoday.in/diu/story/bjp-gains-directly-proportional-to-congress-loss-in-decade-1930530-2022-03-28
8,data-intelligence-unit,IPL Season 15: How Indian Premier League grew over the years,"(25, 3, 2022)","Last ball finish, fortunes of teams changing every five overs, spinners proving to be more economical than others, and classical batsmen matching pinch hitters when it comes to hitting sixes and fours — these are some of the many highlights of the previous fourteen editions of the Indian Premier League.

Records of the last 14 editions show that while stars have excelled, there have been many surprise packages. West Indian spinner Sunil Narine doing well with the ball was expected. What came as a surprise was that he was among those who scored one the fastest fifties. Sri Lankan fast bowler Lasith Malinga being among the highest wicket-takers was expected. But spinners dominating the list of most economical bowlers was a surprise. Thrill, glamour, unpredictability, and the never-say-die approach of players have made IPL matches one of the most-watched events. That is also the reason why its brand value has also soared all these years.The combined cost of acquiring eight Indian Premier League teams in 2008 was Rs. 3,000 crores. It worked out to an average of Rs. 375 crore a team back then.In the 2021 auction, the Board of Control for Cricket in India (BCCI) that owns the IPL made Rs. 12,715 crores by selling just two teams. The average price tag of a team jumped to Rs. 6,357 crores — a whopping 17-fold jump since 2008.During this period, the IPL’s valuation has soared three times and earnings from broadcasting rights have grown in equal measure. The BCCI’s revenues from broadcasting rights have grown from an annual average of Rs. 1,160 crores in 2009 to Rs. 3,269 crores now. And it is expected to go up to Rs. 6,000 crores in 2023 when media rights are due for renegotiation. Not just a money-making machine, the IPL has helped Team India become a powerhouse of cricket, with many more wins than losses in all formats of the game.India Today’s Data Intelligence Unit analysed the performance of Team India in one-day internationals and test matches for 12 years prior to the IPL and 12 years after the league started. Data for 2020 and 2021 were not considered as very few matches were played during this period because of the Covid-19 pandemic. All the matches played in 2008 were included in the post-IPL data.Data related to T-20 matches were not analysed as India played only a handful of T-20 international matches prior to the IPL. The IPL’s effect on the T-20 format is therefore hard to quantify. All the analysis was done on the basis of data available at ESPNcricinfo. Team India won 193 of the 400 one-day international matches it played between 1996 and 2007. The success rate during that period was a decent 48 per cent. In 12 years after the launch of IPL (2008 to 2019), India won 193 of the 360 ODI matches. The success rate in the post-IPL period has thus jumped to an impressive 62 per cent.In the 12 pre-IPL years, India could achieve success rates in ODIs above 50 per cent in only six calendar years. In the post-IPL years, however, Team India’s success rate never dropped below the 50 per cent mark. The year 2017 was the best year, with a whopping 72 per cent success rate. Incidentally, Virat Kohli became the ODI captain of the Indian team the same year. The success rate was a paltry 26 per cent in 1997, which was the worst in the last 25 years.Surprisingly, Team India’s winning streak in test matches in the post-IPL period has been very impressive. While in the 12 pre-IPL years, India used to, on average, win one out of every three matches. The winning ratio has been one out of every two matches since 2008. In the 12 years before the launch of the IPL, India played 117 test matches and won 38 with a success rate of just 32 per cent. In the 12 years after the launch of the IPL, the Indian cricket team played 128 test matches and won 65 of them, with a success rate of 51 per cent. The year 2019 was Team India’s best year in test matches — it won seven out of the eight matches it played.Have the growing riches boosted the confidence of players, helping them win many more matches now than what was the case earlier? The data certainly makes one wonder.ALSO READ | MS Dhoni steps down as Chennai Super Kings captain, Ravindra Jadeja to lead in IPL 2022ALSO READ | MS Dhoni: A leader doesn't need a captain's cap | OPINION",NA,https://www.indiatoday.in/diu/story/ipl-season-15-how-indian-premier-league-grew-over-the-years-1929620-2022-03-25
9,data-intelligence-unit,NA,NA,NA,NA,https://www.indiatoday.in/diu/video/diu-video-one-month-of-russian-invasion-of-ukraine-1929591-2022-03-25
10,data-intelligence-unit,How Covid-19 pandemic responds to social distancing efforts,"(23, 3, 2022)","On Friday, March 18, the German parliament voted to lift all nationwide Covid-19-related restrictions. This was done at a time when the number of infections continued to be at an elevated level. Cases are rising again in some Asian and European countries. But most countries now have eased or are in the process of easing all Covid-19 restrictions that had been in place for the last two years. These moves raise the question about the effectiveness of social distancing to tackle Covid-19 cases.

Why it mattersThe threat of a next wave of Covid-19 cases worldwide looms as a subvariant of Omicron, the BA.2 variant, has caused a considerable spike in cases globally. The World Health Organisation (WHO) opined that several European countries lifted their pandemic-driven restrictions too soon.ALSO READ: South Korea’s rising Covid-19 deaths strain crematoriums, hospitalsEurope's regional director of the WHO, Hans Kluge, said that “the countries where we see a particular increase are the United Kingdom, Ireland, Greece, Cyprus, France, Italy and Germany.” And these countries, he added, lifted their Covid-19 curbs “brutally — from too much to too few.” Big PictureData from the Google mobility report suggest that social distancing is gradually becoming less effective now than what was the case in the earlier Covid-19 waves.Before vaccination, social distancing was one of the major strategies used worldwide to curb the spread of the virus.Social distancing proved to be quite effective in the first wave (MarchApril 2020) of the pandemic compared to the subsequent waves. In the second wave, around October 2020, many European countries and the U.S. imposed restrictions. Though these restrictions were not as rigorous as earlier ones, their impact on curbing the spread of Covid-19 was minimal.The spread of cases also depends on other factors, like testing and vaccination coverage and other policy measures.ALSO READ: Tamil Nadu CM Stalin holds review meeting on Covid as global cases spikeIn this scenario, Berlin-based Humboldt University Professor Joachim Gassen's ideas have become more relevant. With the rise in Covid-19 cases once again, many countries have simultaneously lifted restrictions.""One of the most pressing questions that we currently face is whether the non-pharmaceutical inventions (NPIs) that we observe around the globe will eventually be effective to contain the spread of the virus,"" Professor Gassen said. India Today’s Data Intelligence Unit (DIU) analysed the latest Covid-19 and mobility data to see the effects of social distancing on its spread. As the pandemic reached different places at different times, with local governments offering different responses, the global trend analysis included only those countries that were the worst affected in the first wave and were still facing new infection challenges.Several experts argued that the approach to handle the pandemic should be changed now.""I would argue that going into 2022, we might rethink what our public health goal is for several reasons. The approaches we have now are focused on preventing infection, with no defined goal. When have we met our goal? There's no real accountability because we don't know what we're aiming for,"" Emily S. Gurley, an epidemiologist at Johns Hopkins, said. As a policy tool to curb the spread of the pandemic, social distancing seems to be overlooked by various countries, including Germany. But prominent health officials and agencies still consider it as a crucial part of the joint effort. Social distancing measures could be used voluntarily to curb the virus spread, not as a mandated rule.ALSO READ: China locks down city of 9 million amid Covid-19 outbreak ",NA,https://www.indiatoday.in/diu/story/how-covid-19-pandemic-responds-to-social-distancing-efforts-1928718-2022-03-23
11,data-intelligence-unit,At arm's length: Why India is shying away from directly criticising Russia,"(23, 3, 2022)","Ever since Russia invaded Ukraine, India has been reluctant to directly criticise Moscow. While many countries have imposed sanctions on Russia and have condemned the actions of Vladimir Putin, US President Joe Biden noted that India had a shaky response to the war. But why does India find it more suitable to keep away from taking sides?

India depends on Russia to keep its arsenal war-ready. Russia right now is not replaceable as an ally because several large arms deliveries from the country are expected in the coming years.India and Russia have together signed a $5 billion deal for five units of the S-400 air defence system in October 2018. Out of the five units, one has already been delivered to the Indian Air Force (IAF).ALSO READ: India was right to abstain against Russia at UN. But Delhi's diplomacy needs a dose of atmanirbharta | VIEWSAnother major deal is the Rs 5,000 crore contract for the procurement of 6,01,427 AK-203 assault rifles through Indo-Russia Rifles Private Limited. Other deals include fighter jets, nuclear-powered submarines, BrahMos exports etc.Arms dependence on RussiaForty-six per cent of India’s overall arms imports were from Russia between 2017 and 2021. On the other hand, according to the Stockholm International Peace Research Institute (SIPRI), only a measly 12.1 per cent was imported from the United States.The arms trade between India and Russia is so significant that Russia’s arms exports shrank 26 per cent in the same duration due to a fall in arms deliveries to India and Vietnam.Historically, Russia has accounted for nearly three-fourths of India’s overall arms imports. However, India’s imports with France have offset Russia’s share in Indian imports in recent years. India’s arms importsThough India’s arms imports decreased by 21 per cent between 20122016 and 201721, it is still the largest importer globally. India spends 2.1 per cent of its GDP on defence and accounts for 15 per cent of global arms imports.Aircraft, missiles, engines, armoured vehicles, ships, artillery, and air defence systems are some of the military equipment India has imported in the last five years. Rising domestic production of armsIn the growing need for self-reliance in order to combat unprecedented situations, India too has stepped up to fulfil its arms requirements by producing them domestically.ALSO READ: Quad has accepted India’s position on Ukraine crisis, says Australia“The Government has taken several policy initiatives in the past few years under 'Make in India' program and brought in reforms to encourage indigenous design, development and manufacture of defence equipment in the country,” Defence minister Rajnath Singh said in a reply in Lok Sabha on February 11, 2022.Production of arms in India rose from Rs. 74,054 crores in 201617 to Rs. 84,644 crores in 202021. Exports of arms too rose from Rs. 1,522 crores to Rs 8,435 crore in the same period. The 155 mm Artillery Gun system ‘Dhanush’, the Light Combat Aircraft ‘Tejas’, the Surface-to-Air Missile system ‘Akash’, the Main Battle Tank ‘Arjun’, the T-90, T-72 tank, BMP-II/IIK, Su-30 MK1, the Cheetah helicopter, the Advanced Light Helicopter, the Dornier Do-228, High mobility Trucks, INS Kalvari, INS Khanderi, INS Chennai, and the Anti-Submarine Warfare Corvette (ASWC) are some of the weapons produced in the country during the last few years and are being used by the Indian Armed Forces.Arjun Armoured Repair and Recovery Vehicle, Bridge Laying Tank, Bi-Modular Charge System (BMCS) for 155 mm Ammunition, Medium Bullet Proof Vehicle (MBPV), Weapon Locating Radar (WLR), Integrated Air Command and Control System (IACCS), and Software Defined Radios (SDR) have also been produced in the country.In a recent development, Defence Acquisition Council (DAC), on March 22, 2022, cleared the procurement of 14 items worth Rs 380.43 crore from the Innovations for Defence Excellence (iDEX) startups and MSMEs. These items will be procured by the Indian Army, Navy and Air Force.Understanding the data“The SIPRI data are based on the actual deliveries of major arms. We use our own valuation system — the SIPRI Trend Indicate Value (TIV), where similar arms get similar values, no matter what the actual price in financial terms is,” Siemon Wezeman, Senior Researcher, SIPRI, told India Today’s Data Intelligence Unit (DIU).This is done since actual prices are often not available as suppliers and recipients mostly don't disclose the value of contracts; or give unclear classification for what is paid for the weapon and what is paid for the extras such as financing arrangements, support and training, spare parts or extra equipment, or are inflated or deflated, he added.ALSO READ: Biden calls India's response to Russia-Ukraine war 'shaky'",NA,https://www.indiatoday.in/diu/story/why-india-shying-away-from-directly-criticising-russia-1928664-2022-03-23
12,data-intelligence-unit,Political instability looms over Pakistan as Imran Khan faces no-confidence motion,"(22, 3, 2022)","An intense political game is about to unfold in Pakistan in the next few days. A debate and possibly voting too, on a no-confidence motion against Imran Khan’s government in Pakistan, is scheduled to take place in Parliament on Friday, March 25. It is scheduled to be followed by a promised “million-man” pro-government rally on the streets on Sunday, March 27.

With several defections from his party in recent weeks, Khan may have a tough time proving his party's majority on the floor of the House. As a result, there is a question over the survival of the government that assumed office in August 2018 with a promise to build a “Naya Pakistan”.Pakistan is already battling high inflation, a slowing economy, and rising external debt servicing obligations. For the cricketer-turned-politician, the challenges are many, and the time he has to tackle them seems to be running out.If Khan fails to clear the Parliamentary hurdle this week, this will be one of many democratically-elected governments that have had to bow out before completing their full terms. In fact, in Pakistan's hitherto tentative tryst with elections and representative governments, no single leader has served a full five-year term. Yusuf Raza Gilani came the closest, with over four years of uninterrupted innings at the helm.Nawaz Sharif served as the prime minister in three different terms, none lasting four years. Benazir Bhutto got elected twice, only to face premature sacking on both occasions. And the charges for dismissal included corruption and incompetence, among others.An alliance of opposition parties moved a no-confidence motion against Khan’s government earlier this month, arguing that his party lost the majority in Parliament.SLOWING ECONOMY ADDS TO INCUMBENT'S HEADACHEData show that regime changes in many cases have been preceded by years of very tepid economic growth. The longest spell of direct military rule of 14 years in Pakistan came to an end in 1972. World Bank data show that 1971 and 1972 were among the worst years for Pakistan's economy in terms of growth. The second big regime change happened when General Pervez Musharraf (retired) seized power in a military coup in 1999. The growth rate in 1997 was only one per cent, and less than three per cent a year later. A slowing economy would likely have rendered the then elected government less popular.Pakistan's economy has been facing challenges ever since Khan came to power. Barring 2018, the economy has barely grown under his watch. Is this the opportunity opposition parties were waiting for?A DROP IN TERRORIST INCIDENCE SINCE 2013Incidentally, a long and uninterrupted run of democratically-elected governments since 2008 (the previous best was ten years between 1988 and 1998) has meant a considerable reduction in the number of casualties in terrorist attacks, both for South Asia in general and Pakistan in particular. From a high of more than 2,700 civilian casualties in 2012 in terror activities in Pakistan, the number dropped to 169 in 2020. For South Asia as a whole, the drop was from a high of 3,263 in 2013 to 271 in 2020.",NA,https://www.indiatoday.in/diu/story/political-instability-looms-over-pakistan-as-imran-khan-faces-no-confidence-motion-1928197-2022-03-22
