SN,category,headline,date,content,keywords,link
1,data-intelligence-unit,Low severity of Omicron some relief amid global explosion of Covid cases,"(6, 1, 2022)","Covid cases around the world are rising at an alarming rate and lakhs of people are getting infected every day across the globe. Average daily cases globally stood at 18.7 lakh on January 5, 2022. However, a slight relief amid this precarious situation is that the severity of the new dominant strain Omicron is considerably lower than the previous Delta variant.

This is evident from studies conducted in three of the worst affected regions of the world Maharashtra, England and South Africa.Of the 578 Omicron cases found in Maharashtra so far, 436 patients (75 per cent) were asymptomatic, 133 had mild symptoms, eight had moderate illness and only one went through severe illness. However, a sizeable 365 patients among the 578 were found to be vaccinated. Studies by the United Kingdom Health Security Agency show a clear difference between the severity of Delta and Omicron variants in the country.Of the 5.73 lakh Delta cases between November 22 and December 26, 2021, a significant 13,579 patients required hospitalisation. In contrast, of the 5.28 lakh Omicron patients in the same duration, 3,019 patients needed hospitalisation.The data imply that risk of emergency care in Omicron cases is half than of Delta, and for hospitalisation, it is one-third of Delta. Also, the risk of hospitalisation due to Omicron was found to be 65 per cent lower after two doses of vaccine and 81 per cent lower after three doses. Trends from South Africa show that 69 per cent of Covid patients infected with the Delta variant needed hospitalisation in the third wave. However, in the Omicron-dominated fourth wave, 41 per cent of the patients were admitted to hospitals.The difference is starker among patients with acute respiratory conditions. Around 91 per cent of the patients admitted due to Delta variant had acute respiratory conditions, while one-third had the same condition during the Omicron-dominated wave. In terms of deaths, 29 per cent of patients admitted succumbed to the virus in the Delta wave, while 3 per cent of the admitted patients died during the Omicron wave. The median length of stay at hospital during the Omicron wave was also less than half of the Delta phase.READ: Covid 3.0: Positivity rate shoots beyond permissible WHO levels as Omicron wreaks havoc ALSO READ: Omicron infections likely to rise sharply, may peak by January endALSO READ: Third wave is here: Daily Covid cases globally shooting through the roof ",NA,https://www.indiatoday.in/diu/story/low-severity-omicron-delta-variant-covid-cases-world-india-1896916-2022-01-06
2,data-intelligence-unit,Covid 3.0: Positivity rate shoots beyond permissible WHO levels as Omicron wreaks havoc ,"(5, 1, 2022)","With the unusual spike in the number of Covid cases reported every day in India, the test positivity rate has also skyrocketed. The highly transmissible Omicron variant has fuelled the latest wave, leading to an explosion of cases in the last week.

For instance, in just eight days, India has reported a six-time spike in reported cases, and simultaneously, the positivity rate has increased from 0.79 per cent on December 29 to 5.03 per cent on January 5.Among the worst impacted districts is Kolkata, where TPR has shot up from less than 5 per cent to nearly 45 per cent in the same period. In other words, four out of every 10 people taking Covid tests on an average are turning positive. It clearly signifies the exponential spread of the virus. Weekly TPR data of the districts between December 29 and January 4 reveals that it’s not just Kolkata but neighbouring Howrah and four other districts of West Bengal that have crossed the test positivity of 10 per cent.TPR denotes the percentage of all Covid tests that return positive. According to World Health Organization  guidelines, TPR below 5 per cent means virus transmission is under some control. However, a number above 5 per cent means the rate of infection will rise.As per data released by the Ministry of Health and Family Welfare, 29 districts in the country of the 731 whose data is available have a weekly TPR of above 10 per cent. These include eight districts in Mizoram, six in West Bengal, four in Maharashtra, two in Goa, and one each in Delhi, Himachal Pradesh, Jharkhand and Punjab, among others. As far as the testing mode is concerned, RT-PCR is recognised as the gold standard to detect coronavirus. Weekly TPR data show RT-PCR was the favoured method of testing (more than 50 per cent) in 445 districts. In 276 districts, the preferred mode of testing was the relatively less reliable rapid antigen test (RAT). These include most districts in Assam, Bihar, Telangana, Odisha and Chhattisgarh.However, in only 138 districts, 90 per cent or more tests were performed by RT-PCR in the last week. These include nearly all districts of Tamil Nadu and majority of the districts in Andhra Pradesh and some other states. In 71 districts, 90 per cent or more tests were performed by RAT.Given Omicron’s quick ascent, it becomes all the more pertinent to use the more reliable RT-PCR to detect the virus than RAT, which has more probability of generating false negatives.",NA,https://www.indiatoday.in/diu/story/covid-3-0-positivity-rate-shoots-beyond-permissible-who-levels-as-omicron-wreaks-havoc-1896467-2022-01-05
3,data-intelligence-unit,"Omicron infections likely to rise sharply, may peak by January end","(5, 1, 2022)","Amid the global tsunami of Covid cases caused by the Omicron variant, India may report an average of 20 lakh cases every day by the end of this month, with infections in Mumbai peaking by the third week of January, says Dr S Swaminathan, Director, Infectious Diseases and Infection Control, Gleneagles Global Hospitals.

 Speaking to India Today TV, he further added that this figure depends on the level of testing, and subsequently, the daily numbers might change.It is important to remember that while India was battling the catastrophic second wave caused by the Delta variant, the peak was around four lakh cases per day in May 2021. Dr Swaminathan's prediction for India reporting nearly 20 lakh cases per day is based on the numbers projected by the United States at five lakh cases a day. However, more than one million new Covid infections were reported in the US on January 3, higher than the previous high of nearly 5.9 lakh cases only four days ago. The Omicron variant is highly contagious and is nearly four times more transmissible than the Delta variant, according to a study by a Japanese scientist.Dr Swaminathan stresses that even a tiny number of the projected figure will be enough to overwhelm the healthcare system. Another point of concern is the availability of healthcare workers. With rising cases, many doctors are susceptible to falling sick as well.  The health expert reckons that the number of patients requiring critical care may be less than what was the case during the Delta-induced second wave in April-May 2021.   He said cases might start declining from the third week of February and result in a swift drop. Replying to a question on when things may start to become normal, he responded that once cases start declining, patients requiring hospitalisation may have a lag of 10 days. Further, those needing critical care will have a delay of an additional five days or so. Lastly, the mortality curve will be another five days behind. Therefore, the healthcare system would be stretched to manage the sickness by the end of March.  In South Africa, where the Omicron variant was found first, the number of cases peaked around December 17, 2021, i.e. slightly three weeks after detection, and the decline has been equally sharp.  The latest research shows that the percentage of Covid patients requiring hospitalisation, oxygen support or critical care during the Omicron-led surge is far less compared to the previous waves. It is based on an analysis of 17,200 Covid patients in the country.  On the whole, it is too early to say how things will pan out and how the situation will evolve in India in the coming weeks. Given that high-voltage assembly elections in five states are approaching and with key political leaders such as Delhi chief minister Arvind Kejriwal and BJP MP Manoj Tiwari have tested Covid positive, the only thing that seems certain is the sharp rise in infections soon.  Only time will tell if India will follow South Africa's Covid trajectory, given both nations' similar age and immunity profiles. The only silver lining is the high vaccination in our country compared to the African nation.",NA,https://www.indiatoday.in/diu/story/omicron-covid-cases-india-surge-mumbai-peak-january-1896303-2022-01-05
4,data-intelligence-unit,Third wave is here: Daily Covid cases globally shooting through the roof ,"(4, 1, 2022)","Just when the world was breathing easy with fewer Covid cases and deaths and acceleration in the pace of vaccination, the new Omicron variant started wreaking havoc. In less than two months since its detection, the strain has already created a monstrous wave, with average new infections shattering records every day.

If the Delta-induced wave in April and subsequent months of 2021 was devastating, as it overwhelmed the healthcare system everywhere, the Omicron-led surge has already surpassed that. Sample these numbers: Against the daily projected five lakh infection-number, the United States reported one million new cases on January 3. It is nearly five times the previous peak in January 2021.The world had never seen daily infections exceeding one million in any of the previous phases. It has now become routine.The United Kingdom has been consistently reporting cases in excess of one lakh for around seven days now.And daily infections in India have been growing at a furious pace of over 17,000. All studies on the new variant suggest that it is much milder than the previous ones. That being the case, is the world still prepared to handle an unprecedented surge in the number of infections?Data show that despite a steep rise in infections, average global deaths are on a constant decline. The average global death on December 23, 2021, was 6,977, which fell to 6,295 on December 29, 2021, and further to 5,966 on January 3, 2022. In the United States too, the average daily death on December 23 was 1,617, which fell to 1,484 on December 29, and further to 1,236 on January 3, 2022. Meanwhile, as Omicron has induced chaos around the world, another Covid variant IHU has been detected in France. However, scientists have said that IHU was diagnosed even before Omicron and the low number of cases from the variant, despite its early detection, could be a sign that it’s not that threatening.",NA,https://www.indiatoday.in/diu/story/third-wave-is-here-daily-covid-cases-globally-shooting-through-the-roof-1896019-2022-01-04
5,data-intelligence-unit,NA,NA,NA,NA,https://www.indiatoday.in/diu/video/diu-video-global-covid-19-update-1894625-2021-12-31
6,data-intelligence-unit,Daily reported Covid-19 cases are spiralling globally like never before,"(31, 12, 2021)","On December 1, when the world was trying to come to terms with the newly detected variant of concern, Omicron, the US reported 1.38 lakh new Covid-19 cases. Just 27 days later, the single-day case count reached an unprecedented 5.12 lakh.

It is the highest ever reported number in the country since the beginning of the coronavirus pandemic. The highest single-day spike before this was on January 8, when the country reported 3.03 lakh cases, as per the numbers available at Our World In Data. In fact, on three successive days -- December 27, 28 and 29 -- the US crossed the previous January peak by a considerable margin.READ | Omicron likely to peak in Feb 2022 but subside in a month, say scientists Not just in the US, the Covid fury in terms of the number of daily infections is unfolding in many other parts of the world like never before. Several European nations are witnessing the kind of surge in cases that seemed improbable only a fortnight ago. For instance, in France, the daily case count crossed 2 lakh on December 29, which is a whopping 76 per cent more than the previous peak seen on April 11. The country reported nearly 1.18 lakh infections that day. Similarly, Italy, one of the first countries to be overwhelmed by the coronavirus in the early days of the pandemic, also reported a massive jump in daily cases on December 29. It reported 98,000 cases that day, a good 140 per cent more than the previous high witnessed almost a year ago. Likewise, numbers in the UK also spiked on December 29, when it reported a jump of nearly 230 per cent from its previous peak of 68,066 cases on January 8, 2021. It reported 2.24 lakh cases, 1.5 lakh more than the previous high. Owing to the kind of worldwide surge in the number of infections, the global case count topped one million for three consecutive days, starting December 27. Compare this to the daily reported number of 7 lakh on December 1. The Omicron variant-led surge, therefore, has been extremely swift.However, after looking at the daily fatality number, it appears that the recent cases of infections are perhaps not all that severe. Even as the daily reported cases are at a record high, daily reported deaths are on the lower side of 2021.READ | Vaccines considerably reduce Covid-related hospitalisation, data showWATCH | Omicron threat: US sees highest surge in daily Covid-19 cases","['omicron variant', ' omicron cases', ' daily infections', ' daily new covid cases', ' United states', ' france', ' United kingdom', ' European union', ' coronavirus cases']",https://www.indiatoday.in/diu/story/daily-reported-covid-cases-spiralling-globally-record-number-omicron-1894398-2021-12-31
7,data-intelligence-unit,"As assembly polls near, here’s a look at Covid situation in poll-bound states","(30, 12, 2021)","With the daily reported Covid cases spiking again in the country and assembly elections in five states approaching, the Election Commission of India will soon take stock of the situation and decide the future course of action. The five poll-bound states are Uttar Pradesh, Punjab, Uttarakhand, Goa and Manipur.

Another concern for the authorities is the rise in highly transmissible Omicron cases globally. So far, the variant of concern has spread in 22 states and Union Territories across the country. India Today's Data Intelligence Unit (DIU) looked at the Covid situation in these five states going to the polls and where they stand. As per the latest available data for December 29, while there are a few active Covid cases in all five states at the moment, the important metric to look at is the proportion of the fully vaccinated population. On this count, Punjab, Uttar Pradesh and Manipur are way below the national average. Only 41 per cent of the eligible population has received both their vaccine doses in Punjab against the national average of more than 62 per cent. Similarly, Uttar Pradesh has fully inoculated 47 per cent of the adult population and Manipur nearly 50 per cent.READ | Will assembly polls be deferred due to Covid? Election Commission says all parties want election on time However, Goa and Uttarakhand are way ahead of their peers, with the fully vaccinated population at 94 and 81 per cent, respectively. Both the states have also administered at least one dose to the entire eligible people. With more than 75 per cent coverage, Uttar Pradesh and Punjab are better placed in inoculating the eligible citizens with at least one dose.The Election Commission has been on a tour of poll-bound states and recently met Health Secretary Rajesh Bhushan to appeal to the Ministry to expedite the vaccination process to fully inoculate the population at the earliest. In a recent letter to states, the Health Secretary Rajesh Bhushan said, ""ln the poll-bound States, there is a possibility of increased instances of crowding, hence, next week and fortnight is crucial in these States to maximize the vaccination coverage. These States must review the implementation of their district-wise vaccination plans on a daily basis to ensure that the speed and coverage of Covid-19 vaccination is enhanced significantly."" The Centre also added that personnel deployed in poll duties would be eligible for booster shots.Other Covid MetricsLooking at the other Covid metrics, the daily test positivity rate (TPR) as of December 29 in Uttar Pradesh, Uttarakhand and Punjab is below 0.5 per cent, while the same in Goa is at 4 per cent and in Manipur, it is above 1 per cent. In terms of the weekly average of new Covid infections, every state has witnessed a spike in the reported cases this week compared to last. However, in recent months, the fatality numbers have been low for all five states. Covid-19 RestrictionsWith the fear of Omicron looming large, certain poll-bound states have issued restrictions. For instance, the Uttar Pradesh and Uttarakhand governments have imposed a night curfew. The Punjab government has asked citizens to not step out of home unless fully vaccinated. At the same time, there are no restrictions in Goa, and all the activities and New Year celebrations are happening in full swing, with citizens only needing to show the fully vaccinated certificate or negative RTPCR report to participate.WATCH | Can night curfew, partial lockdowns slow Omicron spread?",NA,https://www.indiatoday.in/diu/story/assembly-polls-look-at-covid-situation-in-poll-bound-states-1894134-2021-12-30
8,data-intelligence-unit,NA,NA,NA,NA,https://www.indiatoday.in/diu/video/diu-video-making-sense-of-europe-s-covid-numbers-1892902-2021-12-27
9,data-intelligence-unit,"Vaccines considerably reduce Covid-related hospitalisation, data show","(26, 12, 2021)","On December 24, London reported more than 26,000 new Covid cases and 23 deaths. The same day, there were 2,260 Covid patients in London hospitals.

Contrast this to the situation in the beginning of 2021. In the midst of a raging, and perhaps most lethal till date, Covid wave in the middle of January, the average daily cases in the city were nearly 13,000 and hospital occupancy at around 8,000. In other words, while the daily reported number of infections has doubled in London compared to what was the case nearly 11 months ago, the burden on hospitals is a fourth of what was the case then.The crucial difference between then and now is vaccinations. Almost the entire eligible population of more than 75 lakhs in London have received both their vaccine doses and almost half of them an additional booster dose.READ: Omicron likely to peak in Feb 2022 but subside in a month, say scientistsAccording to the UK government’s latest vaccine surveillance report, “in total, around 261,500 hospitalisations have been prevented in those aged 45 years and over up to 19 September 2021.” It adds that “estimates suggest that 127,500 deaths and 24,144,000 infections have been prevented as a result of the COVID19 vaccination programme, up to 24 September.”A separate analysis by the UK’s department of health shows that the chances of hospitalisation of the unvaccinated population is nearly four times more than for the fully vaccinated ones. This is based on November 8 to December 5 data in Northern Ireland. Infographic by India Today DIUChances of hospitalisation among fully vaccinated quite low in New YorkThe latest analysis by the New York state health department too shows that “fully-vaccinated New Yorkers had between a 90.2% and 95.7% lower chance of being hospitalised with COVID-19, compared to unvaccinated New Yorkers.”And the trend of fewer hospitalisation among the vaccinated ones has stayed the same even in the face of the Omicron surge. On vaccine immunity against infection caused by the new variant, the health department bulletin says “fully-vaccinated New Yorkers had about a 75% lower chance of becoming a COVID-19 case, compared to unvaccinated New Yorkers.” This is based on the analysis of the post-December 13 trend.A study done by Yale School of Public health in August had estimated that the US would have seen “279,000 more deaths and nearly 1.25 million further hospitalizations compared to reported levels” without the vaccination rollout. Infographic by India Today DIUAnd the recent reports indicate that vaccines have afforded protection against the new Omicron variant also.An earlier analysis done by India Today Data Intelligence Unit (DIU) has shown that vaccination and booster doses have reduced fatalities considerably. Their impact on containing the spread of infection has varied across geographies.","['covid vaccines', ' vaccination corona', ' covid vaccines reduce hospitalisation']",https://www.indiatoday.in/diu/story/vaccines-considerably-reduce-covid-related-hospitalisation-data-show-1892488-2021-12-26
10,data-intelligence-unit,How effective have booster doses been in containing the spread of coronavirus ,"(23, 12, 2021)","In the last week of January 2021, the United States was reporting an average of 1.6 lakh Covid cases a day. The daily fatality number was close to 3,300. Following the vaccination rollout, the country witnessed a drop in cases and deaths in the months that followed.

The relief was short-lived. The number of cases began to rise again in the country in the last week of August and stayed at an elevated level of nearly 1.5 lakh a day in the better part of September. The daily death count averaged around 1,700 for the whole of September. That was also the time of booster doses.After yet another brief period of respite, Covid cases have begun to rise again in the US. Average cases crossed 1.6 lakh again on December 22 and the fatality number stands close to 1,300 now. The US, therefore, witnessed three phases of similarly high daily cases in 2021. The fatality count has been different in each phase. While vaccination has been credited for reduction in fatalities after January, booster doses are considered crucial for reduced fatalities now. The trajectory that the pandemic has followed in the US, however, shows that neither full vaccination nor booster doses have managed to contain the spread of infection.India Today Data Intelligence Unit (DIU) analysed the data of five countries the US, the UK, Germany, France and Israel. All five have been aggressive with booster rollout. The common theme that emerges is that while vaccination and booster doses have reduced fatalities considerably, their impact on containing the spread of infection has varied across geographies.Among developed countries, the booster programme has been slow in the US. In Israel and the UK, more than 40 per cent of the population have received booster shots. In both countries, booster programmes have worked differently.In Israel, for instance, the booster rollout was swift and the decline in Covid cases and deaths was quite sharp too. Enthused by the outcome, Israel is contemplating a fourth dose for all those above 60 years and its healthcare workers. The second booster will be administered to the vulnerable groups. The UK, however, has followed a different trajectory altogether. While the number of cases has surged to a record of more than one lakh, fatality numbers seem to be trending downwards.Daily average case on January 9, 2021, was at a peak of around 60,000 and average death on the same day was around 900. However, now, when the average daily case is more than 90,000, the average death is 112. In mid-April 2021, average daily case in France was 45,629 and average daily death was 288. At present, average case per day in France is 56,887, while average daily death is 162. In Germany too, average daily case was 21,596 and average daily death at 231 in mid-April 2021. Germany has seen surge in cases, but not quite in fatalities. Trends across the entire Europe show how the virus may have remained equally transmissible but it has lost its sting along the way. Average daily case during mid-April 2021 was around 1.7 lakh and average daily death was around 3,500. However, now, average daily case has more than doubled to 3.9 lakh but average daily deaths remain at the same level. Europe is driving the renewed Covid surge across the globe.READ | Delmicron chatter while world faces Omicron threat. Is it even a thing?","['booster dose', ' covid vaccine', ' covid booster dose', ' omicron vaccine', ' omicron booster dose']",https://www.indiatoday.in/diu/story/how-effective-have-booster-doses-been-in-containing-the-spread-of-coronavirus-1891423-2021-12-23
11,data-intelligence-unit,NA,NA,NA,NA,https://www.indiatoday.in/diu/video/diu-video-global-covid-19-update-1891367-2021-12-23
12,data-intelligence-unit,"Global Omicron tally crosses one lakh, hospitalisation remains low","(22, 12, 2021)","With the addition of more than 15,000 new cases in the United Kingdom alone, the global tally of Omicron cases goes past 100,000 now. The UK and Denmark account for most Omicron cases at the moment. The new variant is reported to have claimed 16 lives globally. Only two weeks back in the United States, Omicron was found in nearly 1 per cent of the total sequenced Covid-19 cases, but now make up 73 per cent in the week ending December 18.

Omicron infects up to 70 times faster than earlier variants, researchers at the University of Hong Kong said. As of December 21, the variant was confirmed in 106 countries, according to a World Health Organizsation report. The efficacy of vaccines against Omicron is still unknown. Here are five insights from the published data and recent studies:Only a fraction of patients needs hospital care The two most affected countries the UK and Denmark have published hospitalisation data of those infected with the Omicron variant. Of the over 60,000 confirmed cases of Omicron in the UK, the number of people in hospital care is 129 or 0.2 per cent. Denmark has a total of 26,000 Omicron cases and 47 of them or 0.18 per cent are in hospital care.Infectiousness, severity still a puzzle The latest update from the Centers for Disease Control and Prevention of the United States says it is still unknown as to whether the new variant is more infectious. It says, “The Omicron variant will likely spread more easily than the original SARS-CoV-2 virus, but how easily it spreads compared to Delta remains unknown.” On the severity of the new variant, it says more data analysis is required for a definitive answer.Risk of re-infection much higher Omicron has over 30 changes in the spike protein and half of them are in the area that binds to the enzyme and cause an infection.A recent Imperial College study says the chances of getting re-infected is much higher with the new variant. Based on UK data, it says, “The risk of re-infection with the Omicron variant is 5.4 times greater than that of the Delta variant. This implies that protection against re-infection by Omicron afforded by past infection may be as low as 19%.”Cases dropping in South Africa Daily Covid cases dropped to 15,423 on December 21 from 24,785 on December 16 in South Africa. The drop has been as steep as the rise. Daily cases in the UK have been stable at an elevated level for a few days now. Hospitalisations in the UK and South Africa continue to rise, and given the rapidly increasing case numbers, it is possible that healthcare systems may become overwhelmed.“Preliminary data suggest that there is a reduction in neutralisation of Omicron in those who have received a primary vaccination series or in those who have had prior SARS-CoV-2 infection, which may suggest a level of humoral immune evasion,” the WHO said in its latest report.Omicron now present in 15 Indian states/UTs  In India, the variant has already spread to 15 states and Union territories. Maharashtra and Delhi have detected the maximum number of Omicron cases. What is encouraging is that nearly half of all infected persons have already recovered. The government though reckons that Omicron variant is three times more transmissible than the Delta variant. ",NA,https://www.indiatoday.in/diu/story/global-omicron-tally-crosses-one-lakh-hospitalisation-remains-low-1890975-2021-12-22
