SN,category,headline,date,content,keywords,link
1,data-intelligence-unit,"Samosa, chicken biryani & gulab jamun: The desi foodgasm guide for Indians in 2021","(22, 12, 2021)","When it comes to snacks, the good old samosa wins hands down. At dinner, relishing on some chicken biryani is plain irresistible. And who would like to miss a gulab jamun for dessert! Wait, do we even need an occasion to pop that piece of heaven in our mouths?

Latest data by Swiggy reinforces the belief that as much as we try to incorporate Western practices in our lifestyle, our food habits remain very ‘desi’. “StatEATstics” compiled by the food delivery platform based on lakhs of orders show samosa, chicken biryani and gulab jamun have given maximum satisfaction to Indians in 2021.With 50 lakh orders, samosa was the most preferred snack among Indians, which was six times more than chicken wings. Pav bhaji was India’s second favourite snack with 21 lakh orders. Among desserts, gulab jamun pleased the most taste buds with 21 lakh orders, followed by rasmalai with 12.7 lakh orders.Though the obsession with Indian dishes is clearly visible, there is a contrast when it comes to late-night orders (after 10 pm). Cheese-garlic bread, popcorn and French fries have been found to mostly satisfy midnight cravings. Indians’ love for biryani dates hundreds of years back and it is still the most-preferred dish. The craze is such that Swiggy received six crore orders for biryani in 2021. Well, that’s the population of Italy!Six crore orders mean 115 orders per minute or two orders every second. Chicken biryani was ordered 4.3 times more than veg biryani. Also, around 4.3 lakh new users made their first order as chicken biryani this year. Though chicken biryani topped the list of most ordered dishes in cities such as Chennai, Hyderabad, Kolkata and Lucknow, there were some local preferences too. Mumbai’s love for dal khichdi, Bengaluru’s affair with masala dosa and Delhi’s intimacy with dal makhani remained intact. Pune and Jaipur had their taste buds glued to paneer tikka masala and dal fry. “Despite a growing inclination towards veganism, Indians continue to enjoy their meat. While chicken was India’s preferred choice of non-vegetarian food, ready-to-cook meats evolved into the new favourite category in meat this year,” Swiggy said in its sixth annual StatEATstics report.READ | Desi foodies ordered 115 chicken biryanis per minute in 2021","['samosa', ' gulab jamun', ' desi food guide', ' desi foodgasm guide']",https://www.indiatoday.in/diu/story/samosa-chicken-biryani-gulab-jamun-the-desi-foodgasm-guide-for-indians-in-2021-1890957-2021-12-22
2,data-intelligence-unit,"Omicron likely to peak in Feb 2022 but subside in a month, say scientists","(21, 12, 2021)","A mild new Covid wave may hit India in February 2022, estimate two scientists behind the much talked about Sutra model of tracking the pandemic trajectory in the country.

Manindra Agrawal of IIT Kanpur and M Vidyasagar of IIT Hyderabad, co-founders of the model, told India Today that in the “worst case scenario”, daily new cases may be in the range of 1.5 to 1.8 lakhs in February. That may happen if the new Omicron variant completely evades immunities acquired either naturally or through vaccination.India likely to mirror Omicron growth in SAIf what is happening in South Africa is any measure, the spread of the new variant will be fast and its fall from the peak equally swift. In case of South Africa, the number of cases peaked in three weeks and the decline has already started, Manindra Agrawal said.  The average number of Covid cases in South Africa hit a high of nearly 23,000 on December 15 and has dropped below 20,000 now. The fatality number, though still in double digits, is still rising.The IIT professors observe that given the similarity in demographics and the level of natural immunity, India is likely to mirror the Omicron trajectory unfolding in South Africa. This means there are “reasons to be cautiously optimistic” about India.However, one thing still unknown about the new variant is to what extent it evades immunity, acquired either naturally or through vaccination.The Omicron scare is likely to come down from February if current projections about cases, deaths and hospitalisations are to be considered for the United Kingdom and the United States.The UK and the US together account for 34 per cent of daily Covid cases and 20 per cent of daily Covid deaths globally.Read | US reports 1st Omicron-related death as unvaccinated man diesProjections for UK and USAccording to the UK health security agency, the country’s Omicron case count crossed 45,000 on December 20. While 129 of them are in hospital care, 14 have succumbed to the virus.The UK is witnessing a renewed surge like never before. While daily new cases have spiked by 61 per cent week-on-week, there has been a 6 per cent increase in hospital admissions. However, the number of fatalities has dropped by a little more than 5 per cent in the same period.As per projections by the Wellcome Centre for Human Neuroimaging of the University College London, Covid-related deaths and hospitalisation in the UK are likely to peak in the first week of January. While daily hospital admissions are projected to cross 1,200 (from the present 919) on January 7, daily deaths are likely to reach 137 (from the present 112).The December 18 projection says “these (seven-day average) estimates are likely to rise if infection rates do not fall in the next few days”. The Centers for Disease Control and Prevention of the United States publishes weekly projection of cases, deaths and hospitalisations based on a number of modellings. As per the latest projection, daily new cases may likely stay within the present range. Hospital admissions and fatalities may witness a spike in the first week of January. The CDC observes that “current increases in Omicron cases are likely to lead to a national surge in the coming weeks with peak daily numbers of new infections that could exceed previous peaks; these scenarios may be realized as soon as January”.“In scenarios with lower immune evasion, a surge is still likely, but the peak could be lower and begin as late as April 2022. Projected large surges in cases indicate surges of hospital demand even if severity is reduced, because of the large number of anticipated cases occurring in a short period of time,” the report further said.The United States recorded an average of 1.4 lakh daily Covid cases and 1,226 daily Covid deaths as of December 20, 2021. While deaths are almost at the same level as the week before, cases have risen by around 17 per cent in the same duration.Read | Planning a trip abroad for Christmas-New Year? Here are Omicron curbs you must know","['Omicron', ' India Omicron', ' India third wave', ' Covid-19', ' Pandemic', ' UK Covid case', ' UK Omicron case', ' US omicron', ' US covid case', ' Omicron peak', 'Omicron likely to peak in Feb 2022 but subside by next month', ' say scientists', ' Covid death', ' US Covid death', ' UK covid death']",https://www.indiatoday.in/diu/story/omicron-likely-to-peak-in-feb-2022-but-subside-by-its-next-month-say-scientists-1890459-2021-12-21
3,data-intelligence-unit,"Not so merry Christmas? Covid resurgence forces fresh restrictions, lockdowns in Europe","(20, 12, 2021)","The resurgence of Covid cases is poised to affect Christmas and New Year celebrations as many countries have imposed lockdowns and restrictions to arrest the spread of infection. At an average of 6.46 lakh daily cases, fresh Covid infections around the globe have surged by 12 per cent since the beginning of this month and nearly 5 per cent since last week. While Europe accounts for 58 per cent of the daily global cases, the United States accounts for 20 per cent.

 Infographic by India Today DIUOmicron, the new variant, is spreading rapidly, leading to a dramatic rise in cases in many countries, including the United Kingdom. In just a week, Covid cases in the UK shot up by 51 per cent from 51,297 to 77,601 on December 19, 2021. Infographic by India Today DIUNetherlands has imposed a nationwide lockdown while the UK is mulling the same. Germany and Norway have also imposed lockdown-like restrictions to curb the fresh surge in cases.The French government has urged people to get vaccinated soon. French Prime Minister Jean Castex said in a news conference that the fifth wave is here and it is here in full force. He added that the fast-spreading Omicron variant is expected to dominate infections in France at the start of January. Infographic by India Today DIULatest data, however, show that the rise in cases has not led to rise in deaths so far. While average global cases rose 12 per cent since December 1, 2021, average daily deaths decreased by 4.4 per cent from 7,133 to 6,818 in the same duration.""Even with new variants emerging, vaccines remain one of the most effective tools to protect people against serious illness and death from SARS-COV-2,"" said Dr Mariangela Simao, WHO Assistant Director General for Access to Medicines and Health Products.Live TV--- ENDS ---READ | What we know about spread of Omicron so farALSO READ | Tale of two Covid variants: What makes Omicron more infectious than Delta WATCH | Are vaccines effective against Omicron?","['omicron variant', ' omicron cases', ' omicron variant covid', ' omicron news', ' omicron spread christmas', ' omicron variant christmas']",https://www.indiatoday.in/diu/story/not-so-merry-christmas-covid-resurgence-forces-fresh-restrictions-lockdowns-in-europe-1890018-2021-12-20
4,data-intelligence-unit,What we know about spread of Omicron so far,"(17, 12, 2021)","The omicron variant of Covid-19 seems unstoppable now. Despite the overall drop in corona cases in India, the new variant has infected more than 100 people across 11 states in the country so far.

Initial data from the states show Maharashtra remains a hotspot with 32 Omicron cases, followed by Delhi(22) and Rajasthan(17). However, India's overall Covid spread seems to have a declining trend as average new cases reported 13 per cent less than one week ago. But average daily deaths are 45 per cent higher in the same period.It's clear now that Omicron is spreading fast within major cities like New York and London, but what is the trend of Corona cases in India's five big cities and the rest of the districts?The average weekly trend shows that cases are rising in Mumbai, Kolkata and Bengaluru, but there is a decline in Capital City Delhi and Chennai. Compared to the previous week, the average number of new cases in Delhi and Chennai declined 30 per cent and 6 per cent respectively this week (as of Dec 14). Nonetheless, this still corresponded to a 14 per cent increase in Mumbai and 12 per cent in Kolkata and Bengaluru each the same period. However, the Covid situation in other cities seems to be under control at the moment.The latest data Test Positivity Rate (TPR) data reveal More than 85 per cent of districts have turned green as Covid-19 test positivity rate drops below 1 per cent. There are 72 districts with TPR between 1 and 5, 15 with TPR between 5 and 10 and 9 districts with TPR above 10. Low TPR indicates that the infection is under control.TPR is the proportion of confirmed cases out of all the tests done. A higher rate means that the infection is spreading at a faster clip. Globally, the new Coronavirus variant, deemed highly transmissible, has led to a recent surge of Covid cases in New York and London, the two premier international financial centres.Reportedly Omicron has already become a dominant variant in London, accounting for more than 50 per cent of the cases. And nearly 13 per cent of all new cases in New York are of the Omicron variant, according to the Centers for Disease Control and Prevention of the US. Globally though, Omicron cases are climbing rapidly, and the new variant spread in more than 90 countries in slightly over three weeks. The UK and Denmark continue to report a surge in nearly 12 thousand and 9 thousand new cases, respectively.“WHO is concerned that people are dismissing Omicron as mild and has said that the sheer number of cases could once again overwhelm unprepared health systems,” Lav Agarwal, Joint Secretary in the Health Ministry said on Friday.",NA,https://www.indiatoday.in/diu/story/what-we-know-about-spread-of-omicron-so-far-1889165-2021-12-17
5,data-intelligence-unit,What do Covid numbers from the UK tell us about Omicron | 5 points,"(17, 12, 2021)","The spread of Omicron, the new coronavirus variant considered highly transmissible, in the United Kingdom has been very rapid. According to the UK government estimates, nearly 25 per cent of all new Covid cases are of the new variant.

Data from the UK clearly show that Omicron is much more infectious. But on the scale of severity, it remains on the milder side. At least that has been the case so far.Here are five broad indications from the unfolding Covid situation in the UK: According to the UK government data, there was a sharp jump of 31 per cent in new cases week-on-week and a nine per cent jump in people admitted for hospital care. However, there was a drop of 6 per cent in Covid deaths in the week ending-December 16, compared to the previous week. These numbers show that the new variant is less severe.  2. At the current rate, the number of new Covid cases may double in the UK in less than nine days. The daily cases in the country have already touched 88,000, which is a good 20,000 more than the previous peak in the fierce wave in December-January. The share of Omicron in total cases is estimated to be 24 per cent in the country.3. Data shows that the variant is highly transmissible. The doubling rate of new cases in London has changed from 20 days on December 1 to 4.4 days on December 16. In other words, new cases may double in less than five days in London at the current rate.The share of Omicron in total cases in London is estimated to be more than 50 per cent. It is already the most dominant variant in the city. Daily cases in London stood at 23,272, which is two-and-a-half times more than what the city was recording a week ago. However, the number of deaths has largely remained unchanged. 4. The UK has gone for aggressive testing. In the last seven days, more than 90 lakh tests have been done and this is 19 per cent more than the previous week. As per the latest data, test positivity rate hasn’t seen any spike in recent days.5. According to the UK’s National Health Services (NHS), the common symptoms of the new variant are more or less the same and include headache, loss of smell and taste, nasal congestion, muscle pain, sore throat, and fever. The symptoms so far have appeared to be mild.Read | With 78,610 new patients, UK sees highest ever daily Covid cases amid Omicron spreadRead | Covid-19: UK reports first death with Omicron variant",NA,https://www.indiatoday.in/diu/story/what-do-covid-numbers-from-the-uk-tell-us-about-omicron-5-points-1889067-2021-12-17
6,data-intelligence-unit,NA,NA,NA,NA,https://www.indiatoday.in/diu/video/diu-video-india-s-covid-19-snapshot-1889025-2021-12-17
7,data-intelligence-unit,Bollywood losing its sheen? Google Trends data indicate just that,"(16, 12, 2021)","Bollywood, cricket, elections, jobs and education are among the most popular topics of interest for Indians. Even year-end Google Trends data for the decade indicates the same. But is the pecking order and preference changing lately?

India Today Data Intelligence Unit (DIU) analysed Google Trends data for the last ten years to take a closer look at the changing preference of digital audiences.In six of the last ten years, at least eight of the top 10 searches on Google have a Bollywood or Sports connection, with a higher contribution of the former. In fact, in 2017, all the top 10 search trends were either from Bollywood or Sports. Dangal, which is among the top 10 search trends of 2017, is one of Aamir Khan’s mega-blockbuster, released in the last week of 2016. Similarly, many other Bollywood movies released in 2017 make it to the top 10 searches of that year.ALSO READ | Aryan Khan doesn't need to mark weekly attendance at NCB Mumbai office: Bombay HCHowever, in 2020, when the coronavirus-induced pandemic battered the world, people did not look for Bollywood-related content online as much as they used to do earlier. In fact, ‘Dil Bechara’ was the lone Bollywood entry in the top 10 search trends. And the reason the movie created a buzz online was more to do with the tragic death of its lead actor Sushant Singh Rajput than the movie itself. Similarly, the only sports-related entry in the top 10 was the Indian Premier League.Surprisingly, other than coronavirus, Indians searched more political content in 2020 compared to previous years. Last year, four of the top 10 searches were Bihar election results, Delhi election results, United States election results and Joe Biden. Likewise, in 2021, the only name with some Bollywood connection people looked for online is Aryan Khan. Here too, the reason is the infamous drug case. With restrictions to contain the pandemic, only a handful of movies were being produced, and consequently, fewer were still being screened in theatres. It could be the reason why the domination of Bollywood stars in the mind space of Indians seems to be waning.Copa America and Euro among top searches in India in 2021 With six of the top 10 searches, sports-related topics have made a strong comeback in 2021. Olympic gold medallist Neeraj Chopra is among the most searched personalities and the ‘Tokyo Olympics’. At the same time, Euro Cup and Copa America too got the kind of attention rarely seen before. They are among the top 10 searches this year.Perhaps, mega sporting events like these provided much-needed relief to people in an otherwise pandemic-induced gloomy environment.ALSO READ | Shah Rukh Khan makes first digital appearance after son Aryan's bail. Welcome back, say fansAnalysis of data of the last ten years also shows that education- or job-related searches are not so popular anymore as they used to be. Three of the top 10 searches in 2012 were related to education and employment. They included the IBPS, GATE and CBSE exams. In fact, GATE exams remained one of the top searches for the next couple of years as well.However, from 2016 onwards, the NEET results were the only education- or job-related search making it to the top 10.While coronavirus remained one of the top searches in 2020, CoWIN and Covid vaccine replaced it in 2021.A look at the top 10 Google search trends of 2021 indicates that people are perhaps in a mood to move beyond the pandemic, as Indians were searching for sporting events (and there were quite a few this year) and online games for some solace.With movie theatres likely to open and many big blockbuster releases anticipated, will Bollywood get its mojo back?Live TVALSO READ | Gauri Khan shares first Instagram post after Aryan Khan's bail. Fans say SRK ka dhyan rakhna",NA,https://www.indiatoday.in/diu/story/bollywood-losing-sheen-google-trends-data-1888432-2021-12-16
8,data-intelligence-unit,Indian stock market a silver lining amid dark clouds of coronavirus,"(15, 12, 2021)","The pandemic kept lives and livelihood on toes since early 2020, but this dark cloud also had a silver lining in the form of a strong return from the stock market. The Indian stock market outperformed others this year, and the number of new demat accounts too rose significantly.

Nifty 50 gave a return of over 23 per cent, while Sensex delivered a return of over 21 per cent year-to-date.“Stock prices follow earnings, and Indian corporates have the strongest fundamental momentum. Earnings saw strong growth of about 18-20 per cent,” Nishant Srivastava, Head Retail Broking and Distribution of Reliance Securities, told India Today Data Intelligence Unit.Market-friendly measures were delivered by Indian policymakers, which led to the infusion of higher liquidity from domestic and global investors, pushing the markets higher, Srivastava added.The current year also witnessed the unprecedented value of IPO issuance. While 56 IPOs were launched in the financial year 2021-22 till November, the valuation of these public issues was at a record high of over Rs 1 lakh crore, according to the Prime Database. Record surge in new demat accounts As of October-end, 2021, there are around 2.75 crore mutual fund investors and 7.38 crore demat account holders in the country, the government apprised the Parliament on December 13, 2021.Interestingly, one-fourth of the total demat accounts in India were opened in only seven months (April-October) this year and 45 per cent accounts have been opened since April 2020. A total of 1.87 crore demat accounts have been opened in this financial year, till October. “It is a usual phenomenon that bull markets attract new traders/investors to the markets. Also, volatility added fuel for traders to take advantage of bull markets,” Rahul Shah, Senior VP, Group Advisory Leader Broking & Distribution, Motilal Oswal Financial Services, told DIU. Most importantly, lower interest rates have attracted a lot of new investors to allocate in equities, he added.With the economy recovering and crores of new investors, the Indian stock market is expected to deliver good returns in the upcoming year as well.Markets are poised to give superior returns in 2022 after recent corrections of 7-8 per cent in indices. Earnings estimates for FY22/FY23 are stable and haven’t seen any downward revision, strengthening the belief in the resumption of a new earnings cycle, Rahul Shah further said.","['coronavirus', 'covid 19', 'stock market', '']",https://www.indiatoday.in/diu/story/indian-stock-market-silver-lining-dark-clouds-coronavirus-1888257-2021-12-15
9,data-intelligence-unit,NA,NA,NA,NA,https://www.indiatoday.in/diu/video/diu-video-are-coronavirus-vaccines-working-in-europe-1887827-2021-12-14
10,data-intelligence-unit,"Loss of income, rise in health expenses: How the Covid pandemic has made Indians poorer","(14, 12, 2021)","Sample these: 65.6 per cent households in lower-income countries reported financial reasons for not accessing healthcare during the pandemic; global poverty rates have increased for the first time in decades; 9.7 crore additional people have been pushed to extreme poverty in 2020 due to Covid.

Even as the number of Covid infections has subdued in India, the collateral damages caused by the pandemic are set to stay for a while. One of those is crores of people being pushed into extreme poverty. “The global poverty rate has increased for the first time after the 1997-98 Asian financial crisis,” said a joint report by the World Health Organization (WHO) and World Bank.While nearly 10 crore more people have been pushed into extreme poverty in 2020 globally, the impact at the household level has been substantial. The survey conducted by both UN bodies shows that 70 per cent of the households in lower-middle-income countries such as India experienced a fall in income during the pandemic.Workers from more than half the households did not work as usual and received partial or no payment. And workers from around one-third of the households stopped working after the Covid-19 outbreak. To cope with the loss of income, a little over half the households cut spendings, while one-third of the households used emergency savings. The loss of income will not only affect the financial condition of these households but also the healthcare facilities they can avail in future as the pandemic has led to a rise in other diseases too. “Immunisation coverage dropped for the first time in ten years, and deaths from TB and malaria increased,” the WHO had said.Some 17.63 lakh TB cases were detected between January and October 2021 in India, which is 18 per cent higher compared to the same duration in 2020, according to a reply by health minister Bharati Pravin Pawar in Lok Sabha on December 10, 2021.Besides, self-medication for analgesia, antibiotics and antipyretics to treat common symptoms such as fever, cough and flu likely increased during the pandemic, and consequently, the expenditure on these items rose by 25 per cent in India.While such expenditures are added, the loss of income has further decreased the households’ capacity to pay, and the impact may be deeper in India due to its low health coverage. Globally, the health coverage is measured by the Universal Health Coverage (UHC) Index, which is based on reproductive, maternal, newborn, child and adolescent health; infectious diseases; non-communicable diseases; and service capacity and access.UHC represents the aspiration that good quality health services should be received by everyone, without incurring financial hardship. While UHC in India is low, out-of-pocket expenditure (OOPE) on health services is very high compared to the global average and the average of lower-middle-income countries. Expenses that a patient or the family pays directly to the healthcare provider without third party intervention is known as OOPE.The global average of OOPE was 18 per cent of the current health expenditure, whereas it was 63 per cent for India in 2018, according to Niti Aayog. High OOPE poses financial risk to individuals as they are vulnerable to impoverishment from expensive trips to the hospital and other health facilities. Relatively low health insurance coverage and costlier provision of health services in the private sector are believed to be responsible for India’s high OOPE.Read | Covid 2.0: Job losses leave families distraught, hunger tales echo across IndiaRead | Job loss in women-centric sectors, family care & more: Why young female workers were worst hit by Covid ",NA,https://www.indiatoday.in/diu/story/loss-income-rise-health-expenses-how-covid-pandemic-made-indians-poorer-1887746-2021-12-14
11,data-intelligence-unit,"Battleground Punjab: Parties voted out frequently, candidates survive many an election","(14, 12, 2021)","In the last 52 years, Punjab has voted in favour of an incumbent just once. The state is known to change its ruling party every five years, almost without fail. In this sense, anti-incumbency is a norm and pro-incumbency a rare exception in Punjab.

Therefore, on paper, the ruling party or coalition enters the electoral arena with some disadvantages. But does this mean candidates too face voters’ wrath every five years?India Today Data Intelligence Unit (DIU) analysed all assembly election data since 2002. Numbers show that in the last four elections, more than four out of 10 re-contesting candidates end up winning the polls on average. And it is not such a bad outcome for incumbents.ALSO READ | Decoded: How The Repeal Of Three Farm Laws Going To Impact Punjab's Political LandscapeThe number for Punjab is in sharp contrast to the situation in Uttar Pradesh, where few incumbents get re-nominated, and fewer end up winning again. In the last four elections in Uttar Pradesh, only 40 per cent or fewer incumbent MLAs were re-nominated by their parties.The incumbent factor In the 2012 UP election, only a third of incumbents had re-contested. And only 41 per cent of these candidates had emerged victorious that year. The winning percentage of incumbent candidates was less than 30 per cent in 2017. These numbers clearly establish that local level anti-incumbency is relatively high in UP. The situation in Punjab is quite different. Data show that the re-nomination percentage is high at around 70 per cent. And among re-nominated candidates, the winning percentage is close to 45 per cent. In 2012, nearly 57 per cent of the incumbents had won their seats, while it was 44 per cent in 2017.ALSO READ | Did Congress high command clip Navjot Singh Sidhu's wings?This means sitting MLAs have a much better chance of getting fielded and winning elections. It also shows that while parties may lose their appeal among the electorate, candidates continue to retain their popularity.Thumbs down for defectors There are two more discernible trends about the assembly elections in Punjab.First, turncoats are rare to win their assembly seats in the state. The probability of a defector winning is less than 20 per cent. In 2002 and 2012, it was less than 10 per cent.So is this the reason why switching sides just ahead of elections is relatively infrequent in Punjab?Two, the preponderance of first-timers in Punjab assemblies has increased over the years. In this sense, there seems to be some convergence with UP. On average, seven out of 10 MLAs in UP have been first-timers for years. Data show that more than 51 per cent of fresh faces entered the Punjab assembly in 2002. It jumped to 61 per cent in 2017. The spike in the last elections could be because of the debut of the Aam Aadmi Party in Punjab. A new party with fresh faces could have ensured a higher proportion of debutants in the assembly. In 2012, there were 55 per cent first-timers in the assembly.Nearly a fourth of the winning candidates in the last four elections had at least one previous term. Close to 13 per cent of winners had at least two earlier wins in their kitty.The composition of the Punjab assembly has been a mix of new and experienced faces. Will the state follow a similar trajectory in the upcoming elections in 2022?Live TV--- ENDS ---ALSO READ | Punjab govt moves SC against Centre's decision to extend BSF jurisdiction","['Punjab election', ' Punjab politics', ' Channi']",https://www.indiatoday.in/diu/story/battleground-punjab-parties-voted-out-frequently-1887664-2021-12-14
12,data-intelligence-unit,"Age variation in winners, more participants: How the Miss Universe contest has evolved over the years ","(13, 12, 2021)","After a huge gap of 21 years, India’s Harnaaz Sandhu has brought the Miss Universe crown back home. The 21-year-old from Chandigarh won the title beating Paraguay’s Nadia Ferreira and South Africa’s Lalela Mswane. Last year’s winner Andrea Meza from Mexico crowned her successor at the global beauty pageant held in Eilat, Israel.

Harnaaz became only the third Indian to win the coveted title. Sushmita Sen was the first Indian to be crowned Miss Universe in 1994 when she was only 18. Six years later, it was then 22-year-old Lara Dutta who became the first choice for the jury. Both women went on to become known names in India’s film fraternity.This was the 70thMiss Universe competition, and its evolution has been an interesting one so far.Data reveals wide variation in the age of crown holders. In 1952, when the contest started, 17-year-old Armi Kuusela from Finland had won the title. She was followed by another 17-year-old Christiane Martel from France in 1953. Apart from them, the only 17-year-old winner was Peru’s Gladys Zender who claimed the title in 1957, as the rest of the winners have all been 18 or above.As far as the oldest winners are concerned, four 26-year-old beauty queens took the crown home. They are Brook Lee from the United States in 1997, Pia Wurtzbach from the Philippines in 2015, Zozibini Tunzi from South Africa in 2019 and Andrea Meza from Mexico in 2020.Data also show that the United States is the only country to have won the title eight times, the highest over the years. Interestingly, the competition is organised by the US-based Miss Universe Organization and is one of the oldest ‘Big Four’ international beauty pageants. The US is followed by Venezuela that has produced seven crown holders, and Puerto Rico, with five winners. Venezuela is the only country to have won the title in consecutive years 2008 and 2009.While India has won the title three times, only three other countries hold this record so far. Overall, 17 countries have sent more than one participant for the Miss Universe title since its inception in 1952. Another trend that has become more apparent in the contest is the gradual rise in the number of participants. For instance, in the inaugural year, 30 candidates participated, while the same number for 2021 stood at 80. Ninety-four women participated in 2018, the highest so far, while the least was in 1953, when only 26 contestants took part in the event.",NA,https://www.indiatoday.in/diu/story/miss-universe-contest-age-variation-in-winners-more-participants-harnaaz-sandhu-1887399-2021-12-13
