SN,category,headline,date,content,keywords,link
1,data-intelligence-unit,Covid may lose sting soon but humps of Covid waste will haunt for decades,"(3, 2, 2022)","The coronavirus may lose its sting in the near future, but the medical waste it has already generated and continues to leave behind may take decades to decompose. Globally, close to 38.5 crore people have so far been infected, and around 57 lakh people have lost their lives. The unprecedented magnitude of the infection led to the manufacture of an extraordinary volume of masks, protective equipment, vaccines and related paraphernalia, and testing kits. Valuable as they have been in checking the further spread of the virus, these products have added significantly to the medical waste generated across the world.

Sample these:India generated around 101 tonnes of Covid-19-related medical waste per day during the first wave of the pandemic.Medical waste in India increased by 17 per cent during Covid-19’s first wave.A United Nations Development Programme (UNDP) assessment of five Asian cities showed that the pandemic increased the amount of hazardous healthcare waste by 3.4 kg/bed/day, which is almost 10 times more than the average.“The Covid-19 pandemic led to a double burden of an increase in waste plus a reduced capacity of healthcare workers to manage waste because of increased patient loads, Covid-19 work and societal constraints,” said a report by the WHO. Covid-related medical waste in IndiaIn a span of one year from June 2020 to June 2021 India alone generated 56,898 tonnes of Covid-related medical waste. While Maharashtra contributed the maximum 8,317 tonnes to this bio-medical waste, Kerala and Gujarat were the second and third highest contributors, according to a reply in Lok Sabha on July 23, 2021. Challenges in Waste ManagementIn order to manage the Covid-related waste being generated, the Central Pollution Control Board in India produced a set of guidelines in 2020. However, waste management has been particularly challenging in remote and rural areas where there are limited waste treatment and disposal facilities. In several such areas, the waste was allowed to be disposed of in landfills and deep burial as an exception. As per the WHO, up to 340 crore single-use masks were discarded every day in 2020. Similarly, PPE kits, vaccine vials, testing kits and other medical items added to the medical waste around the globe. Some of them are hazardous while others are not. However, the infrastructure required to manage such waste is a challenge.Globally, three out of 10 healthcare facilities lack systems to segregate waste, while less than one in three healthcare facilities have a basic medical waste management service in the least developed countries. In India, New Delhi, which has accounted for 11 per cent of India’s daily Covid waste, has only two incinerators.Read | Too many masks: WHO cites glut of waste from Covid responseRead | Omicron sub-variant BA.2 harder to identify, found in 5 African nations, says WHO",NA,https://www.indiatoday.in/diu/story/covid-may-lose-sting-but-covid-waste-will-haunt-for-decades-1908476-2022-02-03
2,data-intelligence-unit,"Jatavs vs non-Jatavs, Mayawati’s losing grip & Akhilesh’s Ambedkarite outreach: The Dalit conundrum in UP","(2, 2, 2022)","As polling approaches in Uttar Pradesh, all eyes are on the crucial Dalit vote, which accounts for 21 per cent of the state’s population. Dalits have been loyal backers of Kanshi Ram and later the Mayawati-led Bahujan Samaj Party.

However, a section of Dalits has over the years been veering towards the BJP; leaders like Chandrashekhar Azad (aka Ravan) are threatening to make inroads among the SC youth; and Akhilesh Yadav’s Samajwadi Party is also hoping to get sizeable numbers in an increasingly bipolar election.There are 85 reserved seats for SCs in UP and they may well decide who forms the government in the state. In 2007, BSP won 61; in 2012, SP bagged 58; while the BJP+ won 72 in 2017. Hardoi and Allahabad districts have the highest number of reserved seats, at three each. This was how UP’s 85 reserved seats voted since 2007With 54 per cent of the Dalit population, Jatavs dominate the SC vote. Mayawati hails from this community. Jatavs are followed by Pasis (16 per cent) and Dhobis (6 per cent). Pasis, Dhobis, Koris, Khatiks, Dhanuks and other SCs are called non-Jatavs and account for 46 per cent of the Dalit population.Read | Who will win Uttar Pradesh election? Clue lies in seats reserved for DalitsBoth Jatavs and non-Jatavs have largely backed the BSP since its inception, except during the peak of the Ram Mandir movement. However, since 2014, BJP has made a significant dent into BSP’s non-Jatav vote bank, accusing Mayawati of favouring her ‘jaati’ in positions within the party and in cornering most reservation jobs and schemes benefits.In 2017, while Mayawati retained the Jatav vote with 86 per cent support (similar to 2007 when she won), BJP bagged 31 per cent of the non-Jatav support. Dalits a decisive factor in 67 unreserved seats In seats reserved for SCs, since all parties put up Dalit candidates, the non-SC voter becomes the decisive factor as SC votes get split. This is why we see BSP that has been getting maximum support of Jatavs as well as non-Jatavs during the past three state elections, sweeping the SC-reserved seats only once in 2007.There are 17 districts where the SC population is more than 25 per cent and up to 41 per cent (much higher than the state average), accounting for 91 seats. These districts are Mahoba, Azamgarh, Kanpur Dehat, Kheri, Mirzapur, Barabanki, Chitrakoot, Jalaun, Jhansi, Auraiya, Rae Bareli, Unnao, Hardoi, Sitapur, Kausambi, Sonbhadra and Fatehpur.Of the 91 seats, 67 are unreserved. It is here that the Dalits play a decisive role because of their sheer numbers. In 2012, SP had won 40 of these seats, while in 2017, the BJP had won 52.Read | UP polls: At Yadav-dominated Karhal, Akhilesh Yadav may face a Brahmin-Dalit challengeWho gains from Mayawati’s losing grip? BSP is not a contender but a factor in these polls. While there is consensus that Mayawati will lose vote share, who gains from her loss is being hotly debated. To arrive at the answer, we first need to find out who votes for the BSP. Around 14 per cent of Mayawati’s 22 per cent vote share in 2017 is accounted for by Dalit supporters. Here’s a breakup of BSP’s 22 per cent vote shareThe 8 per cent non-Dalit supporters could move towards SP as it has emerged as the main challenger to BJP. It is highly unlikely that the BSP vote share will fall below 14 per cent. However, if it does so, it could mean that some of the BSP’s Dalit voters have backed the BJP, like the non-Jatavs have been doing recently. They could be lured by representation in the state cabinet 9 of the 60 cabinet ministers (15 per cent) in UP belong to the SC community.Read | The dilemma of BSP supporters: Which way will Mayawati's core voters goScenario analysis The SP will need to win big in these reserved seats to make a bid to dethrone Yogi Adityanath. Initial surveys predict anywhere between a 5-10 per cent decline in BSP vote share, with Mayawati more or less retaining her core vote of Dalits.Scenario 1: BSP and BJP lose 5 per cent votes each and SP gains 10 per cent.Scenario 2: BSP loses 10 per cent vis-a-vis 2017, BJP 5 per cent and SP gains 15 per cent.SP can gain up to 25 seats in Scenario 1 (realistic) and up to 52 seats in Scenario 2 (optimistic) as shown in the table below. Strategy followed by parties The SP realises that it needs to make a dent in the BSP’s Dalit vote bank to pose a serious challenge to Yogi. Akhilesh is attempting to unite the “Samajwadis” and “Ambedkarwadis” by inducting BSP leaders and launching the “Baba Saheb Ambedkar Vahini”. However, his talks with Chandrashekhar Azad for an alliance could not materialise.On the other hand, BJP is attempting to woo the Dalits to compensate for expected losses from the Jat community in Western UP and Kurmis/Rajbhars in Eastern UP. It is holding community outreach programmes.To woo Dalits, especially Jatavs, Baby Rani Maurya stepped down as Uttarakhand Governor and was made the BJP’s national vice president. She is holding rallies across the state and is also contesting from Agra (Rural). BJP is trying to project her as a challenger to Mayawati.So can BSP retain their core Dalit vote? Will SCs ditch Mayawati due to her poor electoral track record? If yes, who do they back? All eyes are now on March 10.(Amitabh Tiwari is a political commentator and strategist. A former corporate and investment banker, he tweets @politicalbaaba. Views expressed are personal.) Read | What’s behind Akhilesh’s ‘Samajwadi-Ambedkarwadi’ unity call for UP polls?Read | Here's how much Samajwadi Party chief Akhilesh Yadav is worth as per his poll affidavit",NA,https://www.indiatoday.in/diu/story/jatavs-vs-non-jatavs-mayawati-losing-grip-akhilesh-s-ambedkarite-outreach-dalit-conundrum-in-up-1907837-2022-02-02
3,data-intelligence-unit,NA,NA,NA,NA,https://www.indiatoday.in/diu/video/budget-2022-watch-where-the-money-comes-from-and-where-it-goes-1907365-2022-02-01
4,data-intelligence-unit,NA,NA,NA,NA,https://www.indiatoday.in/diu/video/diu-video-rafael-nadal-made-history-with-21-grand-slam-titles-1906885-2022-01-31
5,data-intelligence-unit,Will Budget 2022 heal India’s sagging education system?,"(30, 1, 2022)","India is one of the countries where school closures due to the pandemic were the longest in the world. While the global average of school closures was under 35 weeks, it was 73 weeks in India till the end of September 2021, with the third wave forcing further closures. When children return to school after almost two years of no formal instruction, the learning deficits are expected to be much deeper.

In addition, many affordable smaller private schools have shut down and with migrants returning to their villages, the demand for public education is likely to have increased during the pandemic, says the Annual Status of Education Report 2021.But while the pandemic has induced fresh demands from public education, the situation was grim even before it commenced.Sample these: Of the nearly 11 lakh government schools in India, four lakh have less than 50 students and 1.1 lakh have less than 20 students.Only around 19 per cent of a teacher's annual school hours are spent on teaching activities. The remaining time is spent on non-academic activities such as election duties, data collection, mid-day meal distribution, etc.In over 60 per cent of government primary schools in Uttar Pradesh, children were found sitting in multi-grade classrooms, possibly due to lack of space or teachers, according to the Annual Status of Education Report 2018.Only 12 per cent of children in Std III could read at Std II level and 11 per cent could solve a simple Std II level subtraction problem.All these underline that the need for a drastic improvement in public education also necessitates more expenditure from the government. However, instead of an increase, it has fallen in the last 10 years. From 11.4 per cent of the total government expenditure in 2011-12, spending on education has fallen to 10.4 per cent in 2020-21, according to the Economic Survey 2021. It has been below 11 per cent since 2014-15.Education comes under the social sector and the fall in its expenditure is despite the rise in the proportion of social sector expenditure during the same period. Infographic by India Today DIUThe expenditure on education is limited to below 3.5 per cent of India's GDP. In 2011-12, spending on education was 3.2 per cent of the GDP, which stood at 2.8 per cent in 2018-19.In comparison, Brazil spends 6.3 per cent of its GDP on education, South Africa 5.9 per cent and the United Kingdom 5.4 per cent, while the global average is 4.2 per cent, according to the World Bank. Infographic by India Today DIURealising this gap, the National Education Policy 2020 endorsed a substantial increase in public investment in education by both central and state governments.""The Centre and states will work together to increase public investment in the education sector to reach 6 per cent of GDP at the earliest,"" education minister Dharmendra Pradhan had apprised Lok Sabha on December 6, 2021.Status of education in India Spending on education in India is low even as the country has the largest school footprint in the world with about 15 lakh schools having a total enrolment of over 26 crore students.However, student learning outcomes in the country consistently reflect that universal access has not translated into an improved quality of education in India, according to a recently released report by Niti Aayog.The National Achievement Survey (NAS) also cautioned that average scores across several grades and subjects are as low as 40-50 per cent.Government schools found wanting The difference between government and private schools in the country is stark. While an average Indian government school has only 50-60 students and 1-2 teachers, an average private school has about 265 students and nine teachers.While the number of teachers is already low in government schools, only around 19 per cent of a teacher's annual school hours are spent on teaching activities. The remaining time is spent on non-academic activities such as election duties, data collection, mid-day meal distribution, etc.Also, over 17 per cent of teaching positions in government schools are currently vacant, the highest being in Bihar (2.7 lakh) and Uttar Pradesh (2.1 lakh).Live TVREAD | Loss of income, rise in health expenses: How the Covid pandemic has made Indians poorerALSO READ | GDP growth, fiscal deficit, disinvestment & others: Five key numbers to watch out for in Budget 2022-23 WATCH | Tax Collections outpace GDP growth",NA,https://www.indiatoday.in/diu/story/budget-india-education-system-covid-school-closures-1906438-2022-01-30
6,data-intelligence-unit,"GDP growth, fiscal deficit, disinvestment & others: Five key numbers to watch out for in Budget 2022-23 ","(28, 1, 2022)","Amid the third wave of coronavirus, Union finance minister Nirmala Sitharaman is all set to lay out the country’s economic growth plan in the upcoming Budget on February 1. The government is expected to spend more money on infrastructure and health care to revive the pandemic-battered economy. Here are the five key numbers to be watched out for in the upcoming Budget:

Growth of economy The pandemic has had a devastating human and economic cost. Gross Domestic Product (GDP) dropped 7.7 per cent in the financial year 2021. However, the latest estimate shows the growth will bounce back by 9.2 per cent in the ongoing financial year compared to the last year. But Rating agencies see the growth with some riders. “GDP will grow 7.6 per cent Year on Year in FY2023. After a gap of two years, the Indian economy will show a meaningful expansion, as the real GDP in FY23 will be 9.1 per cent higher than the FY2020 (pre-COVID level) GDP level. However, the size of the Indian economy in FY23 will be 10.2 per cent lower than the FY23 GDP trend value,” credit rating agency India Ratings and Research recently said in its webinar on the economic outlook.Tax collection More than two-third of the government’s receipts come from taxes. The share of personal income tax has surpassed the other direct tax, corporate tax, after about 20 years. After the pandemic, corporate tax plunged nearly 20 per cent in FY2021 compared to FY 2020. At the same time, personal taxes dropped only around seven per cent. The tax-GDP ratio is still very low compared to other countries. For instance, the tax-GDP ratio in OECD countries has been above 30 per cent for the last 20 years. In contrast, this ratio in India was hovering around 10 per cent even before Covid. This low tax-GDP ratio has provided the government space to peg the overall tax revenue this time to more than the FY2022 Budget level of Rs 22.17 lakh crore.Fiscal deficit  The fiscal deficit shows that the government is spending beyond its means. The gap is usually financed by debt, leading to another burden in terms of interest. Data shows fiscal deficit in FY21 was Rs 18.5 lakh crore as opposed to Rs 12 lakh crore in the previous Budget. However, most of this rising deficit is after the accommodation of off-budget borrowings, which are now reported as the government’s borrowings.SpendingAdditional spending as a fiscal stimulus, especially in FY21 (revised estimate), has pushed the total expenditure from Rs 26.86 lakh crore to Rs 34.5 lakh crore almost 28 per cent higher compared to 19 percentage points the previous year. Capital expenditure rose to 2.5 per cent of GDP as per FY22 Budget estimate, up from 2.2 per cent in FY21 (RE) and 1.6 per cent in FY20. Latest monthly data available with the Controller General of Accounts (CGA) show that overall expenditure has already reached 59.6 per cent of the Budget estimate as of November 2021, with revenue expenditure at 61.5 per cent and capital expenditure at 58.5 per cent. However, it is less than last year.Disinvestment: An ambitious target The government thought it would collect Rs 1.75 lakh crore from disinvestment in FY 22 (BE). In reality, the government was around 95 per cent short of this target at the close of the third quarter of the ongoing financial year. Department of Investment and Public Asset Management data till December 2021 indicated that the government achieved only over Rs 9,000 crore through disinvestment in seven central public sector companies. Moreover, the government could hardly achieve its target even before the onset of the pandemic. For instance, in the last six years, the target has been met only twice, and even then, the shares of one public company were sold to another PSU.ALSO READ | Congress’ ‘nari shakti’ contrast: 40% women candidates in UP, below 10% in other poll-bound states",NA,https://www.indiatoday.in/diu/story/economic-growth-fiscal-deficit-disinvestment-tax-collection-budget-nirmala-sitharaman-1905957-2022-01-28
7,data-intelligence-unit,NA,NA,NA,NA,https://www.indiatoday.in/diu/video/india-covid-19-snapshot-positivity-rate-drops-to-15-9-in-a-week-1905780-2022-01-28
8,data-intelligence-unit,"Congress’ ‘nari shakti’ contrast: 40% women candidates in UP, below 10% in other poll-bound states","(27, 1, 2022)","The ambit of Congress’s much-hyped ‘Ladki hun, lad sakti hun’ slogan aimed at women empowerment seems to be confined to Uttar Pradesh alone. While the party has fielded 40 per cent women candidates in UP as Priyanka Gandhi had promised, the proportion of women candidates in the Congress’s list released so far for Punjab, Goa, Uttarakhand and Manipur has been less than 10 per cent!

Of the 255 candidates announced by the Congress in UP, 105 candidates or 40.4 per cent are women. However, there is a stark difference in women nomination in other poll-bound states. The proportion of women candidates is 9.2 per cent in Punjab, 7.5 per cent in Manipur, 6.3 per cent in Uttarakhand and 5.6 per cent in Goa. So far, the BJP has named 195 candidates for UP, of which 26 are women. Samajwadi Party has released the names of 159 candidates that include 11 women.Women candidates in 2017 UP polls While more than 400 women candidates cutting across political parties had contested the UP elections in 2017, only 12 of them were from the Congress. These 12 women candidates had bagged 6.5 lakh votes or 26.5 per cent of the total 24.6 lakh votes in their constituencies.On the other hand, 46 women had contested from BJP in the last UP elections. These 46 candidates had bagged 40.4 lakh votes or 41 per cent of the total 98.9 lakh votes in their constituencies.Why are women candidates significant in UP? Women participation in mainstream electoral politics has risen significantly in the last decade and that has forced political parties to increase their women representation as well. One such instance is visible in UP where the proportion of women voters exercising their rights has outgrown that of men.In the 1996 elections, 50 per cent of the women voters had cast their votes, while 60 per cent of the men voters participated in the election process. In 2007, around 42 per cent of the total women voters and 49 per cent of the total men voters had cast their votes.However, this trend reversed in 2017. Of the 6.5 crore total women voters, 4 crore or 63.3 per cent voters had cast their votes in the last election, while 59 per cent men had participated in the election process.Also read: Priyanka Gandhi and the mystery of disappearing MLAs in Uttar PradeshAlso read: Was irritated: Priyanka Gandhi clarifies comment on being Congress's UP CM face",NA,https://www.indiatoday.in/diu/story/congress-nari-shakti-contrast-40-women-candidates-in-up-below-10-in-other-poll-bound-states-1905415-2022-01-27
9,data-intelligence-unit,NA,NA,NA,NA,https://www.indiatoday.in/diu/video/diu-crypto-crisis-1904315-2022-01-25
10,data-intelligence-unit,Assembly elections 2022: Does higher voting percentage mean anti-incumbency?,"(24, 1, 2022)","Higher voter turnout indicates a throbbing democracy, while lower participation is a sign of apathy towards the ongoing political process. But do higher or lower turnouts tell us anything about counting day?

India Today's Data Intelligence Unit (DIU) analysed voter participation data of the five poll-bound states spanning 70 years. The data has been compiled by the Centre for the Study of Developing Societies (CSDS).More voters now exercise their franchise in both Lok Sabha and assembly elections than was the case in the 1950s. The turnout has gone up from 46 per cent in the first Lok Sabha elections held in 1952 to 67 per cent in 2019.READ: Samajwadi Party releases list of 159 candidates for UP poll | See full listAssembly elections, on average, have witnessed comparatively higher participation throughout. For instance, Uttar Pradesh has reported an average of 52.8 per cent turnout in the Lok Sabha elections held from 1989 to 2019.The average turnout in assembly elections during the same period has been 54.81 per cent.A similar trend has been observed in Punjab too, where the average voter turnout has been 60.4 per cent in Lok Sabha elections in the last four decades. It has been 6 percentage points higher in assembly elections in the same period.Why turnout matters Data suggest it's mostly bad news for incumbents both when voter turnout is higher or lower compared to the previous election. Of the 365 assembly elections for which data are available, 189 had reported a higher turnout. Of these, the incumbent got re-elected only 66 times.On the other hand, of the 142 assembly elections witnessing lower turnout, only 44 elected incumbent parties. The rest of 34 elections have either not seen any turnout change or faced issues such as President's rule or new state formation.Data, therefore, demonstrate that the myth of higher voter turnout implying anti-incumbency and lower turnout indicating pro-incumbency does not hold true. However, a state-wise analysis throws up mixed patterns. Infographic by India Today DIUUttar Pradesh In Uttar Pradesh, for example, lower turnouts have mostly benefitted the incumbent. The state witnessed 16 assembly elections since 1951, of which eight reported higher turnouts. Of these, the incumbent was re-elected only in 1957; on other occasions, they lost. On the other hand, there were seven elections when voter turnouts dropped. Except in 1980, the incumbent got re-elected in such a situation.The turnout went up in the last four assembly elections, except in 2007 when less than half the registered voters exercised their mandate. In 2012, in a seven-phase election for 403 seats, UP created history with 59.5 per cent turnout. Infographic by India Today DIUBut voters' participation was higher in 2017 when nearly 61 per cent of registered voters exercised their franchise.The BJP, with its allies Apna Dal (S) and Suheldev Bharatiya Samaj Party (SBSP), replaced the incumbent Samajwadi Party with a massive win (325 seats). The BJP alone won 312 seats, handing the SP-Congress combine a poor drubbing.PunjabPunjab has seen 15 assembly elections since 1951. The state has witnessed equal occasions of rise and fall in voter turnout (7 times each). Of the seven higher turnout elections, incumbents were re-elected twice. Among the seven elections with lower turnout, the ruling party was re-elected only once.Since 1997, the SAD-BJP combine and Congress have been at the centre of Punjab's political power. The year 2012 was the only time when the SADBJP alliance was re-elected. However, no clear pattern is visible between voter turnout and electoral results in the state.Punjab voter turnout dropped two percentage points from 78.6 to 76.7 per cent in 2017. The Congress won 77 seats out of 117 and replaced the incumbent SAD-BJP alliance, which could manage only 18 seats. Infographic by India Today DIUUttarakhand Formed in 2000, Uttarakhand has seen only four assembly elections since. Voter turnout has risen on two occasions and dropped slightly in 2017. The BJP registered a thumping victory that year, bagging 57 of the 70 seats and reducing the incumbent Congress's tally to a poor 11. Due to the state's limited poll numbers, any correlation between voter turnout and the electoral outcome is not visible. Infographic by India Today DIUGoaGoa has seen 12 assembly elections since 1967, of which seven reported higher turnouts. The incumbent government has been re-elected only thrice among these seven occasions. On the other hand, voter turnout dropped four times, and the incumbent returned to power only once, in 2017.In the last election, the state witnessed a high voter turnout of 81.2 per cent, almost the same as in 2012 (81.7 per cent). The incumbent BJP lost the elections, but despite winning 17 of the 40 seats in Goa, Congress failed to form the government. BJP, the second-largest party, cobbled together a coalition to rule the state. Infographic by India Today DIUManipur In 12 assembly elections since 1967, Manipur witnessed seven occasions when voter participation was higher, and only once was the ruling party re-elected. Among four occasions when voter turnout was lower, the incumbent government was re-elected twice.Manipur recorded the highest turnout of 91.4 per cent in 1995 and the lowest in 2017. In the last election, incumbent Congress won 28 of the state's 60 seats and became the single largest party, followed by the BJP, which won 21 seats. However, BJP formed its first government in the state with the help of regional parties. Infographic by India Today DIUElection data shows a mixed relationship between higher turnout and anti-incumbency. In such a situation, elections in the five states are bound to throw up an exciting fight.Live TVREAD | Big thumbs-up to money, muscle power & experience, trends from UP poll results showALSO READ | Battlefield UP: How BJP reduced close-contest seats by half in 2017 decisive mandate WATCH | CM Channi’s name had come up during internal probe into illicit mining: Amarinder Singh",NA,https://www.indiatoday.in/diu/story/assembly-elections-2022-does-higher-voting-percentage-mean-anti-incumbency-1903954-2022-01-24
11,data-intelligence-unit,"Big thumbs-up to money, muscle power & experience, trends from UP poll results show","(24, 1, 2022)","A widely circulated joke on social media says that a candidate seeking a party ticket in Uttar Pradesh may face rejection if he does not have a criminal record or pots of unaccounted money.

Though made in jest, it underlines the harsh reality that one needs to have a combination of formidable money and muscle power to win elections in India's most populous state going to polls next month. And even the data paints a similar picture.India Today's Data Intelligence Unit (DIU) analysed the trends of winners in the last three assembly elections in UP.READ: Battlefield UP: How BJP reduced close-contest seats by half in 2017 decisive mandate And numbers show that a tainted candidate is thrice more likely to win over someone with a clean record. Also, candidates with net assets over Rs 5 crore are at least six times more likely to succeed than someone with modest wealth.In the 2007 elections, the winning ratio of tainted candidates was one out of five. For those without a criminal background, it was one out of 10. The winning percentage of candidates with criminal records dropped to 14 per cent in 2012 and increased marginally to 16 per cent five years later. However, while tainted candidates were three-and-a-half times more likely to win than clean candidates in 2012, it dropped to two-and-a-half times in 2017. Infographic by India Today DIUIn the upcoming polls, the Election Commission has made it mandatory for political parties to declare why candidates with criminal backgrounds have been given a ticket to contest. But while the influence of muscle power has been reduced marginally, the sway of money power has been growing.Data show that higher the net assets of candidates, greater are their chances of winning. In 2007, for instance, 10 per cent of the candidates with net assets less than Rs 1 crore won the elections. It was 29 per cent for candidates with net assets worth Rs 1-5 crore and 27 per cent for candidates with over Rs 5 crore of declared net assets.The picture changed altogether 10 years later. In 2017, the winning percentage of candidates with net assets below Rs 1 crore dropped to less than 3 per cent. It was 20 per cent for candidates with net assets worth Rs 1-5 crore and 28 per cent for candidates with over Rs 5 crore of declared net assets. Infographic by India Today DIU""With the introduction of electoral bonds, the influence of money power in elections has gone up manifold,"" argues Association for Democratic Reforms (ADR) co-founder Jagdeep S Chhokar. The retired IIM-Ahmedabad professor has been working for political reforms for nearly two decades now.Another trend that has emerged over the years is the greater acceptability of experienced hands. UP's median age is one of the lowest in the country at 20. Infographic by India Today DIUHowever, the probability of winning candidates who are below 40 years is nearly one-fifth of those above 60 years. While almost one out of 10 young candidates (less than 40 years old) won the elections in 2007, the percentage dropped to just 3.6 in 2017.With elections in UP barely days away and in light of the EC diktat, it will be interesting to see what the new assembly will look like.Live TV--- ENDS ---READ | In numbers: Pre-poll defections and the winnability factor in Uttar PradeshALSO READ | AAP candidate in UP attempts self-immolation over rejection of poll nominationWATCH | Samajwadi Party declares candidates list for UP polls","['uttar pradesh elections', ' uttar pradesh criminal candidates', ' uttar pradesh candidates wealth']",https://www.indiatoday.in/diu/story/uttar-pradesh-up-candidates-money-muscle-age-1903932-2022-01-24
12,data-intelligence-unit,NA,NA,NA,NA,https://www.indiatoday.in/diu/video/diu-tax-collections-outpace-gdp-growth-1903917-2022-01-24
