SN,category,headline,date,content,keywords,link
1,data-intelligence-unit,"COP26 brings focus on climate change again, but where do the biggest polluters stand?","(1, 11, 2021)","Every second the world emits 1,600 tonnes of carbon dioxide (CO2), almost 70 times higher than the pre-industrial era of 1850-1900. CO2 is responsible for nearly three-quarters of global warming.

In absolute terms, China is the biggest polluter, followed by the United States. China, US and European Union (excluding the United Kingdom) at present emit over half of the world's 36.44 gigatons of CO2. India with around 17 per cent of the world population contributes only 7 per cent.Total carbon emissions by the countries alone do not show the complete picture about the biggest polluters and their contribution to global warming. Carbon emission per capita is the more appropriate metric.In terms of per capita carbon emission, the contribution of US is nearly three times the global average and seven times that of India. On this parameter, countries such as Canada, Qatar, Kuwait, South Korea and Russia also exceed the global average by quite a distance. As world leaders sit down to discuss limiting global warming to 1.5 degree Celsius above pre-industrial levels, drastic cut in carbon emission is the key.Apart from CO2, six other greenhouse gases - methane, nitrous oxide, sulphur hexafluoride, perfluorinated compounds, hydrofluorocarbon and nitrobenzotrifluoride - are responsible for about one-fourth of the planet's rising temperature.One of the stated goals of the ongoing United Nations Climate Change Conference is to achieve net zero emission by 2050. That is the only way to achieve the 1.5 degree Celsius target.According to reliable estimates, limiting global warming is possible only if the existing level of carbon emission is cut by 40 to 50 per cent by 2030 and net addition is brought to zero level by 2050. While many countries have agreed on achieving net zero emission level by 2050, there is a disagreement on how to reduce the existing level of emission and also regarding financing of the switch.Way back in 2009, rich countries had pledged to raise $100 billion each year by 2020 to help developing countries finance the switch towards environment-friendly technologies. The level of cut in emission level will depend a great deal on how that pans out.According to data by the National Oceanic and Atmospheric Administration, United States, the earth's temperature has risen by 0.08 degree Celsius per decade since 1880. The rate of warming since 1981 is more than twice that - 0.18 degree Celsius per decade.Global CO2 emissions from fossil fuels stopped growing from 2014 to 2016, suggesting that the level may be close to peaking. Increases have resumed since, despite a temporary drop-off during 2020 pandemic quarantines. These emissions need to fall to half of their 2010 level by 2030 to keep alive the Paris Agreement goal of limiting warming to below 1.5 degree Celsius.ALSO READ | UK's Boris Johnson warns of 'doomsday' as climate summit begins","['climate summit', ' COP26 summit']",https://www.indiatoday.in/diu/story/cop26-summit-climate-change-where-do-biggest-polluters-stand-china-1872161-2021-11-01
2,data-intelligence-unit,NA,NA,NA,NA,https://www.indiatoday.in/diu/video/diu-vidoe-change-in-global-average-temperature-since-1850-till-2020-1871210-2021-10-29
3,data-intelligence-unit,"Job loss in women-centric sectors, family care & more: Why young female workers were worst hit by Covid ","(28, 10, 2021)","Commercial activities might be limping back to normalcy but the scars of Covid on the Indian economy will take time to heal. However, it is also true that the coronavirus-induced job crisis since the onset of 2020 had impacted differently across age groups and genders, with women, especially the younger ones, bearing maximum brunt of the bloodbath.

While the overall employment-to-population ratio fell 1.6 per cent between January and March 2020, it fell 5.6 per cent for younger women (15-24 years), showed the latest report by the International Labour Organization. The ratio plunged 1.5 per cent for adult women, 3.7 per cent for younger men and 1.7 per cent for adult men. The comparison is done with reference to the same duration in the pre-Covid year 2019. Even till April-June quarter of the current year, the trend remained the same. Women were disproportionately affected, accounting for 38.9 per cent of total employment before the Covid-19 crisis but making up 47.6 per cent of employment losses in 2020, the report underlined. Though a recovery was seen during April-June 2021, young women still faced the biggest deficit relative to the pre-crisis situation in 2019.Also Read | Government’s 10 reasons in 10 months as fuel prices soar“Women are largely employed in early childcare centres, schools, retail shops, beauty parlours and textile and leather manufacturing, and to an extent in hospitality. All these sectors saw a steep fall in business. This impacted employment in these sectors and as the proportion of women in these sectors was higher more women have lost jobs,” Gayathri Vasudevan, former project officer at ILO, told Indian Today Data Intelligence Unit (DIU). In India’s context, urban areas that account for maximum formal employment also saw a contrasting trend in male and female job scenario. While labour force participation of men rose from 64.3 per cent to 64.4 per cent on-year during May-August 2021, it fell from 7.8 per cent to 7 per cent for women. Also, the unemployment rate for men improved from 11.7 per cent to 8.4 per cent while it deteriorated from 21.9 per cent to 22.6 per cent for women in the same duration.In the rural context, women lost out because men who returned home from cities took MNREGA jobs, Vasudevan added, citing MNREGA job card data. Experts believe increase in unpaid care work which young women have had to take up because the entire family was home and not in school or work was also among the reasons responsible for adverse impact on young women’s jobs.","['job loss for women', ' women jobs in covid pandemic', '', ' covid news', ' indian economy']",https://www.indiatoday.in/diu/story/job-loss-in-women-centric-sectors-family-care-more-why-young-female-workers-were-worst-hit-by-covid-1870701-2021-10-28
4,data-intelligence-unit,NA,NA,NA,NA,https://www.indiatoday.in/diu/video/diu-video-district-wise-spread-of-new-covid-19-cases-1870190-2021-10-27
5,data-intelligence-unit,"17-fold jump in franchise value, thrice the revenue & counting: Why IPL is a money pit ","(27, 10, 2021)","The combined cost of acquiring eight Indian Premier League teams in 2008, the year it started, was Rs 3,000 crore. It worked out to an average of Rs 375 crore a team then.

In the recently concluded bid, the Board of Control for Cricket in India (BCCI) that owns IPL made Rs 12,715 crore by selling just two teams. The average price tag of a team now stands at Rs 6,357 crore, a whopping 17-fold jump in just 13 years.During this period, IPL’s valuation has soared three times and earnings from broadcasting rights have grown in equal measure. BCCI’s revenues from broadcasting rights have grown from an average annual of Rs 1,160 crore in 2009 to Rs 3,269 crore now. And it is expected to go up to Rs 6,000 crore from 2023 when media rights are due for renegotiation.“I would say that Brand IPL is still undervalued, given the kind of numbers being talked about. Everything associated with Brand IPL has grown manifold in the last 13 years,” observes Naresh Gupta, brand strategist and co-founder of Bang in the Middle.Analysts are expecting massive jump in IPL’s valuation, a rerating of sorts in share market’s terminology, from now onwards. And the two new triggers are 25 per cent more matches from next year following the inclusion of two new teams and renegotiations of broadcasting rights. “I won’t put a number. But Brand IPL is worth a lot more now,” Gupta added. How IPL shaped Team India show Not just a money-making machine, IPL has helped Team India become a powerhouse of cricket, with many more wins than losses in all formats of the game.India Today Data Intelligence Unit (DIU) analysed the performance of Team India in one day internationals and test matches for 12 years prior to IPL and 12 years after the league started. Data for 2020 and 2021 were not considered as very few matches were played during this period because of the coronavirus pandemic. All matches played in 2008 were included in the post-IPL data.Data related to T20 matches were not analysed as India played only a handful of T20 international matches prior to IPL. The IPL effect on the T20 format is therefore hard to quantify. All the analysis was done on the basis of data available at ESPNcricinfo.Team India won 193 of the 400 ODIs it played between 1996 and 2007. The success rate during that period works out to be a decent 48 per cent. In 12 years after the launch of IPL (2008-19), India won 193 of the 360 ODI matches. The success rate in the post-IPL period has thus jumped to an impressive 62 per cent. In the 12 pre-IPL years, India could achieve success rates above 50 per cent in ODIs in only six calendar years. In the post-IPL years, however, Team India’s success rate has never dropped below the 50 per cent mark. The year 2017 happened to be the best year, with a whopping 72 per cent success rate. Incidentally, Virat Kohli became the ODI captain of the Indian team the same year. The success rate was a paltry 26 per cent in 1997, which has been the worst in the last 25 years.Surprisingly, Team India’s winning streak in Test matches in the post-IPL period has been very impressive. While in the 12 pre-IPL years, India used to, on an average, win 1 out of every 3 matches, the winning ratio stands at 1 out of every 2 matches since 2008.In 12 years before the launch of IPL, India played 117 Test matches and won 38 with a success rate of just 32 per cent. In 12 years after the launch of IPL, the Indian cricket team played 128 test matches and won 65 of them, with a success rate of 51 per cent. The year 2019 happened to be Team India’s best year in Test matches when it won 7 out of the 8 matches played.Have the growing riches, exposure and practice boosted the confidence of players, helping them win many more matches now than what was the case earlier?",NA,https://www.indiatoday.in/diu/story/17-fold-jump-in-franchise-value-thrice-the-revenue-counting-why-ipl-is-a-money-pit-1870164-2021-10-27
6,data-intelligence-unit,"Covid vaccination reduces mortality even due to other diseases, says report","(27, 10, 2021)","If you are one of those still indecisive about whether to go for Covid-19 inoculation or not, you must go through the findings of the United States Centers for Disease Control and Prevention’s (CDC) latest Morbidity and Mortality Weekly Report.

According to the report, deaths from causes other than Covid-19 are lower in those who received the jabs than those who did not. The authors have analysed data of 11 million Americans, including 6.4 million vaccine recipients and 4.6 million unvaccinated individuals, during December 2020 and July 2021.Several reports have already highlighted how Covid-19 vaccines have helped decrease the risk of hospitalisations, severe illnesses and deaths. According to another US health department report, vaccinations have reduced nearly 1.07 lakh hospitalisations and 39,000 deaths among senior citizens aged 65 years and above. Vaccine hesitancy As far as vaccine hesitancy is concerned, apart from Russia, the US has the highest vaccine hesitancy among other nations, with 18 per cent of the adult population unwilling to get inoculated, as per a Morning Consult survey.Back home, many Indians have shunned the second dose because of hesitancy or apathy, which is a cause of concern.In an exclusive interview to India Today last week, National Covid Task Force chief VK Paul expressed concern over the low numbers of second doses administered. He said, “Some 10 crore Indians are due their second dose and are not taking it. I urge them to shun vaccine hesitancy and prioritise taking the shots now.”ALSO READ: One Covid vaccine dose 96.6% effective in preventive deaths, 97.5 after two doses: ICMRAs per a survey report released by LocalCircles earlier this month, India is at the lowest level of vaccine hesitancy, with merely 7 per cent of the adult population hesitant to take the jab. It has come down from 20 per cent in April, according to Morning Consult, when India was battling the ferocious second Covid-19 wave.The CDC report shows that non-Covid mortality is much less among fully vaccinated than unvaccinated individuals, especially among the more vulnerable population groups (65 and above). The report says “lower mortality risk after Covid-19 vaccination suggests substantial healthy vaccine effects”, thus, strengthening the safety profile of Covid-19 vaccines.As per the data, in the highly vulnerable age group of 85 years and above, those who’ve received both doses of mRNA-based Pfizer-BioNTech or Moderna vaccines have a death rate of 68.5 for Pfizer and 65.7 for Moderna per 1,000 vaccine recipients per year. At the same time, among unvaccinated people, the death rate is 187.6 per 1,000 individuals per year.As nations globally inoculate their citizens, the mortality rate has come down significantly. The question remains that given the multitude of benefits of Covid-19 vaccination, even in non-Covid mortality, does hesitancy make sense anymore?ALSO READ: No serious Covid vaccine side effects among breastfeeding moms, infants: Study","['covid-19 vaccination impact', ' covid-19 vaccine effect', ' less deaths due to covid vaccine', ' rate of deaths after covid vaccine', ' ']",https://www.indiatoday.in/diu/story/covid-vaccination-reduces-mortality-even-due-to-other-diseases-says-report-1870148-2021-10-27
7,data-intelligence-unit,Will the lurking coronavirus mutant spoil festivities in India?,"(25, 10, 2021)","Containment zones are back in West Bengal as the state reported a slight uptick in coronavirus cases post Durga Puja festivities. And with Diwali around the corner, experts fear the same could hold true for the whole of India. That more and more Covid-19 cases blamed on the Delta Plus variant are being detected across the country isn’t calming frayed nerves either.Though not so lethal in India, yet, the Delta Plus or AY.4.2 mutant has fuelled a renewed Covid surge in the United Kingdom. According to a briefing by the UK Health Security Agency on October 22, “AY.4.2. accounts for a slowly increasing proportion of cases in the UK. It is also present in multiple other countries on GISAID and is seen in travellers to the UK from a large number of countries. It is not clear where it originated or when”.

Knowledge about the new variant is sketchy at this stage. Reports, however, suggest that the Delta Plus is more transmissible than the original Delta variant. According to a research by the United States Centers for Disease Control and Prevention (CDC), while every Covid-infected person could spread it to about three more, with Delta variant, it was close to 8-9. Delta Plus is considered 10-15 per cent more transmissible. Worryingly, EpiForecasts, a research group based at the London School of Hygiene & Tropical Medicine, has said in its latest reproduction number estimates that corona cases in India are likely to go up in the coming days. The global scourge of Delta PlusThe new variant is currently spreading in the United Kingdom, and recently, a White House briefing confirmed its presence in the US as well.The Delta variant is considered to be more contagious than other Covid-19 strains identified previously. India Today Data Intelligence Unit (DIU) analysed data from various virus tracking databases, including GISAID and PANGO, which collect information globally on Covid-19 virus genome sequencing. Data show that the Delta variant is responsible for most new infections in 193 countries, including the UK, USA, Russia and India. Delta variants are dominant while shares of other variants are declining in SARS-CoV-1, the virus behind Covid-19. This estimate is based on the proportion of total number of sequences (not cases) over time. Cross-country comparisons between the spread of Delta variant suggest that it is contributing to new Covid-19 surges.UK has registered a weekly increase of 10 per cent in cases, and deaths are up an alarming 11 per cent. Data show that most new Covid cases in the last two months are of Delta variety. And six out of every 100 new cases are of Delta Plus, according to reliable reports. Let us recall that in five of the six most affected countries globally, the Delta variant accounted for the bulk of infections. Nearly 50 per cent of all recent infections in the US and UK have been caused by the Delta variant. The proportion is much higher in India, Indonesia and Russia. And countries most vulnerable to Delta Plus happen to be the ones that suffered from the Delta variant. India, now amid a long festival season, too, is vulnerable, at least theoretically.",['Will the lurking coronavirus mutant spoil festivities in India? '],https://www.indiatoday.in/diu/story/will-lurking-coronavirus-mutant-spoil-festivities-india-1869276-2021-10-25
8,data-intelligence-unit,NA,NA,NA,NA,https://www.indiatoday.in/diu/video/diu-video-india-s-covid-19-snapshot-1868046-2021-10-22
9,data-intelligence-unit,"Water graves: Over 1,500 Indians lost lives to floods every year in last decade","(21, 10, 2021)","Nearly 100 lives have already been lost in floods that jolted Uttarakhand and Kerala this week in what is reminiscent of two most devastating floods India has witnessed lately 2013 (Kedarnath) and 2018 (Kerala). While floods in India are not a rare event, the tyranny has only increased in the last decade.

On an average, over 1,500 Indians have lost their lives to floods every year between 2011 and 2020. In the previous decade, the average was a little over 1,200, according to “the international disasters database: EM-DAT”. Of all the natural disasters that hit India in the last decade, floods caused the maximum harm, accounting for 67.2 per cent of the total deaths. This proportion has significantly increased in the last few decades as deaths caused by floods used to be 20-35 per cent of all deaths caused by natural disasters.Read | 300 disasters, 80,000 deaths, 100 crore affected: India’s two-decade tryst with natural calamitiesBesides floods, extreme temperatures (18.3 per cent) and storms (11.2 per cent) took maximum lives in the last decade. Heavy rains and floods claimed more than 1,500 lives during the Southwest Monsoon 2020 when India was reeling under severe stress from the pandemic. Of these, 258 lives were lost in West Bengal and 190 each in Madhya Pradesh and Gujarat. Some 7,842 cattles were lost during the same interval in India, according to a reply by Nityanand Rai, MoS, Ministry of Home Affairs, in the Parliament on September 15, 2020. “Flood disasters are becoming more frequent, and this trend is expected to continue,” according to the World Health Organization.North Bihar, West Bengal and Assam are some of the other regions that are highly prone to floods. The hydrological disaster not only impacts livelihood directly but also leads to collateral damages.While three out of every four deaths in flood disasters are due to drowning, the WHO listed that deaths also occur due to physical trauma, heart attacks, electrocution, carbon monoxide poisoning, or fire associated with flooding. Generally, only immediate traumatic deaths from flooding are recorded.Read | Lack of transportation, food scarcity: Rain throws normal life out of gear in UttarakhandRead | Nainital cut off from rest of Uttarakhand as torrential rain triggers landslides ",NA,https://www.indiatoday.in/diu/story/water-graves-over-1-500-indians-lost-lives-floods-every-year-last-decade-1867634-2021-10-21
10,data-intelligence-unit,NA,NA,NA,NA,https://www.indiatoday.in/diu/video/diu-video-global-vaccination-race-against-covid-19-1867605-2021-10-21
11,data-intelligence-unit,How green energy push might regulate rise in fuel prices ,"(19, 10, 2021)","Globally, oil prices have surpassed pre-Covid levels. But stock prices of big oil companies are still struggling to match the actual oil prices. Money managers of energy-based Exchange-Traded Funds (ETF) are not only grappling with low returns, but they are also worried about the widening gap between prices of stocks and the underlying commodity.

At its peak, the coronavirus pandemic battered economies, and global energy demand dropped by nearly 5 per cent in 2020 the highest since 1945. Accompanying lockdown measures to contain the virus halted economic activities. As world economy gains momentum, energy demand has spiked. Prices of oil, coal and gas have surged in excess of 90 per cent since May. Brent crude reached $85.10 a barrel last week. But the price of energy ETFs, a basket of shares of different energy companies trading at stock exchanges, are not rebounding like oil prices.Disruptions to global supply chain and the consequent uncertainty have been driving up oil prices. Investors, however, are not sure whether the price rise is going to be sustainable as push to alternate sources of energy is going to pick up further steam shortly. And that will negatively impact the prices of polluting fossil fuels. Money managers of the funds thought the global energy crisis would trigger volatility. Nearly $20bn has been pumped into energy-focused funds this year in the United States alone. Factors such as mismatch in supply and demand, OPEC-led supply restrictions, and removal of oil and shipping sanctions between Iran and US are other major factors behind the rise in oil prices.One of the slow recoveries in energy ETFs is linked to big companies’ transition to green economy. Data shows major European oil producers, including Royal Dutch Shell and BP, are set to spend around 8 billion dollars for clean energy. According to BP’s statistical report 2021, “Wind and solar capacity increased by a colossal 238 GW last year 50% larger than any previous expansion”. Net-zero targets and pledges now cover around 70 per cent of global carbon emissions. However, this target is yet to be translated into reality. The 26th UN Climate Change Conference, to be held next month, will most likely fix a road map to cut net global carbon emissions to zero by 2050.As a result, investors are worried and have no idea how much of their capital expenditures will be diverted to the green economy instead of their dividend payouts. And for the world battling an unprecedented rise in prices of fossil fuel in recent months, that is going to bring in much-needed cheer in terms of fall in prices.",['How green energy push might regulate rise in fuel prices\xa0'],https://www.indiatoday.in/diu/story/how-green-energy-push-might-regulate-rise-in-fuel-prices-1866665-2021-10-19
12,data-intelligence-unit,"The not so ‘Nobel’ gulf: Women comprise miniscule share of laureates, tiny boost in recent years","(19, 10, 2021)","One out of 13 is how skewed the Nobel Prizes are in 2021 on the gender parity scale. The lone woman winner is Maria Ressa from the Philippines, who shared the Nobel Prize for Peace with Dmitry Muratov of Russia for their efforts to safeguard freedom of expression.

This is not the lone year with such a gender gap among laureates. In fact, it has always been like this since the inception of the prize in 1901. In a whopping 77 out of a total of 118 years when the Nobel Prize was awarded, not a single woman received the coveted honour. The latest years include 2017, 2016, 2012 and 2010. The Noble Prize committee paused the ceremony between 1940 and 1942 due to World War II. Data reveal that of the total 975 laureates so far, there are merely 59 or 6.1 per cent women awardees (https://www.nobelprize.org/prizes/lists/nobel-prize-awarded-women/). In the last 20 years though, the number of women laureates has increased slightly. However, there’s still a lot of ground to cover when it comes to gender parity. From 2000 till 2021, only 29 or 10.8 per cent of Nobel Prize laureates have been women. From 1901 till 1999, a meagre 30 or 4.2 per cent women received the honour.Looking at subject-wise data, Economics has the least number of women laureates, followed by Physics and Chemistry. In Economics, which was selected in 1969 for the Nobel Prize, only two or 2.2 per cent have been women against 87 men who received the prize. The two women are Esther Duflo, who won the award in 2019 jointly with Abhijit Banerjee and Michael Kremer for their experimental approach to alleviating global poverty; and Elinor Ostrom, who won in 2009 for her analysis of economic governance with a focus on the management of commons (finite common-pool resources within a community). Similarly, in Physics, 4 or 1.8 per cent women against 215 men; and in Chemistry, 7 or 3.7 per cent women have received the prestigious honour.On the other hand, Literature and Peace have seen the maximum number of women laureates with 16 and 18 female prize holders. Interestingly, in 2009, five women and eight men received the prize. It was the maximum number of women winning in a year. Marie Curie is the only woman to have won the Nobel Prize twice. She won for Physics in 1903 and for Chemistry in 2011.",NA,https://www.indiatoday.in/diu/story/-nobel-prize-women-comprise-miniscule-share-laureates-tiny-boost-recent-years-1866338-2021-10-19
