SN,category,headline,date,content,keywords,link
1,data-intelligence-unit,Learning from the past: Ukraine war will leave commoners struggling for basics for many years,"(19, 4, 2022)","The mayhem caused by war does not begin with a gunshot fired and does not end with a bullet injury thus caused. Collateral damages hit civilisations more than material losses. Thousands are rendered homeless and left without food, water, and other basic amenities.

Unfortunately for Ukraine, even before it could recover from the annexation of Crimea eight years ago, it was thrust into war again.Ukraine was struggling with poverty even before the ongoing war startedAccording to UNICEF, “The economic crisis and the war that began in 2014 had a dramatically adverse impact on the poverty situation, which only began to improve in 2018 and 2019.”Families with chronically low incomes that lost homes and other property due to the war struggled to survive. Families with small savings and steady jobs with moderate pay lost everything due to the recent hostilities and were pushed into poverty, the UNICEF noted.During those tough times, only five to ten per cent of the population of the Donetsk and Luhansk oblasts could be classified as a safe group — financially stable with no risk of becoming poor. Overall, the country’s absolute poverty rate for households with children more than doubled from 29 per cent in 2013 to 67 per cent in 2015. Poverty in Ukraine is on the verge of worsening much more now. United Nations Secretary-General Antonio Guterres warned that the Ukraine crisis could potentially tip around 1.7 billion people — over one-fifth of the global population — into poverty, destitution, and hunger.Economic damages take years to healIn 2020, six years after the 2014 war, Ukraine’s economy could not reach its pre-war levels. The per capita GDP of Ukraine in 2013 was USD 4,188, which remained lower at USD 3,725 in 2020. In the same duration, Russia’s per capita GDP also fell by USD 5,848.While the per capita GDP of Russia and Ukraine decreased, the same rose for neighbouring countries such as Hungary, Poland, and Romania in the 2013-2020 period. Social damages Russia and Ukraine have suffered not only on the economic front, happiness and prosperity nosedived in both countries in the last decade. Among more than 140 countries, Russia ranked 68 on that front in 2010-2012. In 2019-2021, however, that rank came down to 80. In the same period, Ukraine’s position deteriorated from 87 to 98, after falling to 123 during 2013-2015.On the contrary, the happiness ranking of the neighbouring countries — Hungary, Poland and Romania — improved during the decade. Surviving without basic facilities — food, water, electricityThe present Russia-Ukraine war is already more intense than the 2014 annexation of Crimea. Consequently, the expected damages are also poised to be higher. After eight weeks of the war, the future looks unpredictable.Nearly 60 lakh Ukrainians are struggling for both water and electricity, of which 14 lakh people do not have access to safe water in the eastern part of the country. Since the start of the war on February 24, at least 20 separate incidents of damage to water infrastructure were recorded in east Ukraine alone.As per the Office of the Humanitarian Coordinator for Ukraine, “The most recent intensification of fighting in the Donbas region and the widespread use of explosive weapons in populated areas threatens to push the water system — already impacted by the previous eight years of conflict — to the edge of a complete collapse.”Global spilloverWhile the war will leave Russia and Ukraine devastated, the headwinds will spread across the globe. There are broadly three ways how the war could impact the world.For one, higher commodity prices may push up inflation further. This, in turn, will erode the value of incomes and weigh on demand. Two, neighbouring economies may suffer from disrupted trade, supply chains, and remittances. There will also be a historic surge in refugee flows. And three, according to the IMF, reduced business confidence and higher investor uncertainty may weigh on asset prices, tightening financial conditions and potentially spurring capital outflows from emerging markets.Taking cues from these factors, the World Bank lowered its annual global growth forecast for 2022 from 4.1 per cent to 3.2 per cent.Mykola Soskyi, the Ukrainian Minister of Agriculture, said that even if the fighting ended tomorrow, inflation in prices for basic food commodities would still affect the world for the next three to five years.","['russia ukraine war news live updates', ' vladimir putin', ' volodymyr zelenskyy', ' joe biden russia ukraine crisis']",https://www.indiatoday.in/world/russia-ukraine-war/story/learning-from-the-past-ukraine-war-will-leave-commoners-struggling-for-basics-for-many-years-1939409-2022-04-19
2,data-intelligence-unit,NA,NA,NA,NA,https://www.indiatoday.in/diu/video/diu-video-steep-hike-in-cng-prices-1939369-2022-04-19
3,data-intelligence-unit,NA,NA,NA,NA,https://www.indiatoday.in/diu/video/diu-video-return-of-covid-19-scare-1939049-2022-04-18
4,data-intelligence-unit,NA,NA,NA,NA,https://www.indiatoday.in/diu/video/diu-video-india-s-covid-19-snapshot-1937933-2022-04-15
5,data-intelligence-unit,NA,NA,NA,NA,https://www.indiatoday.in/diu/video/diu-video-global-covid-19-snapshot-1937580-2022-04-14
6,data-intelligence-unit,"Heatwave in Dharamshala, scorching March in Delhi: Unusually early high temperatures don’t bode well","(14, 4, 2022)","Dharamshala, a city in the Himalayas of Himachal, where tourists go to escape from the scorching summer heat of the plains, is now experiencing a severe heatwave. At 1,457 m above sea level in the Kangra Valley, the average temperature rarely rises above 18°C, even in April.

This year, however, the maximum temperature rose to 33°C in Dharamshala on April 13. The weather department has frequently warned of a “severe heatwave” during the first half of April. And Dharamshala is not alone. Almost every city, mainly in northern, western, and central India, is witnessing unusually early high temperatures.Temperature anomalies hitting the roof From Antarctica to Dharamshala, extreme temperature events like heat waves are more frequent now. This year, India saw the warmest March since 1901. Temperature anomalies, a difference from average temperature, revealed a clearer picture of such extreme events.DIU, the data team of India today, analysed the last 40 years' temperature data for nine Indian cities to trace the unusual heat pattern last month. Almost every Indian city saw an upward trend in temperature anomaly, meaning warmer than the 30-years climate mean (1980 to 2010) in March.According to data from the European Centre for Medium-Range Weather Forecasts (ECMWF), collated by Meteoblue, Shimla and Dharamshala experienced a sharp temperature rise in March. Data showed temperature anomalies hit a 40-year high with around four °C in that period. Charts showing temperature anomalies for March since 1979 are at record high levels this year in both cities of the hilly state. Precipitation also dropped from average in both the cities in said month. A similar but smaller variation was observed in Delhi — the city witnessed more than a two °C increase in heat compared to the aforementioned climate mean of March. The only other years when Delhi saw such a spike in temperature anomaly were 2004 and 2010.Other cities — Chandigarh (3°C), Jaipur (2.8°C), Gwalior (2.6°C), Bhopal (1.3°°C), Varanasi (1.5°C), and Lucknow (1.3°C) — witnessed more heat than the average temperature in March. These changes (anomaly) revealed how warmer these cities were in the month compared to the 30-year baseline average (1980-2010).High temperatures were also reported in Bihar and Jharkhand. The states' capital, Patna and Ranchi, reached around two °C and 1.1 °C above average, respectively.  What is causing the high temperatures?These weather events have become more common due to the climate crisis. Last month, daytime temperatures weren't just above average in these cities but also high in usually cooler locations.Studies show that urban centres are experiencing a gradual rise in temperature, and a surge in people's exposure to hazardous heat levels globally. The heat in March alone broke many previous records in Indian cities, especially in North and West India.However, the India Meteorological Department (IMD) attributed March’s temperature levels to the absence of active western disturbance over north India, and any primary easterly system over south India, causing subdued rainfall and fewer thunderstorms in most parts of the country.  Impact of abnormal HeatNon-optimal temperatures are a threat to everyone. Scientists observed these changes could have a long-lasting impact on the environment, affecting human health and food security. The Lancet reported that more than seven lakh excess deaths in India annually were attributed to abnormally hot and cold temperatures related to climate change. Nearly 6,55,400 deaths occurred due to extremely cold conditions, and 83,700 were due to scorching heat.BottomlineUnusual weather events like warm spells may have a silver lining: providing a wake-up call to the population. Most parts of India are known for scorching weather, especially during the summer months that start in March and extend to July. But after the heat in March, the first half of April also showed record heat in the last 72 years — initial data suggest more frequent heatwaves in the coming days of April.","['heatwave in india', ' diu india today', ' temperature increase', ' global warming', ' ice caps', ' melting ice caps']",https://www.indiatoday.in/diu/story/india-early-heatwave-1937549-2022-04-14
7,data-intelligence-unit,In numbers: How BJP made big gains in assembly elections in last decade,"(12, 4, 2022)","A decade ago, states like Bihar, Odisha, and West Bengal used to be a weak link for the Bharatiya Janata Party (BJP). Its vote share in the assembly elections in the eastern states in 2012 was a meagre 14 per cent.

On the back of impressive performances in recent assembly elections in Bihar, Odisha, and West Bengal, the BJP has more than doubled its vote share in the region. In the last elections in the three states, while the BJP emerged as the single largest party in Bihar, it occupied the main opposition’s space in Odisha and West Bengal.As a result, the party’s vote share galloped to 31 per cent in the region, relegating the Congress to a marginal player. India Today’s Data Intelligence Unit (DIU) analysed vote share data of all assembly elections since 2012. For this analysis, we collected data from the Election Commission on the number of votes polled by the BJP, Congress, and others in all states and union territories with assemblies.We calculated the votes for the parties in the assembly elections for the entire year and added the previous elections’ votes for the same year where assembly elections did not take place. We took March as the base month to calculate votes. For example, assembly elections in West Bengal took place in May 2021. So, we included the revised West Bengal numbers in our 2022 calculations.The following are the broad trends:1. While the number of votes polled in assembly elections went up 28 per cent since 2012, the number of votes received by the BJP increased by a whopping 119 per cent in the same period.2. The BJP’s vote share in assemblies increased by a massive 12 percentage points.3. In terms of the number of votes polled, the Congress lost very little. However, it failed to add new voters and slipped a lot in terms of vote share. The party’s mobilising capacity does not seem to be working.4. The BJP managed to receive most of the incremental votes in the last decade, our analysis shows.5. In terms of seats, non-BJP, non-Congress parties managed to keep their turf intact. However, the erosion in vote share was quite significant at six percentage points.6. Between 2012 to 2022, the number of voters increased by 15 crore. During the same period, the BJP managed to gain ten crore votes while non-BJP, non-Congress parties added five crore votes to their kitty.BJP’s vote share in excess of 30% in four of the five regions Region-wise analysis shows that the BJP is now a formidable player in all regions except the south, with a vote share in excess of 30 per cent. In the south, however, the party is stuck with around 10-12 per cent of the votes. While the party’s performance in the Karnataka assembly polls has fluctuated, it has failed to make any mark in states like Tamil Nadu and Kerala. In the east, the northeast, and the north, however, the party made substantial ground in terms of attracting votes. Marginalisation of the Congress in assembly electionsThe story of the Congress, on the other hand, is a picture in contrast. In the last ten years, its support base declined in all the regions. The decline has been pretty steep in the north and the northeast.Head-to-head, the Congress was a much bigger player than the BJP in four of the five regions in 2012. In a complete reversal of sorts, the BJP is now way ahead of the Congress in four of the five regions in terms of vote share.Data shows that while the grand old party may have managed to retain most of its traditional voters across states, its inability to attract new voters to its fold has been a big problem area. That is perhaps the reason why the Congress wins very few seats in states where the crop of new voters is significant.ALSO READ | North Kolhapur election: BJP eyes first win on seat even as Cong hopes to retain powerIn terms of votes received, the BJP has come close to non-Congress, non-BJP parties in the north, the northeast, and the west. In the east, the north, and the northeast, the non-BJP, non-Congress formations have suffered substantial erosion in terms of vote share since 2012. This could be because of the BJP’s rapid expansion in West Bengal and the decline of the Samajwadi Party (SP) and the Bahujan Samaj Party (BSP) in Uttar Pradesh.The south has proved to be a fortress for the non-BJP, non-Congress parties. Their vote share in the region has gone up from 64 per cent in 2012 to 71 per cent now.","['BJP', ' Assembly elections 2022', ' assembly elections 2014', ' narendra modi']",https://www.indiatoday.in/diu/story/bjp-big-gains-in-assembly-elections-1936680-2022-04-12
8,data-intelligence-unit,NA,NA,NA,NA,https://www.indiatoday.in/diu/video/diu-video-india-s-growing-trade-balance-with-us-1936273-2022-04-11
9,data-intelligence-unit,Hindi grew rapidly in non-Hindi states even without official mandate,"(11, 4, 2022)","The language debate is back, and along with it, the hardening of positions for and against adopting Hindi as an officially-mandated common language across the country.

Data shows that Hindi has grown from strength to strength in the last four decades, and this happened despite no official mandate. Sample the following data points to understand what changed over four decades starting in 1971:- As per the 2011 Census, the percentage of the Hindi-speaking population stood at 44 — nearly seven percentage points more than in 1971. Bengali remains the second most spoken language with eight per cent of India’s population versed in that language. This is followed by Marathi at seven per cent.- Between 2001 and 2011, the number of Hindi speakers increased by a whopping ten crore. This decadal addition was more than the total number of speakers of the second most spoken language in the country.- Hindi remained the fastest-growing language among all the scheduled languages in 2011. The growth between the two censuses was more than 25 per cent. Hindi was followed by Kashmiri (23 per cent) and Manipuri (20 per cent).- Nearly 53 crore people speak Hindi, followed by 9.7 crore Bengali speakers, and 8.3 crore Marathi speakers.Hindi speakers moving to non-Hindi regionsThis rapid pace of growth has been accompanied by the rising propensity of the Hindi-speaking population to move out from their place of birth, either for education or for work. Consequently, many Hindi speakers are shifting to non-Hindi areas.According to the 2011 Census, in percentage terms, the number of Hindi speakers grew the most in Tamil Nadu, Kerala, Gujarat, Maharashtra, and Andhra Pradesh, among others.Data shows that on average, there are 1,289 Hindi speakers among every 10,000 people in Maharashtra. The proportion stands at 369 and 330 in Andhra Pradesh (undivided at the time of the 2011 census) and Karnataka, respectively. The number is relatively small in the case of Tamil Nadu (55) and Kerala (16) but it is growing somewhat rapidly.The Economic Survey of 2016-17 noted: “Political borders depress the flows of people, reflected in the fact that controlling for distance, labour migrant flows within states are four times the labour migrant flows across states.However, language barriers appear not to create comparable frictions to the movement of goods and people within India. The prescient permissiveness of the founding fathers in not dictating a lingua franca for the country appears to have succeeded in making language less salient an axis of cleavage across India, a remarkable achievement given the early anxieties about linguistic divisions”.Since considerable inter-mingling of the population has happened despite linguistic barriers, and without an officially-mandated common language policy, will a change now create friction?Some leaders from the southern states have voiced their objections to any move to change the status quo. They are opposed to the idea of imposing Hindi on people with different mother tongues. The merits or demerits of such stances aside, it is undeniable that Hindi has grown and will likely continue in the near future as well.ALSO READ | Hindi as our national language: Myth and reality","['Hindi', ' hindi language', ' hindi in india', ' hindi language growing in India', ' ']",https://www.indiatoday.in/diu/story/hindi-grows-in-non-hindi-states-without-official-mandate-1936196-2022-04-11
10,data-intelligence-unit,How the Russian ruble is defying sanctions,"(9, 4, 2022)","The Russian currency, the ruble, is roaring back to pre-war levels even as sanctions are piling up. The currency strengthened and reached about 77 rubles to the US dollar during Friday trading on the Moscow Exchange. But how did the Russians manage to revive their currency so fast despite the wall of sanctions?

The Russia-Ukraine conflict ignited an economic war as well. After the Russian invasion of Ukraine, the US-led North Atlantic Treaty Organization (NATO) slapped nearly 4,000 economic sanctions against Russia — from blocking international transactions of big banks to blacklisting nearly 300 Russian companies along with 500 institutions, and more than 3000 individuals so far.“We are going to wage a total economic and financial war on Russia,” French Finance Minister Bruno Le Maire said on March 2. “We are going to cause the collapse of the Russian economy.”The Fall and Rise of the Russian RubleThe ruble slipped to historic lows after Russia attacked Ukraine on February 24. Then, as an impact of multiple sanctions, the Russian currency further dropped. A single US dollar was equivalent to 139 rubles as of March 7. After hitting the lowest level, the ruble bounced back by March-end. The currency showed a sharp and sustained recovery, and the ruble became one of the world's top-performing currencies in the last few days. Return Of The Ruble The currency’s value of a country is one of the indicators of the economy’s health. And this value is shaped by the balance between the demand and supply of the currency.Here are the steps that Russia took to make the ruble bounce back:The Bank of Russia, the country’s central bank, pumped USD 1 billion on the day of invasion to support the tumbling rubleIt doubled the benchmark interest rate to 20 per cent on February 28It imposed capital controls and a ban on foreigners' securities sellingIt banned all Russian residents from transferring foreign currency abroad""Unfriendly countries"" that imposed sanctions against Moscow were made to pay in rubles for Russian natural gasOn March 25, the central bank announced resuming gold purchases at a fixed price of 5,000 rubles (USD 52 at the time) per gram.The central bank further lowered its benchmark rate from 20 to 17 per cent on April 8. “External conditions for the Russian economy are still challenging, considerably constraining economic activity. Financial stability risks are still present, but have ceased to increase for the time being, including owing to the adopted capital control measures”, the central bank of Russia said on Friday.The above measures rejuvenated the ruble. Some latest estimates show Russia is likely to sell oil and gas worth USD 300 billion in the current year if its major trading partners remain intact. The key driver of the ruble gains is the huge demand for Russia's oil and gas in Europe and other parts of the world. However, critics said that Russia was creating artificial sources of demand for the ruble.","['russian ruble defying sanctions', ' ukraine war']",https://www.indiatoday.in/diu/story/russian-ruble-defying-sanctions-ukraine-war-1935448-2022-04-09
11,data-intelligence-unit,"Russia's attack on Ukraine may burn a hole in your pocket too, daily items' prices set to rise ","(8, 4, 2022)","Food prices are surging globally, including in India, as the war in Ukraine blocks crop supplies to push inflationary pressure on the consumer pocket. Taking cues from the global situation, the Reserve Bank of India today raised the inflation forecast for the current fiscal year by 120 basis points to 5.7 per cent.

RETAIL PRICES ARE EXPECTED TO RISE FASTER“The Russia-Ukraine conflict poses considerable upside risks to prices of key food items,"" RBI said in its Monetary Policy report on Friday. Even as adverse spillovers through direct trade remain limited, the Russia-Ukraine war may have a significant impact on inflation through the global commodity markets channel, the central bank added.The apex bank also clarified that the inflation trajectory would depend critically on the evolving geopolitical situation and its impact on global commodity prices and logistics. HOW MUCH HAVE FOOD PRICES SURGED IN A YEAR?After easing to 4.3 per cent in September 2021, retail inflation rose in the following months to reach 6.1 per cent in February 2022, driven mainly by the increase in food inflation. Retail prices of vegetables, cereals, and edible oils are already at elevated levels.The retail price of tomatoes rose 36.2 per cent, vanaspati oil 26.42 per cent, masoor dal 19 per cent, potatoes 17.7 per cent, and onions 11.2 per cent year-on-year as of April 7. SHARP RISE IN GLOBAL FOOD PRICESWhile prices of food items have jumped in India, the inflation still looks benign compared to many other regions in the world. The global food price index rose sharply to a record high in March 2022. The food price index shot up 12.7 per cent last month, according to the Food and Agriculture Organisation (FAO). Food prices are primarily pushed by expensive cereals. GLOBAL INFLATION IN A NUTSHELLThe Eurozone recorded a lifetime high inflation rate of 7.5 per cent, while Turkey, Mexico, and Ireland recorded inflation rates that have been the highest in the last two decades. Prices in Spain, Belgium, and Germany rose at a rate faster than that recorded in the last 35 years.Live TV--- ENDS ---Also Read: | DIU Video: One month of Russian Invasion of Ukraine","['Russia’s attack on Ukraine may burn a hole in your pocket too', ' daily items’ prices set to rise\xa0']",https://www.indiatoday.in/diu/story/russia-attack-on-ukraine-may-burn-a-hole-in-your-pocket-too-daily-items-prices-set-to-rise-1935234-2022-04-08
12,data-intelligence-unit,NA,NA,NA,NA,https://www.indiatoday.in/diu/video/diu-video-india-s-covid-19-snapshot-1935183-2022-04-08
