SN,category,headline,date,content,keywords,link
1,data-intelligence-unit,Are you looking for SUVs too? You are in the queue,"(11, 12, 2021)","If you are looking to buy a car and your eyes are stuck on an SUV, it is not unusual. The taste of Indian car owners is changing rapidly and they are increasingly preferring to be behind bigger and more fancy wheels. This is evident from the fact that the sale of passenger cars rose 6 per cent on-year during April-November 2021 while the sale of Utility Vehicles rose by a whopping 57 per cent in the same duration.

The growth (93 per cent) was maximum in bigger UVs with length between 4.4 - 4.7 metres and price less than Rs 20 lakh, and expensive UVs priced between Rs 20 - 30 lakh. The growth (34 per cent) was least in smaller UVs with length 4 - 4.4 metres and price below Rs 20 lakh, according to the Society of Indian Automobiles Manufacturers. While Maruti Suzuki is still the market leader (21.4 per cent) in the UVs segment as well, other players like Tata Motors (8.5 per cent) and Toyota Kirloskar (7.3 per cent) have rapidly gained the market share this year. Hyundai Creta, Kia Seltos, Hyundai Venue, Tata Nexon, Kia Sonet and Toyota Innova Crysta remained some of the most selling UVs during this year. These six cars accounted for 40 per cent of all UVs sold till November this financial year. The race for UVs is seen at a time when the auto industry is struggling with the semiconductor shortage and car sales are significantly subdued.“In the festive season, the [auto] industry was hoping to make up for the lost ground, but the sales in the month of November 2021, were lowest in seven years for passenger vehicles, lowest in 11 years for 2-wheelers and lowest in 19 years for 3-wheelers,” said Rajesh Menon, Director General, SIAM.READ: Top 5 selling compact SUVs in May 2021: Kia Sonet at top, Tata Nexon at second position, here is complete listALSO READ: Top 5 best-selling compact SUVs of October 2020: Vitara Brezza, Sonet, Venue, Bolero, Nexon",NA,https://www.indiatoday.in/diu/story/suvs-utility-vehicles-automobile-industry-cars-1886725-2021-12-11
2,data-intelligence-unit,Omicron cases rise rapidly in Europe; Covid R-value above 1 in many Indian states,"(10, 12, 2021)","With fears of a new Coronavirus variant - Omicron - looming globally, scientists and health experts are still struggling to draw definitive conclusions about its symptoms, transmission, severity and effectiveness of existing vaccines.

However, the available data suggests that the Omicron cases are spiking rapidly in the UK, Denmark, and South Africa, among other nations. So far, it has spread in nearly 60 countries. India's Omicron tally stands at 32 as per the latest update, with 17 cases in Maharashtra, nine cases in Rajasthan. Whereas Gujarat, Karnataka, and Delhi have reported three, two and one cases, respectively.While India's Covid numbers give the impression that the situation seems to be under control, what does the current reproduction value - one of the parameters to get a sense of the future course of transmission - indicate? According to the model developed by a team of researchers at the Center for Precision Health Data Science at the University of Michigan led by Prof. Bhramar Mukherjee, the effective reproduction number for India is estimated at 0.9 as per data available for December 10. It means that one infected person, on average, can potentially infect less than one person. It was 0.93 nearly two weeks ago.Even as the number of daily reported cases is consistently declining in the country, with India reporting less than ten thousand cases for the last two weeks, R-value has started going up in some of the states. Looking at the state-wise data, the R-value is more than one in 18 states and union territories, including populous states like Bihar, Uttar Pradesh, Rajasthan, Gujarat, etc. R-value above one implies that infections are going to rise further. R-value in the national capital stands at 1.71 as of December 10.However, what is encouraging is a pick up in the pace of vaccination during the global Omicron scare in the country. So far, India has been able to vaccinate nearly 86 per cent of its adult population with at least one dose. At the same time, 53 per cent of the eligible population has been fully vaccinated. In terms of the number of doses administered, as many as 1.31 crore vaccine doses have been given, including 81.1 crore first doses and 50 crore second doses. The inoculation of the second dose has picked up the pace, as per the government's priority. The data shows that it took 18 days to administer the second dose to the last ten crore people, and the rate has been the fastest so far.On average, India has been administering 78.6 lakh doses per day in December, including the administration of one crore plus doses on December 4. It is much higher than in November, which was nearly 59 lakh doses per day on average.The weekly test positivity rate in the country has been below two per cent for almost two and a half months. Worryingly, there has been a decline in adherence to Covid appropriate behaviour, including mask usage, social distancing, etc. During the briefing on Covid, Dr V K Paul, Member NITI Aayog and Chief of India's Covid Task Force, draws attention to the country's declining trend of mask usage. He referred to the study done by the Institute for Health Metrics and Evaluation at the University of Washington. He further added that we are at the same level we were before the surge of the second wave in the country, which is risky and unacceptable.",NA,https://www.indiatoday.in/diu/story/omicron-cases-europe-covid-r-value-above-1-in-indian-states-1886532-2021-12-10
3,data-intelligence-unit,NA,NA,NA,NA,https://www.indiatoday.in/diu/video/diu-video-india-covid-19-snapshot-1886476-2021-12-10
4,data-intelligence-unit,Depression in times of Covid: One in 10 adults suffer from mental health issues in India ,"(9, 12, 2021)","A deterioration in mental health among the average Indian has been a matter of concern for psychologists and social scientists for long. However, it has been one of the least addressed issues in an age of massive technological advancement and tough competition in the job market.

The Covid pandemic has made matters worse, with joblessness and illness at a high. On December 7, the Centre said in Rajya Sabha that 10.6 per cent of adults in India face some kind of mental disorder.Given the severity of the illness, Niti Aayog has over time recommended that the government include mental health treatment in primary healthcare arrangements.“Three major diseases viz, cancer, cardiovascular diseases and renal conditions and neglect in regard to mental health conditions have of late shown worrisome trends,” according to the Niti Aayog’s ‘Heath Care in India Vision 2020’.Post Covid-19, governments must encode mental health in their policy frameworks by improving their approach towards mental health services and improving public attitudes towards the issue, Niti Aayog (https://twitter.com/NITIAayog/status/1272769962566750208?s=08) further said in a tweet.So why has Covid-19 re-emphasised on the need for adequate mental healthcare?A study based on the United States population shows that the share of adults with symptoms of anxiety or depressive disorder was 11 per cent during January-June 2019 (pre-pandemic), which rose to 41.1 per cent in January 2021 (during the pandemic).The results showed that people in the age group of 18-24 were most affected and more than half of the population was going through some kind of mental disorder. IMPACT ON TEENSNot just adolescents, but the pandemic’s impact on the mental health of teens was also severe. Their confinement in homes or having been stuck away from their families for long, combined with uncertainty in the educational pattern, were believed to be taking a toll on their mental health.Children may experience a range of psychological issues such as anxiety, fear, worry, depression, difficulty in sleeping and loss of appetite, according to the department of psychiatry, NIMHANS, Bengaluru. It released a report on ‘Guidance for General Medical and Specialised Mental Health Care Settings’ to highlight the issue of mental illness due to the pandemic.Increased screen time, strained family relations or a sedentary lifestyle at home pose additional challenges, the UNICEF highlighted.MENTAL HEALTH CHALLENGES IN INDIAThe coronavirus pandemic has significantly amplified mental health issues underlying in India.“Pre-Covid conditions for mental health in India were (already) grim as one in seven Indians had mental disorders of varying severity in 2017. Indians accounted for 26.6 per cent of global suicides in 2016,” according to a report by “The Lancet”.The pandemic is likely to have resulted in mental health problems varying from mild, time-limited distress to chronic, progressive and severely disabling conditions, the report added. The share of mental health illness in overall diseases is on an upward trend in India. From 2.4 per cent in 1990, the share of mental health disorders in total diseases in India rose to 4.5 per cent in 2016, according to “Our World in Data”. In contrast, the availability of psychiatrists is still very low to appropriately address the issue. India has 0.25 psychiatrists per lakh population, which is very low in comparison to most countries in the sub-continent, according to the World Health Organization.It is quite evident why President Ram Nath Kovind in 2017 said that India was facing a possible mental health epidemic. The President was speaking at the 22nd convocation of NIMHANS where he had also underlined the need for addressing the shortage of mental health professionals.",NA,https://www.indiatoday.in/diu/story/depression-in-times-of-covid-one-in-10-adults-suffer-from-mental-health-issues-in-india-1886014-2021-12-09
5,data-intelligence-unit,Omicron more likely to evade immunity than other Covid variants: Study ,"(8, 12, 2021)","On its face, the new coronavirus variant Omicron may look less severe as infected people have reported mild symptoms. But the variant’s ability to evade immunity and lead to more infections has concerned scientists.

The latest study led by South African scientists “investigated whether Omicron escapes antibody neutralisation elicited by the Pfizer-BNT vaccine and whether the virus still requires binding to the ACE2 receptor to infect cells.”The study’s main finding is that the variant can evade vaccine-induced immunity. However, a combination of natural immunity arising out of infection and vaccination may be helpful. The fact that the new variant can evade vaccine-induced immunity suggests it is quite infectious.But how severe is it?Numbers emerging from South Africa suggest that the variant is infectious but less severe. The country is witnessing a surge in cases like never before. Weekly average of cases has seen a spike of over 300 per cent (from 2,756 to 11,881), and the monthly average has jumped by more than 800 per cent (from 443 to 4,242). The percentage increase is relatively high because of low base. A month ago, South Africa’s pandemic almost ended. But since mid-November, cases have started rising.However, whatever timeframe we select for comparison, data show a decline in fatalities. For example, average weekly deaths have declined by 24 per cent (from 30 to 23) and average monthly deaths by 15 per cent (from 37 to 31). If fewer people are succumbing to the infections despite a surge in cases, it indicates that the variant is mild.Last week, Dr Angelique Coetzee, Chair of the South African Medical Association, told India Today TV that Omicron is causing mild illness. The doctor is believed to be one of those who first came across the new variant in South Africa.ALSO READ: Increased severity in kids, more hospitalisations: Preliminary report on Omicron from South AfricaALSO READ: What are the major symptoms of Omicron?",NA,https://www.indiatoday.in/diu/story/omicron-likely-evade-immunity-than-other-covid-variants-study-1885702-2021-12-08
6,data-intelligence-unit,Fight against Covid: How different countries responded differently to vaccine rollouts,"(7, 12, 2021)","At the peak of one of the early coronavirus waves in the last week of September 2020, Israel was reporting nearly 670 cases per million population. The fatality number was around 3 per million population.

Exactly a year later, in the middle of September of 2021 to be precise, Israel was in the midst of one of the fiercest waves again, with case count nearly doubling from the year-ago level. There was no spike in death count though. Israel has been one of the leaders in inoculation with more than 60 per cent of the total population getting fully vaccinated. In fact, it has been one of the early movers in administering booster doses to vulnerable groups.Numbers analysed by India Today Data Intelligence Unit (DIU) show that while vaccination helped in reducing fatalities in Israel, it has had no impact on infections. DIU analysed Covid-related data of five countries the United States, the United Kingdom, Israel, India and Russia. They are at different levels in terms of vaccination coverage. Data show that Israel and the UK have followed a similar trajectory of fewer deaths despite rise in infections. In India and the US, however, vaccines have ensured fewer deaths and lower infections.In the US, for instance, cases per million population have dropped from a high of around 740 in the middle of January 2021 to close to 300 now. The drop in fatalities in the same period has been from 10 per million to 4 per million population now. India has followed a similar trajectory of decline in cases and deaths after the ferocious second wave peaking in May of 2021. More than half of the eligible population have received both doses in India, while 85 per cent of the adult population have received at least one jab. Russia, at present, is going through a rough patch in terms of Covid cases and deaths. With the share of fully vaccinated population at a low of 40 per cent, the country is facing an all-time high Covid deaths.The country has witnessed an average of more than 1,000 deaths consecutively for the last 44 days. In other words, nearly 13 per cent of all Covid deaths in the world are taking place in Russia alone at the moment. Numbers from the UK clearly establish that vaccines have reduced the severity of Covid symptoms a lot. The UK continues to report daily infection numbers on a higher side for months now. The fatality count though is a fraction of what was the case in the pre-vaccination period. The World Health Organization has said, “Take whatever vaccine is made available to you first, even if you have already had Covid-19.”After vaccination, if the body is later exposed to disease-causing germs, the body is immediately ready to destroy them and prevent illness, it added.",NA,https://www.indiatoday.in/diu/story/fight-against-covid-how-different-countries-responded-differently-to-vaccine-rollouts-1885253-2021-12-07
7,data-intelligence-unit,NA,NA,NA,NA,https://www.indiatoday.in/diu/video/two-years-of-coronavirus-pandemic-1885248-2021-12-07
8,data-intelligence-unit,Tale of two Covid variants: What makes Omicron more infectious than Delta  ,"(7, 12, 2021)","Omicron, the new variant of coronavirus, is said to be more infectious than others, including the feared Delta strain. Unusual patterns of mutations appeared to be accountable for the speed of the spread of this new variant.

Omicron replaced the Delta strain in a relatively short time in South Africa.Scientists warn that high mutations may lead to re-infection and breakthrough infections. The variant could spark explosive increases in Covid cases in other countries as well, early data shows. However, its severity seems to be comparatively low.ALSO READ: 2 more Omicron cases detected in Mumbai, India’s tally rises to 23 | Top developmentsWhatever is known so far about this new variant's transmissibility, ability to evade immunity, and the severity of its symptoms is from preliminary research in South Africa. Many questions, therefore, continue to remain unanswered at this stage.“This wave seems much faster than the Delta wave. And we thought the Delta wave was really fast. It’s unbelievable,” Juliet Pulliam, director and professor of applied mathematics at the South African Centre for Epidemiological Modelling and Analysis (SACEMA), said.Pulliam and her colleagues in their study showed that re-infections in South Africa are more likely with Omicron than with Delta or Beta variants. “Population-level evidence suggests that the Omicron variant is associated with substantial ability to evade immunity from prior infection. In contrast, there is no population-wide epidemiological evidence of immune escape associated with the Beta or Delta variants,” the study said.The Omicron has 60 mutations not seen in combination earlier, compared to other coronavirus variants. Of these, around 30 mutations are to the spike protein that the virus uses to link to human cells, genome sequence data shows. Scientists said large mutations might reduce the immunity of already infected or even vaccinated people. High mutation means a virus can bind to a human cell, and the immune system is not able to eject it. Even target vaccines may be less effective.On December 5, South Africa recorded 10,041 new cases, up from 3,459 reported on November 26. Genome sequencing data shows more than 70 per cent of these cases are due to the Omicron variant.ALSO READ: Omicron has high transmission, but mild symptoms: Study from South African hospital hints at less severe CovidHigher number of mutations in spike proteins makes Omicron scarier for other countries too. Therefore, the genetic difference from other variants is a big concern for scientists.Dr Christopher JL Murray, director and lead modeler of the Institute for Health Metrics and Evaluation (IHME) at the University of Washington, said, “This is going to be very important in places with high levels of past infection India, for example, with the Delta variant, or parts of Latin America with high levels of Gamma variant they’re a susceptible population that can now be infected with Omicron. We would expect some cross-variant protection, but given all the mutations in the spike protein, it’s likely greatly reduced but it’ll take quite some time until we’ll be sure.”However, some experts said that existing data and studies are not sufficient to declare that the newest coronavirus variant appeared to spread more than twice as quickly as Delta.“Data emerging from South Africa suggest increased transmissibility, but whether it is more or less transmissible than Delta remains to be answered. A new study by SACEMA suggests that Omicron can re-infect people who already had Covid, but it remains to be determined whether it can escape vaccine-induced immunity. In the coming weeks, we will have answers to these questions,” Dr Priya Luthra, principal investigator at viral disease and translational science program at Trudeau Institute in New York, told India Today.Doctors cautioned that the rapid rise of Omicron variant in South Africa could reach many nations, including India. More than 45 countries have reported the presence of the Omicron variant as of December 6. “In South Africa, 40 per cent of the population is already infected with Covid, and 36 per cent are vaccinated. Despite that, Omicron is spreading at great speed. This is not a good sign for India as India’s sero survey showing a high rate of antibodies (about 75 per cent in many states) seemed to be a big weapon against corona infection, and we thought that we were inching towards herd immunity,” GC Khilnani, former professor and head of pulmonary department at AIIMS, told India Today.Scientists and health officials are still struggling to analyse data to predict Omicron’s impact and the multiple mutations. Many countries have upped border restrictions, and whether more measures will be introduced in the coming days remains to be seen.ALSO READ: How Omicron is pushing the world back to restrictions",NA,https://www.indiatoday.in/diu/story/covid-variants-what-makes-omicron-more-infectious-than-delta-1884887-2021-12-07
9,data-intelligence-unit,How Omicron is pushing the world back to restrictions,"(6, 12, 2021)","Even before the effect of the coronavirus's Delta strain could fade away, the detection of a new variant of concern - Omicron - has forced several countries to reconsider their border restrictions. Almost the entire world seems to have some restrictions, a few of which have been imposed after the detection of Omicron, according to the International Air Transport Association.

The United States, Russia, Ukraine, Australia and Brazil have restricted permits to passengers flying from certain African countries such as Botswana, Eswatini, Namibia, Mozambique, South Africa and Zimbabwe. It was in South Africa that the first case of Omicron was detected.While the world was gradually easing border restrictions, rising global cases for seven consecutive weeks have raised concerns once again. The global average of daily cases on October 17, 2021, was 4.09 lakh, which rose to 6.21 lakh on December 5, 2021, according to ""Our World in Data"".Cases related to the Omicron variant have been found in around 40 countries and it is spreading rapidly. India, too, has detected over 20 cases of the new strain in the last few days. Infographic by India Today DIUIn view of the resurgence of the virus, the Indian government said passengers originating or transiting from at-risk countries shall be informed by the airlines that they will undergo post-arrival testing, quarantine if tested negative, and stringent isolation protocols if tested positive.The positive news so far is that none of the current information about Omicron suggests that change in direction towards fighting the virus is required, said Takeshi Kasai, WHO's western Pacific director. However, he added that higher the vaccine coverage and health system capacity, the more open borders can be.Border restrictions were in place much before the new variant was detected. As of November 1, some 21 per cent of all destinations worldwide had their borders completely closed for international tourism, more than half of which were shut for at least one-and-a-half years, according to the United Nations World Tourism Organization.While one-fourth of all destinations worldwide were partially closed for international tourism, a little more than half of the global destinations mandated negative Covid reports. Only 2 per cent of all destinations worldwide (Dominican Republic, Colombia, Costa Rica and Mexico) had lifted all Covid-related travel restrictions for international tourism.",NA,https://www.indiatoday.in/diu/story/covid-corona-omicron-variant-travel-restrictions-1884811-2021-12-06
10,data-intelligence-unit,10 things you need to know about Omicron's global spread,"(3, 12, 2021)","The highly transmissible Omicron variant of Coronavirus, first detected in South Africa, has spread to more than 30 countries now. Other than some African nations, at least 13 European countries have reported the presence of the variant. Cases have been detected in India too.

Here is what we know about the variant so far:1. On November 26th, the World Health Organisation (WHO) named Omicron a “variant of concern”, the fifth version of the virus.2. More than three hundred Omicron cases have emerged worldwide, including India, mainly in travellers arriving from South Africa.3. According to the European Centre for Disease Prevention and Control (ECDC), most of the cases in Europe are of those with travel history to “Southern African countries”. However, it also says that some European countries have reported “community or household transmission.”4. ECDC cautioned that the Omicron variant could be the cause of nearly half of all infections in Europe within the next few months.5. The ECDC says that all the cases detected in Europe so far were either asymptomatic or mild.6. Preliminary data analysis by South African scientists, reportedly, shows that the Omicron variant can evade immunity and is three times more likely to cause reinfections than the earlier variants. It means that those who have already suffered infections also run the risk of reinfections.7. The variant of concern has entered the United States, with five of the 50 states reporting Omicron cases.8. According to the Centres for Disease Control and Prevention of the United States, “preliminary information from South Africa indicates that there are no unusual symptoms associated with Omicron variant infection, and as with other variants, some patients are asymptomatic. In addition, symptoms may be milder in persons who have been vaccinated or previously infected with SARS CoV-2.”9. India's health ministry has said in a statement that ""given the pace of vaccination"" and exposure to the Delta variant, ""the severity of the disease is expected to be low” in the country.10. Researchers are trying to figure out Omicron’s ability to evade immune responses and the effectiveness of available vaccines. Read | Decoded | Why Omicron variant of SARS-CoV-2 is being debatedRead | Omicron variant may become dominant in Europe in months: EU","['Omicron', ' new variant', ' omicron global spread', ' omicron cases in India', "" 10 things you need to know about Omicron's global spread""]",https://www.indiatoday.in/diu/story/10-things-you-need-to-know-about-omicron-global-spread-1883896-2021-12-03
11,data-intelligence-unit,Covid Vaccination for children takes centrestage as Omicron variant raises fear,"(3, 12, 2021)","The resurgence of coronavirus with its new variant Omicron has once again put the need for countermeasures, such as vaccination, in the spotlight. While around half of the world has been fully vaccinated against Covid-19, the safety of children is still a concern as they were not included in the vaccination drive initially.

The Centre for Disease Control and Prevention says that vaccinating children can help protect family members and can also help keep them from getting seriously sick even if they do get Covid-19. Vaccinating children aged 5 years and older can help keep them in school and help them safely participate in sports, playdates, and other group activities, it added.Before the world could completely recover from the devastation caused by the Delta variant, the Omicron variant has started to amplify. At least 375 cases related to the Omicron variant have been spotted in around 30 countries. World Health Organization chief Tedros Adhanom Ghebreyesus said that WHO is taking this development extremely seriously, and so should every country.Amid these concerns, vaccination for children is also important because children tend to show milder infections and thus the chance of cases to go unreported rises.“Milder symptoms and asymptomatic presentations of Covid infection may mean less frequent care seeking in these groups, thus children and adolescents tend to be tested less and cases may go unreported,” said WHO.Many countries such as the Netherlands, Estonia, Denmark, Greece, Ireland, Lithuania, Spain, Sweden, Jordan, South Africa, South Korea, the Philippines and Finland have started the vaccination for children over 12 years of age. Over 60 per cent of such children in the Netherlands have been fully vaccinated so far, local media reports show. Other countries such as Germany, Czech Republic, Switzerland, Bahrain, Indonesia, Malaysia are expected to start vaccinating children soon.India, too, is mulling over vaccinating children and adolescents. “The Interim Phase II/III clinical trial data of COVAXIN on healthy volunteers aged 2 to 18 years is submitted by Bharat Biotech and was deliberated in the meeting of the Subject Expert Committee.” Union Minister of State for Health and Family Welfare, Dr Bharati Pravin Pawar stated in a written reply in the Rajya Sabha.Cases reported to WHO from December 30, 2019-October 25, 2021 show that children under five years of age represent 2 per cent of reported global cases and 0.1 per cent of reported global deaths. Older children and younger adolescents of 5-14 years account for 7 per cent of reported global cases and 0.1 per cent of reported global deaths.READ: Omicron variant forces revision of Covid-19 guidelines. Here's a look at fresh advisories from statesALSO READ: Covid vaccine for children can wait, trials still underway: Dr Gagandeep Kang | Exclusive",NA,https://www.indiatoday.in/diu/story/covid-vaccination-children-omicron-variant-1883803-2021-12-03
12,data-intelligence-unit,NA,NA,NA,NA,https://www.indiatoday.in/diu/video/diu-video-where-coronavirus-cases-are-growing-fast-1883001-2021-12-01
