SN,category,headline,date,content,keywords,link
1,data-intelligence-unit,UP elections 2022: Small players may have big impact in phase 7,"(6, 3, 2022)","In 13 of the 54 assembly seats going to polls in the seventh and final phase of the protracted assembly elections in Uttar Pradesh, Patels — an influential other backward classes (OBCs) group — are believed to have a sizable presence.

Rohania, an assembly seat that’s part of the Varanasi Lok Sabha constituency, happens to be one of the aforementioned 13. Here, the Bharatiya Janata Party ally, the Apna Dal (S), is in a direct contest against the Samajwadi Party ally, the Apna Dal (K).Both factions of the Apna Dal, OP Rajbhar’s Suheldev Bhartiya Samaj Party, and the Nishad Party are among the smaller outfits tasked with lending strength to their respective alliance partners in this phase. And all of them have their pockets of influence.The emergence of influential social groups like Rajbhars, Nishads, Patels, and similar upwardly-mobile OBC groups have given rise to such smaller parties claiming to represent their aspirations. In the election season, they are the ones courted by the major players.Many of them have sided with the SP this time. The Nishad Party and the Apna Dal (S) have stayed with the BJP.Of the nine districts voting on March 7, Azamgarh, Mau, and Jaunpur are considered Samajwadi Party strongholds. Ghazipur, Chandauli, Varanasi, Bhadohi, Mirzapur, and Sonbhadra, on the other hand, have solidly backed the BJP in recent elections.Bahubalis of Uttar Pradesh | India Today InteractiveThe BJP’s subpar performance in the region The final phase seats have seen the BJP struggle in the past. For instance, in the 2017 assembly elections, the BJP won 29 of the 54 seats and its allies won another five seats. The party’s vote share at 31 per cent was much lower than the party’s overall vote share in the state. And in the 2019 Lok Sabha polls, the BJP and its allies could establish a lead in just 22 assembly segments.On the other hand, the Samajwadi Party may have a greater opportunity — the party and its allies did well in the region in the 2019 Lok Sabha elections. From just 11 seats in the 2017 assembly elections, the party and its ally (the Bahujan Samaj Party then) established a lead in 32 assembly segments in 2019. The Congress, data shows, has been a marginal player in the region for a long time now. In terms of the demographic profile of seats going to vote on Monday, Mau, Varanasi Cantt, Varanasi South, and Nizamabad are among seats where Muslims constitute at least 25 per cent of the voting population. As per calculations based on Census data, Ghorawal, Robertsganj, Obra, and Duddhi are among the Dalit-dominated seats. While Dalits account for nearly half of the voting population in Duddhi, their proportion stands at 42 per cent in Robertsganj.Big test of OP Rajbhar at Zahoorabad Zahoorabad is one of the keenly watched seats where SBSP chief Om Prakash Rajbhar faces a tough fight against the BJP's Kalicharan Rajbhar and the BSP’s Saiyyada Shadab Fatima. Rohania and Varanasi South are the other key seats. Mau in the Ghazipur district is in focus because don-turned-politician Mukhtar Ansari’s son Abbas Ansari is contesting as an SBSP candidate. The elder Ansari has won this seat five times.Of the 607 candidates contesting in phase seven, 170 have declared pending criminal cases against themselves. Thirty-six per cent of the candidates in the fray are crorepatis, with the average assets of candidates being Rs. 2.55 crore. READ | UP polls: Akhilesh Yadav’s ally Rajbhar faces stiff challenge from BJP, BSP in Ghazipur's ZahoorabadREAD | Cattle, goons & cops: How a bid for a story led to a face-off amid UP polls",NA,https://www.indiatoday.in/diu/story/small-players-may-have-big-impact-in-phase-seven-1921319-2022-03-06
2,data-intelligence-unit,NA,NA,NA,NA,https://www.indiatoday.in/diu/video/russia-ukraine-war-crisis-nuclear-arms-weapons-1921171-2022-03-05
3,data-intelligence-unit,NA,NA,NA,NA,https://www.indiatoday.in/diu/video/video-diu-sky-high-solidarity-1920954-2022-03-05
4,data-intelligence-unit,India's growing diaspora makes evacuation from conflict zone now more crucial,"(4, 3, 2022)","Russia's invasion of Ukraine led to the latest incident in the last two years when Indian nationals had to be rescued from a foreign country, and urgently so. Why is it that whenever the world sneezes, Indian migrants are most likely to catch a cold?

This is because India has the largest transnational community in the world. In 2020, 18 million Indians were living outside their country of birth, according to UN's International Migration 2020 report. Mexico and Russia, with 11 million each, and China, with ten million, living outside the countries, follow India in the list.Between 2000 and 2020, the size of the Indian diaspora grew by nearly 10 million, the largest in the world. India's diaspora is mainly distributed across the United Arab Emirates (3.5 million), the United States of America (2.7 million), and Saudi Arabia (2.5 million). Australia, Canada, Kuwait, Oman, Pakistan, Qatar, and the United Kingdom also host a significant number of Indian migrants. While a significant portion of India's diaspora lives in the Middle East, Europe is home to the largest number of international migrants in the world (87 million). North America follows Europe by hosting nearly 59 million international migrants.WATCH: | DIU video: Anti-war hashtags trend as Russia invades UkraineIndians send maximum remittances back homeThe Indian diaspora is the largest in the world, and the remittances sent home are also the highest globally. Remittance inflows to India amounted to $87 billion in 2021, the largest in the world. The Chinese and Mexican diaspora came in next, sending $53 billion back home in the same year, according to the World Bank-KNOMAD report.Other countries in the Top Five list are far below India and China. In third place, the Philippines diaspora sent $36 billion back home, less than half of India's. Meanwhile, the Ministry of External Affairs apprised the Parliament on February 4, 2022, that a total of 18.7 million Persons of Indian Origin (PIOs) and 13.5 million Non-resident Indians (NRIs) were living in foreign countries as of December 25, 2021.It added that several steps have been taken to ensure the safety and security of Indians abroad. Some of the key initiatives were the MADAD Portal, the Indian Community Welfare Fund (ICWF), the E-migrate Portal, the Pravasi Bharatiya Sahayta Kendra (PBSK), and the Rishta Portal.Also Read: | Kabul airport chaos captured in three horrifying videos",NA,https://www.indiatoday.in/diu/story/growing-indian-diaspora-makes-evacuation-from-conflict-zone-now-more-crucial-1920797-2022-03-04
5,data-intelligence-unit,NA,NA,NA,NA,https://www.indiatoday.in/diu/video/video-diu-ukraine-airspace-cleared-just-before-russian-attack-1920503-2022-03-04
6,data-intelligence-unit,NA,NA,NA,NA,https://www.indiatoday.in/diu/video/diu-video-anti-war-hashtags-trend-as-russia-invades-ukraine-1920284-2022-03-03
7,data-intelligence-unit,The rich abandon Russia as sanctions kick in,"(2, 3, 2022)","Data published by an open-source flight data platform shows that the number of business jets leaving Russia spiked as the Russian invasion of Ukraine moved forward. More than 200 private jets left Russia between February 24 and February 27 - the first four days of the Russian military operations inside Ukraine - global flight-tracking service Flighradar24 noted. Overall, nearly a thousand private flights were observed leaving Russia during February.

The pre-dawn invasion of Ukraine began on February 24. Subsequently, a spike in VVIP migration was observed the next day. At least 60 private jets were leaving Russia on February 25.Data published by the platform suggests private jets flew to 135 destinations in 52 countries in February. Top destinations Russian elites flew toFrench President Emmanuel Macron has been leading diplomatic efforts and held multiple talks with Russian President Vladimir Putin in a last-ditch effort to deescalate the tensions between Russia and Ukraine. Incidentally, France was also the most favourite destination for the VVIPs flying out of Russia, with 105 private jets making a touchdown in the country.Also Read: | DIU video: Military assistance pour in for Ukraine from many countriesSwitzerland was second with 104 flights headed towards it, and the United Kingdom, with 71 flights headed towards it, was third. ""Warm weather destinations like Cyprus and the Maldives were also popular,"" Ian Petchenik, Flightradar24's director of communications, observed in a blog post. Over 200 private jets flew out of Russia in four days since the Ukraine invasionThe sudden migration of high-flying Russians amid the sanctions did not go unnoticed as several politicians expressed concerns. ""Alexey Mordashov, the third richest person in Russia, worth $23 billion, owns a Bombardier Global 6000 private jet and a $500 million yacht that has been sailing in the Seychelles region for more than 10 days,"" US Senator Bernie Sanders wrote on Twitter.Alexey Mordashov, the third richest person in Russia worth $23 billion, owns a Bombardier Global 6000 private jet and a $500 million yacht that has been sailing in the Seychelles region for more than 10 days. (10/14)— Bernie Sanders (@BernieSanders) March 1, 2022
UK Secretary of State for Transport Grant Shapps too took cognisance of the large number of Russian private jets landing in the country. Shapps said, ""Putin's actions are unlawful and anyone benefiting from Russia's aggression in Ukraine is not welcome here. I've strengthened our ban in the UK so that no Russian private jet can fly in UK airspace, or touchdown - effective immediately.""Putin’s actions are unlawful and anyone benefitting from Russia’s aggression in Ukraine is not welcome here. I’ve strengthened our ban in the UK so that no Russian private jet can fly in UK airspace, or touchdown effective immediately.— Rt Hon Grant Shapps MP (@grantshapps) February 25, 2022
The US, the European Union, and Canada have announced several sanctions, including restrictions on commercial planes using their air-space. However, movements of a few private jets flying out of Russia were observed in the early days of the restrictions.Also Read: | DIU video: Tracking Russia's invasion of Ukraine",NA,https://www.indiatoday.in/diu/story/the-rich-abandon-russia-as-sanctions-kick-in-1919984-2022-03-02
8,data-intelligence-unit,NA,NA,NA,NA,https://www.indiatoday.in/diu/video/diu-video-military-assistance-pour-in-for-ukraine-from-many-countries-1919428-2022-03-01
9,data-intelligence-unit,NA,NA,NA,NA,https://www.indiatoday.in/diu/video/diu-video-tracking-russia-s-invasion-of-ukraine-1918901-2022-02-28
10,data-intelligence-unit,Uttar Pradesh Elections 2022: BJP’s new social engineering to be tested in phase-V,"(25, 2, 2022)","Sirathu, an assembly constituency in Uttar Pradesh's Kaushambi district, is one of the keenly watched seats in phase-V of the assembly polls. It is one of those seats where you have to have support from non-Yadav other backward classes (OBCs) and non-Jatav Dalits to win elections.

The Bharatiya Janata Party (BJP) won this seat in the 2012 and 2017 assembly elections and has fielded Deputy Chief Minister Keshav Prasad Maurya this time.Thanks partly to an alliance with parties like the Apna Dal, the Nishad Party, and OP Rajbhar’s Suheldev Rajbhar Bhartiya Samaj Party (SBSP) at different points of time, the BJP has been getting a sizeable chunk of non-Yadav OBC and non-Jatav Dalit votes in the last few elections.READ | BJP's upper caste focus, SP's Kurmi-Jatav plan and BSP's Muslim card: Decoding UP ticket distributionThe BJP was estimated to have received less than 20 per cent non-Yadav OBC votes in the 2012 assembly elections in Uttar Pradesh, according to Lokniti-CSDS survey data. It jumped closer to 60 per cent in 2017. In fact, in the last three elections in Uttar Pradesh — two Lok Sabha and one assembly — non-Yadav OBCs have solidly backed the BJP, survey data shows.Thanks to the newly stitched social alliance, the BJP made handsome gains in the region in the last assembly elections. From a modest vote share of just 13 per cent and five assembly seats in 2012, the BJP’s vote share climbed to 37 per cent in 2017. The Samajwadi Party’s seat tally, on the other hand, dropped from an impressive 41 to just five in this period. The performance of the BSP and the Congress has been quite lacklustre in all these seats in all elections since 2012. Many small parties with the SP this time  Will the BJP’s momentum continue in 2022? What has changed this time is that Apna Dal has split into two, the SBSP is part of the Samajwadi Party alliance and many other smaller parties representing the aspirations of one or more OBC groups are opposed to the BJP.The outcome in Sirathu and 60 more seats voting on February 27 will let us know whether the BJP’s hold over these social groups remains intact or not.READ | UP elections 2022: The BJP is strong but SP pockets may prove challenging in Phase-3This is also the region where privileged social groups like the Brahmins have pockets of influence. In Sirathu, for instance, Brahmins are estimated to account for nearly a fifth of the total voting population. There are sizeable chunks of Brahmin voters in certain assembly seats of the Prayagraj district also. They have been fully behind the BJP in recent years.In contrast to other regions, there is only a handful of Dalit- and Muslim-dominated seats in the region. According to calculations based on Census data, in six of the 61 assembly constituencies going to vote in phase-V, Dalits account for 30 per cent or more of the voting population. There are an equal number of Muslim-dominated seats. Money power galore  To get a sense of how money power has been increasingly becoming a dominant theme in elections, one just has to look at the average assets of candidates of mainstream parties.Compared to the average assets of all candidates in phase-V — Rs 2.48 crores — “the average assets per candidate for 52 BJP candidates analysed is Rs 9.95 crores, 59 SP candidates analysed is Rs 5.90 crores, 61 BSP candidates have average assets of Rs 4.63 crores,” notes the Association for Democratic Reforms. In all, 25 per cent of all candidates have assets in excess of Rs 2 crores. And 27 per cent of candidates have declared pending criminal cases against themselves, ADR data shows.READ | Big thumbs-up to money, muscle power & experience, trends from UP poll results show","['Uttar Pradesh elections 2022', ' UP polls', ' BJP', ' Yogi Adityanath', ' Samajwadi Party', ' Akhilesh Yadav', ' UP phase 5 elections', ' polling', ' Sirathu', ' Uttar Pradesh', ' Kaushambi', ' phase V', ' OBC votes', ' non-Jatav Dalit votes', ' BJP', ' Keshav Prasad Maurya']",https://www.indiatoday.in/diu/story/uttar-pradesh-elections-2022-bjp-new-social-engineering-to-be-tested-in-phase-v-1917961-2022-02-25
11,data-intelligence-unit,NA,NA,NA,NA,https://www.indiatoday.in/diu/video/diu-india-covid-snapshot-1917804-2022-02-25
12,data-intelligence-unit,"Crude oil not the only problem, more than 80% of India’s sunflower oil imports are from Ukraine","(25, 2, 2022)","Russia’s invasion of Ukraine has jolted the crude oil market around the world and that is poised to raise petrol and diesel prices in India as well. However, that is not the only issue India has to face because of this geopolitical conflict. India, which heavily depends on edible oil imports to fulfil its requirement, has worries on that front as well. Nearly 93 per cent of India’s sunflower seeds oil imports are sourced only from Ukraine and Russia.

Sample these:More than half of India’s edible oil consumption is importedSunflower oil accounts for 14 per cent of all edible oil importsMore than 80 per cent of imported sunflower oil comes from UkraineThe price of sunflower oil rose from Rs. 98 a litre in February 2019 to Rs. 161 in February 2022To catch all the LIVE updates on the invasion of Ukraine by Russia, click here.“Domestic production of edible oils is unable to meet domestic demand. The domestic consumption/demand of edible oils is around 25O LMT while the domestic production is only 111.6 LMT,” Sadhvi Niranjan Jyoti, MoS, Ministry of Consumer Affairs, Food & Public Distribution, apprised the Lok Sabha on December 15, 2021. The gap between demand and supply of edible oils is around 56 per cent and is met through imports.ALSO READ | Russia-Ukraine war | 'Ghost of Kyiv': Unconfirmed videos of fighter jet give Ukrainians hope ALSO READ | Russia-Ukraine war news: What it's like inside bomb shelter in Kyiv | Ground ReportOf the total quantity of oils imported, palm oils constitute around 54 per cent and are imported mainly from Indonesia and Malaysia. Soybean oil constitutes around 25 per cent and is imported from Argentina and Brazil. Sunflower oil constitutes around 19 per cent and is imported mainly from Ukraine, according to the Department of Food and Public Distribution.It is to be noted that the effective rate of duty on crude palm oil is 35.75 per cent while that on soybean and sunflower oil is 38.5 per cent.Rise in edible oil prices in last three yearsThe dark clouds over edible oil imports in India have come at a time when the retail prices of edible oil are already plateauing. The price of sunflower oil rose from Rs. 98 a litre in February 2019, to Rs. 108 in February 2020, Rs. 139 in February 2021, to Rs. 161 in February 2022.ALSO READ | Saint Vladimir: Is there a religious angle to the invasion of Ukraine?Similarly, mustard oil prices also rose from Rs. 109 a litre in February 2019 to Rs. 118 in February 2020, Rs. 145 in February 2021, and finally, Rs. 189 in February 2022. Meanwhile, fertilisers, ammonia, gas turbines and polymers are some of the other major imports from Ukraine.Live TVALSO READ | Ukraine MP seeks medical, political aid from India amid attack from RussiaALSO READ | 'Putin is Hitler': Hundreds of Russians protest in Moscow against Putin's war in Ukraine",NA,https://www.indiatoday.in/diu/story/russia-ukraine-war-news-crude-oil-india-sunflower-oil-imports-ukraine-1917797-2022-02-25
