SN,category,headline,date,content,keywords,link
1,data-intelligence-unit,"How your New Year plans may get affected with fresh travel restrictions, Covid cases","(30, 11, 2021)","The detection of a new Covid variant Omicron a month before the onset of 2022 may ruin New Year plans for many international travellers. This new strain and a dramatic rise in cases across Europe have forced many countries to reconsider travel guidelines and even re-impose restrictions. While countries such as Israel, Japan and Morocco have put a complete ban on international flights, others have imposed targeted restrictions.

 The Directorate General of Civil Aviation said on Monday that all international arrivals will have to show travel history of the last 14 days and a negative RT-PCR report. Many other countries such as Australia, Israel, Austria, Belgium and Germany have increased restrictions recently. At least 15 countries, including United Kingdom, Austria, Belgium, Italy, Australia and Israel have so far detected cases related to Omicron. “This variant has a large number of mutations, some of which are concerning. Preliminary evidence suggests an increased risk of re-infection with this variant, as compared to other variants of concern,” says a World Health Organization statement. After the two deadly waves of Covid, many countries have taken immediate action this time. Suggesting a growth advantage with the new variant, WHO added that this strain has been detected at faster rates than previous surges in infection.Average daily global cases have risen by around 1.3 lakh in the last month. In Europe, average daily cases have increased from 2.2 lakh to 3.62 lakh, which is a 64 per cent increase.In the wake of this new variant of concern, the WHO has recommended countries measures such as enhancing surveillance and sequencing of cases, sharing genome sequences on public databases, etc.Union health secretary Rajesh Bhushan reviewed Covid measures and preparedness amid the new variant. The government said the Omicron variant does not escape RT-PCR and Rapid Antigen Test.States have also been advised to ramp up testing for prompt and early identification of cases. The government asked states to ensure strengthened infrastructure, adequate availability and stock of drugs and supervised home isolation for timely and effective management of fresh cases.Read | Omicron Covid variant: Delhi airport makes arrangements to test all passengers from at-risk nationsRead | How infectious is Omicron variant? India Today talks to epidemiology expertRead | Taking all precautions, no Omicron coronavirus case in India yet: Union health minister",NA,https://www.indiatoday.in/diu/story/how-your-new-year-plans-may-get-affected-with-fresh-travel-restrictions-covid-cases-1882659-2021-11-30
2,data-intelligence-unit,How the Covid situation has changed in South Africa that first reported Omicron  ,"(29, 11, 2021)","A global market crash, heightened alert and travel restrictions across countries, and labelled a ‘variant of concern’ by the World Health Organization (WHO). The B.1.1.529 variant of coronavirus, called Omicron, was first reported in South Africa on November 24. It has since spread fast, and cases have been identified in several African and European countries.

According to WHO, the first known confirmed infection was from a specimen collected on November 9. In other words, the new variant has been present in certain pockets of South Africa for at least 15 days. Many experts have warned that it is more dangerous than the dominant Delta variant. This even as the WHO asked countries to be prepared as there is “very high” risk of Omicron spreading globally.Countries such as Australia, Belgium, Botswana, Canada, Denmark, France, Germany, Hong Kong, Israel, Netherlands and the United Kingdom have also reported cases, and many have imposed travel restrictions to try to seal themselves off. Europe is already battling a ferocious Covid spike, and with the detection of the new variant, the situation becomes all the more critical.Not much is known about Omicron, as countries globally are working to better understand the variant’s nature. To look at the situation in terms of numbers, India Today Data Intelligence Unit analysed Covid figures from the Data Science for Social Impact research group at the University of Pretoria to know if there has been any surge in reported cases and deaths in the last two weeks. Lately, the number of new infections reported from South Africa has increased. Data show the country reported nearly 2,000 cases per day (excluding backlogs) on an average in the week ending November 28. In the week prior to that, the number was 560 thereby showing an almost four-fold surge. However, it is too early to suggest if it’s because of the new variant or otherwise.  However, on November 23, the country added a backlog of almost 18,000 cases and retrospective antigen tests which led to the spike in daily reported cases that day. The overall test positivity rate (TPR) of the country stands at 15.25 per cent, with 29.6 lakh confirmed cases reported as of November 28.There has not been much change in the number of deaths though testing has seen a slight increase in the last week compared to the week prior to it. The country tested more than 31,000 people on an average in the week ending November 28 (excluding backlog). It was nearly 28,000 in the week prior. South Africa has fully vaccinated 35.6 per cent of its adult population till November 28. The new variant has not been detected in India so far though the government is leaving nothing to chance. It has already announced mandatory testing of travellers from “at risk” countries that include the whole of Europe, South Africa and Brazil. It has also announced home quarantine for seven days on a negative result and a retest on the eighth day. Some states have imposed their own restrictions.",NA,https://www.indiatoday.in/diu/story/how-the-covid-situation-has-changed-in-south-africa-that-first-reported-omicron-1882231-2021-11-29
3,data-intelligence-unit,"New Covid variant, surging cases in Europe jolt Indian stock market, should you worry? ","(26, 11, 2021)","The new Covid variant found in South Africa and a rapid surge in cases globally, especially in Europe, have induced fear in the market. This new uncertainty eroded around Rs 7.5 lakh crore of investors’ wealth on Friday alone.

The average new global cases on Thursday were 5.66 lakh, of which 63 per cent or 3.56 lakh cases were from Europe, according to Our World in Data. Average global cases rose by 48,000 in a week. Amid a severe Covid surge in Europe, average cases have doubled in the last 38 days in the region. A few countries like Germany and Netherlands have seen cases doubling in less than 20 days. On Thursday alone, Europe accounted for 54 per cent of all Covid-related deaths across the world. The fact that the single day Covid toll is still above 7,000 globally spooked the investors. Indications of uptick in Covid surge are also coming from another major market - the United States. The average daily deaths in the US is above 1,000 while the cases are around 90,000. “Covid concerns have mounted again with Europe seeing surge in cases and discovery of a new variant in South Africa. Markets are realigning their expectations on growth momentum and policy responses,” Madhavi Arora, Lead Economist, Emkay Global Financial Services, told India Today’s Data Intelligence Unit. Indian markets are also taking cues from global nervousness and reacting in line, she added.The pressure in the market is expected to continue in the coming days as well.Read: Covid is ravaging Europe again. We need to talk about it“Going ahead, the market is likely to continue being under pressure till clarity emerges over how dangerous this new covid variant can be,"" Siddhartha Khemka, Head of Research, Broking & Distribution, Motilal Oswal Financial Services told India Today. Market sentiments have taken a big blow, he added.While the global headwinds are affecting the Indian stock markets, the Covid situation in the country seems under control. Given the situation, experts also believe that Sensex and Nifty over-reacted to the global cues.“Indian markets are over-reacting to the concern over a new Covid variant found in South Africa, followed by few EU countries under full lockdown scenario,” Prashanth Tapse, Vice President (Research) at Mehta Equities, told India Today.Also Read | Five things you need to know about B.1.1.529 variant of coronavirus","['New south africa Covid variant', ' new covid variant in Europe', ' new variant jolt Indian stock market', '']",https://www.indiatoday.in/diu/story/new-covid-variant-case-surges-in-europe-jolts-indian-stock-market-1881271-2021-11-26
4,data-intelligence-unit,Fractured but most sought after: The story of Punjab’s Dalits this election season,"(26, 11, 2021)","Dalit politics in Punjab received a new lease of life this election season with the BJP announcing way back in April that it would appoint a chief minister from the community if it comes to power in the agrarian state. The announcement set off a chain of events, with the Shiromani Akali Dal almost immediately announcing that they would give the deputy CM’s post to a Dalit.

Five months later, the Congress went a step ahead and appointed Punjab’s first Dalit CM in Charanjit Singh Channi. The Aam Aadmi Party (AAP) already has a Dalit leader of opposition in Dirba MLA Harpal Singh Cheema.With almost every major political contender in Punjab on a sticky wicket, the race for Dalit votes has gained momentum like never before. Almost a third (32 per cent) of Punjab’s population is Dalit, which is the highest for any Indian state. However, the community remains a fragmented lot with divided loyalties.Read | How replacing Amarinder with a Dalit Sikh as Punjab CM is a big gamble for CongressThe break-upDalits in Punjab are divided into Hindus and Sikhs. Exact numbers keep changing as many Hindu Dalits have adopted Sikh religious practices over the decades and some sub-castes such as Ravidasias and Ad Dharmis have been demanding separate religious identities.According to a 2018 report by the ministry of social justice and empowerment, there are 39 sub-castes among Dalits in Punjab. However, five sub-castes constitute more than 80 per cent of the Dalit population. Mazhabi Sikhs comprise the largest share of 30 per cent, followed by Ravidasias (24 per cent) and Ad Dharmis (11 per cent). The Dalits aren’t evenly spread across the state as well. They are 37 per cent in Doaba, 31 per cent in Malwa and 29 per cent in Majha. However, in absolute numbers, Malwa has the highest Dalit population. CM Channi hails from Malwa and belongs to the Ravidasia sub-caste. Dalits and CongressChanni’s appointment to the top job replacing Jat Sikh Amarinder Singh was seen as a reward for the community for consistently backing the Congress. Lokniti-CSDS survey data suggest that the Grand Old Party has been the major beneficiary of both Hindu and Sikh Dalit votes in the last four elections since 2012.However, the patterns have changed. Among Hindu Dalits, Congress has been continuously increasing its vote support. In the 2019 Lok Sabha election, it received a whopping 58 per cent Hindu Dalit vote as against 37 per cent in the 2012 assembly polls. On the contrary, Congress’s support among Sikh Dalits declined from 51 per cent in 2012 to 35 per cent in 2019.  The SAD-BJP combination pocketed 27 per cent Hindu Dalit and 26 per cent Sikh Dalit votes in 2019. In the 2017 assembly elections, the share was 26 per cent and 34 per cent respectively.The 2014 Lok Sabha election saw the entrant of a new player in Punjab’s political space. The Aam Aadmi Party (AAP) received a handsome 23 per cent vote and won four parliamentary seats in their first-ever election in the state. A very significant Dalit population voted for the AAP in both the 2014 general elections and 2017 assembly polls. This support came at the expense of BSP.The number gameOut of the total 117 assembly seats in Punjab, 34 are reserved. These include Amritsar West, Jalandhar West, Bathinda Rural, Kartarpur and Atari. In 2017, Congress bagged the highest number of reserved seats (21), followed by AAP (9) SAD (3) and BJP (1).Interestingly, in the 2012 assembly elections, SAD had also won 21 reserved seats, followed by Congress (10) and BJP (3).According to Dr Pramod Kumar, the director of Institute for Development and Communication (IDC), Panjab University, Dalit voters in Punjab never favoured any particular political party. “The trajectory of 11 past assembly election results shows that so far, SAD have won maximum Dalit seats in six assembly elections, followed by Congress in five,” he said.Till 2012, BJP was the third political entity trusted by Dalit voters, but the entry of AAP resulted in further division of Dalit voters among four parties. Interestingly, the BSP could not win even a single seat in the past two assembly elections.Dr Kumar says the biggest reason why Dalit voters are fragmented is that they do not belong to any particular school of thought. This is why the BSP failed to attract much Dalit voters in Punjab, and instead, shifted focus to Uttar Pradesh.Not only Dalits, but even Hindus are not a consolidated category of voters in the state. “BJP’s vote share has been less than 10 per cent. Despite nearly 38 per cent Hindu population, which live in urban and semi-urban areas, BJP could not attract the community,” Dr Kumar said.No wonder then that every major political party in the fray is trying to woo Dalits at the expense of Jat Sikhs, who comprise around 25 per cent of the population and dominate Punjab politics. The Congress, through Channi, is trying to announce as many schemes as possible before election dates are announced and the model code of conduct comes into force. Recently, the CM announced service regularisation of thousands of sweepers working in various municipal bodies.(Ashish Ranjan is an independent researcher) Read | Where does the BJP go wrong in its ties with the SikhsRead | Opposition attacks Punjab govt for appointing pro-Khalistan leader's brother to key post","['Punjab', ' dalit', ' punjab elections', ' Fractured but most sought after: The story of Punjab’s Dalits this election season', ' charanjit singh channi', ' congress']",https://www.indiatoday.in/diu/story/fractured-but-most-sought-after-the-story-of-punjab-dalits-this-election-season-1881277-2021-11-26
5,data-intelligence-unit,NA,NA,NA,NA,https://www.indiatoday.in/diu/video/diu-video-india-s-covid-19-snapshot-1881193-2021-11-26
6,data-intelligence-unit,Mapping child malnutrition levels across India's assembly constituencies,"(26, 11, 2021)","As many social scientists have pointed out, India is in a perennial state of electioneering. Every year, some corner of the country queues up for some kind of polling. But amid the shrill of campaigning is lost a scary fact: Malnutrition is responsible for three in every four child deaths in India.

Malnutrition is the biggest threat to children under five years in India. But it is hardly an electoral issue. India Today Data Intelligence Unit (DIU) analyses Harvard University's latest project, where for the first time, anyone can monitor the extent of child malnutrition in their assembly constituency.What they found Despite the progress in the last 15 years, food systems have overlooked needy children, mainly in the North Indian states of Uttar Pradesh, Bihar and Jharkhand.""Lower levels of socio-economic development, literacy and sub-optimal governance are some aspects why many indicators - and not just indicators of under-nutrition - lag behind in this region. When we analyse data at the finer geographic resolution, we also find pockets that are doing well. And this should be leveraged for learning and replication,"" S (Subu) V Subramanian, professor of Population Health and Geography at the Geographic Insights Lab, Harvard University, told DIU.The indicators Four indicators - stunting, underweight, anaemic and wasting - were defined, according to the World Health Organization Child Growth Standards, to monitor assembly-wise burden of child malnutrition.Stunting is a prime indicator that impairs growth and development, and more than one-third of children are estimated to have stunted growth in India.""This cross-sectional study included children younger than five years who participated in the fourth National Family and Health Survey (NFHS-4), conducted between January 2015 and December 2016. Participants lived in 36 states and union territories and 640 districts in India,"" the study published by Journal of the American Medical Association (JAMA) Network Open said. ""Children who had good weight and height measures were selected for stunting, underweight, and wasting analysis, and children between ages 6 and 59 months with valid blood haemoglobin concentration levels were included in the anaemia analysis sample,"" the study added.Underweight is the second metric, which is defined as weight-for-age below WHO standard. Similarly, wasting is defined as lower weight-for-height than the WHO standard.Childhood wasting was less widespread (19%) than stunting (34%) and underweight (31%). However, anaemia, defined as having a haemoglobin concentration less than WHO standard (11.0 g/dL), is more prevalent (~56%). The government uses these indicators to monitor malnutrition and eradication programmes such as National Nutrition Mission (or POSHAN Abhiyaan).In numbers Between 2000 and 2017, estimated childhood stunting has dropped in most lower middle-income countries, including India, from 37 per cent to 27 per cent.In absolute numbers, India is home to over five crore stunted children in 2017, according to ""Nature"" magazine.Stunted children under five are unequally distributed across assembly constituencies. For instance, UP, Bihar and Jharkhand have high prevalence of malnourished populations. Bihar ranked the highest in stunting (49%), followed by UP (44%); while Jharkhand ranked highest for underweight (45%), followed by Bihar (45%).Though the latest NHFS-5 shows some improvement on the above parameters, but detailed data is awaited. What next Rising costs of healthy diets and high poverty keep healthy diets out of reach for around 3 billion people on this planet. Under the shadow of the Covid-19 pandemic, all progress over malnutrition is under threat.The situation could have been worsened without governments' responses. Geographic targeting of public health interventions is needed to push a mainstream political agenda.""In line with the ideals of India's Constitution, this research will help public representatives at the middle and primary levels of governance lead united efforts in their constituencies to raise the nutritional status of children and women,"" Dr Rajiv Kumar, vice-chairman of NITI Aayog, commented over the geographic interpolation of malnutrition data.","['child malnutrition levels', ' malnutrition in india', ' india child malnutrition']",https://www.indiatoday.in/diu/story/mapping-child-malnutrition-levels-india-assembly-up-bihar-jharkhand-food-1880984-2021-11-26
7,data-intelligence-unit,"Dip in Maruti dominance, festive season blues: How the auto industry is changing gears ","(25, 11, 2021)","It has been an uneven road for the car industry over the last few years. Several ups and downs have changed consumer preferences and market dynamics alike. While auto giant Maruti Suzuki, which accounted for nearly half of the Indian car market until last year, significantly lost its market share by almost 10 per cent, other brands such as Tata Motors, Toyota and Renault have gained a share in the pie.

In the last two financial years, car sales for Maruti Suzuki declined in all the four major segments; mini, compact, mid-size and utility vehicles. In the current year, sales saw a recovery, but the cues from low base effect cannot be ruled out.Mini and compact segments account for more than 60 per cent of passenger cars from Maruti Suzuki. These segments offer entry-level cars such as Alto, Baleno, Celerio, WagonR, etc. Entry-level cars saw subdued demand as customers in this category continued to conserve money due to their family’s healthcare needs, the Federation of Automobile Dealers Associations (FADA) said in a report. Maruti Suzuki has cited supply constraint of electronic components due to the semiconductor shortage situation for the fall in production. “Owing to a supply constraint of electronic components due to the semiconductor shortage situation, the company is expecting an adverse impact on vehicle production in the month of November 2021,” it said in a release.However, the fall in Maruti Suzuki market share can be witnessed from as early as February 2021.The pandemic hit almost all corners of the economy and the auto industry was no exception. But it also turned out to be a double-edged sword for the industry already reeling under severe stress due to the prolonged economic slowdown.Passenger vehicle sales fell 2.24 per cent in 2020-21 compared to the previous financial year, according to the Society of Indian Automobile Manufacturers. Within passenger vehicles, sale of passenger cars and vans tumbled by 9.06 per cent and 17.62 per cent respectively, while sale of utility vehicles rose by 12.13 per cent.Sales growth of two-wheeler, commercial and passenger vehicles were slow between FY 2016-17 and FY 2018-19, and it further decelerated in the last two financial years. Amid the turbulence, car makers and dealers were optimistic that the festive season might bring some cheer, but that too did not go as expected.“This was the worst festive season in a decade for auto dealers as semiconductor shortage in passenger vehicles and low demand for entry-level and two-wheeler segments kept celebrations at bay,” said FADA president Vinkesh Gulati.During the 42-day festive period, total vehicle sales fell by 18 per cent while that of passenger vehicles fell by 26 per cent year-on-year. Interestingly, sales of high-end cars such as Mercedes-Benz, BMW, Jaguar Land Rover, Porshe and Lamborghini did not face as much turbulence, and thus, the impact was largely skewed. While the overall passenger car sales in the three-month period between August and October 2021 grew by 11.6 per cent on-year, sales of Mercedes-Benz cars grew by 57.7 per cent and BMW by 47.2 per cent. Jaguar Land Rover, Porshe and Lamborghini rose by 48 per cent, 117.6 per cent and 57.7 per cent respectively.","['Dip in Maruti dominance', ' festive season blues: How the auto industry is changing gears\xa0']",https://www.indiatoday.in/diu/story/maruti-car-sales-festive-season-blues-how-the-auto-industry-is-changing-gears-1880887-2021-11-25
8,data-intelligence-unit,"Despite high inoculation, how vaccine hesitancy is challenging India’s fight against Covid","(25, 11, 2021)","Nearly 17 crore people in India, or a fourth of Europe’s entire population, are still waiting to receive their first dose of the Covid vaccine. This despite India administering 120 crore vaccine doses so far!

More than 10 months since the launch of India’s vaccination drive, 82 per cent of the adult population have already been administered at least one dose till morning of November 25. However, in absolute numbers, the unvaccinated population shows the challenges of India’s inoculation drive.State-wise data put India’s most populous state of Uttar Pradesh at the top with 4.3 crore eligible citizens without a jab. It is followed by Andhra Pradesh, Bihar, Maharashtra and Tamil Nadu, where a cumulative 7.2 crore people are yet to receive their first shot. Data show 44 per cent of India’s eligible population have been fully vaccinated till the morning of November 25. Some 52.5 crore eligible people still need to be given a second dose. The top five states in terms of adult population yet to administer the second dose are Uttar Pradesh, Maharashtra, Bihar, West Bengal and Tamil Nadu.According to the World Health Organization, vaccine hesitancy is one of the top 10 global health challenges.As far as India is concerned, in an exclusive interview to India Today in late October, National Covid Task Force chief VK Paul expressed concern over the low numbers of second doses administered. He urged Indians to shun vaccine hesitancy and “prioritise taking the shots now”.As per a survey report released by “LocalCircles” last week, vaccine hesitancy in India has increased in just a month. According to the report, with no sight of a third wave, vaccine hesitancy has risen by 60 per cent over the previous 30 days. In another survey in early October, the findings revealed that nearly seven crore citizens were hesitant to take the vaccine. This figure has now increased to 11.59 crore.In another tweet, Serum Institute of India CEO Adar Poonawalla had said, “Vaccine hesitancy is now the greatest threat in overcoming this pandemic.”So much so that Maharashtra had to rope in movie stars and religious leaders to tackle vaccine hesitancy.An analysis of the pace of vaccination revealed that India has been administering more number of second doses than the first from mid-October to make sure citizens get fully vaccinated. Multiple studies across the globe have found how Covid-19 vaccines have helped reduce the risk of hospitalisations, severe illnesses and deaths. It is pertinent to note that critical cases and deaths are rising in countries with relatively low vaccination rates.Even Europe is in the midst of a raging new Covid wave, with infections higher than ever.With fears of a third Covid wave looming, complete vaccination of adults is germane to keep it at bay. According to ICMR director-general Dr Balram Bhargava, “Administering the second dose of vaccines to the country’s adult population is the government’s main priority for now.”","['India covid-19 vaccine hesitancy', "" India's fight against covid vaccine hesitancy"", ' ']",https://www.indiatoday.in/diu/story/india-covid-19-vaccine-hesitancy-is-challenging-fight-against-coronavirus-1880880-2021-11-25
9,data-intelligence-unit,Know why the new Power Bill has sparked a renewed farmer-Centre conflict,"(23, 11, 2021)","Even as the Narendra Modi government announced withdrawal of the three farm laws after vigorous protests, farmers’ unions have put six demands in front of the Prime Minister. One of them is to withdraw the Electricity (Amendment) Bill, 2021, as farmers believe it would mark the end of subsidised electricity or bring monetary challenges because the power tariffs will have to be paid first and subsidy claimed later.

Power prices in India have significantly changed over the last decade and farmers fear that privatisation will make electricity expensive and cumbersome in terms of subsidy.Farmer leader Pushpendra Singh told India Today that sometimes it takes more time to realise crop prices, and in such a situation, paying the electricity bill in full would put financial pressure on farmers. He suggested that farmers should be allowed to pay the subsidised charges, while the balance amount should be recovered from the government.Over the last decade, electricity tariffs have reduced in Haryana and swelled in Uttar Pradesh. For 2, 5 or 10 horsepower, price was 25 paise per kilowatt hour in Haryana in 2010. It dropped to 10 paise per KWh in 2020. In contrast, prices for similar loads jumped nearly three times in the urban areas of Uttar Pradesh from 224 paise per KWh in 2010 to 656 paise per KWh in 2020, according to the Central Electricity Authority. There are more than two crore agriculture consumers (electricity consumers who have taken agriculture connection) in the country, and thus, the change in rules will affect them. Maharashtra has the highest number of agriculture consumers (42.5 lakh), followed by Karnataka (29.7 lakh) and Madhya Pradesh (28.1 lakh), as of 2019. Electricity consumption in the agriculture sector has constantly increased in the last two decades. From 84,729 Gigawatt hours in 2000-01, it rose to 1.08 lakh GWh in 2009-10 and reached 2.28 lakh GWh in 2019-20. While agriculture has one of the highest shares in India’s GDP, the share of electricity consumption in agriculture is also one of the highest in India. Agriculture constitutes 16.7 per cent of India’s GDP while electricity consumption in agriculture is 17.7 per cent of the country’s overall power consumption. “The availability of electricity at cheap rates has been one of the important factors contributing to the sharp rise in irrigation facilities, thus helping growth in agriculture,” according to the India Environment Portal. Groundwater is now the dominant source of irrigation in the country as pumped irrigation places control of the timing and quantity in the hands of farmers, the report added.This places groundwater, and in turn electricity, as a crucial requirement for agricultural growth, livelihoods and food security in the country. The number of electrified pump sets was less than 40 lakh in 1979-80, which rose to more than 2.1 crore by 2017-18.","['power bill', ' power bill 2021', ' power bill 2021 parliament', ' what is power bill', ' power bill news']",https://www.indiatoday.in/diu/story/know-why-the-new-power-bill-has-sparked-a-renewed-farmer-centre-conflict-1880071-2021-11-23
10,data-intelligence-unit,In numbers: How a renewed Covid surge is battering Europe,"(22, 11, 2021)","Europe is in the middle of a new Covid-19 crisis, with several countries imposing restrictions and some others contemplating the same in the face of massive protests. Infections are higher than ever and Europe now accounts for three in every five new coronavirus cases across the globe.

On November 8, 2020, Europe reported the peak of the year with 2.87 lakh new cases, which went down to around 40,000 on June 19, 2021. However, on November 21, 2021, new cases jumped to 3.3 lakh, Johns Hopkins University data of the seven-day rolling average shows. This is almost 61 per cent of the world's new cases (5.39 lakh).So far, nearly 13.8 lakh people in Europe have succumbed to the virus, and more than seven crore are infected. Now, vaccinations have stalled, and rising infections and deaths signal a possible fourth wave. Infographic by India Today DIU""Europe is entering the fourth big Covid-19 wave. And even if it has generally high vaccination rates, the high transmissibility of Delta combined with lower temperatures is pushing infection levels high, and we are also seeing hospitalisations and deaths, sadly, increasing. Countries will try to avoid full lockdowns, but further restrictions are likely in many places with exponentially rising cases,"" Rasmus Bech Hansen, the co-founder and CEO of Airfinity, had said on November 20. Airfinity is a global health intelligence and analytics firm.The ruin called EuropeOn November 12, Germany surpassed the United Kingdom in terms of daily deaths, and the gap is only widening. Germany now reports over 200 daily deaths compared to 147 in the UK, seven-day average data show. The crisis in Russia is deadlier, with the country reporting 1,214 deaths every day despite a decline in new cases.The scale of the spread of infection in major European countries can be gauged from the following data. On October 1, Germany reported around 8,000 new cases. But on November 21, the number jumped six times to 49,206. Infographic by India Today DIUGermany was followed by the UK (41,234), Russia (35,996), Netherlands (21,073), Austria (13,851) and Italy (9,375).Austria has already announced a full lockdown from Monday, November 22, to contain rising infections. It is the first European country to declare compulsory vaccinations from February 2022. Hungary, Belgium and Netherlands might also impose lockdowns to deal with the crisis. According to Airfinity, infections are rising in countries with relatively low vaccination rate.The World Health Organization (WHO) has already warned that Europe would once again be the epicentre of the pandemic and may see half a million more deaths by February. ""We must change our tactics, from reacting to surges of Covid-19 to preventing them from happening in the first place,"" Hans Kluge, the Europe head of WHO, had said in the first week of November. Infographic by India Today DIUIndia Today Data Intelligence Unit measured the current pace of Covid infection and mortality across the globe.Figures show many countries are witnessing new waves of the pandemic. In the last seven days alone, the world reported 22 per cent more cases. However, fatalities are slightly down (-1.6%), as the week's trend shows. Infographic by India Today DIUNearly 10 countries, including Afghanistan, Congo, Ecuador, Bhutan and South Africa, have reported more than double the cases this week compared to last week. Over 50 more countries, including the US, UK, Germany, South Korea and Bangladesh, have reported more cases than last week. However, India, Brazil, Russia and Indonesia have reported fewer cases this week compared to the previous week.Live TV--- ENDS ---READ | ‘Vaccinated, cured, or dead’: Germany sounds alert over Delta variant amid Covid surgeALSO READ | Thousands protest against reinforced Covid restrictions in Belgium | See picsWATCH | Tracing Covid-19 pandemic origin","['europe covid cases', ' europe covid', ' europe lockdown', ' europe news', ' europe countries', ' germany covid', ' germany covid cases']",https://www.indiatoday.in/diu/story/europe-germany-uk-russia-netherlands-austria-italy-belgium-covid-corona-cases-1879674-2021-11-22
11,data-intelligence-unit,India’s battle against Covid: Light at the end of the tunnel or lull before the storm? ,"(22, 11, 2021)","For nearly two years now, India and the world have been grappling with a raging Covid-induced pandemic. After months of relative calm, several European nations such as Germany, Austria and Netherlands are reporting a massive uptick in infections once again. So much so that Europe alone now accounts for over 50 per cent of daily new cases globally.

India, however, has been able to control the spread of the infection to some extent. In the last 45 days, it has consistently reported less than 20,000 cases, with a daily average of 13,407 new infections. On November 22, after a gap of 538 days, India reported the lowest new cases (8,488) in the last 24 hours; it had reported 8,171 cases on June 1, 2020. The total caseload now stands at 3.45 crore. This has also brought India’s recovery rate to 98.31 per cent, the highest since March 2020. At the same time, active caseload has declined to 1.18 lakh the lowest in 534 days. In May, when India was battling a ferocious second wave, the number of active cases was close to 37 lakh. Kerala pushing numbers Daily deaths though haven’t seen much drop and continue to remain high. In the last seven days, average daily deaths stand at 322. State-wise data reveal that Kerala has been reporting the highest number of deaths in the last few days. In fact, 50 per cent of the deaths in India over the last 30 days have been reported from this southern state. Average daily deaths in Kerala stand at 249 for the week ending November 22.ALSO READ: Centre concerned over rising Covid cases in Ladakh, Puducherry; urges cautionHealth ministry sources, however, attribute the numbers to states adding backlog data. The Supreme Court had said that those who died within 30 days of testing positive should be considered Covid victims. This prompted most states to do an audit of the fatalities.Kerala, however, has also been reporting the highest number of daily infections for quite some time. The state has been contributing more than 50 per cent of India’s daily cases for over a month now. Overall numbers though have witnessed a dip.Expert speak So, with the drop in daily reported numbers, is the pandemic coming to an end in India? In an interview with India Today, World Health Organization’s chief scientist Soumya Swaminathan said the virus hasn’t gone anywhere and it’s out there looking for people to infect. “Looking at the global picture, in fact, first thing for us is to recognise that this virus hunts down people who are susceptible,” she added.ALSO READ: Is Madhya Pradesh bullying its citizens to get the Covid vaccine?Swaminathan also stressed the importance of vaccination and following Covid protocols. As far as vaccination is concerned, India has been able to vaccinate 81.3 per cent of its adult population with at least one dose. At the same time, 42.5 per cent of the eligible population has been fully vaccinated. So far, India has administered 1.17 crore vaccine doses, including 76.7 crore first doses and 40.2 crore second doses.Vaccine policymakers in the government are concerned about the second dose coverage ranging on the lower side. A meeting on the third dose and its need is scheduled by the end of the month. However, ministry sources have said booster doses are not recommended right now, as those who took the first dose need to be pushed to complete their vaccination course by taking the second dose.“There is no scientific evidence so far to support the need for a booster vaccine dose against Covid-19. Administering the second dose of vaccines to the country’s adult population is the government’s main priority for now,” ICMR director-general Dr Balram Bhargava said.ALSO READ: 'Flaunt your vaccine badge': CoWIN allows service providers to verify vaccination status","['India', ' covid-19 in India', ' India daily Covid-19 cases', ' Coronavirus outbreak']",https://www.indiatoday.in/diu/story/india-battle-against-covid-pandemic-daily-cases-deaths-vaccination-policy-1879649-2021-11-22
12,data-intelligence-unit,Income and debt account of India's farmers | EXPLAINED,"(20, 11, 2021)","The sheer size of farm households at 9.3 crores in rural India makes it a formidable constituency in itself. A section of them has been out on the streets since the government passed three farm laws in September 2020.

According to a group of farmers, the three laws would have led to greater corporatization of the farm sector. The government, on the contrary, has been of the view that the laws would have ushered in much-needed reforms in the stagnating farm sector.However, in the face of prolonged opposition, the Prime Minister announced in his address to the nation on Friday that the government would repeal the three farm laws. Bills to that effect will be introduced in the upcoming winter session starting later this month.The controversy around the farm laws has brought the spotlight on the state of India's farm households yet again. Data shows that on most of the parameters, there is little for farmers to cheer. Infographic by India Today DIUAn average agricultural household in India has debt equivalent to 60 per cent of their annual income. According to the National Sample Survey, the annual income of a farm household was Rs 1.23 lakh, and the average debt was Rs 74,100 from July 2018 - June 2019. Two major contributors to income are crops and wages.According to the survey, 50.2 per cent of Agri households in India are in debt. At the same time, state-wise data reveals that more than 90 per cent of farmers in Telangana and Andhra Pradesh face debt. An average farm household has a debt burden of over Rs. 2 lakh in as many as three states. It is much higher than the average debt of Rs. 74,100. Infographic by India Today DIUData show that large farmers witnessed a massive rise in debt, which is much more than small farmers. The indebtedness of large farmers rose significantly in comparison to their income. On the other hand, small and marginal farmers appear to be in a better situation regarding the level of debt.Another key parameter that directly impacts the condition of farm households is the pace of growth of the minimum Support Price. It is a benchmark that works as a threshold below which prices do not fall generally. Data shows that the pace of increase in MSP has slowed in the last few years. Infographic by India Today DIUPerhaps because of unfavourable terms of trade, the farming sector has seen a significant migration of workers in the last two decades. Nearly 62 per cent of all the workers used to be part of the Agri sector in 2000. The proportion now stands at 45 per cent.Given the way things have been, shouldn't the debate now shift to ways and means to improve the farm sector, with or without the highly contested three laws?Live TV--- ENDS ---READ | Three farm laws to be rolled back. What were they all about? ALSO READ | Legal guarantee for MSP, quash ‘politically motivated’ FIRs against farmers: Varun Gandhi's letter to PM ModiWATCH | After Centre's decision to repeal farm laws, protesters to decide future course of action","['india farmers debt', ' indian farmers msp', ' farmers protest', ' what is msp', ' farm protests india', ' indian farmers debt data']",https://www.indiatoday.in/diu/story/indian-agriculture-debt-data-msp-farmers-protest-1878975-2021-11-20
