SN,category,headline,date,content,keywords,link
1,data-intelligence-unit,NA,NA,NA,NA,https://www.indiatoday.in/diu/video/diu-video-india-s-covid-19-snapshot-1878713-2021-11-19
2,data-intelligence-unit,"India’s meat map: 7 out of 10 people relish non-vegetarian items, East & South lead the way","(18, 11, 2021)","Sample these: Roadside stalls in Ahmedabad cannot sell non-vegetarian food from now on; two other major cities of Gujarat Vadodara and Rajkot have instructed vendors to cover non-vegetarian items; meat shops in Gurugram are not allowed to open on certain days; and a municipal corporation in Delhi does not want non-vegetarian items to be prominently displayed.

These are but a few instances of the many attempts to regulate food patterns of Indians. And this is continuing despite multiple reports pointing out that over 70 per cent Indians consume items such as fish, meat or eggs.Also, despite known nutritional values, nearly a dozen states do not allow eggs to be part of mid-day meals in schools. An India Today Data Intelligence Unit (DIU) analysis indicates that states with less non-vegetarian population are the ones most reluctant in adding eggs to the menu.Read | Ban on meat display: A brief history of push against non-vegetarian food in GujaratThe decision of including eggs in children’s meals has lately been a matter of debate in the country. While the Madhya Pradesh government removed eggs from the meals, Karnataka has added the same.Indians’ love for meatThe debate over vegetarianism in India is never old. National Family Health Survey 4 data (http://rchiips.org/nfhs/NFHS-4Reports/India.pdf) suggest that 70 per cent of women and 78 per cent of men in the country consume some form of meat.Telangana, Andhra Pradesh, West Bengal, Tamil Nadu, Odisha and Jharkhand are states where the proportion of non-vegetarians is more than 97 per cent. In contrast, Punjab, Haryana, Gujarat and Rajasthan have the least non-vegetarian population (below 40 per cent), government data show. Meat consumption in India has grown with a rise in income, as has been the case elsewhere. India consumed six million tonnes of meat in 2020, according to OECD. Nearly half the population consumes non-vegetarian meals once a week in India. Incidentally, there are only nine states, including West Bengal and Kerala, where there are no restrictions on meat consumption. Most other states have some form of restriction depending on the kind of meat.India the meat houseIndia accounts for 2.18 per cent of the global meat production and ranks sixth after China, the United States, Brazil, Russia and Germany, according to the Ministry of Food Processing Industries.Meat production in India grew at 5.15 per cent from 2014-15 to 2019-20, according to the Ministry of Fisheries, Animal Husbandry and Dairying.Buffaloes comprise about 30 per cent of India’s total meat production. Among states, Uttar Pradesh (15 per cent), Maharashtra (13 per cent) and West Bengal (10 per cent) contribute most to meat production in India, according to the RBI. Meat trade immune from pandemicWhile the Covid pandemic left the economy in tatters, the meat industry was reportedly left unscathed.“There is no bad effect of Covid-19 on the export business of buffalo meat from India. It is on the track and going on smoothly with no hurdles in the supply chain. Despite the pandemic implications, India has been able to achieve exports value at USD 3.17 billion in the year April 2020-March 2021, which is equal to the previous year’s level of exports,” the Ministry of Commerce and Industry said in July.India is one of the largest exporters of buffalo meat in the world with over 70 countries as export destinations. Of the top 10 buffalo meat exporters from India in 2018-19, seven were from Uttar Pradesh, two from Maharashtra and one from Delhi, Commerce and Industry Minister Piyush Goyal had said in reply to a question in Lok Sabha in December 2019.According to OECD data, meat consumption in India had started to decline from 2010 but picked up pace once again after 2014. While consumption of chicken and other poultry products has been on a continuous rise, buffalo meat consumption regained the lost momentum only after 2014. India consumed six million tonnes of meat in 2020.Also Read | Gujarat CM says ‘no problem’ with non-veg food even as street vendors cry out for help",NA,https://www.indiatoday.in/diu/story/india-meat-map-people-relish-non-vegetarian-items-east-south-lead-way-1878313-2021-11-18
3,data-intelligence-unit,Food for thought: Indian platter gets expensive with soaring prices of veggies,"(16, 11, 2021)","Onion, tomato and potato, the three main constituents of an Indian platter, have become costlier and are expected to remain at elevated price levels in the coming days as well. While the all-India average monthly price of potato is at a 10-month high and onion price is at a nine-month high, tomato price is at more than a four-year high till mid-November 2021, according to the Department of Consumer Affairs.

The all-India average price of tomato November 2021 so far is Rs 54 per kg, which was Rs 43 per kg last month and Rs 28 per kg in September. Even average onion price is at Rs 41 per kg in November so far, which was Rs 37.4 per kg last month and Rs 28.5 per kg in September 2021. Retail prices of vegetables have picked up by 14.2 per cent in October over the previous month. This increase has been masked by last year’s fairly high base of 22.1 per cent, according to Care Ratings.Early data for November 2021 suggests a continuation of the rise in prices of vegetables such as potatoes, tomatoes and onions, which will weigh against a seasonal moderation in the food index in the current month, according to Aditi Nayar, chief economist at ICRA.Unseasonal rains, elevated fuel prices to blameWhile retail prices shot up, wholesale prices of vegetables also witnessed a rise of 32 per cent over the previous month owing to unseasonal rains and elevated fuel prices feeding into higher transport costs, added the Care Ratings report.Petrol and diesel prices had risen to a record level last month. From Rs 84.13 a litre in November 2020, petrol price rose to Rs 106.4 a litre in October 2021, while diesel price rose from Rs 74.43 a litre to Rs 97.9 a litre during the same interval. These prices represent the average prices in the four major metros of Delhi, Kolkata, Mumbai and Chennai.Also, the southwest monsoon this year withdrew from India on October 25, 2021, which is the seventh most delayed monsoon withdrawal since 1975, according to RBI.Prices rise despite good productionPrices of vegetables rose despite the expectation that record horticulture crop production during 2020-21 might cushion the availability of vegetables and fruits. Production of horticulture crops was at a record level in 2020-21 and the reason was a 4.2 per cent increase in the area under cultivation over 2019-20. The area under onion grew the most at 14.5 per cent, followed by potato and tomato. There has been a 2.8 per cent rise in production of onion in 2020-21 over the previous year. Potato and tomato have witnessed 11.7 per cent and 2.5 per cent growth respectively in the same period. Overall, vegetable production rose by 4.8 per cent in 2020-21, according to the RBI bulletin of November 2021.",NA,https://www.indiatoday.in/india/story/food-for-thought-indian-platter-gets-expensive-with-soaring-prices-of-veggies-1877436-2021-11-16
4,data-intelligence-unit,Choking the Capital: Plastic waste a bigger enemy to Delhi’s air quality than seasonal stubble burning,"(16, 11, 2021)","The pollution in Delhi-NCR, which has become severe enough to compel policymakers to consider a lockdown, is not only from stubble burning and vehicular smoke, but the old problem of plastic waste has also played a significant role in it.

“Burning of waste in open fires leads to production of a serious air pollutant called black carbon, and is responsible for half the visible smog in cities such as New Delhi,” according to the latest research by World Bank. The climate impacts of plastic usually occur only after its useful life ends. Between 2017-18 and 2019-20, the per capita plastic waste generated in India skyrocketed by five times from 500 gm/year to over 2,500 gm/year. Since there is a huge difference between plastic waste from urban and rural areas, some states have much more per capita plastic waste generation than others.READ: 'Cat is out of the bag': SC on data saying stubble burning accounts for only 4% of Delhi’s air pollutionFor instance, Delhi has a per capita plastic waste generation of over 10,000 grams per year, which is four times the national average. The national capital is second only to Goa in terms of per capita plastic waste generation, according to the Central Pollution Control Board.With 1.5 per cent of the country’s population as of 2019-20, Delhi accounted for 6.6 per cent of the total plastic waste India had generated. The high local concentration of gas phase hydrochloric acid, possibly emitted from plastic-contained waste burning and industry, causes some 50 per cent of the reduced visibility in Delhi, according to a report cited by the World BankDelhi is the most polluted capital city in terms of average annual PM 2.5 concentration. Dhaka follows Delhi in the list, according to the World Air Quality Report 2020. Delhi’s satellite towns of Ghaziabad, Noida and Greater Noida also find place among the top 10 most polluted cities in the world.The amount of waste burned in India and Nepal combined accounts for 8.4 per cent of the waste burned globally. And, the black carbon thus generated has global warming potential up to 5,000 times greater than that of carbon dioxide.Mainly formed by incomplete burning of fossil fuels, biofuels and biomass, black carbon is more dangerous to human health due to tiny diameters less than 2½ microns (PM2.5).Unlike carbon dioxide, which can stay in the atmosphere for hundreds of years, black carbon stays only for days to weeks before it returns to earth with rain or snow. When it falls on earth with precipitation, it darkens the surface of snow and ice, according to Columbia Climate School. Estimates suggest that only 9 per cent of all plastic waste ever produced has been recycled, while about 12 per cent has been incinerated. The rest, 79 per cent, has accumulated in landfills, dumps or the natural environment.It is to be noted that the world produces around 300 million tonnes of plastic every year, which is nearly equivalent to the weight of the entire human population.ALSO READ: Dengue, garbage everywhere: HC raps municipal corporations on 'dismal state' of DelhiALSO READ: Govt bans manufacture, sale and use of identified single-use plastic items from July 1, 2022WATCH: Delhi's air pollution: Should a lockdown be imposed in the national capital?",['national Capital Plastic waste Delhi air quality seasonal stubble burning'],https://www.indiatoday.in/diu/story/plastic-waste-delhi-air-quality-seasonal-stubble-burning-1877100-2021-11-16
5,data-intelligence-unit,Battleground UP: Why political parties and not candidates matter in India’s most populated state,"(15, 11, 2021)","Some two weeks back, five BSP MLAs and one BJP legislator in Uttar Pradesh joined the Samajwadi Party, in a major boost to Akhilesh Yadav. While politicians jumping ship before elections is not uncommon, more so in India’s most populated state, is it just personal ego or the winnability factor that propels such defections?

Why do political leaders, including sitting MLAs, switch parties en masse in UP? The two simultaneous trends discernible in the last four assembly elections offer some answers. First, UP has transitioned from throwing up fractured mandates earlier to quite decisive ones now. Second, the success rate of first-time candidates, as opposed to experienced ones, has constantly been going up.The latter, of the rookie triumphing over veterans, indicates that winnability depends much more on party affiliations than the candidates’ stature. Hence the scramble among potential candidates to get the party right before elections, just to give themselves a fighting chance of returning as MLAs.READ: Win the booth and you will win UP: Amit Shah spurs BJP workers in VaranasiRise of the debutant Data analysed by India Today Data Intelligence Unit (DIU) shows while as many as 66 per cent of the debutants won their seats in 2002, the proportion of first-time winners climbed to 78 per cent in 2017. It was 69 per cent and 71 per cent in 2007 and 2012, respectively.The 2017 assembly elections also happened to be the most decisive, with the BJP winning nearly 80 per cent of the seats. The verdict in 2002, in contrast, was a fractured one with the single largest party, the Samajwadi Party, then, winning just 143 out of the total 403 seats.In 2002, one out of five winners had at least one previous term as an MLA. The share of second-term MLAs dropped to one out of seven in 2017. The salience of experience, thus, has gone down considerably even as the premium commanded by first-timers has gone up several notches. “The key takeaway of the last few decades has been one of increasing preference for parties rather than candidates among Indian voters. And CSDS surveys have also shown that the proportion of people making up their minds well in advance as to which parties to choose has gone up a lot. In other words, the proportion of committed voters today is much higher than what was the case in the 1990s,” observes Sanjay Kumar, director of Centre for the Study of Developing Societies. He has tracked Lok Sabha and assembly elections for nearly three decades and written extensively on UP elections.Renomination woes While the preference for parties has gone up, incumbent MLAs have had a tough time getting renominations and returning as legislators. In the last four elections, only 40 per cent or fewer incumbent MLAs got renominations from their parties. In fact, in the 2012 elections, only a third of those who’d won the last polls contested again. And only 41 per cent of the re-contesting candidates emerged victorious that year. The winning percentage of re-contesting candidates was less than 30 per cent in 2017.The data establish that local-level incumbency has increasingly become a liability and hence the reluctance on the part of political parties to renominate candidates.Turncoats trumped Yet another noticeable trend of the last two decades has been the not-so-impressive performance of turncoats. Numbers reveal that among those who switch sides ahead of elections, the probability of only those siding with the eventual winner is higher.For instance, the success rate of sitting MLAs who switched to BSP ahead of the 2007 elections was an impressive 100 per cent. It can be recalled that the BSP had come out on top in that election. Similarly, the success rate of defectors who contested as SP candidates was 75 per cent in 2012 and on BJP tickets a whopping 84 per cent in 2017. The SP won the polls in 2012 and BJP five years later.The performance of defectors not getting the party right has been relatively lacklustre otherwise.Therefore, all data clearly indicate that local MLAs face voters’ ire, cushioning their parties against any impact of anti-incumbency. It looks like the trend will continue given the way incumbents are getting restless this time.ALSO READ: Will field Congress workers on all seats in 2022 UP Assembly polls: Priyanka Gandhi VadraWATCH: Ahead of 2022 Uttar Pradesh polls, political rallies intensify in state",NA,https://www.indiatoday.in/diu/story/up-assembly-polls-2022-political-parties-candidates-india-most-populated-state-1877030-2021-11-15
6,data-intelligence-unit,How has climate change affected Indian cities?,"(12, 11, 2021)","Studies have shown that urban centres globally are experiencing a gradual rise in temperature and a surge in the number of people exposed to hazardous heat levels. Delhi, on the other hand, is witnessing something quite unusual: a greater frequency of extreme weather events and a drop in average temperature in the last five years.

Even minor fluctuations matterMore than 7 lakh excess deaths in India annually are attributed to abnormally hot and cold temperatures related to climate change, a recently published Lancet report said. Nearly 655,400 deaths occur because of extreme cold conditions and 83,700 due to scorching heat.Even as the world continues to get warmer in response to greenhouse gas emissions, Delhi is getting colder, and that has been a noticeable trend in the last five years, the mean temperature data shows.Annual temperature and precipitation changes in cities are some of the most prominent markers of climate change. According to data from the European Centre for Medium-Range Weather Forecasts (ECMWF), collated by Meteoblue, the mean annual temperature of Delhi has dropped by 1.3 degrees Celsius (°C) in the last five years (2016-2020). During this period, Mumbai's average temperature rose by 0.4 °C. In other words, while Delhi has been getting colder, Mumbai is witnessing an unusual rise in temperature.The severity of climate change impact DIU, the data team of India today, has analysed the data of the last 40 years related to India's four big cities with regard to temperature variation. The national capital Delhi witnessed a drop (-0.1°C) in 2019 and 2020(-0.7°C). Other metros, on the other hand, witnessed a contrasting trend. Mumbai (0.4°C & 0.7°C), Chennai (0.6 °C & 0.5°C) and Kolkata(0.5°C & 0.2°C) got warmer in 2019 and 2020.The anomaly reveals how warmer or colder the variations have been compared to the 30-year baseline average (1980-2010). The trend of temperature change (red dash line in the chart) shows an average rise in Mumbai, Chennai and Kolkata while flat in Delhi. This trend reveals that Mumbai and other metros are getting warmer due to climate change, but Delhi is showing a low average temperature, and the trend line is almost flat.Climate change's pernicious impactIn the last three years, Delhi has been experiencing a comparatively cool summer, especially in May. In 2021, the month of May showed the biggest deviation in the last 14 years as the mean temperature was 2.6 degrees Celsius less than the 30-year average. Delhi's May temperature has been steadily declining since 2018. June's temperature, too, was less than the average in 2020 and 2021. April to June temperature anomaly compared to the mean temperature (1980-2010) showed a drop in the last two years. Precipitation anomaly data also shows an unusually wetter May but less rain in June. In 2021, Delhi experienced 54 millimetres (mm) more rainfall in May, higher than 35 mm in 2020. But precipitation anomaly data shows that Delhi received 42 mm more rain in October 2021, almost after 17 years. Delhi experiences scorching heat during summer (April - July) and remains quite cold in winter (December - January).Mumbai, the financial hub of India, is also witnessing irregular temperature and precipitation fluctuations. After 15 years, the maximum city saw more rain than average this May. The temperature in August was around 0.5 °C more than the 30-year mean (1980-2010). Scientists observe that irregularities in weather could have a long-lasting impact on the environment, affecting human health and food security.The Council on Energy, Environment and Water (CEEW), a New Delhi-based research institute, has mapped the frequency of extreme climate events and warns us of danger ahead. The frequency and intensity of extreme climate events in India have increased by almost 200 per cent since 2005.""More than 80 per cent of the Indian population resides in extremely climate-vulnerable districts, but the next big challenge is restricting the temperature increase and halting the primarily human-induced micro-climate change. India's average temperature has risen by around 0.7°C during 19012018. The temperature increase has led to severe loss and damage and lowered work productivity that has ravaged lives and livelihoods"", Abinash Mohanty, Programme Lead, Council on Energy, Environment and Water (CEEW), said to India Today.COP26, at the Glasgow climate summit, gave a call in a draft agreement for big carbon-cutting targets by the end of 2022. Countries are persuaded to execute the Paris Agreement of 2015 to limit global warming to below 2 °C, preferably to 1.5°C (degrees Celsius) compared to pre-industrial levels. However, policymakers of many counties still have to set the framework for its execution.""As the COP 26 negotiations enter their final stage, it is critical to call for strict measures for enhanced adaptation finance to climate-proof our cities and tackle these climate extremes. Further, it is essential to invest in nature-based solutions like restoring and regenerating the wetlands, forest covers, and traditional resource management practices, which also act as natural shock absorbers,"" Mohanty further added.",['How has climate change affected Indian cities?'],https://www.indiatoday.in/diu/story/how-has-climate-change-affected-indian-cities-1876164-2021-11-12
7,data-intelligence-unit,NA,NA,NA,NA,https://www.indiatoday.in/diu/video/diu-video-india-s-covid-19-snapshot-1876136-2021-11-12
8,data-intelligence-unit,Know who all are landing jobs in India amidst economic revival,"(10, 11, 2021)","Looking for a job?

Here are the key takeaways about hiring trends based on our analysis of Naukri JobSpeak surveys of the last five years for the month of October:Hiring reported positive across all experience bands in October 2021 compared to October 2020Demands for senior professionals with work experience of eight to 12 years witnessed the highest traction of 55 per cent. Senior talent least likely to face retrenchmentChances of landing jobs are much higher in Bengaluru and Hyderabad followed by Pune and ChennaiIn general, job opportunities in metro cities are twice as much as in non-metro locationsInformation technology and telecommunications emerge as the fastest growing sectors in terms of hiringJob opportunities in the IT and telecom sectors are largely driven by the switch to everything digital amidst the pandemicConversely, the auto sector reported job cuts as global chip shortages impact vehicle availabilitiesMiddle-level executives are in much greater demand as companies navigate through the pandemic-induced slowdown JOB VARIATIONS ACROSS SECTORS, YEARSNaukri JobSpeak surveys analysed by India Today’s Data Intelligence Unit show rapid variations in fresh hiring across sectors since 2017.Finance, for instance, was the flavour of India’s job market five years ago. But in October 2018, human resource management reported maximum hiring. A year later, the IT sector offered more opportunities. Most sectors, however, saw job losses in the pandemic-battered 2020.Banking and insurance, nevertheless, showed some resilience, adding ten per cent more jobs in October 2020, data show. CITY-WISE ROTATIONKolkata was number one in terms of additional hiring in October 2017 while Pune emerged as a hot job destination in 2018.With the IT sector growing at a fast clip in 2019, Hyderabad offered maximum job opportunities that year.There were considerable job losses in most of the cities in 2020, except Chandigarh that added some jobs in the month of October last year, the DIU analysis shows.According to available data, demands for freshers remained high in 2017 and 2018. That was when the Indian economy negotiated the aftereffects of demonetisation and the goods and services tax and cost-cutting became a dominant theme in employment.Read | Unemployment rate rises sharply in rural areas: CMIE dataRead | In numbers: How women outpace men in non-farming jobs ","['Naukri JobSpeak', ' jobs', ' jobs', ' IT jobs', ' Pandemic', ' Covid-19', ' hiring', ' unemplyment', ' india jobs unemployment', ' indian economy', ' Know who all are landing jobs in India amidst economic revival']",https://www.indiatoday.in/diu/story/know-who-all-are-landing-jobs-in-india-amidst-economic-revival-1875268-2021-11-10
9,data-intelligence-unit,In numbers: How women outpace men in non-farming jobs ,"(10, 11, 2021)","Rapid industrialisation in the last two decades has led to rise in employment opportunities in both organised and unorganised sectors. Secondary and tertiary activities have seen a steady work force shift from more traditional occupations.

However, a detailed gender study into India’s workforce cutting across sectors reveals interesting details. The Covid-19 pandemic caused a bloodbath in the job market, with young women particularly hit, as India Today Data Intelligence Unit found earlier.But if one is to consider the employment scenario since 2000, the numbers have been encouraging, and diverse. It is true that India’s job market is not witnessing the growth of women workers as much as that of men. While male workers have increased by 47 per cent in the last two decades, the number of female workers rose merely 19 per cent during the same period.However, the situation of women employment is not as bad as it appears in the overall job picture. In fact, if farming jobs are excluded, the growth of female workers is more than their male counterparts. The number of female workers surged by nearly 102 per cent since 2000, while it rose 95 per cent among men. The farming sector has seen a significant migration of workers in the last two decades. Farming employed nearly 61.7 per cent of total workers in 2000, which has reduced to 45.4 per cent in 2020.The flight of workers has largely been towards construction and service sectors such as hotels, restaurants, banking, etc. The share of construction workers in the overall job market rose by 7.4 percentage points, while that in trade, hotel and restaurant business rose by 3.5 percentage points in the same duration. Though the agri sector saw an additional 93 lakh men in the last two decades, 60 lakh women parted their ways from farming. The share of agri jobs in the overall jobs for women thus shrank from 76 per cent to 60 per cent during 2000-20. Simultaneously, the number of women workers increased mostly in the service sectors such as IT, banking, hospitality, etc. Agriculture expert Devinder Sharma told DIU that women prefer non-farming activities, mostly through MGNREGA, for which they do not have to travel far.In contrast, the Economic Survey 2017-18 had underlined that with growing rural to urban migration by men, there is ‘feminisation’ of the agriculture sector, with an increasing number of women in multiple roles as cultivators, entrepreneurs and labourers. However, the numbers do not support it so far.The fast growing literacy rate among women has also helped them in finding their spots in the formal sector.Literacy rate among women had risen by 20 per cent in 2011 over the previous decade while that of men rose by a mere 7 per cent. Among rural women, the literacy rate surged by 24 per cent, while among urban women, it rose by 8 per cent.",NA,https://www.indiatoday.in/diu/story/in-numbers-how-women-outpace-men-in-non-farming-jobs-1874949-2021-11-10
10,data-intelligence-unit,"A bird’s-eye view of farm fires in Haryana, Punjab since 2016","(9, 11, 2021)","Farm fires remain as spread out as before in Punjab and Haryana, but with a gradual reduction in numbers over the last five years, barring 2020, data show.

Satellites detected nearly one lakh fire counts in 2016 in October and November, more than 40 per cent than 2015.From then on, the counts came down every year till 2020. The number of farm fires last year was 20 per cent lower than 2016, but 60 per cent higher than 2019.LESS IN NUMBERS, BUT EXTENSIVE IN AREAThe year 2017 recorded a big drop of 32 per cent in stubble burning across Haryana and Punjab, followed by 24 per cent reduction in 2019, an analysis by India Today’s Data Intelligence Unit shows. That said, stubble-burning events are extensively spread in Haryana and Punjab despite the announcement of Rs. 2,500 an acre bonus for small and marginal farms rejecting the practice. Additionally, Punjab offers incentives to industries for buying stubble.According to data obtained from NASA satellites, the peak has been recorded in the month of November, especially its first week, for at least the last six years.The number of stubble burning cases in the first week of November 2016 alone stood at at 34,910, which was almost 77 per cent higher than the previous year. But the counts declined by 60 per cent in the same period of 2017.However, the stubble-burning number changes every alternate year in the peak period of November, the DIU analysis revealed. In 2020, for instance, fire counts spurt by 60 per cent in the first week of November. In 2021 though, the cases dropped by nearly two per cent compared to the year ago.FARM FIRES IN 2021Considering the number of farm fires in the first week of November, the year 2021 so far ranked third with 27,941 stubble burning events after 2016 and 2020. If the declining trend holds firm, the two states may end up with fewer cases of farm fires in October-November this year.Punjab, Haryana, and Uttar Pradesh follow this practice to clear the fields for sowing winter crops from the last week of September to November. There is brief window of two to three weeks between harvesting paddy and sowing the next crop.The burning of residue depends on weather and other factors. The phenomenon in a particular period can, therefore, be recorded better through a comparison of total fire events during October and November than through day-to-day incidents.According to reliable estimates, Punjab alone produces around 200 lakh tonnes paddy stubble. Haryana produces around 70 lakh tonnes of paddy residue every year.ALSO READ: Centre must hold emergency meeting on crop residue burning, says Delhi's environment ministerALSO READ: How breadbasket states pump toxic air into dense North India, year after year",NA,https://www.indiatoday.in/diu/story/bird-eye-view-farm-fires-haryana-punjab-since-2016-1874897-2021-11-09
11,data-intelligence-unit,"How breadbasket states pump toxic air into dense North India, year after year","(8, 11, 2021)","Air pollution threw the Delhi NCR into a crisis during the Diwali week. Smog shrouded the capital city with toxic air over 15 times the WHO’s safe limit for pre- and post-festival days.

The culprit: Stubble, fireworks or both? Government data show almost half of Delhi’s pollution stems from crop burning.Northern states, especially Punjab and Haryana, witness the burning of paddy straw by farmers during October and November as they prepare the fields for winter crops, like wheat.An analysis by India Today’s Data Intelligence Unit (DIU) shows that the fire counts during October last week have steadily risen till the third week of every November over the past seven years. Hiren T Jethva, a research scientist at NASA specialising in aerosol patterns using ground and satellite measurements and tracking stubble burning, has found a strong correlation between farm fire and poor air quality in Delhi and low-line North India.Peak farm fires, he told India Today, supplemented with Diwali’s fireworks, led to an increase in PM2.5 levels.“Our long-term analysis of satellite measurements revealed a strong connection between stubble burning in Punjab and Haryana and deteriorating air quality in Delhi and the downwind region of the Indo-Gangetic plain. Fireworks during Diwali add to the pollution levels. However, its effect lasts only for a day or two,” Jethva explained. “In 2016 and this year, Diwali fireworks coincided with the peak burning period, which is the first week of November, so people tend to blame fireworks as the main cause of severe air quality. However, the fact is that both contribute to higher-level pollution.”Satellite data, analysed by the DIU, also found a strong link between stubble burning in Punjab-Haryana and poor air quality in the capital city of Delhi.The DIU has gathered the air data from the centrally-located American embassy for the last one month and farm-fire numbers of the same period.Data show more than double the mass concentration of PM2.5 during the Diwali period on average. For example, from November 4 to 6, the average PM2.5 level was 389, while it was 190 the previous three days. At the same time, crop residue fires in Punjab and Haryana detected from satellites were also unprecedentedly high.Health risks from poor airAir pollution is the world’s largest single environmental health risk. Crop residue burning produces various air pollutants, gases and particulate matter like PM2.5 which are less than 2.5 microns in diameter and can cause deadly diseases, including cancer and cardiac problems.A recent study revealed that the concentration of poisonous PM2.5 particles took about 54,000 lives in 2020 in Delhi alone.Another study shows that about 7,35016,200 premature deaths and 6.0 million asthma attacks per year have been attributed to the PM2.5 levels (averaged 123 ± 87 g/m3) in New Delhi. Furthermore, exposure to PM2.5 is estimated to result in about 570,000 premature deaths in India.Thus Delhi, a densely populated low-lying area in northern India bounded by topography in north-south, has been consistently ranked among the most polluted cities in the world.Air quality in the national capital was rated “severe” on the pollution gauge Sunday. According to the System of Air Quality and Weather Forecasting and Research, the share of stubble burning has reached a new height of 48 per cent. As a result, Delhi’s environment minister has asked the centre to call an emergency meeting of neighbouring states over stubble burning.“It is requested that authorities concerned in the neighbouring NCR states may be directed to prevent burning of agriculture residue so that pollution levels in Delhi may be restricted during this critical period,” Delhi environment minister Gopal Rai said.ALSO READ: Snow river in Delhi. Be scared, be very scaredALSO READ: Delhi air more harmful than cigarette smoking; Covid cases may surge because of pollution: Dr Randeep Guleria","['stubble burning', ' firecrackers', ' smog', ' air pollution', ' delhi air quality']",https://www.indiatoday.in/diu/story/how-breadbasket-states-pump-toxic-air-dense-north-india-year-after-year-1874443-2021-11-08
12,data-intelligence-unit,NA,NA,NA,NA,https://www.indiatoday.in/diu/video/diu-video-farm-fire-spike-in-punjab-haryana-1873573-2021-11-05
