SN,category,headline,date,content,keywords,link
1,data-intelligence-unit,NA,NA,NA,NA,https://www.indiatoday.in/diu/video/diu-video-india-covid-19-snapshot-1902877-2022-01-21
2,data-intelligence-unit,NA,NA,NA,NA,https://www.indiatoday.in/diu/video/bjp-government-centre-congress-leader-supriya-shrinate-amar-jawan-jyoti-national-war-memorial-flames-1902803-2022-01-21
3,data-intelligence-unit,NA,NA,NA,NA,https://www.indiatoday.in/diu/video/india-s-vax-drive-160-crore-vaccine-doses-administered-1902424-2022-01-20
4,data-intelligence-unit,"What is Ct value, a vital Covid testing parameter in RT-PCR reports?  ","(18, 1, 2022)","India is reeling from an explosive third wave of Covid outbreak led by the Omicron variant, as the country reports over two lakh cases for the sixth consecutive day.

With cases spiking in nearly all districts in India, the focus has again switched to testing to detect and diagnose the infection. Among the various types of testing, RT-PCR (Reverse Transcription-Polymerase Chain Reaction) is considered the gold standard to detect the presence of SARS-CoV-2 virus.This brings us to a crucial scientific term in the RT-PCR report, called Ct value, short for Cycle Threshold, a vital test parameter.It refers to the number of cycles needed in the test, after which the virus in the sample reaches a detectable level. The Ct value is inversely proportional to the amount of viral load in the human body. For instance, lower the value, higher will be the viral level in the sample collected as the virus was detected only after a few cycles, and vice-versa. How is Ct value measured?  During RT-PCR test, the sample swab collected from the patient is used to extract RNA (Ribonucleic Acid), which is then converted to DNA (Deoxyribonucleic Acid). This DNA is then amplified, i.e. its multiple copies are created. The process of amplification of DNA happens through various cycles until a detectable virus level is attained. Here, the number of cycles needed to detect the virus is the Ct value.Speaking to India Today, Dr SP Kalantri, Professor of Medicine at Maharashtra’s Mahatma Gandhi Institute of Medical Sciences, said, “A typical RT-PCR assay will have a maximum of 40 thermal cycles. A Ct value less than 40 is clinically reported as PCR positive.”He further added that Ct values obtained in severely ill hospitalised patients are lower than those of mild cases.Expert speak  On interpreting the Ct value, Dr AK Singh, Endocrinologist at Kolkata’s GD Hospital & Diabetes Institute, told India Today, “When looking at Ct value, we need to know whether this has been done with qualitative or quantitative PCR methodology. Most labs in India report qualitative RT-PCR, and thus Ct value is difficult to interpret and gives confusing results in the same patients. If Ct value is reported through a qualitative RT-PCR, it will differ from one kit to another since they have different Ct cut-offs and different gene targets.”In reply to the query on correlation between Ct value and severity of the disease, Dr Singh added that although a low Ct value suggests high viral load, it does not necessarily cause severe disease disease manifestation the largely depends on host factors.He further stressed, “Since Ct values in RT-PCR depend on sampling method, the temperature during transportation, time taken from collection to testing, technical competence and analytical skill of the technician, calibration of equipment and types of samples (nasal vs oropharyngeal swab) tested, its role in prognostication of disease severity is extremely difficult.”An advisory issued by ICMR in August 2020 also stressed on the importance of the testing process.Speaking to India Today on the connection between how infectious a person can be and the Ct value, Dr Rajeev Jayadevan, scientific adviser and former president of the Indian Medical Association, said, “Though initially considered to be a marker of how infectious a patient was, recent studies have shown that Ct value does not necessarily mean more amount of actual virus that can spread to other people.”He further added, “What matters is the amount of virus that can be isolated from the sample. The maximum amount of viruses that can be isolated is found between Days 3 and 6 of onset of symptoms in a person with Omicron infection. Beyond Day 10, no ‘live’ virus is found that can be isolated. However, the RT-PCR can still be positive beyond 14 days because of fragments of ‘dead’ viral RNA lying around the nose and throat.”","['What is Ct value', ' a vital Covid testing parameter in RT-PCR reports?\xa0\xa0']",https://www.indiatoday.in/diu/story/what-is-ct-value-a-vital-covid-testing-parameter-in-rt-pcr-reports-1901571-2022-01-18
5,data-intelligence-unit,NA,NA,NA,NA,https://www.indiatoday.in/diu/video/covid-surge-after-omicron-entry-coronavirus-pandemic-1901533-2022-01-18
6,data-intelligence-unit,"UK Covid monitor: Fall in cases faster than surge, R-value lowest in a year","(17, 1, 2022)","Covid situation in one of the hardest hit countries the United Kingdom is gradually improving. After the Omicron variant was first detected in South Africa, the UK was among the first few countries where cases rose dramatically, and daily cases reached a peak of 2.2 lakh on January 4, 2022.

But while the rise was steep, the fall in daily cases looks sharper. It took 14 days for new cases in the country to climb from one lakh to two lakh, but only 10 days to return to the below-one lakh level. The UK recorded 70,160 new cases on January 16, which was a 33-day low. Average daily cases in the country were also at a 22-day low of 1.06 lakh on January 16.At 0.67, the reproduction rate that indicates the pace of the spread of infection is at the lowest level in over a year. Though the infection spread rapidly in the UK and daily new cases were much higher than during the previous waves, the proportion of severe illnesses was comparatively much lower. Deaths and hospitalisations rose amid the rise in infection, but they were not in proportion with the cases.While daily average deaths rose to as high as 1,250 during the previous peak in January 2021, it is 263 now. Daily hospitalisation also rose to over 4,200 in January 2021, while it has remained below 2,300 so far in January 2022. Going by the generic trend, deaths and hospitalisation numbers change with a lag of around 10 days. Hence, they are expected to fall in the coming days as daily cases are also declining.Scientists in the UK have suggested that the country could be one of the first to come out of the Covid-19 pandemic. Professor David Heymann of the London School of Hygiene and Tropical Medicine is reported to have said that the UK is the closest to any country to being out of the pandemic if it is not already. Experts believe the pandemic may turn into an endemic soon.Media reports suggest Plan B of Covid restrictions earlier imposed in the UK may also be revoked soon. Plan B included restrictions such as wearing masks in public places, using Covid passes to enter specific venues, working from home etc.Live TV--- ENDS ---Also read | UK govt planning to do away with Covid test upon arrival for vaccinated travellers: ReportAlso read | Recoveries outnumber new Covid-19 cases in Delhi; daily positivity rate now 27.99%Watch | Vaccination for 12-14 year olds likely from March, says Covid panel chief","['UK Covid monitor', ' Covid outbreak in UK', ' UK Covid cases', ' UK coronavirus', ' Omicron in UK', ' ']",https://www.indiatoday.in/diu/story/uk-covid-monitor-fall-in-cases-faster-than-surge-r-value-lowest-in-a-year-1901138-2022-01-17
7,data-intelligence-unit,Mobility hit as Covid cases surge in India's big cities,"(14, 1, 2022)","As India reports over 2.5 lakh cases in a day, nearly one-third of them are only from six major cities Delhi, Mumbai, Pune, Bengaluru, Kolkata and Chennai. These six cities recorded a total of 85,693 cases on January 13, 2022.

A sudden rise in Covid cases has once again hit daily activity in big cities and it is reflected in the mobility trend. The Apple mobility trend shows that mobility in all these cities has been hit and there is a fall in movement.While the daily driving mobility trend is below the baseline in the four cities, Delhi, Mumbai, Chennai and Bengaluru, the fall in driving movement is maximum in Delhi and Mumbai. In Mumbai, the average daily driving mobility has shown a steep decline and has reached near the baseline as the cases rise. The daily average cases rose 12 times in Bengaluru in the last 10 days, it rose by around eight times in Delhi, Pune and Chennai. Daily average cases nearly tripled in Mumbai and Kolkata in the same duration. As cases rise, deaths, too, have increased in major cities. Delhi was recording an average of one daily death 10 days ago, now the average is 24 deaths in a day. Deaths in Mumbai jumped from one to five and in Chennai, it rose from one to six. Positivity Rates In Big CitiesThe positivity rate the proportion of positive cases among the total tests conducted indicates that more than one in every two people undergoing Covid tests are positive in Kolkata. Kolkata recorded a positivity rate of as high as 59 per cent between January 7-13, 2022.In the same duration, Delhi recorded a positivity rate of 29.2 per cent, Mumbai 24.9 per cent, Pune 28.3 per cent, Chennai 28.1 per cent and Bengaluru 16.1 per cent, according to the Ministry of Health and Family Welfare.Vaccination In Big CitiesThe rise in cases and fatalities is seen despite a healthy rate of vaccination among the big cities. While Bengaluru and Kolkata have nearly 86 per cent of the fully vaccinated population, the same in Pune and Mumbai is nearly 70 per cent. In Delhi, the proportion is slightly less at 60 per cent.","['Mobility hit', "" India's big cities"", ' Covid mobility', ' India mobility trend']",https://www.indiatoday.in/diu/story/mobility-hit-as-covid-cases-surge-in-india-s-big-cities-1900217-2022-01-14
8,data-intelligence-unit,Battlefield UP: How BJP reduced close-contest seats by half in 2017 decisive mandate ,"(13, 1, 2022)","Come February 10 and over 15 crore voters will begin the process of electing a massive 403 legislators in the most populated state of the world’s biggest democracy. No wonder the election in Uttar Pradesh is considered the mother of all battles, as the results have massive national implications.

UP has always witnessed a tri-cornered contest, with the BJP, Samajwadi Party and BSP dominating the lion’s vote share. Congress and some smaller parties also have pockets of influence, offering voters a plethora of options. This has resulted in close contests in a large chunk of seats. The number of seats with a victory margin of less than 5 per cent had gone up in subsequent elections in the last 30 years, but in 2017 had declined by about 50 per cent. The last election had proved to be one of the most decisive mandates provided by the people of UP. The BJP stormed to power with 312 seats, garnering almost 40 per cent of the vote share.ALSO READ: UP polls: Can Akhilesh Yadav unseat Yogi Adityanath in Uttar Pradesh?In the last three decades, on an average, one out of three candidates in the state won by a thin margin of less than 5 per cent votes. But in 2017, only one in five winning candidates faced a neck and neck contest. Victory margin refers to the percentage point lead the winning candidate has over the one ranked second.UP has increasingly witnessed neck and neck fights on a higher number of seats since 1985. The proportion of close-contest winners reached its highest in 2007 when around 44 per cent (177 out of 403) MLAs won with less than 5 per cent votes. This was the highest among all victory margin brackets. In 2012, around 42 per cent of the seats were decided by a narrow margin of less than 5 per cent. But the game changed in 2017 and the proportion of seats won by less than 5 per cent votes reduced in half.“The number of seats with narrow victory margins had gone down in 2017 because of higher vote share of the winning party. The BJP secured around 40 per cent vote share, which is much higher than of its opponents. Earlier, winning parties did not get such a vote share. For instance, Samajwadi Party received only 29 per cent vote share in 2012 and BSP grabbed 30 per cent vote share in 2007 to form the governments. This was why the proportion of seats with narrow victory margins was higher in those years,” Sanjay Kumar, director of Centre for the Study of Developing Societies (CSDS) told India Today Data Intelligence Unit.ALSO READ | Akhilesh Yadav says we are 47, will reach 400 seats in Uttar Pradesh Assembly pollsThat the 2017 results were more decisive can be gauged from the fact that 159 candidates won by a margin of more than 15 per cent votes, which was almost thrice compared to 2012.Data indicate voters were more polarised in 2017 than in earlier elections. Riding on the Modi wave, the BJP overwhelmed the SP-Congress alliance and BSP, winning by over three-fourths majority. While the BJP secured 312 of the 403 seats, the tally for SP, BSP and Congress was 47, 19 and seven respectively.The BJP’s average win margin was 15 per cent, followed by Congress at 12 per cent, SP at 7 per cent and BSP at 4 per cent. Of the 312 seats won by BJP, only 38 candidates faced close fights with a victory margin of less than 5 per cent. On the other hand, half the SP’s winning candidates fell in this category.Watch | Priyanka Gandhi hits out at BJP, SP for ‘not doing enough on issues related to women’ | Exclusive","['Uttar Pradesh election', ' UP polls', ' battlefield UP', ' tri-cornered contest ']",https://www.indiatoday.in/diu/story/battlefield-up-how-bjp-reduced-close-contest-seats-by-half-in-2017-decisive-mandate-1899700-2022-01-13
9,data-intelligence-unit,In numbers: Pre-poll defections and the winnability factor in Uttar Pradesh,"(12, 1, 2022)","Of all the recent defections in Uttar Pradesh, influential OBC leader Swami Prasad Maurya joining the Samajwadi Party may have some implications in the upcoming assembly elections. The development led to a spate of resignations by sitting BJP MLAs within hours, and if Maurya’s camp is to be believed, more such exits will follow in the next few days.

However, this is but one of the many recent instances of incumbent members of the legislative assembly or other influential leaders switching sides. While politicians jumping ship before elections is not uncommon, more so in India’s most populated state, is it just personal ego or the winnability factor that propel such defections?The two simultaneous trends discernible in the last four assembly elections offer some answers. First, UP has transitioned from throwing up fractured mandates earlier to handing out quite decisive ones now. Second, the success rate of first-timers as opposed to experienced candidates, though consistently relatively high, has been witnessing a spike since 1996.The latter, of the rookie triumphing over veterans, indicates that winnability depends much more on party affiliations than on the candidates’ stature. Hence the scramble among potential candidates to get the party right before elections, just to give themselves a fighting chance of returning as MLAs.Read | UP polls: Can Akhilesh Yadav unseat Yogi Adityanath in Uttar Pradesh?Advantage debutants in UP India Today Data Intelligence Unit (DIU) analysed numbers of all assembly elections in UP since 1980. Data show that barring a few exceptions, first-timers have occupied 70 per cent or more seats in all assemblies in the last four decades. The proportion was the lowest at 65 per cent in 1996 and the highest in 2017 at 78 per cent.The 2017 elections also happened to be the most decisive, with the BJP winning nearly 80 per cent of the seats. As many as 314 debutants won the elections that year. There were 59 second-term MLAs and 15 with experience of two previous terms. In contrast, the 2002 verdict was fractured, with the then single largest party, Samajwadi Party, winning just 143 of the total 403 seats. There were 268 first-term MLAs that year.In 2002, one out of five winners had at least one previous term as an MLA. The share of second-term MLAs dropped to one out of seven in 2017. The salience of experience, thus, has gone down considerably even as the premium commanded by first-timers has gone up several notches. “The key takeaway of the last few decades has been one of increasing preference for parties rather than candidates among Indian voters. CSDS surveys have also shown that the proportion of people making up their minds well in advance as to which party to choose has gone up a lot. In other words, the proportion of committed voters today is much higher than what was the case in the 1990s,” Sanjay Kumar, director of Centre for the Study of Developing Societies (CSDS), told India Today a while ago. Kumar has tracked Lok Sabha and assembly elections for nearly three decades and written extensively on UP elections.Read | Priyanka Gandhi’s woman card in Uttar Pradesh might be a hard gamble. Here’s whyRenomination woes While preference for parties has gone up, incumbent MLAs have had a tough time getting renominations and returning as legislators.In the last four elections, only 40 per cent or fewer incumbent MLAs got renominated by their parties. In fact, in the 2012 elections, only a third of those who’d won the last polls contested again. And only 41 per cent of the re-contesting candidates emerged victorious that year. The winning percentage of re-contesting candidates was less than 30 per cent in 2017.The data establish that local-level incumbency has increasingly become a liability, and hence the reluctance on the part of political parties to renominate candidates.Party hoppers don’t do well Yet another noticeable trend of the last four decades has been the not-so-impressive performance of turncoats. Numbers reveal that among those who switch sides ahead of elections, the probability of only those siding with the eventual winner is higher.For instance, the success rate of those who switched to the BSP ahead of the 2007 elections was an impressive 100 per cent. It can be recalled that the BSP had come out on top in that election. Similarly, the success rate of defectors who contested as SP candidates in 2012 was 68 per cent, and on BJP tickets in 2017 a whopping 84 per cent. The SP won the polls in 2012 and BJP five years later.The performance of defectors not getting the party right has been relatively lacklustre otherwise. As the average of last 10 assembly elections shows, less than 15 per cent of party hoppers have re-entered the assembly, which is on the lower side.Therefore, all data clearly indicate that local MLAs face voters’ ire, perhaps cushioning their parties against any impact of fierce anti-incumbency. It looks like the trend may continue, given that some of the incumbents are getting restless this time as well.Read | Battle for UP begins in western part of state, all eyes on farmers’ issues, law and order, religionRead | Battlefield UP: What Swami Prasad Maurya’s switch to Samajwadi Party means for BJP","['Uttar Pradesh assembly elections', ' Swami Prasad Maurya', ' pre-poll defections', ' UP polls', ' Samajwadi Party']",https://www.indiatoday.in/diu/story/in-numbers-pre-poll-defections-and-the-winnability-factor-in-uttar-pradesh-1899308-2022-01-12
10,data-intelligence-unit,"High TPR, hospitalisation jitters: How infection hubs Delhi, Mumbai fare in Covid 3.0","(11, 1, 2022)","Two major metropolitan cities in India have also turned out to be major hubs of Covid infection. Delhi and Mumbai have walked hand in hand since the pandemic began. While Delhi recorded 7,918 cases and 127 deaths per lakh population, Mumbai registered 7,444 cases and 132 deaths per lakh population. Testing in both cities have been 1.7 lakh and 1.2 lakh per lakh population respectively.

However, Mumbai pipped Delhi in terms of vaccination, and now we see both cities travelling on different trajectories in the third wave. While 68 per cent of the population in Mumbai is fully vaccinated, the number for Delhi is 60 per cent. In the last week, positive cases and hospitalisation have jumped four times in Delhi. Test positivity rate jumped from 8.4 per cent to 25.7 per cent and daily deaths rose from three to 23 between January 4 and January 11, 2022.Even as the Omicron variant is considered mild across the world, patients requiring oxygen support rose more than three times from 168 to 568 and those needing ventilator support rose over six times from 14 to 84 in a week span in the national capital. In Mumbai, the number of positive cases is at an elevated level (11,647 on January 11) but less than Delhi. This is almost the same level as a week ago on January 4. The positivity rate is at 18.8 per cent, which is less than 21.9 per cent recorded on January 4. Daily hospitalisation in Mumbai stood at 851 on January 11, which is almost near to 834 hospitalisation recorded on Jan 4. While vaccinated people or those who’ve had Covid in the past are said to be less vulnerable in this wave, experts are refraining from considering it mild.“Omicron is not a mild variant though it is mild in comparison to Delta, and it is still resulting in a large number of hospitalisations,” Maria Van Kerkhove, Covid-19 Technical Lead at World Health Organization, told India Today.On being asked if the peak of the Omicron variant comes and goes quickly and if it is safe to conduct elections, she added that the situation depends on population level and different factors, as the new variant takes advantage of mass gatherings.Dr Shashank Joshi, member of the Maharashtra Covid Task Force, also emphasised that calling Omicron variant mild is wrong. He added that it would take another 3-4 weeks to understand if Omicron is fatal or not. “Even if 5-10 per cent of patients need hospitalisation, it does put a burden on our health infrastructure,” he told India Today.A total of 4,461 cases of the Omicron variant have so far been found in India. Of these, 1,247 cases are in Maharashtra, 645 in Rajasthan, 546 in Delhi and 479 in Karnataka. Altogether, active caseload in India is 8.21 lakh, as daily cases rose by 1.68 lakh on January 10, 2022. Daily positivity rate in the country stands at 10.6 per cent.Read | At 11,647, Mumbai’s daily Covid cases dip for fourth straight dayRead | Not imposing lockdown, don't worry: Kejriwal says Delhi logged about 22,000 Covid cases in last few days",NA,https://www.indiatoday.in/diu/story/high-tpr-hospitalisation-jitters-infection-hubs-delhi-mumbai-covid-1898860-2022-01-11
11,data-intelligence-unit,"Hospitalisation jump in Punjab, TPR spike in Goa: Analysing the Covid scenario in poll-bound states","(10, 1, 2022)","Dates for the high-voltage elections in five states have been announced even as India witnesses an explosion in Covid cases. The case count has gone up across the country, and the poll-bound states of Uttar Pradesh, Punjab, Uttarakhand, Goa and Manipur are no exception. This has forced the Election Commission to impose severe restrictions on campaigning for the polls beginning next month.

In Punjab, active cases jumped 12-fold in just seven days from 1,369 on January 2 to 16,343 on January 9. During the same period, the number of patients on oxygen support jumped from 33 to 254. There are 10 patients on ventilators now, as against just one a week ago. Test positivity rate (TPR) in the state has also gone up to 12.6 per cent, indicating that the infection is quite widespread here. Notably, the proportion of eligible population getting both vaccine doses in Punjab is one of the lowest in the country. In Goa, TPR is at an alarming 25 per cent. However, since vaccination coverage in the state is much higher than the national average, hospitalisation remains quite low there. Goa has the highest proportion of fully vaccinated adults (96 per cent) among the five poll-bound states. Uttar Pradesh, though, has registered a comparatively low positivity rate of 3.5 per cent. What is worrying, however, is that active cases in the state have jumped over 15 times from 1,725 on January 2 to 25,974 on January 9. Another concern is that the proportion of fully vaccinated adult population is only 53 per cent.“Hospitalisation rate was 9 per cent of total cases during the Delta wave, but 5.5 per cent in the current wave orchestrated by Omicron. This is really very worrisome, because if the number of infections swells by four to five times and hospitalisation is lower by 40 per cent, hospitals will be overwhelmed with 2.5 times more patients than the last wave,” Dr Ishwar Gilada, Consultant in Infectious Diseases and Secretary General, Organised Medicine Academic Guild (OMAG), told India Today. Active cases have spiralled up in Uttarakhand too, jumping eight times from 506 on January 2 to 4,118 on January 9. This despite the state having the second highest proportion of fully vaccinated adults in the league. TPR here was 7.8 per cent on January 9. Manipur’s figures are contrary to other states. Despite a low proportion of fully vaccinated adults (51 per cent), TPR here is comparatively low at 3.57 per cent as of January 9. Active cases in the state doubled from 215 to 469 in a week. In the midst of a sudden spike in Covid cases ahead of a hectic election season, the question that begs our attention is the trajectory the pandemic is likely to follow with events such as rallies and road shows.“In a country which lacks social distancing, has repeatedly failed to follow the science on masks and ventilation, and has inadequate testing and sequencing capabilities, I feel that the elections are only going to birth a host of super spreader events across these states,” Jai Dhar Gupta, Founder & CEO, Nirvana Being, told India Today.Nirvana Being is an Indian clean air solutions company which specialises in two key Covid mitigation strategies N95 FFP2 masks and indoor mechanical ventilation solutions. But some experts want us to move on. “We need to remember that it has been two years into the pandemic and the future course of the pandemic is so uncertain that essential activities in life social, economic, as well as elections should not be deferred anymore,” Dr Chandrakant Lahariya, epidemiologist, told India Today.“We have a very disappointing example in delaying school reopening. The school reopening was delayed by various frivolous groups and by the time policymakers mustered the courage to reopen schools, a fresh surge resulted in closure of schools again,” he added.(Inputs from Abhishek Mishra in Lucknow and Manjeet Sehgal in Chandigarh) Read | Centre says 5-10% Covid cases requiring hospitalisation, but situation may changeRead | Election schedule for UP, Punjab, Uttarakhand, Manipur, Goa announced | DetailsRead | Poll-bound Punjab, Manipur among states with lowest vaccination rate for children: Child rights panel","['Punjab', ' Goa', ' Hospitalisation', ' TPR', ' poll bound states', ' elections', ' Covid-19', ' Covid elections', ' Hospitalisation jump in Punjab', ' TPR spike in Goa: Analysing the Covid scenario in poll-bound states ']",https://www.indiatoday.in/diu/story/hospitalisation-jump-punjab-tpr-spike-goa-covid-poll-bound-states-1898413-2022-01-10
12,data-intelligence-unit,Is your mask good enough to keep Omicron at bay?,"(6, 1, 2022)","Surgical masks or the ones made of cloth? Or do we go for the sophisticated N95 face cover?

The question has gained currency yet again following the emergence of Omicron. This new Covid variant is considered one of the most transmissible the world has seen so far.If we go by the trend of daily Covid cases globally and also in India in the last 15 days, one gets the impression that the virus is spreading fairly quickly.India recorded 90,928 cases on Wednesday, January 5, which is 14 times higher than the average daily cases the country was recording 10 days ago. Cases rose 57 per cent in a day, which was the fastest one-day jump in almost a year.Globally, 25.2 lakh cases were recorded on January 5, which is nearly twice than the 13.1 lakh cases recorded 10 days ago.Since the transmissibility of Omicron is a well-established fact now, what should be our first line of defence to keep the virus at bay? Obviously, a good mask to keep our nose and mouth protected.Balram Bhargava, director general of the Indian Council of Medical Research, says N95 is required for a Covid patient getting treated at home and the caregiver is required to wear a triple-layer mask. For others, a regular mask will do. However, findings of United States-based American Conference of Governmental Industrial Hygienists (ACGIH) show that an N95 mask is at least seven times more effective than a cloth mask and five times more effective than a surgical mask. ACGIH is focused on occupational and environmental health and safety in industries.According to the Centers for Disease Control and Prevention (CDC), United States, it takes only 15 minutes for an uninfected person without a face covering to get infected by coming close to an infected person. The time goes up to 27 minutes if both people are wearing cloth masks. A surgical mask worn by both affords protection for 30 minutes. An N95 mask worn by both, however, extends the time to 2.5 hours.Dr Swapneil Parikh, health expert and author of “The Coronavirus” book, explains, “SARS-CoV-2, the virus that causes Covid-19, spreads when a susceptible host inhales aerosols generated by an infected host. These aerosols can spread over a large distance in an enclosed space. High filtration (Hi-Fi) masks such as N95 and FFP2 filter out the virus from the air as one breathes. These masks protect the wearer from breathing in viruses and also protect others around an infected person. Vaccination reduces risk of severe disease and Hi-Fi masks reduce the risk of infection.” Epidemiologist Chandrakant Lahariya said, “Every type of mask provides some protection. In a pandemic, especially in a period of high transmission, people need to wear a well-fitted mask regularly and diligently. Cloth masks provide less protection than surgical masks, which again provide less protection than N95 ones.”“However, in selection of masks, the cost also has to be factored in. For people with low risk of exposure, i.e. those not venturing into crowded places, cloth mask is fine. The approach could be simple. If you are fully vaccinated and do not have any high-risk condition, wear any mask. For those unvaccinated or partially vaccinated, invest in a good mask,” Lahariya added.While any face cover is definitely an improvement over nothing, the N95 mask gives extended protection. And that is crucial when you are faced with a deceptive beast in town called Omicron.","['Covid-19', 'coronavirus', '']",https://www.indiatoday.in/diu/story/is-your-mask-good-enough-to-keep-omicron-at-bay-1896973-2022-01-06
