SN,category,headline,date,content,keywords,link
1,data-intelligence-unit,NA,NA,NA,NA,https://www.indiatoday.in/diu/video/diu-video-rise-fall-of-crude-prices-1917438-2022-02-24
2,data-intelligence-unit,Crude above $100: How oil price shocks impacted India’s economy in the past,"(24, 2, 2022)","One of the side effects of the Russia-Ukraine conflict has been a sudden spurt in global crude prices. The price of Brent crude — a variety that India uses — has spiked nearly 30 per cent in the first seven weeks of 2022 alone.

If the situation deteriorates further, prices will likely go up as Russia accounts for 12 per cent of global crude output.Oil shocks, mostly triggered by geopolitical conflict involving major oil producing nations, have adversely impacted India’s economy in the past. Let us recall some of them, starting with the most debilitating one the country faced in the early 1970s.READ | Russia-Ukraine war: International oil prices cross $100-markUnprecedented 252 per cent rise in crude prices between 1973 and 1974 Following the Arab-Israel conflict, Arab nations stopped supply of crude to all the countries supportive of Israel in 1973. As a result, prices of crude rose from $3.2 a barrel in December 1973 to $11.5 a barrel in December 1974. That was an unprecedented 252 per cent spike in a span of just one year.To get a sense of what it did, all we need to do is to read the very first line of 1974-75’s Economic Survey. It says: “By all accounts, 1974-75 was a year of unprecedented economic strains in the history of Independent India.”The main concern, the survey highlighted, was runaway inflation. In September of 1974, consumer prices rose by a whopping 35 per cent. And the annual average price rise in 1974 was 28 per cent following a rise of 23 per cent the previous year.The other concern was burgeoning trade deficit — from a surplus of Rs 103 crores in 1972-73 to a deficit of Rs 438 crores. This had happened because of a sharp spike of 175 per cent in the petroleum product import bill. Costly fuel was one of the prime contributory factors for two consecutive years of back-breaking inflation. It resulted in widespread protests across the country.READ | Ukraine: The economic significance for Russia and the West | Deep DiveGulf crisis of 1990 There was a sudden spike in global crude prices following Iraq’s invasion of Kuwait in August 1990. The crisis lasted seven months and the average price of India’s crude basket nearly doubled in a matter of a few months. According to a Reserve Bank of India paper, from “an average of about $15 per barrel during April-July 1990, the average prices paid by India for crude in the world market doubled to $30 per barrel during August-November 1990.”The paper adds that “the direct overall adverse impact of the Gulf crisis lasting for about seven months from August 1990 to February 1991 on the current account of India’s BoP for the fiscal year 1990-91 was estimated at $2,987 million, equivalent to Rs 5,180 crores.”That was the period of depleting foreign exchange reserves and India had a tough time paying for its imports. The Gulf crisis and the resultant oil shock exacerbated the problem.READ | Oil edges higher on supply worries, all eyes on US-China trade talksArab spring and Libyan civil war of 2011 Year 2011 saw turbulence in the Arab world and crude oil prices saw a 40 per cent jump that year. In fact, in terms of average annual prices, 2011 and 2012 have been the worst years.That happened to be one of the very high phases of inflation in India and costly fuel was a contributory factor. The average annual inflation was close to nine per cent in 2011. The average for 2009-13 was more than seven per cent. Now that major oil producer Russia is likely to face stringent international sanctions, there is apprehension of widespread supply disruptions. A rapid climb in crude prices is feared. For an import-dependent India that sources most of its crude oil requirements from abroad, that is not good news.READ | Turmoil over crude oil: How India may face shockwaves emerging from escalating Russia-Ukraine tensions",NA,https://www.indiatoday.in/diu/story/how-oil-price-shocks-impacted-india-economy-in-the-past-1917380-2022-02-24
3,data-intelligence-unit,Turmoil over crude oil: How India may face shockwaves emerging from escalating Russia-Ukraine tensions,"(23, 2, 2022)","Russia may have welcomed India's ""independent position"" on the Ukraine crisis. But even if Moscow believes India’s views on the issue at the UN Security Council was reflective of the special and privileged strategic partnership between the two countries, the escalating tensions in Europe are bound to have a global effect, including here in India.

Sample these possibilities:In the worst-case scenario, a ten per cent decline in the Russian currency would push oil up 13 per cent, said Goldman Sachs.The escalating crisis between Russia and Ukraine, and the resultant surge in crude oil prices is worrisome, said Finance Minister Nirmala Sitharaman.Petrol and diesel prices in India may increase by over Rs. 6 or Rs. 7 post-state elections, according to the research firm Prabhudas LilladherEven as India‘s direct dependence on Russia for crude oil imports is low, the former’s overall crude dependency on imports is very high. Thus, if the global oil market dynamics are disturbed, India is poised to suffer. India imports nearly 85 per cent of its oil requirements, which includes only around six per cent of refined petroleum and nearly two per cent of crude oil from Russia. However, Russia is the third-largest producer of crude oil and thus significantly drives the global oil market.ALSO READ: Ukraine: The economic significance for Russia and the West | Deep Dive“Russia accounts for one in every ten barrels of oil consumed globally, so it is a major player when it comes to the price of oil and it's really going to hurt consumers at the petrol pumps,” Navneet Damani, Sr. Vice President for Commodity and Currency Research, Motilal Oswal Financial Services, told India Today. Crude oil prices have surged to a seven-year high as tensions escalated between Russia and Ukraine. Prices are expected to remain at elevated levels in the near term.“OPEC and its allies will stick to its current agreement to add four lakh barrels per day of oil, rejecting calls to pump more to ease pressure on prices. Also, backwardation in crude oil widened to a level not seen since 2004, indicating tight supplies and correlates with low stock,” Sriram Iyer, Senior Research Analyst for Commodities and Currencies at Reliance Securities, told India Today.ALSO READ: Germany warns of sanctions over pipeline as Russia recognises two Ukraine regionsBackwardation is a situation in which the spot or cash price of a commodity is higher than the forward price. Brent's six-month backwardation widened to a high of $10.15, while WTI backwardation widened to a high of $9.03 this week. Prices could remain elevated looking at the above two factors, Iyer added. Given India’s high dependence on imported oil, the effect of the global price hike of crude oil is expected to reach the petrol pumps in India soon.“Crude prices will increase if punitive sanctions are imposed on Russia but if the Iran nuclear deal is secured, it will keep prices from flaring too high. In India, petrol and diesel prices will increase by over Rs. 6 or Rs. 7 per litre post-state elections,” Avishek Datta, Research Analyst at Prabhudas Lilladher, told India Today. From logistics to personal transportation and food prices to LPG gas prices, the rise in fuel prices affects all corners of the economy in India. Hence, the global headwinds are also expected to delay the Indian economy’s growth recovery, after a massive blow during the pandemic.""The main impact of the geopolitical tensions on India’s macros will be through the current account deficit and inflation rate. If Indian crude averages USD 100/barrel through FY23, the current account deficit could rise to 2.3-2.5 per cent of GDP,"" Aditi Nayar, Chief Economist, ICRA told India Today. The impact on inflation will depend on when and by how much retail prices are hiked, and whether excise duty is cut to absorb a portion of the pain, Nayar added.“The rise in crude prices poses inflationary, fiscal, and external sector risks. Crude oil-related products have a direct share of over nine per cent in the WPI basket,” Damani added. The rise in crude oil prices is also expected to increase the subsidy on LPG and kerosene, pushing up the subsidy bill.The Reserve bank of India in its latest bulletin also showed concern over the rise in crude prices. However, it said that the continuing pass-through of tax cuts relating to petrol and diesel last November would help to moderate input cost pressures to some extent.ALSO READ: Ready to give India technical aid for building strategic oil reserve: US",NA,https://www.indiatoday.in/diu/story/turmoil-over-crude-oil-india-face-shockwaves-escalating-russia-ukraine-tensions-1916936-2022-02-23
4,data-intelligence-unit,Uttar Pradesh elections 2022: How BJP's fortunes changed in the phase-IV seats over the years,"(22, 2, 2022)","The region in the vicinity of Lucknow used to be one of the Bharatiya Janata Party’s weakest links not so long ago. In the 2012 assembly elections, for instance, the BJP’s performance in the 59 seats now voting in phase-IV of the assembly polls was worse than the party’s average in the state. With a vote share of just 13 per cent, the BJP could win only four of these seats.

It was a different story altogether two years later. In the 2014 Lok Sabha elections, the BJP’s vote share jumped to 41 per cent and the party led in 44 assembly segments. There has been no looking back since then, data shows.The demography of the region used to make it a stronghold of the Bahujan Samaj Party and the Samajwadi Party. The two parties accounted for 51 of the 59 seats in the 2012 assembly elections. Fighting as fierce competitors then, the two had cornered close to 60 per cent of the total votes. The vote share of the Congress then was higher than the BJP’s.Significant share of SC population in the regionAccording to calculations based on census data, Dalits account for 30 per cent or more votes in 18 assembly constituencies. In as many as 46 out of the 59 seats, the scheduled castes constitute at least a fifth of the voting population. In 17 seats, Muslims account for 20 per cent or more of the total population. The two social groups together account for a majority of votes in 13 seats.In the Dalit-dominated region, what has worked for the BJP in the last three elections — two Lok Sabha polls and the 2017 assembly polls — is the fact that it has managed to win a sizeable chunk of non-Jatav Dalit votes. The BSP used to receive an overwhelming majority of Jatav votes and a fair share of non-Jatav Dalit votes. That has been changing of late. According to the CSDS-Lokniti survey data, nearly 31 per cent of non-Jatav Dalits are estimated to have voted for the BJP in the 2017 elections. It was a big jump from just 11 per cent in 2012. Survey results establish that the BJP’s new social engineering of attracting a section of Dalit and Other Backward Classes (OBCs) votes seem to have worked in the region.Key contests in Lucknow seatsRae Bareli Sadar, Unnao, Lucknow Cantt, Sarojini Nagar, and Lucknow Central are some of the keenly watched seats of phase-IV. Rae Bareli Sadar, a part of Congress leader Sonia Gandhi’s Lok Sabha constituency, has been a Congress bastion for many elections. In the last assembly elections too, the seat went to the Congress. Aditi Singh, its winner in 2017, has since switched sides and is now contesting as a BJP candidate. Unnao is in the midst of a unique electoral battle with the Congress fielding the mother of a rape survivor against the BJP’s sitting MLA. Yet another high-profile battle is underway at Lucknow’s Sarojini Nagar seat where former Enforcement Directorate (ED) joint director Rajeshwar Singh is the BJP candidate against former UP minister Abhishek Mishra of the SP.Like elsewhere, the seats going to polls on phase-IV have a fair share of candidates with declared criminal cases. The Association of Democratic Reforms analysis of 621 candidates shows that 27 per cent of them have pending criminal cases. With 153 candidates declaring assets of Rs. 2 crore or more, the average comes to Rs. 2.46 crore in this phase.READ | Strong India crucial in times of global turmoil, says PM Modi amid Ukraine-Russia crisisALSO READ | Amit Shah praises CM Yogi, says 'abki baar fir 300 paar'","['uttar pradesh elections', ' bjp vote share', ' yogi adityanath vote share', ' up elections', ' up polls', ' aparna yadav', ' priyanka gandhi', ' akhilesh yadav', ' yogi adityanath', ' bhim army chief', ' Tauqeer Raza']",https://www.indiatoday.in/diu/story/uttar-pradesh-elections-bjp-fortune-vote-share-sc-population-lucknow-seats-1916445-2022-02-22
5,data-intelligence-unit,NA,NA,NA,NA,https://www.indiatoday.in/diu/video/uttar-pradesh-polls-5-keenly-watched-phase-4-contests-1916449-2022-02-22
6,data-intelligence-unit,Does a drop in voter turnout in Punjab indicate anti-incumbency?,"(22, 2, 2022)","According to the latest revised numbers released by the election commission's app, Punjab has seen nearly five percentage point drop in the voter turnout in the just-concluded assembly elections.

While one constituency witnessed a drop in turnout of about ten percentage points, the decline was to the tune of 8 percentage points or more in seven seats. According to the election commission's provisional data, in another 51 assembly seats, the drop was between five to eight percentage points. However, in Firozpur city, the turnout was about one per cent higher than the last time. Surprisingly, in all keenly watched seats — Dhuri, Chamkaur Sahib, Amritsar (East), Lambi, and Patiala — the drop in voter turnout was between one and four percentage points. Dhuri is where Aam Aadmi Party's chief ministerial candidate Bhagwant Mann is contesting from, while incumbent chief minister Charanjit Singh Channi is a candidate at Chamkaur Sahib.READ | Punjab Assembly polls: Polling ended peacefully with voter turnout at 71.95%Turnout is measured as the number of actual votes as a percentage of the eligible voting population for a particular election.Does a drop in voter turnout indicate pro-incumbency?A spike in voter turnout in 2012 resulted in yet another term for the then Shiromani Akali Dal-Bharatiya Janata Party combine. It was a rarity for a state known to vote out the incumbent every five years. It was a different story altogether five years later. The voter turnout dropped more than one percentage point — from 78.2 to 76.8 — in 2017. The Congress, then a challenger, won 77 out of the 117 seats and replaced the incumbent SAD-BJP alliance, managing only 18 seats.READ | Punjab Elections 2022: Swing seats, strongholds, and beginner’s luckIndia Today's Data Intelligence Unit (DIU) analysed 14 assembly elections in Punjab. The state has witnessed equal occasions of rising and fall in voter turnout (seven times each). Of the seven higher turnout elections, incumbents were re-elected twice. The ruling party was re-elected only once among the seven elections with a lower turnout.Data, therefore, clearly show that neither does higher turnout indicate anti-incumbency nor does a drop indicate pro-incumbency. The only indication of fewer people turning out to vote is that the political process has failed to excite the people of Punjab.WATCH: Role of Dalits in Punjab Politics | Decoded",NA,https://www.indiatoday.in/diu/story/punjab-polls-does-drop-in-voter-turnout-indicate-anti-incumbency-congress-aap-1916261-2022-02-22
7,data-intelligence-unit,"Unemployment rate down, but does that mean more jobs created? Data suggest otherwise","(21, 2, 2022)","The Covid-19 pandemic severely hit the job market in 2020. Two years later, its effects are still visible in the economy, more so in the informal sector. While restrictions and lockdowns led to a massive job shedding in 2020, workers seem reluctant to get back into the job market even now.

The unemployment rate dropped to 6.6 per cent in January 2022, which is lower than the pre-pandemic levels of 7.2 per cent in January 2020. However, the reason behind the dip in unemployment is not the addition of jobs — rather, it was caused by the decline in the number of people looking for jobs. The number of unemployed people fell by 66 lakhs in January 2022, as they stopped looking for jobs. Consequently, they were no longer counted as unemployed.According to the Centre for Monitoring Indian Economy, “Employment did not expand to absorb the unemployed in January. On the contrary, employment shrunk by 33 lakhs. The labour force participation rate fell from 40.9 per cent in December 2021 to 39.9 per cent in January 2022. These two ratios show the real stress in the labour markets in January.” This is a perfect example of why the unemployment rate is not a very reliable measure of labour market stress, the CMIE added. The Reserve Bank of India, too, underlined the roadblock of labour shortage hampering companies’ productivity. “Sentiments improved over subsequent survey rounds, but companies reported unavailability of raw materials, working capital requirement along with labour shortage as major constraints,” a February 2022 RBI bulletin noted.The haphazard manner in which daily-wage workers were forced to quit jobs during the first and second waves of the pandemic has instilled fear among the working class. It has also taught them new ways of earning a livelihood.ALSO READ: Budget 2022: Creation of 60 lakh jobs next target of govt, says FM Nirmala Sitharaman“All those who migrated are not willing to come back to the labour market, and many women have post-pandemic decided to not enter/reenter the labour market,” Gayathri Vasudevan, Chairperson at LabourNet Services India, told India Today.Many in the gig force are not registered as workers looking for work and, therefore, are seemingly employed part-time, Vasudevan, who is also a former Project Officer at the International Labour Organization, added.Hospitality (42.2 per cent), education (34.8 per cent), telecom (32.2 per cent), and retailing (23.7 per cent) were the sectors that faced a major drop in employment during the pandemic in the same interval, according to CARE Economics Research. On the other side, information technology (11 per cent), banks (9.3 per cent), healthcare (6.9 per cent), and consumer durables (6.1 per cent) were the sectors that saw an uptick in employment during 2021, compared to the pre-pandemic levels of the year 2019.ALSO READ: Explained: How India's growing job crisis frustrates its youth","['unemployment rate', ' unemployment rate down India', ' decline in job seekers']",https://www.indiatoday.in/diu/story/unemployment-rate-down-jobs-creation-job-seekers-1915703-2022-02-21
8,data-intelligence-unit,NA,NA,NA,NA,https://www.indiatoday.in/diu/video/diu-video-india-s-covid-19-snapshot-1914941-2022-02-18
9,data-intelligence-unit,NA,NA,NA,NA,https://www.indiatoday.in/diu/video/uttar-pradesh-elections-5-keenly-watched-phase-3-contests-1914926-2022-02-18
10,data-intelligence-unit,NA,NA,NA,NA,https://www.indiatoday.in/diu/video/punjab-polls-5-keenly-watched-contests-1914909-2022-02-18
11,data-intelligence-unit,"Punjab Assembly Polls: Money matters, but so does experience; will one trump the other?","(17, 2, 2022)","With the Punjab assembly polls only a few days away, India Today's Data Intelligence Unit (DIU) analysed trends of winners in the last three assembly elections in the state. The data shows that candidates with criminal records enjoy only a slim advantage over someone with a clean record. This is in sharp contrast to the situation in Uttar Pradesh, where someone with declared criminal cases is three times more likely to win elections than those without.

However, candidates with net assets over Rs. 5 crores in Punjab are nearly eight times more likely to succeed than someone with modest wealth. For instance, in the 2007 assembly elections, the winning ratio of tainted candidates was one out of three. For those without a criminal background, it was one out of five. The percentage of winners with criminal records dropped to 17 per cent in 2012, and further declined to 16 per cent in 2017. The gap between the winning percentage of tainted candidates vis-à-vis those with the clean record has stayed more or less the same in the last two state elections. In the ongoing assembly polls, the Election Commission made it mandatory for political parties to declare why candidates with criminal backgrounds were given tickets to contest.WINNING PROBABILITY IS MUCH HIGHER FOR WEALTHY CANDIDATESData from the Association for Democratic Reforms shows that higher the candidates' net assets, the greater are their chances of winning. In 2007, for instance, 13 per cent of the candidates with net assets of less than Rs. 1 crore won the elections. It was 41 per cent for candidates with net assets between Rs. 1 and Rs. 5 crores, and 37 per cent for candidates with over Rs. 5 crores in declared net assets.The picture changed altogether ten years later. In 2017, the percentage of winning candidates with net assets below Rs. 1 crore was merely three per cent. It was 15 per cent for candidates with assets worth between Rs. 1 crore and Rs. 5 crores, and 35 per cent for candidates with over Rs. 5 crores in declared net assets. Wealthy candidates were thus ten times more likely to win in 2017 than someone with declared assets of less than Rs. 1 crore.This is unlikely to change much this time. ADR data shows that almost a third of all candidates in the fray in the coming assembly elections have assets worth more than Rs. 2 crores. And the average assets of declared candidates stands at a whopping Rs. 4.31 crores.CANDIDATES ABOVE 60 YEARS ARE MORE LIKELY TO WINAnother trend that has emerged over the years is the greater acceptance of experienced hands. The probability of winning candidates who are below the age of 40 is nearly a third of all those above the age of 60. While almost one out of ten young candidates (less than 40 years old) won the elections in 2007, the percentage dropped to just seven in 2017. As Punjab gears up to vote on February 20, it will be interesting to see what the new assembly will look like — and if the state will keep its tradition of keeping the menace of muscle power in politics in check.",NA,https://www.indiatoday.in/diu/story/punjab-polls-candidates-money-assets-age-criminal-record-winning-probability-data-analysis-1914089-2022-02-17
12,data-intelligence-unit,Are markets in trouble? Sensex dip and Rupee volatility explained in four charts,"(15, 2, 2022)","Global tension caused by a possible Russia-Ukraine war, rising inflation around the world, and the fear of an interest rate hike by the United States have taken a combined toll on the stock markets in many countries. The Sensex fell 5.17 per cent in the last 30 days, the DAX fell 3.58 per cent, Dow Jones fell 2.27 per cent, and the FTSE fell 0.31 per cent, as of 8 pm IST, February 15, 2022.

""With inflation at multi-decadal highs in a number of countries, the evolving macroeconomic environment is being rendered highly uncertain by divergent monetary policy intentions and actions,"" said RBI Governor Shaktikanta Das. Financial market volatility and geo-political tensions are adding layers of ambivalence to the outlook, he added. However, experts believe that more than inflation, geopolitical tensions rising from the Russia-Ukraine event are responsible for the turbulence in the stock market. ""Inflation is not a big worry and it has not shaken the market too much. Geopolitical tensions are happening at a time when India's growth is not very good and they are weighing more than interest rate hikes in the US,"" Madhavi Arora, Lead Economist, Emkay Global Financial Services, told India Today.ALSO READ | Share market crashes: Factors that are spooking Sensex, NiftyEmerging markets generally pay the price of global tensions and now, too much is happening in too short a time, thus changing the behaviour of foreign investors, she added.Record FPI pullout from IndiaForeign investors have pulled out thousands of crores of rupees from the Indian market amid these uncertainties. A record net of Rs. 48,538 crores in Foreign Portfolio Investments have been pulled out from the Indian market in this fiscal year as of February 14. In fact, after pouring in more money into the Indian stock market, foreign investors pulled out Rs. 72,661 crores alone in the two-and-a-half months since December 2021.ALSO READ | Sensex, Nifty tank: Factors that are triggering panic in share market""Rate hike indications by the central government in the US and a few other big economies fueled fund outflow from equities towards other asset classes,"" Mitul Shah, Head of Research at Institutional Desk at Reliance Securities, told India Today.India is no exception to this phenomenon, Shah explained. India has witnessed a sharp FPI outflow over the last four months on account of the Fed's likely rate hike, withdrawal of stimulus support, and rising inflation, he added. Depreciation of rupeeWith the Dollar index rising due to higher interest rates and rising tension on the war front, the strength of the Rupee has also depreciated significantly since the beginning of 2022. From an exchange rate of Rs. 74.4 to a Dollar on January 3, 2022, the rupee depreciated to Rs. 75.7 per $1 on February 14.ALSO READ | Leave, Russia may invade any day: US warns Americans in Ukraine""The Rupee traded with high volatility today as it was under pressure in the first half of the session following increased uncertainty between Russia and Ukraine. But in the latter half, the Rupee appreciated sharply after reports that some Russian troops were asked to return to base,"" Gaurang Somaiya, forex and bullion analyst at Motilal Oswal Financial Services, told India Today.Volatility could remain elevated for the next couple of sessions until there is a clarity on the situation, he added. Multi-year high crude oil pricesIndia is an oil import-intensive country - it imports around 80 per cent of its oil requirement. The surging geopolitical tensions may also bring another whammy to the crude oil front. With the weakening of the Rupee, and speculation of sanctions on Russia, oil imports can get significantly expensive for the country.""The fear of war has led crude oil prices to rise to its highest level in more than seven years as the war may trigger US and European sanctions on Russia, which is a major oil exporter,"" said Navneet Damani, Sr. Vice President for Commodity & Currency Research at Motilal Oswal Financial Services, told India Today. On the whole, till the geopolitical tensions settle, and the magnitude of interest rate hike by the US is clear, Indian markets are largely expected to remain volatile.ALSO READ | Why crude oil prices are soaring once again""It would take some more time to get settled and we expect the market to remain volatile over the next one-two months, and we expect a rebound in the market in FY23 with a likely reversal in FPI flow, once the Fed comes out with a concrete policy,"" Shah said.","['Sensex dip', ' Sensex crash', ' russia ukraine war fuel prices', ' russia ukraine crisis', ' russia ukraine news', ' market crash russia ukraine', ' market crash reason', ' sensex crash reason']",https://www.indiatoday.in/diu/story/are-markets-in-trouble-sensex-dip-rupee-volatility-explained-in-four-charts-1913483-2022-02-15
