SN,category,headline,date,content,keywords,link
1,cities,"Delhi civic body’s u-turn, shorter workday order for Muslim employees during Ramzan scrapped","(6, 4, 2022)","A day after the Delhi Jal Board withdrew an order granting two-hour leave to Muslim employees for Ramzan, the North Delhi Municipal Corporation retracted a similar order. On Tuesday, the NDMC, in an order, had allowed Muslim employees fasting during Ramzan to leave work at 4:30 pm “with prior approval of the competent authority”.

However, on Wednesday, the vice chairman of the civic body, Satish Upadhyay, said that he has spoken with the chairman of the NDMC and the competent authority, and urged them to immediately withdraw the order. “We knew nothing about any such order and when it came to my knowledge, I opposed the unsecular order,” Upadhyay told India Today TV.The Delhi Jal Board, which passed the order on Monday, withdrew it after criticism from several quarters.Also Read: | BJP hits out at Rajasthan govt over Jodhpur discom’s uninterrupted power supply during Ramzan orderAlso Read: | Pakistan International Airlines bars its captains, first officers from observing fast during Ramzan","['Delhi civic body’s u-turn', ' shorter workday order for Muslim employees during Ramzan scrapped']",https://www.indiatoday.in/cities/delhi/story/north-delhi-civic-body-u-turn-shorter-workday-order-for-muslim-employees-during-ramzan-scrapped-1934370-2022-04-06
2,cities,Fire breaks out at Congress headquarters in Delhi,"(6, 4, 2022)","A fire broke out at All India Congress Committee headquarters on Wednesday, April 6. Several fire tenders reached the spot and the blaze was brought under control in 30 minutes.

The fire broke out at 24, Akbar Road, which is Congress’s headquarters in New Delhi.As per sources, smoke was seen coming out from the office of Mahila Congress, located at the party headquarters. The fire was reportedly caused by some short circuit, sources added.(More details are awaited as this is a developing story)",['Fire breaks out at Congress headquarters in Delhi'],https://www.indiatoday.in/cities/delhi/story/fire-breaks-out-congress-headquarters-delhi-1934363-2022-04-06
3,cities,Guwahati: All Assam Students’ Union stage protest against price rise,"(6, 4, 2022)","All Assam Students’ Union (AASU) on Wednesday staged a massive protest in state capital Guwahati over rising prices of fuel and other essential commodities.

The protestors while holding placards and raising slogans demanded that the government should take immediate steps to control the prices.The AASU has been staging protests against the rise in prices of essential commodities in different parts of the state.Earlier this week, members of AASU staged a protest at Chabua in Dibrugarh district alleging failure by the state government in curbing the skyrocketing prices of fuel and other essential commodities. The protesters also sought the resignation of state food, civil supplies and consumer affairs minister Ranjeet Kumar Dass for failing to control price rise. ",['Guwahati: All Assam Students’ Union stage protest against price rise '],https://www.indiatoday.in/cities/guwahati/story/all-assam-students-union-stage-protest-against-price-rise-1934358-2022-04-06
4,cities,Delhi: 27 Electric vehicle charging stations installed at 20 locations,"(6, 4, 2022)","North Delhi Municipal Corporation has installed 27 Electric Vehicle charging stations at 20 locations in its jurisdiction and 15 EV charging stations have become operational for public use.

North DMC has made rigorous efforts to ensure the installation and operation of electric vehicle charging stations in its areas.In this regard, two Government of India public sector undertakings, including Energy Efficiency Services Limited (EESL) and Broadcast Engineering Consultants India Limited (BECIL), as well as DISCOM, i.e. Tata Power Delhi Distribution Limited (TPDDL) was authorised by the Corporation for the installation and operation of EV charging stations and were offered more than 125 parking sites as well as roadsides to find out the feasibility of the installation and operations of EV charging stations.Till date, a total of 54 locations have been selected by these three companies, i.e. EESL (17 locations), BECIL (17 locations) and TPDDL (20 locations) for which permission letters have been issued by North DMC.27 EV CHARGING STATIONS Till date, 27 EV charging stations have been installed at 20 locations by all three companies and 15 EV charging stations have become operational for public usage.The operational charging stations are at Road No 44, Rani Bagh, Naniwala Bagh Commercial Complex, MVID Hospital Dheerpur Mukherjee Nagar, Mangalam Place, Rohini Sector-3, Netaji Subhash Place Pitampura, Tonga Stand Moti Nagar, M2K Market Mangalam Place Rohini, Local Shopping Complex D-Block DDA Market Prashant Vihar, Multi Level Underground Parking Model Town-II.The corporation has given a timeline till April 30 to make EV charging stations operational at all 54 locations.READ MORE| Delhi: 100 EV charging stations to be operational by June 27","['delhi news', ' e vehicle charging station', ' ev charging stations', ' ev charging stations in delhi']",https://www.indiatoday.in/cities/delhi/story/e-vehicle-charging-installation-delhi-municipal-corporation-1934325-2022-04-06
5,cities,Lucknow: Liquor shops to remain closed for 3 days from tomorrow,"(6, 4, 2022)","Just before the polling for the UP legislative council, liquor shops will remain closed in all the 27 local authority constituencies from 48 hours before the end of polling till the end of polling and on the day of counting. Starting from April 7 to April 9, all the liquour shops will remain closed.

Voting is to be held on April 9 for the 27 seats of the UP Legislative Council Election 2022. In this regard, many important guidelines have been issued amid tight security arrangements.According to the order, liquor shops will remain closed in all the 27 local authority constituencies from 48 hours before the end of polling till the end of polling and on the day of counting.According to the order, all types of liquor shops, hotels, restaurants and clubs and other institutions selling and distributing liquor will not be allowed to sell and offer liquor during the said period.All the excise licenses of district Lucknow are required to be closed 48 hours before the end of the polling day i.e., on 7th April 2022 from 4 pm till the end of polling on 9th April 2022 and counting of votes on 12th April 2022.Liquor shops will be closed during the counting of votes. Action will be taken for the violation.ALSO READ | AAP MLA Atishi summons MCD commissioner over delay in disposal of Ghazipur landfill ",['Lucknow: Liquor shops to remain closed for 3 days from tomorrow '],https://www.indiatoday.in/cities/lucknow/story/lucknow-liquor-shops-to-remain-closed-for-3-days-from-march-7-1934328-2022-04-06
6,cities,AAP MLA Atishi summons MCD commissioner over delay in disposal of Ghazipur landfill,"(6, 4, 2022)","Ahead of the reunification of the three municipal corporations of the national capital, the Delhi assembly Committee on Environment summoned the MCD commissioner over delay in disposal of Ghazipur landfill.

ATISHI ATTACKS EDMCAam Aadmi Party leader and MLA Atishi Singh on Wednesday said that the municipal corporation neither have the money or land to recycle the garbage mountain in east Delhi’s Ghazipur locality.Atishi, who also leads the Delhi Vidhan Sabha’s Committee on Environment, said “The East MCD Commissioner admitted that they don’t have money, land or an adequate plan to solve the garbage problem of Ghazipur Landfill during the deposition. What is BJP doing for the last 15 years in power of the MCD? Now that MCD will be controlled by the central government, will the PM solve this problem? EDMC has no plan of action for remediation of legacy waste at the Ghazipur landfill site. How will the growth of the garbage mountain ever end?”“The EDMC has stated that it will take at least 10 years at peak performance to clear Ghazipur Landfill. 140 lakh tonnes of legacy waste at Ghazipur was presented as the cause of fire at the landfill as the EDMC blamed non-availability of funds for their inability to clear it out. As a matter of fact, only nine lakh tonnes of waste was treated in 1.5 years. The same quantity of fresh waste was added in this period at the site. The Environment Committee has summoned the East MCD Commissioner again and has asked him for an action plan on Ghazipur Landfill”, Atishi said in a statement.WAR OF WORDSThe center and the Delhi government are in a war of words over the center’s plan for reunification of all three North, East and South municipal corporations.The trifurcation was done by the then CM Sheila Dikshit in the year 2012.READ MORE| Delhi: FIR lodged in Ghazipur landfill fire incidentREAD MORE| Delhi govt orders probe as Ghazipur landfill fire rages on for over 24 hours | Video","['delhi news', ' delhi landfill fire', ' ghazipur landfill fire', ' delhi atishi', ' ']",https://www.indiatoday.in/cities/delhi/story/ghazipur-landfill-fire-atishi-delhi-assembly-committee-environment-mcd-1934305-2022-04-06
7,cities,"Chennai: Customs unit seizes drugs worth over Rs 9 crore, 3 held","(6, 4, 2022)","The Air Cargo Intelligence Unit (ACIU) of the Chennai Customs seized 49.2 kg of Pseudoephedrine worth Rs 9.86 crore on Wednesday.

It was concealed inside a paperboard packing material.Based on specific information, Chennai Customs Air Cargo Intelligence Unit (ACIU), seized 49.2 Kgs Pseudoephedrine worth 9.86 cr concealed inside paper board packing material from a UAE bound export consignment. Three persons arrested under CA,1962 read with NDPS Act, 1985. pic.twitter.com/xbCSNrgEwh— Chennai Customs (@ChennaiCustoms) April 6, 2022
Based on specific information, the officials recovered the contraband from a UAE-bound export consignment.Three accused were arrested under the Narcotic and Psychotropic Substances Act, 1985.(Inputs: Tanseem Haider and Pramod Madhav)READ MORE: Tempo driver killed in cylinder blast in SrinagarREAD MORE: Two men brutally thrashed by local mob in Telangana’s Sangareddy",NA,https://www.indiatoday.in/cities/chennai/story/chennai-customs-unit-seizes-pseudoephedrine-worth-over-rs-9-crore-3-held-1934306-2022-04-06
8,cities,Tempo driver killed in cylinder blast in Srinagar; TRF claims responsibility,"(6, 4, 2022)","A tempo driver was killed in a cylinder blast outside the Botanical Garden near the tulip garden in Srinagar, police said on Wednesday.

 (Picture credits: India Today)The explosion took place when the driver of the van, bearing a registration number of the Jammu district, opened the rear door of the vehicle near the parking area, news agency PTI reported.TRF CLAIMS RESPONSIBILITYA shadow outfit of the banned Lashkar-e-Taiba, The Resistance Front (TRF), has claimed responsibility for the blast.However, Jammu and Kashmir Police have stated that no explosives were found at the site and a probe is underway.READ MORE| 7 houseboats gutted after massive fire breaks out in Srinagar’s Nigeen Lake","['srinagar news', ' srinagar cylinder blast', ' srinagar cylinder blast', ' tempo driver killed in cylinder blast in srinagar']",https://www.indiatoday.in/cities/srinagar/story/tempo-driver-killed-cylinder-blast-srinagar-1934286-2022-04-06
9,cities,"IPL betting racket busted in Hyderabad, 7 held","(6, 4, 2022)","Hyderabad Police on Wednesday busted a betting racket and arrested seven people for allegedly taking bets on ongoing Indian Premier League (IPL) matches.

Acting on a tip-off, officials of a Special Operations Team, Rachakonda police conducted a raid and seized Rs 11.80 lakh and found Rs 31.17 lakh in the bank accounts of bookies.The arrested bookies were allegedly betting on the Rajasthan Royal vs Royal Challengers Bangalore match held on Tuesday night. One of the accused was identified as Tanniru Nagaraju, a bookie, who organises betting in Hyderabad during the IPL seasons.READ | Drugs worth Rs 15 crore seized in TN’s ThoothukudiThe main accused was identified as Sai Ram Varma who has many sub-bookies, like Tanniru Nagaraju in the twin cities of Hyderabad and Secunderabad.According to police, Nagarju receives cricket betting rates from Sai Ram Varma to his number and he informs the same to his punters. After completion of the match, Tanniru Nagaraju collects and distributes the winning and losing amounts through one Gundu Kishore, whom he appointed as an accountant.READ | RCB celebrate win over RR with new team song in dressing room""Some of his customers/punters used to send money to various bank accounts through Paytm, Net Banking,"" the police said. Nagaraju was earlier arrested in a similar case in 2016.The accused revealed to investigators that the bookies arranged telephonic lines using connections and they give line numbers to the punters.‘’The betting starts after the first ball of the first over and goes on till the last ball. It fluctuates depending on the situation of the match. The punters make calls to the bookies while the match is running and place their betting. While placing betting, bookies note down the details of betting and punter and the conversation will also automatically get recorded. After completion of the match, bookies inform their collection agents about the details of collection and distribution of how much amount they have to collect from a particular punter and how much amount has to be given,’’ said Rachakonda Commissioner Mahesh Bhagwat.Based on that information, the collection agents collect the money from losers and distribute the money to winners and the profit will be given to the bookie. Main bookie gives three per cent to sub bookies in overall profits.Live TVALSO READ | Thief gets stuck in hole he drilled to steal ornaments from temple",NA,https://www.indiatoday.in/crime/story/hyderabad-police-bust-ipl-cricket-betting-racket-bookies-organisers-arrested-1934271-2022-04-06
10,cities,"Elated with the birth of girl child, Pune family brings baby home in helicopter","(6, 4, 2022)","A family in Khed tehsil of Maharashtra’s Pune district set a stellar example of love and warmth in welcoming a girl child as they arranged a helicopter to take their newborn daughter home.

FAMILY WELCOMES BABY GIRL IN HELICOPTER The child, named Rajalaxmi, was born on January 22 at her mother’s place in Bhosari. The family then hired a helicopter to take their newborn daughter to her home in Shelgaon in Khed.#WATCH Shelgaon, Pune | Grand Homecoming ! A family brought their newborn girlchild in a chopperWe didn't have a girlchild in our entire family. So, to make our daughter's homecoming special, we arranged a chopper ride worth Rs 1 lakh:Vishal Zarekar,father(Source: Family) pic.twitter.com/tA4BoGuRbv— ANI (@ANI) April 5, 2022
The video of the entire act also went viral on social media.The girl's father, Vishal Jharekar (30), who is an advocate by profession, said, 'We didn't have any girl in our entire family. So, we decided to make our daughter’s homecoming special and we arranged a chopper ride worth Rs 1 lakh.""Talking to Aaj Tak, Vishal Jharekar said the birth of a newborn girl should be celebrated like a festival. This is the message I want to give to society.As the baby had a grand welcome, this is the first case of a helicopter being used to bring a newborn baby girl home in Pune.(With inputs from Smita Shinde)READ MORE| Rajasthan family hires helicopter to bring first girl born in 35 years home",NA,https://www.indiatoday.in/cities/pune/story/pune-family-brings-baby-girl-home-in-helicopter-1934253-2022-04-06
11,cities,Fire breaks out in a plastic warehouse in Indore's Palda industrial area,"(6, 4, 2022)","A massive fire broke out in a plastic warehouse in Indore's Palda industrial area last night.

Upon receiving information about the blaze, fire tenders were rushed to the spot to douse the flames.FIRE BREAKS OUT IN PLASTIC FACTORYA massive fire broke out in Maheshwari plastic factory, located in Palda in the Nemawar industrial area of Azad Nagar police station.Goods worth lakhs of rupees were burnt to ashes in the fire accident.However, a major mishap was averted as police officials and locals shifted a number of gas cylinders from a gas cylinder warehouse located nearby.READ MORE| Delhi: Fire breaks out in a house in Badli Extension area; 8 rescued",NA,https://www.indiatoday.in/cities/indore/story/indore-fire-plastic-warehouse-fire-palda-industrial-area-fire-1934230-2022-04-06
12,cities,"18-year-old girl mowed to death by speeding car in Delhi's Paschim Vihar, 2 others injured","(6, 4, 2022)","An 18-year-old girl died while two others sustained injuries after a speeding car hit them in Outer Delhi’s Paschim Vihar area on Wednesday.

The girls were walking towards their school, Sarvodya Bal Vidyalaya, when the car hit them and then rammed into a truck carrying LPG cylinders.The incident took place on the Peeragarhi Udyog Nagar Rohtak Highway Road.The three girls were identified as Manisha, Kalpana and Sanjana. While Manisha died on the spot, the other girls were taken to a Balaji Action Hospital, where they were undergoing treatment.The accused driver fled the spot, leaving his vehicle behind. Police have also seized the truck which was carrying LPG cylinders.Further investigations are on.READ MORE: Chittoor: Wild elephants found roaming near residential areaREAD MORE: Gurugram: Three held for kidnapping, assaulting private firm’s senior executives over dispute",NA,https://www.indiatoday.in/cities/delhi/story/girl-mowed-to-death-by-speeding-car-in-delhi-paschim-vihar-injured-1934242-2022-04-06
