SN,category,headline,date,content,keywords,link
1,cities,Indore police busts inter-state drug racket; five arrested with narcotics worth Rs 15 crore,"(4, 4, 2022)","An inter-state racket involved in the production and supply of drugs was busted in Indore and five people were arrested with 151 kilograms of synthetic drugs worth Rs 15 crore from their possession. The accused have been booked under the relevant sections of the Narcotic Drugs and Psychotropic Substances (NDPS) Act.

Initially, police arrested two accused, identified as Kartik Baghel and Mohammad Arif with one kg of drugs on Friday night. With their arrests and based on the information received, cops nabbed the main suppliers- Komal Sahriya, Ajay Jadon and Dinesh Rathore from the Banganga area on Saturday night.According to police, the accused procured raw materials-a mixture of Alprazolam, narcotic drugs and various semi-synthetic drugs from Muzaffarpur and Delhi. They manufactured the drugs at a poultry feed production unit in the RNT Marg area. Police have also recovered a cash counting machine, Rs 4 lakh cash, drums, a mixer, face masks and other equipment from the possession of the accused.However, the owner of the poultry feed production unit, Raghav Bhattjiwal, is yet to be arrested.ALSO READ| Indore: Woman arrested for selling marijuana, 5 kg drugs seizedDRUG SYNDICATE BUSTEDChandan Nagar police station in-charge Dilip Puri was quoted by TOI as saying, ""The accused used to bring raw materials and other semi-synthetic drugs from Muzaffarpur and later mixed it with paracetamol through a chemical process to double the quantity. It was then supplied to local peddlers for sale in Mandsaur, Bhopal, Gwalior, Jabalpur, Sagar and also in Maharashtra, Punjab and Delhi.""Furnishing further details of the drug racket, the officer said that Ajay and Konal were in-charge of production and Dinesh and the other two worked as peddlers and looked after the sale and distribution of contraband in the market.The accused supplied drugs in the market for half the price of brown sugar. They used to sell it for almost double the price once the buyer got addicted to it.ALSO READ| Indore Police arrests former airhostess with MD drugs worth Rs 10 lakh",NA,https://www.indiatoday.in/cities/indore/story/indore-police-busts-inter-state-drug-racket-five-arrested-with-narcotics-worth-rs-15-crore-1933335-2022-04-04
2,cities,"After 28 years, Mumbai cop acquitted in Rs 200 bribery case","(4, 4, 2022)","The Bombay High Court on Monday acquitted a head constable, 28 years after he was convicted for allegedly taking a Rs 200 bribe.

The head constable, Nagnath Chaware, had already served two jail sentences of 1.5 years and 1 year and had long passed away.The head constable was convicted by a special court in Solapur in 1998 for accepting a bribe of Rs 200 from a complainant of Wagholi, Taluka Moho, in an assault case while he was posted at the Kamti outpost of the Mohol Police Station in the district.As per the report, the complainant had approached the Kamti outpost where Chaware was posted at that time against some people who had assaulted him, in the year 1994.During subsequent days, the complainant also approached the Superintendent of Police (SP) Rural, Solapur, requesting action against his attackers. However, no immediate action was taken against the people about whom the complainant had informed the police.Further pursuing the case, the complainant then approached Mohol Police Station from where he was once again redirected to Chaware at the Kamti outpost.The complainant alleged in his complaint to the Anti Corruption Bureau that it was here that the head constable demanded a bribe of Rupees 200 for exempting him and his kin and registering a case against the attackers of the complainant.ACCUSED REPEATEDLY DENIED CHARGESA case was then registered by the ACB against the constable, who repeatedly denied demanding money and said that the complainant quarrelled with him and asked for immediate action against the people he had named in his complaint, denying that the whole plot was set up against him.However, as the case proceeded, the accused was subjected to repeated trials and was even sentenced to prison on two separate charges of corruption. After 28 years of the incident, due to the relentless pursuance of Nagnath’s wife and daughter, he was finally acquitted by the Bombay High Court on account of the benefit of the doubt.Justice PD Naik of Bombay High Court, while issuing his order, said, ""The case of prosecution of demand of bribe is under the clouds of suspicion. Taking into consideration the discrepancies in the evidence, the accused is entitled to benefit of the doubt and deserves to be acquitted.""READ| Russian-origin couple arrested in UP for overstaying, attacking police",NA,https://www.indiatoday.in/cities/mumbai/story/after-28-years-bombay-high-court-acquits-head-constable-in-bribery-case-of-rs-200-1933324-2022-04-04
3,cities,Man held with 460 gm gold foil worth Rs 24.38 lakh at Lucknow airport,"(4, 4, 2022)","The Customs officials at Chaudhary Charan Singh International Airport (CCSI) Airport, Lucknow arrested a man and recovered 460 grams of standard gold worth Rs 24.38 lakh from his possession.

The passenger was intercepted after he arrived in Lucknow from Dubai on flight no IX-194.GOLD FOIL WORTH RS 24.38 LAKH SEIZEDDuring thorough checking of his luggage, it was found that gold foils were glued between layers of black polythene and carbon paper, further concealed beneath the inner bases of the two trolley bags carried by him. (Picture credits: India Today)The total gold foil seized is 460 grams and valued at Rs 24,38,000.TWO ARRESTED Further, upon interrogation, the passenger admitted that he was supposed to handover the said trolley bags to a person waiting for him outside the airport.Later, he was also identified and taken into custody. Both the men have been arrested and are being produced before the Chief Judicial Magistrate (Economic Offences).READ MORE| Lucknow Customs officials seize gold concealed in food processor machine; one arrested",NA,https://www.indiatoday.in/cities/lucknow/story/drug-smuggling-lucknow-airport-two-arrested-gold-seized-1933314-2022-04-04
4,cities,Mumbai-Goa highway to be completed in one year: Nitin Gadkari,"(4, 4, 2022)","Union Minister for Road Transport and Highways Nitin Gadkari has announced that the work on the Mumbai-Goa highway will be completed within the next one year.

Speaking at the inauguration of three national highway projects, Gadkari said that the initial work was delayed due to land acquisition and obtaining permissions from railways and forest the department.The work on the Mumbai-Goa highway is underway in eleven phases.“Mumbai-Goa is the heartbeat of this region. So we will definitely complete this work within a year. This highway now exists not only Mumbai-Goa but it has been extended to Mangalore. If government land becomes available on the Mumbai-Goa Highway, we will do our utmost to help set up a logistics park and truck terminal”, stated the Union Minister on the occasion.Inauguration and Foundation stone laying ceremony of 4 NH projects worth Rs 1466 Cr in Raigad. #PragatiKaHighway #GatiShakti https://t.co/lATmRqLV6I— Nitin Gadkari (@nitin_gadkari) April 3, 2022
Talking about the employment opportunities for the youth of Konkan region, Gadkari said, “In the last seven years, JNPT has done development work worth Rs one lakh crore. The Special Economic Zone (SEZ) was launched in JNPT in 2016 at a cost of Rs 570 crore. It now has 24 companies operating from there. An investment of Rs 60,000 crore will come soon through this channel. This will provide employment to 1.5 lakh for people in Konkan”.Maharashtra, especially the Konkan, has a rich heritage of forts, stated the Union Minister. “Therefore, we will fulfil all the proposals for ropeways in the state regarding forts”, said Gadkari.The Union Ministry of Road Transport and Highways has Austrian Duffelware technology available for ropeways, which can be used in the state, he said. He also suggested arranging light and sound shows at all the forts to attract more tourists.Gadkari was speaking at the inauguration of three national highway projects worth Rs 131.87 crore in Raigad district and a ground-breaking ceremony for 42 km of roads worth Rs 430 crore, held today.As a part of this development, Harihareshwar Temple, Diveghar Golden Temple, Murud-Janjira Fort, Padmadurga Fort, Shrivardhan and Diveghar beaches have good road connectivity now.The highway caters for transportation of heavy vehicles to Dighi Port and provides connectivity to areas of the tourism industry in the vicinity around the Konkan belt in Raigad.It is also the only road connecting existing NH-66 Mumbai-Goa Highway to Dighi Port.READ| Guwahati airport to operate 27 more daily flights for summer schedule",NA,https://www.indiatoday.in/cities/mumbai/story/mumbai-goa-highway-to-be-completed-in-one-year-nitin-gadkari-1933309-2022-04-04
5,cities,7 houseboats gutted after massive fire breaks out in Srinagar’s Nigeen Lake,"(4, 4, 2022)","At least seven houseboats were gutted in a massive fire that broke out at the famous Nigeen Lake in Srinagar on Monday midnight.

7 HOUSEBOATS GUTTED IN FIREIt was around 2 AM that a fire broke out on one of the houseboats anchored at the rear side of Nigeen Club on the lake, and in no time it spread to adjacent houseboats, resulting in the destruction of seven of the floating hotels, news agency PTI reported.Meanwhile, fire tenders were rushed to the spot to douse the flames.NO HUMAN CASUALTIES REPORTEDWhile property worth crores of rupees was damaged in the fire accident, no human casualties have been reported.On the other hand, the exact cause of the fire is yet to be ascertained.READ MORE| 22 houses gutted, 4 injured after massive fire breaks out in Srinagar’s Noorbagh",NA,https://www.indiatoday.in/cities/srinagar/story/7-houseboats-gutted-in-fire-srinagar-nigeen-lake-fire-1933275-2022-04-04
6,cities,Guwahati airport to operate 27 more daily flights for summer schedule,"(4, 4, 2022)","The Lokapriya Gopinath Bordoloi International Airport here has planned to operate 27 additional flights per day for the summer schedule which begins on the last Sunday of March and ends on the last Sunday of October.

If everything goes as planned, the number of daily flights from the airport will increase from 63 to 90 during the period, an airport spokesperson said on Saturday.New destinations likely to be added to the list of flights include Varanasi and Durgapur.Several routes will have additional flights, with Delhi getting two, while Mumbai, Imphal and Patna will have one each in the summer schedule, she said.After the third wave of the Covid-19 pandemic, the Guwahati airport has witnessed a sharp rise in terms of air traffic movement and passengers, the spokesperson said.During the last two months, the number of passengers has gone up from 1,09,037 to 1,18,181.In a comparative study between the summer schedule of 2021 and 2022, a 10 per cent increase in flights was observed, she said.The top three airlines with the highest weekly operations during the summer schedule last year are Indigo (187 flights), Airasia (69) and SpiceJet (63).READ| Restaurant owner kidnaps neighbour to pay staff in Gujarat; arrested",NA,https://www.indiatoday.in/cities/guwahati/story/guwahati-airport-to-operate-27-more-daily-flights-for-summer-schedule-1933269-2022-04-04
7,cities,Driving on the wrong side on Mumbai roads? Beware as your vehicles can now be seized,"(4, 4, 2022)","In an attempt to take strict action against wrong-side driving offences, Mumbai Police has decided to seize the vehicles of motorists who drive on the wrong side of the road in the city.

The development comes days after the new police commissioner of Mumbai, Sanjay Pandey, assumed office, starting a special drive on March 7 against wrong-side driving.FIR AGAINST WRONG SIDE DRIVINGTill March 31, Mumbai Police registered around 2649 FIRs against motorists for driving on the wrong side. According to police officials, on average, at least 200 FIRs are being registered each day on the issue.Notably, offenders are booked under the Indian Penal Code Sections 279 (rash driving) and 336 (endangering life or personal safety of others) for driving on the wrong side of the road.VEHICLE SEIZUREIn a major crackdown against wrong-way driving, a menace which many citizens have been complaining about since long, Mumbai Police Commissioner, Sanjay Pandey took to Twitter and warned people saying, if the number of offences don't come down, vehicles of motorists who are caught driving on the wrong side will be seized.#wrongsidedriving 244 cases and #removekhatara 335 cases yesteday. We were not seizing vehicles yet. Since this continues unabated . No on either this seizes or else we seize to stop this nuisance pic.twitter.com/Pyu69gPQi2— Sanjay Pandey (@sanjayp_1) April 1, 2022
READ MORE| In 2 days, 107 FIRs registered against wrong-side driving in MumbaiREAD MORE| Mumbai: Sunday Street to be hosted at 9 locations after overwhelming response",NA,https://www.indiatoday.in/cities/mumbai/story/mumbai-police-wrong-side-driving-offence-vehicles-seize-1933250-2022-04-04
8,cities,Hyderabad gears up to experience first-ever sky cycling on Necklace Road | Details,"(4, 4, 2022)","The residents of Hyderabad are gearing up to breathe fresh air and ride a cycle on a tightrope high above the ground. The city is set to experience the first-ever sky cycling fixed at the gaming zone called 'Pitstop' in the heart of the city- Necklace Road.

The Necklace road is a favourite spot for adventure enthusiasts, youngsters and families seeking some adventure activities in a day. From zip lining to a rope course to tyre climbing, the venue has it all for the adventure lovers to explore and take the much-needed break after the Covid-19 pandemic.If you want to experience zip line and sky cycling, you will have to climb onto a platform which could be at the height of the third storey of a building from where two ropes are extended towards the other end of the venue. You will have to hang from the rope with the help of safety equipment in a zip line. But remember, you need to peddle at a fast speed to maintain momentum without stopping in between.The idea of bringing sky cycling into the city was brought by Prashanth C S, a software professional. He told the Telangana Today, ""I had heard about sky cycling in other places and thought of having the city’s first-ever sky cycling zone here. After a lot of research on the safety standards and the functioning of the adventure ride, we opened the zone."" (sic)PRICE AND OTHER DETAILSThe prices for these adventures have been kept at an affordable rate so that more and more people can enjoy these fun activities. The price for a zipline is Rs 250 and sky cycling costs Rs 300. If you are planning to enjoy these adventures in a large group, then options of customisable packages are also available depending on the activities.At present, the rope is designed to take around 85 kg of weight and plans are underway to increase the weight limit to 100 kg to accommodate more people. Well-trained professionals will guide the visitors on the use of various types of ropes and harnesses to ensure that the best safety options are provided for those trying the rides.PITSTOPPitsop is a virtual reality experience and gaming center in Hyderabad offering Go-Karting, bowling, bungee jumping, bumping cars and a variety of food stalls. People can also try the thrill of a 360-degree cycle in a complete circle with safety belts attached to the seats. But one has to sign a form claiming self-responsibility at the beginning of the adventure.ALSO READ| Hyderabad's annual exhibition 'Numaish' gets extension, to remain open till April 14",NA,https://www.indiatoday.in/cities/hyderabad/story/hyderabad-gears-up-experience-first-ever-sky-cycling-necklace-road-1933242-2022-04-04
9,cities,"Nitin Gadkari meets Raj Thackeray in Mumbai, calls it a family meeting","(4, 4, 2022)","The Union Minister Nitin Gadkari met Maharashtra Navnirman Sena (MNS) chief Raj Thackeray on Sunday at the latter's residence in Mumbai.

Calling it a family meeting, Nitin Gadkari denied anything political behind this meeting. The BJP leader arrived at Raj Thackeray's Shivteerth residence around 10 pm.While everyone was speculating a political agenda behind the meeting, Nitin Gadkari clarified that it was a personal visit. “After meeting at a function, Raj Thackeray invited me to come to his new home. I met his mother today. I have known Raj Thackeray for the last 30 years. This visit has nothing to do with politics,"" Nitin Gadkari said.Raj Thackeray's Gudi Padwa speechRaj Thackeray has been in the news for his Gudi Padwa speech where he criticised the Mahavikas Aghadi government.Further, Thackeray asked the Maharashtra government to remove the loudspeakers from mosques and warned of ""putting loudspeakers in front of the mosques and playing Hanuman Chalisa"".Addressing the party workers in Mumbai, Raj Thackeray said, ""I am not against prayers, you can pray at your home, but the government should take a decision on removing mosque loudspeakers. I am warning you now... Remove loudspeakers or else will put loudspeakers in front of the mosque and play Hanuman Chalisa.""READ| Ahmedabad: Temperature likely to touch 42 degrees Celsius; heat wave to continue",NA,https://www.indiatoday.in/cities/mumbai/story/nitin-gadkari-meets-mns-chief-raj-thackeray-in-mumbai-says-not-a-political-meeting-1933230-2022-04-04
10,cities,Ahmedabad: Man stabs 75-year-old landlord to death; arrested,"(4, 4, 2022)","In Ahmedabad's Memnagar, a man, native of Banswara, has been arrested for allegedly stabbing his 75-year-old landlord to death over a rent-related dispute.

The incident happened on Saturday outside an eatery shop in Gopalnagar of Memnagar.75-YEAR-OLD STABBED TO DEATHAccording to a report published in the Indian Express (IE), Vivek Desai, son of the deceased in his complaint, stated that it was around 6.15 PM that his father Karshan Desai was sitting on a chair outside Jay Bhole eatery shop when the accused Kishan Teli came with a knife and stabbed him multiple times in his stomach and neck, leaving his critically injured.He was immediately rushed to the civil hospital where doctors declared him dead, Vivek added.RENT RELATED DISPUTEAs per IE reports, the victim's son alleged that the accused had not paid his room rent for a while, which led to a dispute between him and his father and, to take revenge, he killed his father.Meanwhile, the accused, Kishan, was arrested by the police on Saturday night.READ MORE| Policeman's son stabbed to death by neighbours over drain dispute in Faridabad",NA,https://www.indiatoday.in/cities/ahmedabad/story/landlord-stabbed-to-death-man-arrested-rent-issue-1933217-2022-04-04
11,cities,7 Mumbai cops transferred after senior citizen's tweet alleging harassment,"(4, 4, 2022)","Mumbai police commissioner, Sanjay Pandey, on Sunday transferred seven police officers of Samta Nagar, in Kandivali to a non-executive posting for alleged negligence in duty after a complaint by a senior citizen on a passport-related matter.

Among those who were transferred are Anandrao Hakke, senior inspector of Samta Nagar police station, police inspector Ravindra Padwal, sub-inspector Bhagat Vavhare and four constables identified as Nilesh Rajapure, Anjali Galli, Ashok Gawde and Prashant Thakre. All of them have been told to report to the Local Arms Division, Naigaum, immediately.Hakke's charge as the senior inspector will be given to inspector (administration) Ganesh Pawar. According to police sources, the action came after a senior citizen tweeted that she was harassed by officials of Samta Nagar police station in a passport matter. She tagged Pandey in her tweet. As per her complaint, the senior citizen had applied for a passport and Samta Nagar police had sent an ‘all clear’ report to the special branch (SB). But the special branch sent it back with a query over a pending case of the complainant in Chennai. The senior citizen showed police a relief order from Madras high court.According to an official, even after showing the order, her passport was not approved. Based on her experience, senior citizens tweeted to the commissioner against Samta Nagar police officials. A senior official said that an inquiry has been initiated by deputy commissioner Somnath Gharge.READ| Soon, host a party inside Noida Metro coach | Check booking price and other details",NA,https://www.indiatoday.in/cities/mumbai/story/mumbai-7-policemen-shunted-over-dereliction-of-duty-in-passport-case-1933216-2022-04-04
12,cities,"Hyderabad's annual exhibition 'Numaish' gets extension, to remain open till April 14","(4, 4, 2022)","Hyderabad's popular annual trade fair 'Numaish' has been extended by six more days and will be open from April 11 to April 14 between 4 pm and 11 pm. The All-India Industrial Exhibition, which organises the fair, has decided to extend the fair till April 14 after 1,400 stall-holders requested an extension to recover their losses.

A few stall holders of the Numaish exhibition held a protest a few days ago demanding that the fair should be extended. The fair will remain closed on April 9 and 10 on account of Sriramanavami as per the orders of Commissioner of Police, CV Anand.The managing committee of the Exhibition Society said though the exhibition was supposed to conclude on April 8, it has been extended following the request of stall owners.Aditya Margam, honorary secretary, Exhibition Society, told the Deccan Chronicle, ""An urgent meeting was held by the managing committee on Sunday at 5 pm as the stall holders claimed to suffer huge losses. There it was decided to extend the exhibition.""The traders, who had suffered losses due to the pandemic, would be severely affected if Numaish is shut on weekends when there is a heavy rush. The secretary said that around 2,000 staff who live in the premises have to be paid and they are extending the fair on grounds of humanity for their stall-holders.ALSO READ| Hyderabad: Annual trade fair 'Numaish' likely to reopen as Covid cases dipSTALL OWNERS DEMAND EXTENSIONAccording to local media reports, a group of traders gathered outside the Exhibition society's office at Nampally on Wednesday and demanded that the event be extended till April 17.On January 6, the trade fair was forced to shut down a day after its inauguration due to a spike in Covid-19 cases. It was again reopened in the second week of February after the organisers made a request to the police and other authorities to grant permission for conducting the fair for one month.The traders at Numaish have incurred heavy losses over the last two years. The All-India Industrial Exhibition had put in place several measures owing to the Covid-19 pandemic.The traders and various business organisations from different parts of the country were allocated 1,600 stalls to sell their products at the fair.Traders from every corner of the country set up stalls during the exhibition and at least 45,000 people visit the fair on a daily basis. In 2019, over 20 lakh visitors visited the exhibition.ALSO READ| Hyderabad's annual exhibition 'Numaish' to reopen from February 25ALSO READ| Numaish kicks off: Hyderabad Police issues traffic advisory for annual trade fair | Details",NA,https://www.indiatoday.in/cities/hyderabad/story/hyderabad-s-annual-exhibition-numaish-to-remain-open-till-april-14-1933210-2022-04-04
