SN,category,headline,date,content,keywords,link
1,cities,"BJP leader attacked by six assailants in Coimbatore, two party workers involved","(5, 4, 2022)","BJP weaver's wing secretary Jayakumar was attacked by six assailants in Tamil Nadu's Coimbatore on March 30. The incident was caught on camera.

Jayakumar sustained injuries to his head and filed a complaint with the police in which he stated that on March 30 at around 4.30 am, Karthik and Muthukumar, two BJP cadres, came to his photo studio and threatened him not to participate in the upcoming internal elections for party posts in Tamil Nadu BJP.The argument turned violent as Karthik and Muthukumar attacked Jayakumar. Soon, four others joined in the assault on Jayakumar. According to Jaykumar, Karthik also stabbed him with a knife.After recovering from his injuries, Jaykumar filed a complaint and handed over a Pendrive that had visuals of the attack to the D1 Ramanathapuram Police station. Further investigation is underway.Live TVALSO READ | DMK worker killed at busy bus stand in Chennai by five unidentified assailantsALSO READ | Viral videos show bike stunts, students clinging on sides of bus in Tamil Nadu",NA,https://www.indiatoday.in/crime/story/tamil-nadu-bjp-leader-attack-party-workers-involved-act-caught-on-camera-1933958-2022-04-05
2,cities,Women's panel demand action against nursing book authors for ‘glorifying dowry system’,"(5, 4, 2022)","Delhi Commission For Women (DCW) Chairperson, Swati Maliwal on Tuesday wrote a letter to Union Education Minister Dhramendra Pradhan over a misogynist passage found in a nursing sociology textbook.

A passage found in a nursing sociology textbook went viral recently which talked about the merits and demerits of dowry and enlisted attractive dowry as a merit which helped in getting ugly girls married.DCW DEMANDS STRICT ACTIONDCW, taking cognisance of media reports on the matter, wrote a letter expressing disappointment and seeking strict action against the author for glorifying the dowry system.Moreover, the DCW Chairperson sought penal action against the concerned officials involved in approving the textbook for nursing students and also gave detailed recommendations to the Education Minister for making the curriculum ""Gender Inclusive"" and ""Gender Sensitive"".DCW chairperson in her letter also highlighted that the incident was not an isolated one and pointed out the misogynist passage which was recently given by CBSE in the Class X Board Examination. The letter also went on to express grave concern regarding the effects of such passages glorifying dowry in books upon the minds of young students.DEMAND FOR GENDER INCLUSIVE APPROACH Demanding stringent action against the author of the passage, DCW also expressed dismay over the fact that, even till date, use of masculine pronouns across textbooks and question papers in several domains was the norm.The recommendations by the DCW asked the Government of India to set up a national task force with a specific mandate to come up with sector and domain specific interventions to achieve the objective of making all curriculum gender inclusive and sensitive.DCW Chief Swati Maliwal, dejected over the matter, said ""I was shocked to read the passage on merits of dowry listing attractive dowry as a merit which helps in getting ugly girls married. It's saddening that even in today's India, such regressive beliefs glorifying the evil of dowry are being taught in textbooks.Dowry has and continues to destroy many lives across the country and accountability in the matter must be set. I have written a letter to the Union Education Minister expressing my concern and seeking immediate action against the author.""""It's high time that the educational curriculum in the country be made more gender sensitive and inclusive. Thus, we have given some recommendations to the Education Ministry and have offered our complete support for achieving the above objective"", she added.READ MORE| Women's panel seeks report from Delhi Police over death of 2-month-old baby girl found in oven",NA,https://www.indiatoday.in/cities/delhi/story/delhi-commission-for-women-action-against-dowry-system-women-panel-1933940-2022-04-05
3,cities,Delhi: Man arrested for harassing woman by creating her fake social media profile,"(5, 4, 2022)","The Cybercrime team of South West Delhi Police arrested a 19-year-old accused who made a fake profile of a girl and shared her pictures and phone number on it.

The accused was identified as Rohit Arya, a resident of Lajwanti Garden, Delhi.According to the police, when the girl turned down his offer of friendship, the accused created a fake profile in her name on Facebook. He also shared her photographs on the profile.On March 21, a complaint was received by the Delhi Police that someone had created a fake Facebook account under the girl’s name. A case was registered in this regard and the police started an investigation.Through technical surveillance, the location of the accused was tracked and he was arrested.During the interrogation, Rohit Arya told the police that he had sent a proposal of friendship to the girl, which she turned down. After that, he made a fake profile in the name of the girl and started circulating her photos.The police also recovered the mobile phone from which the accused used to handle the fake profile.READ MORE: Ajmer: Son attacks parents with sharp weapon, father dies, mother criticalREAD MORE: Delhi woman kidnaps two-year-old to arrange money for daughter's wedding, held",NA,https://www.indiatoday.in/crime/story/delhi-man-arrested-for-harassing-woman-by-creating-her-fake-social-media-profile-1933933-2022-04-05
4,cities,Greater Noida: Illegally occupied land worth crores freed from land mafia,"(5, 4, 2022)","The Yamuna Development Authority in Greater Noida on Tuesday bulldozed illegally occupied land worth crores owned by a land mafia.

The land mafia was cutting plots in the name of illegal colonies on dozens of acres of land near Jhanjhar village.The action was taken after the Yamuna Authority received complaints in this regard.The cost of this land is estimated to be around Rs 100 crore.The CEO of the Yamuna Authority said that further actions will be taken on the basis of the complaints received or the facts that will be revealed during the investigation.READ MORE: Delhi woman kidnaps two-year-old to arrange money for daughter's wedding, held",NA,https://www.indiatoday.in/cities/noida/story/greater-noida-yamuna-development-authority-bulldozes-illegally-occupied-land-worth-crores-1933921-2022-04-05
5,cities,"Delhi woman kidnaps two-year-old to arrange money for daughter's wedding, held","(5, 4, 2022)","The Kishangarh police of South West district of Delhi arrested two women for allegedly kidnapping a two-year-old child. The kidnapped child, identified as Ansh, was rescued after long hours of operation and was handed over to the family.

The alleged kingpin of the crime, Babli, told the police that she kidnapped the child as she was in dire need of money to marry her daughter. Babli, along with her associates, Deepak and Nikki, hatched a conspiracy to kidnap the child and sell the child for money, police said.On April 2, the trio met in Gurugram and reached Munrika as per their plans. While Babli and Deepak remained seated in the car, Nikki went to her neighbour's house to steal the child.ACCUSED NABBEDThe very same day, police received the information that a two-year-old child had been kidnapped from Munrika. SI Mayank Yadav reached the crime scene and police officials searched the area thoroughly. The child was rescued from Nikki's house where she hid him in the kitchen. Subsequently, a case was registered at PS Kishangarh and the child was handed over to his parents after medical examination.Nikki told police that she stole the child upon the directions of Babli. Later on, police constituted a team to arrest the accused and raided Nikki's house where Babli was arrested. Further investigation revealed that they were also involved in prostitution.Both the accused, Babli and Nikki, have been arrested and a search for another accused, Deepak, is underway.ALSO READ| Delhi: Army aspirants protest over postponement of recruitment exam, demand age exemptionALSO READ| Closure of meat shops during Navratri will promote harmony, says East Delhi Mayor",NA,https://www.indiatoday.in/crime/story/delhi-woman-kidnaps-two-year-old-arrange-money-daughter-wedding-held-1933908-2022-04-05
6,cities,Ahmedabad doctors remove tuft of hair from the stomach of 9-year-old girl,"(5, 4, 2022)","Doctors at Ahmedabad Civil Hospital removed a tuft of hair from the stomach of a 9-year-old girl after surgery. The girl had been complaining of pain in her stomach for the last one year.

DOCTORS REMOVE TUFT OF HAIR 9-year-old Nancy, who had been complaining of stomach ache for the last one year, was operated at Ahmedabad Civil Hospital by a team of doctors, following which a large lump of hair was removed from her stomach.Nancy's father, Suryakant, who is a native of UP and works in Banaskantha in Gujarat, said ""Nancy had been complaining about stomach ache for a long time. We took her to several doctors but nobody could diagnose the actual reason. Various medicines were also given to her but proved to be of no help.""Recently, when her pain became unbearable, Nancy's father decided to bring her to Ahmedabad Civil Hospital.After several tests, the doctors found a tumor in her abdomen.Doctor Jayshree Ramji, Pediatric Surgeon of Ahmedabad Civil Hospital said, ""Many young girls have a habit of eating hair which is called Trichobezoar. After operating the girl, we found a tuft of hair in her abdomen. During the investigation, it was found that the girl was eating her own hair.""We have done psychiatrist counseling as well and the girl is now safe"", the doctor added.READ MORE| Tumour weighing nearly 17 kg removed from inside patient at Jaipur hospitalREAD MORE| Rare disease causes UP teen to eat hair for years, doctors remove 2 kg lump from stomach",NA,https://www.indiatoday.in/cities/ahmedabad/story/ahmedabad-doctors-remove-tuft-of-hair-from-stomach-1933895-2022-04-05
7,cities,Bhubaneswar: Miscreants decamp with teller machine from ATM kiosk using gas cutter,"(5, 4, 2022)","Unidentified miscreants uprooted an automated teller machine (ATM) in the Indira Colony of the Sisupalgarh area of Bhubaneswar in the wee hours of Tuesday and decamped with it.

They took all the cash from it before leaving the machine at a deserted location on the outskirts of Bhubaneswar.A group of unidentified miscreants with their faces covered with masks entered the ATM kiosk, in the absence of a security guard. They first broke the CCTV inside it and then pulled out the cash dispensing machine with the help of a gas cutter. Later, they decamped with the cash teller machine, which weighed around 3 quintals. Sources said that the ATM had over Rs 20 lakh cash in it.The ATM machine was found vandalized and dumped at a deserted spot near the Housing Board but all the cash was emptied by the miscreants.On receiving information about the loot, Dhauli police station personnel reached the spot along with a scientific team and launched an investigation. Efforts are underway to identify the miscreants.READ MORE: Mumbai gets its first transgender toilet in GoregaonREAD MORE: Noida authority approves Rs 4,880 crore budget for 2022-23 | Details",NA,https://www.indiatoday.in/crime/story/bhubaneswar-miscreants-decamp-with-teller-machine-from-atm-kiosk-using-gas-cutter-loot-1933897-2022-04-05
8,cities,"Noida authority approves Rs 4,880 crore budget for 2022-23 | Details","(5, 4, 2022)","The Noida Authority on Monday approved a budget of Rs 4,880 crore to be spent in the financial year 2022-2023 on different developmental projects across the city. The authority has set aside Rs 4,579 crore in expenditure for developmental works and Rs 125 crore for village development and Rs 978 for maintenance and hygiene purposes.

Uttar Pradesh Chief Minister Yogi Adityanath tabled the budget for the 2022-23 financial year under the chairmanship of the Infrastructure and Industrial Development Commissioner and Noida Authority Chairman Sanjiv Mittal.Noida Authority CEO Ritu Maheshwari, Greater Noida Authority CEO Narendra Bhooshan and Yamuna Expressway Authority CEO Arun Vir Singh also attended the meeting, among others. Chief Secretary Arvind Singh attended the meeting virtually in which a consensus was reached on 50 agendas.Noida Authority CEO Ritu Maheshwari said, ""For this year's budget, a provision of Rs 4,579 crore has been made for the planned development and schemes of the area. We have earmarked Rs 500 crore for land acquisition, Rs 1,530 for developmental work, Rs 125 crore for village development and Rs 978 crore for maintenance, hygiene, horticulture and health services. We have also taken multiple decisions for the welfare of farmers.""KEY TAKEAWAYS OF NOIDA BUDGET-The board also approved an amendment to the allotment process of IT or ITES plots. In a bid to make the process more transparent in view of CAG objections, all the areas/categories of industrial and institutional allotment of IT/ITES plots will be done through e-auction. At present, a draw of lots is done for plots below 4,000 sqm and interview for above 4,000 sqm.-The authority said it has been decided to give a discount of two per cent on the total premium on payment of the premium due in respect of the plot in one lump sum. The board said it has decided to adopt the policy of the Delhi Development Authority for the allotment of residential plots under the auction process.-The authority also extended benefits to people over the inclusion of grandchildren in direct blood relationship in residential plots. It extended the prevailing policy for blood to the authority. In the case of death of a father, it was decided to make the transfer in favour of grandchildren, free of cost, considering blood relations.ALSO READ| Noida authority approves Rs 757 crore budget for Jewar airport-In order to remove the financial constraints involved in the housing sector, the authority will provide facilities to builders under schemes to reschedule their liabilities if they fail to submit them on time.-The authority has given a nod to a plan that will make it compulsory for developers to seek the permission of at least two to three homebuyers to build additional floors on buildings after the initial map approval. The decision has been taken to safeguard the rights of the homebuyers. -The Noida Authority has decided to construct a foot bridge between Sector 51 Aqua Line and Delhi Metro's Sector 52 station at its own expense.-Besides, a sports complex was approved in Sector 123 where a landfill site had been earlier proposed.-A high-tech compressed biogas plant project was also approved at the site where a water treatment plant had been earlier proposed.-The construction work of Chilla regulator elevated road will be referred to the state government for a further decision.-A committee has been formed that will draft guidelines for safety audit of buildings. The authority has also granted Rs 6 crore to the fire department for buying a hydraulic platform to deal with fire accidents in multi-storeyed buildings.ALSO READ| Traffic police to start decongesting Noida-Greater Noida Expressway from Thursday",NA,https://www.indiatoday.in/cities/noida/story/noida-authority-approves-rs-4-880-crore-budget-for-2022-23-details-1933893-2022-04-05
9,cities,Mumbai gets its first transgender toilet in Goregaon,"(5, 4, 2022)","In what could be called an inclusive move, a special public toilet exclusively built for the transgender community was opened in the Omble garden at Aarey in the Goregaon area of Mumbai.

FIRST TOILET FOR TRANSGENDER COMMUNITYMaharashtra's first public toilet exclusively built for the use by transgenders is set up by Saarthi Foundation, an NGO working towards upliftment of the underprivileged in the health and education sector.The move is meant to provide safe space to transgenders and prevent gender discrimination against them.STRUGGLE FOR BASIC FACILITIES'Kinnar' Samaj is often neglected and looked down upon in society, marking an unending suffering for them. They are constantly fighting for their existence and basic rights, including the right to safe sanitation and hygiene.Under the Supreme Court's NALSA judgement and the Transgender Persons (Protection of Rights Act), 2019, there is a need to provide basic facilities for transgenders in the state, including the right to education, voting, Aadhar card.Besides, they are also entitled to clean and safe toilets. Though some companies have introduced the concept of gender-neutral washrooms, it has not yet gone public.Often felt unwelcomed in public washrooms, this move of introducing the city's first transgender toilet will definitely boost the confidence of the third gender community.(With inputs from Paras Dama)READ MORE| Rent-a-bicycle service launched at new Mumbai metro stations | Details hereREAD MORE| In inclusivity bid, Delhi Metro gets separate toilets for transgender persons",NA,https://www.indiatoday.in/cities/mumbai/story/mumbai-gets-its-first-transgender-toilet-in-goregaon-1933879-2022-04-05
10,cities,Mumbai Police detains 6 MNS workers for singing Hanuman Chalisa in public   ,"(5, 4, 2022)","The Mumbai Police detained six workers of the Maharashtra Navnirman Sena (MNS) for playing devotional songs and singing Hanuman Chalisa in public place, organising a gathering, and not seeking prior approval and police permission.

The party workers were released an hour after they were taken away in a police jeep from Raje Shivaji ground in Kurla West.The incident took place in the wake of MNS chief Raj Thackeray's speech on Gudi Padwa at Shivaji Park, where he demanded that loudspeakers at mosques be shut down.Raj Thackeray had questioned why loudspeakers in mosques are played at such high volume. He had said ""If this is not stopped, there will be speakers outside mosques playing Hanuman Chalisa at higher volume.”ALSO READ: Unlike Shiv Sena, MNS never compromised on principles, says Raj Thackeray's close aideSagar Deore, a party worker, said ""We are acting at the behest of our chief Raj Thackeray, following which across Kurla such events (will be held) where our party workers will perform aartis and sing Hanuman Chalisa on the road.”“If Muslims are allowed to install loudspeakers on the top of mosques, then we too will engage in activities like these. All we want is that the rules should be the same and uniformity must be maintained. The police served us with a notice and we gave then our cooperation so that they can act in according with the law,"" Sagar Deore added.Kurla Senior PI Ravindra Howale confirmed that the MNS activists were served with a notice under Section 149 of Code of Criminal Procedure (CrPc). He added that they were let off with a warning and if they repeat something like this in the future, then appropriate action would be taken.Earlier, a Ghatkopar Police station official confirmed the detaining of MNS leader Mahendra Bhanushali after he installed loudspeakers on a tree and started playing Hanuman Chalisa in Himalaya society in Asalfa in Chandivali.Meanwhile, at a time when a debate has erupted over the use of loudspeakers for Azaan, Maharashtra Home Minister Dilip Walse Patil was seen halting his speech when the religious prayers began midway through his gathering in Shirur in Maharashtra. In a video of the incident, Walse Patil was seen pausing his speech and gesturing to his followers to wait till the Azaan was over.ALSO READ: MNS vows to mount more loudspeakers to play Hanuman Chalisa despite police action",NA,https://www.indiatoday.in/cities/mumbai/story/mumbai-police-detains-6-mns-workers-singing-hanuman-chalisa-1933868-2022-04-05
11,cities,Agra: Four held for posing as fake magistrate squad at UP Board exam centre,"(5, 4, 2022)","Four men, posing as the squad of District Magistrate, were arrested for asking the authorities of a college they raided to open the strong room so that they could check the UP Board exam question papers in Agra.

The accused were identified as Raghuveer Singh Tomar, Ashok Kumar, Mukesh and Devendra Kumar.The four accused, dressed in black coats, reached Shri Mata Vaishno Devi Inter College on Kurra Chittarpur Road within the limits of Iradat Nagar police station in Agra district on Monday morning. The college is a Board examination centre.They came in a Bolero without a number plate and had the Government of India, Zila Magistrate and NCRB written over it. Upon reaching the college, they asked the authorities to open the strong room so that the question papers could be verified.This raised a suspicion in the minds of the staff of the college, which is one of the centres for conducting the ongoing UP Board exams for Class 10 and Class 12 state-wide.The District Inspector of Schools (DIOS) Manoj Kumar reached the school and asked the four accused to produce their identity cards, which they could not. The accused were nabbed.They were found to be imposters and a case was registered against the four for fraud and forgery.READ MORE: Bhopal: Man posing as senior official calls cops asking them to release 2 accused, gets arrestedREAD MORE: Hyderabad airport to inaugurate first phase of expanded terminal soon",NA,https://www.indiatoday.in/cities/agra/story/agra-four-held-for-posing-as-fake-magistrate-squad-at-up-board-exam-centre-1933859-2022-04-05
12,cities,Hyderabad airport to inaugurate first phase of expanded terminal soon,"(5, 4, 2022)","Over the years, with the continued growth in passenger traffic, the International Interim Departure Terminal and Interim Domestic Arrival Terminal were commissioned to enhance passenger experience and drive operational efficiency.

As one of the fastest-growing airports in India, Hyderabad International Airport catered to 21 million passengers in FY’19.The airport recorded robust growth in passenger traffic, with a 4-year CAGR of - 20% during FY’15-FY’19.‘Hyderabad International Airport embarked on a major expansion to cater to the rising demand in passenger traffic and augment the passenger handling capacity beyond 34 million people. Improved connectivity with new route development, growth in air traffic and demand for new runway slots also played a major role in the enhancement of the airport', said Prabhakar Rao, deputy managing director, GMR group.Under the expansion, Hyderabad International airport will have an additional built-up area that would be integrated with the existing Integrated Terminal Building ( on concourse & piers) with additional infrastructure at the Airside and landside area.‘’The revamped integrated passenger terminal will increase the area to 379,370 square meters. It will have 149 check -in counters, 26 security screening machines with ATRS, 44 emigration counters and 44 immigration counters.’’ Added Rao.The new expanded domestic and international pier buildings will have more lounges, retail, and F&B outlets.The airport will have 44 contact gates, 28 remote departure gates and 9 remote arrival gates available for smooth operations 4 new Rapid Exit Taxiways (RETs) have been added to enhance runway capacity and improve operational efficiency.A new Parallel Taxiway has Also been built for effective operation during secondary runway utilizationAs part of the first phase of the expansion, the East Pier (straight) portion will be inaugurated for the passengers soon.‘’Spread across 15,742 square meters in three levels, the newly expanded part of the terminal will be integrated with the present terminal. To accelerate passenger boarding and disembarking from the aircraft, 3 aerobridges will be operational. The East Pier straight portion will have 6 domestic arrival bus gates’’ explained Rao.To attend the needs of women and children, 2 baby-care rooms and 2 family rooms with all the facilities one needs have will be made accessible to women passengers.To ensure safe operations and seamless baggage and passenger movement, a new tunnel has been built to minimize the time loss during the crisscross movement of Ground Service Equipment (GSE) vehicles and Aircraft.‘’The GSE tunnel connects the 42 remote aircraft stands (24 new + 18 existing) on the east side of the airport and the Head of Stand Road, also leading to remote gates area of the expanding passenger terminal’’ Rao added.Hyderabad airport gets a first in country GSE tunnel.A first of its kind in the history of any airport in India, the GSE tunnel will minimize the time loss during the crisscross movement of Airlines and Ground support operations vehicles, equipment, passenger coaches required for the turnaround of flights, resulting in the saving of fuel consumption for airlines, ground handlers, airline food caterers etc, thereby reducing the carbon footprint, making Hyderabad International Airport an environment-friendly airport.‘’The annual savings in emissions with this newly built GSE tunnel would be approximately 7000 tonnes per annum’’ said the airport. the tunnel is 264 meters and has 368 meters of approach ramps. The tunnel has a clear span of 10.6 meters, comprising of 8.0 m bidirectional carriageway with a 1.3 m footpath on either side to enable pedestrian movement.Hyderabad International Airport has initiated various energy conservation measures and practices towards a sustainable and energy efficient airport.10 MW solar power plant, green passenger terminal buildings are some of the green assets of the airport. Moreover, it has sustained the status of a carbon neutral airport by enhancing the carbon emission reduction measures like, fuel conservation by efficient driving practices and control of refrigerants uses by optimization of air conditioning system, electricity consumption reduction by LEDs, and other energy efficient practices to name a few.Hyderabad International Airport is the only airport in the country with a paperless e- boarding facility for all domestic and select international airlines.The innovative end to end contactless e-boarding process is safe and seamless.The e-boarding solution fully eliminates the need for manual stamping of boarding cards at security check point.Queue Management System holds AI Video Analytics that monitors various key parameters such as peak passenger waiting time and helps in monitoring social distancing. The advanced video analytics platform analyses the video feed from various cameras to accurately estimate passenger statistics over time.",NA,https://www.indiatoday.in/cities/hyderabad/story/hyderabad-airport-to-inaugurate-first-phase-of-expanded-terminal-soon-1933837-2022-04-05
