SN,category,headline,date,content,keywords,link
1,cities,Bombay HC asks civic body to file reply to PIL challenging mask fine,"(6, 4, 2022)","The Bombay High Court has sought a reply from the Brihanmumbai Municipal Corporation on the mask mandate it had imposed in the wake of the Covid-19 pandemic. The court’s direction comes after a petition urged the HC to declare the collection of fines from the public for not wearing masks illegal.

ALSO READ | Wearing mask not mandatory in Mumbai from todayThe HC was hearing a public interest litigation (PIL) filed by activist Feroze Mithiborewala. Advocate Nilesh Ojha, appearing for Mithiborewala, said ""They (authorities) claim to have collected the fines well within the rules. But there is no provision for the same. They have recovered over Rs 120 crore from citizens in Mumbai. Thus, the money should be paid back to the citizens.""The petitioner based his argument on the court’s directive, concerning another aspect of the PIL, that the imposition of SOPs could not be permitted. The petitioner had challenged the revised Standard Operating Procedures (SOPs) issued by the Maharashtra government on March 1 this year.ALSO READ | Maharashtra to lift all Covid curbs from Saturday, masks no longer compulsoryAs per the SOP, unvaccinated citizens were disallowed from travelling in public transport and even prohibited from entering public places. However, government pleader Priyabhushan Kakade informed the Bench of Chief Justice Dipankar Datta and Justice MS Karnik that the state had withdrawn all the restrictions, including the mask mandate.This is why the petitioner has urged the court to declare the fines collected for not wearing masks illegal.Chief Justice Datta asked the petitioner: ""Why should they get back the money through a PIL? Why can't they come and challenge the action initiated against them? Not all the citizens penalised by the civic body are poor. There could be rich people among them. So, can't the rich come to court and seek a refund?""ALSO READ | Mumbai: All eligibile beneficiaries above 18 fully vaccinated against Covid-19The Bench was then informed that 40 lakh Mumbai residents had been fined for not wearing masks. To this, the Chief Justice asked, ""So, among these people, how will you find the rich and the poor?""Accordingly, Ojha revised his prayer and urged the Bench to at least declare that the fines collected were illegal. Hence, the HC ordered the BMC to file its response in the matter by the end of June and posted the matter for further hearing in the second week of July.",NA,https://www.indiatoday.in/cities/mumbai/story/bombay-hc-bmc-mumbai-mask-mandate-fines-illegal-pil-1934217-2022-04-06
2,cities,Lucknow: Mother-daughter duo among 4 arrested for duping elderly man,"(6, 4, 2022)","A mother-daughter duo from Lucknow honey-trapped an elderly man with the help of two men who posed as a policeman and duped him for more than three lakhs rupees.

The accused named Archana Walia met the victim in the Rajajipuram area of Lucknow and they exchanged their digits. They started talking and one day, Archana called him to her house.Her daughter, Munmun, was also present in the house when the victim arrived. Archana closed the door and started doing inappropriate stuff to the man.Suddenly, two men, posing as policemen entered the room and recorded a pornographic video. They blackmailed the man to spread the video if he would not give him Rs 5 lakh, immediately.While the victim immediately gave him, Rs 15,000, he arranged around 3 lakhs after a while and promised to pay the rest in a few days.The victim reached home and later on filed an FIR at the police station. While investigating the case, the police managed to nab all the four accused.According to DCP West, Somen Verma said that the victim had filed a case at the police station that he was constantly being blackmailed by some people. We investigated the matter out of ignorance and arrested 4 people. The police are taking further action.READ| Delhi: Two men rape girl on pretext of giving job; probe underway",NA,https://www.indiatoday.in/crime/story/mother-daughter-duo-among-4-arrested-for-duping-elderly-man-1934191-2022-04-06
3,cities,"Greater Noida: Family alleges medical negligence after woman’s death, two arrested","(6, 4, 2022)","Two people were arrested for allegedly administering a wrong injection to a 29-year-old woman who died during treatment in the Jewar town of Greater Noida.

The victim was identified as Rekha. On March 31, she was taken to the doctor, Rajendra, for treatment. Her family alleged that the doctor and his compounder gave her the wrong injection, due to which her health kept deteriorating.Later, she was taken to Kailash Hospital, where she was declared brought dead.The family registered a complaint of medical negligence at the Jewar police station and demanded the immediate arrest of the doctor.Following the uproar by the victim’s relatives, police initiated an inquiry and the clinic of the doctor was sealed. Rajendra and his compounder Kailash were arrested. Further investigations are on.READ MORE: Drugs worth Rs 15 crore seized in TN’s ThoothukudiREAD MORE: Gurugram: Three held for kidnapping, assaulting private firm’s senior executives over dispute",NA,https://www.indiatoday.in/crime/story/greater-noida-family-alleges-medical-negligence-after-woman-death-two-arrested-1934186-2022-04-06
4,cities,"Delhi: Two men rape girl in car after spiking drink, probe on","(6, 4, 2022)","In a shocking incident, a girl was allegedly raped near the Janakpuri area by two men who promised to give her a job. One of the miscreants called the girl to meet him near the Janakpuri flyover in Delhi.

She was looking for a job due to financial issues at her home. For this, she had contacted the man suggested by a relative and went to meet him. As soon as she reached there, on April 3, the man asked her to sit in the car where he was sitting with a friend.The accused gave her a drink spiked with sedatives and drugs and when she became unconscious, they raped her in the car.Both the accused threw the girl on the road and fled the spot. After that, the girl called helpline number 181 and reached the Ambedkar Nagar police station.Initially, the police did not register her complaint. On April 4, the victim contacted the women's helpline, which helped her to file an FIR at the Janakpuri police station.In her complaint, she revealed that both the accused raped her on the pretext of giving her a decent job. The police are now investigating the case.READ| Delhi: Fire breaks out in a house in Badli Extension area; 8 rescued",NA,https://www.indiatoday.in/crime/story/delhi-two-men-rape-girl-on-pretext-of-giving-job-probe-underway-1934167-2022-04-06
5,cities,"Hyderabad AIMIM corporator abuses cops, arrested after video sparks outrage","(6, 4, 2022)","An AIMIM corporator in Hyderabad was arrested for allegedly using objectionable language against police personnel on duty.

The incident took place in the city’s Bholakpur area around 2:15 am on Tuesday night, when two constables from Musheerabad PS on night patrol tried to close down an eatery that was operating beyond permissible hours. Local shopkeepers informed corporator Mohammed Ghousuddin, who reached the spot and started abusing the cops and even threatening them.The AIMIM leader called one of the constables “sau rupaye ka aadmi” while the policeman explains to the leader that he is just following orders.A video of the incident was tweeted by BJP MLA T Raja Singh, which shows the AIMIM leader threatening the two police constables. The clip soon went viral and sparked outrage among netizens.On Wednesday, Hyderabad Police booked Mohammed Ghousuddin under sections 353 (obstructing public servant from discharging duty) and 506 (criminal intimidation) of the Indian Penal Code in connection with the incident.The AIMIM leader was later placed under arrest. He was shifted to Musheerabad Police Station and will be produced in court.ACP Sridhar said Ghousuddin not only threatened two constables, but when the local sub-inspector reached the spot to execute his duties, the corporator obstructed him, too, and created a nuisance.TRS working president KT Rama Rao also shared a video of the exchange and demanded stern action against the persons responsible.Request @TelanganaDGP Garu to take stern action against the individuals who obstructed police officers on dutyNo such nonsense should be tolerated in Telangana irrespective of political affiliations https://t.co/zLbxa8WZW2— KTR (@KTRTRS) April 6, 2022
Live TVREAD | AIMIM MLA marshalled out of Bihar Assembly for creating ruckusALSO READ | AIMIM not welcome to be part of MVA alliance in Maharashtra: Shiv Sena",NA,https://www.indiatoday.in/cities/hyderabad/story/hyderabad-aimim-corporator-mohammed-ghousuddin-abuses-cops-booked-viral-video-1934154-2022-04-06
6,cities,Hyderabad: Four-year-old killed as construction material falls on her,"(6, 4, 2022)","In a tragic incident, a four-year-old girl succumbed to death after construction material fell on her on the road.

The deceased had gone out for breakfast with her mother when the spine-chilling incident took place. While the mother escaped unhurt, the girl died on the spot.The incident took place within the Kukatpally police station limits of Cyberabad on Tuesday.A case has been registered against the building owner Srinivas Yadav for not ensuring safety precautions and causing death due to negligence.READ| Instant Karma? Thief gets stuck in hole he drilled to steal ornaments from temple",NA,https://www.indiatoday.in/cities/hyderabad/story/hyderabad-four-year-old-killed-as-construction-material-falls-on-her-1934134-2022-04-06
7,cities,Delhi: Fire breaks out in a house in Badli Extension area; 8 rescued,"(6, 4, 2022)","A fire broke out in a house, located in Street no 12, A Block, near Mother Dairy in the Badli Extension area of Delhi on Wednesday.

Upon receiving information about the blaze around 5.49 AM, three fire tenders were rushed to the spot to douse the flames.8 PEOPLE RESCUED While eight people have been rescued from the upper floors of the house that caught fire, more people are suspected to be trapped.While the exact cause of the fire is yet to be ascertained, a cooling operation is still underway.READ MORE| Fire at shoe factory in Delhi, two feared trapped",NA,https://www.indiatoday.in/cities/delhi/story/badli-extension-area-fire-mother-dairy-delhi-fire-news-1934110-2022-04-06
8,cities,Hyderabad woman jumps to death from ESI metro station after row with parents,"(6, 4, 2022)","A 21-year-old woman jumped to her death from the ESI metro station in Hyderabad on Tuesday evening.

According to reports, the woman, a resident of Sri Ram Nagar in Banjara Hills, sustained grievous wounds after leaping off the metro station. She was rushed to a hospital, where she died while undergoing treatment.Preliminary investigation revealed that she wanted to marry her boyfriend but her family was opposed to it. She left home on Tuesday after a heated argument with her parents.Around 5:30 pm, she climbed up the metro station and jumped off. Locals found her lying in a pool of blood.Police checked CCTV footage in and around the metro station to ascertain her last moments and the real cause behind her death.Live TVREAD | Noida: Elderly woman dies by suicide after jumping off a multi-storey buildingALSO READ | Stressed over failed relationship, 18-year-old dies by suicide in Tamil Nadu's Coimbatore",NA,https://www.indiatoday.in/cities/hyderabad/story/hyderabad-woman-jumps-to-death-esi-metro-station-row-with-parents-1934130-2022-04-06
9,cities,"Gurugram: Three held for kidnapping, assaulting private firm’s senior executives over dispute","(6, 4, 2022)","Three people were arrested for kidnapping and assaulting the associate vice president and planning manager of a private company in Gurugram.

The first incident took place on March 25 in the Sector 40 police station area, when Ravi Yadav and his accomplices kidnapped and assaulted the associate vice president of Godrej Company over a contract and money dispute. After intercepting the victim on the road, they kidnapped and assaulted him and threw him out of the moving vehicle.In another incident, which took place on March 30, the accused assaulted the planning manager of the Godrej Company, stole his wallet and other valuables and fled from the spot.The accused were arrested based on the complaints registered by the victims. Further investigations are underway.The accused, Ravi Dubey, was working as a contractor in Godrej in Sector 3, Manesar. However, for some reason, the company gave his contract to someone else and fired him.READ MORE: Instant Karma? Thief gets stuck in hole he drilled to steal ornaments from temple | VideoREAD MORE: Faridabad: Man strangles, electrocutes wife to death over domestic issues; arrested",NA,https://www.indiatoday.in/crime/story/gurugram-three-held-for-kidnapping-assaulting-private-firm-senior-executive-over-dispute-1934119-2022-04-06
10,cities,"Greater Noida Authority hikes minimum residential, farm land purchase price | Details","(6, 4, 2022)","The Greater Noida Industrial Development Authority (GNIDA) on Tuesday said it has increased the minimum rate for buying farmland from Rs 3,500 per square metre to Rs 3,750 per sq metre with effect from April 1.

The GNIDA also announced an increase of around Rs 5,000 to Rs 7,000 per square metre in rates for residential sectors of Greater Noida.The prices of industrial and commercial land have also been hiked but the new rates would be notified soon, it said.The decision, announced after the 126th board meeting of GNIDA held in Greater Noida on Tuesday, would benefit thousands of landowners in the villages falling under its notified area.There are nearly 300 villages that fall in the notified area of GNIDA, which was formed in 1991 and functions under the Uttar Pradesh infrastructure and industries department.HIKE IN MINIMUM LAND PURCHASE RATE""In the board meeting chaired by GNIDA chairman and UP Industrial Development Commissioner Sanjeev Mittal, a proposal was made by GNIDA CEO Narendra Bhooshan to increase the purchase price for buying land directly from the farmers,"" an official statement said.""The board accepted it and increased the purchase price by Rs 250 per square metre from Rs 3,500 per square metre to Rs 3,750 per square metre,"" it added.The purchase price for buying land directly from farmers in villages under the GNIDA was fixed at Rs 3,500 per square metre in 2016.For residential sectors have been divided into four separate categories- A, B, C and D. The new rates per sq metre of land will be Rs 39,000 for category A, Rs 36,000 for category B, Rs 34,000 for category C and Rs 29,000 for category D, the GNIDA said.OLD RATESThe old rates per sq metre were Rs 33,300 for category A, Rs 31,250 for category B, Rs 27,088 for category C and Rs 24,060 for category D, it added.Sectors Alpha 1, 2, Beta 1, 2, Gamma 1, 2, Delta 1, 2, 3 and Swarn Nagri fall in category A.Sectors CHI 2, CHI 3,CHI 4, CHI 5, CHI-PHI EXT. P 1, P 2, P 3, P 4, P 5, P 6, P 7, P 8, PI 1, PI 2, PHI 1, PHI 2, PHI 3, PHI 4, PHI-CHI, Sector-36 and Sector-37, Sector 2, 3 are in category B.Category C includes sectors Eta 1, Omicorn 1, 1A, 2 and 3, XU 1, 2 and 3, Zeta 1 and 2, MU 1 and 2, Sigma 1, 2, 3 and 4; while category D includes Sectors 1, 11, 12, 16, 4, 16C, 17, 20 and Sector-Tech zone, the GNIDA said.Bhooshan said the interest of investors for industrial investments in Greater Noida is increasing rapidly with companies from not only within the country but also from overseas asking for land to set up industries.""The GNIDA is trying to develop industrial sectors by buying land from farmers, so that industrial investment can increase further and employment opportunities can be created for the youth. From April 1, 2022, it has been decided to buy land from farmers at the new rate,"" he added.READ MORE| Noida authority approves Rs 4,880 crore budget for 2022-23 | Details",NA,https://www.indiatoday.in/cities/noida/story/noida-authority-minimum-land-purchase-price-hike-1934103-2022-04-06
11,cities,Power cut in Chennai on April 6: Check timings and full list of affected areas,"(6, 4, 2022)","The Tamil Nadu Generation and Distribution Corporation (Tangedco) has announced that there will be a disruption in power across several places in Chennai on April 6, 2022.

The power in several areas of Chennai will be suspended from 9 am to 2 pm on Wednesday and will be resumed if the work gets completed.The power will be suspended in Taramani-Perungudi, Tambaram Kadapperi, Avadi-Redhills, Southperumbedu and Kolathur areas.FULL LIST HERETaramani  Perungudi: Ramappa Nagar, Church main road, Apollo Hospitals and all surrounding areas.Tambaram  Kadaperi: Durga Nagar Housing board, Erikari street, Kamatchi Nagar, Bharathidhasan street, Thiruvalluvar street and above all surrounding areas.Avadi- Redhills: Vivekakbar avenue, Jothynagar, Mahalakshmi Nagar, Vadivel Nagar street and nearby areas.Southperambedu: Alimedu, Pallasurappedu, Mettusurappedu, Mettucolony and Vatikaranpalayam.Kolathur: Rajus apartment, Shanthi colony, Senthil Avenue, Ganthimathi Street, Srinivasan Nagar and above all surrounding areas.Notably, Tangedco has been carrying out maintenance work these days, due to which, many areas have been facing power cuts in the daytime.READ| IMD predicts heatwave in Delhi for next 6 days; maximum temperature to touch 40-degree mark",NA,https://www.indiatoday.in/cities/chennai/story/power-cut-in-chennai-on-april-6-check-timings-and-full-list-of-affected-areas-1934061-2022-04-06
12,cities,IMD predicts heatwave in Delhi for next 6 days; maximum temperature to touch 40-degree mark,"(6, 4, 2022)","The ongoing spell of heatwave is predicted to tighten its grip on Delhi and no relief is in sight for at least six days, the India Meteorological Department said on Tuesday.

The maximum temperature at the Safdarjung Observatory, considered the official marker for the city, is expected to touch the 40-degree mark on Wednesday and soar to 42 degrees Celsius by Friday.The base station had recorded a maximum temperature of 39.6 degrees Celsius on Wednesday last week, the highest this season so far.The weather stations at Ridge, Najafgarh, Pitampura and Sports Complex recorded a heatwave on Tuesday, with their maximum temperature settling at 40.4 degrees Celsius, 40.2 degrees Celsius, 40.6 degrees Celsius and 40.7 degrees Celsius, respectively.The Safdarjung Observatory recorded a maximum temperature of 38.7 degrees Celsius, four notches above normal.IMD officials said a prolonged dry spell has led to ""severe"" hot weather conditions in northwest India.""The heatwave spell is likely to continue over most parts of Northwest India and Madhya Pradesh during the next five days,"" officials said.For the plains, a ""heatwave"" is declared when the maximum temperature is over 40 degrees Celsius and at least 4.5 notches above normal.A ""severe"" heatwave is declared if the departure from normal temperature is more than 6.4 notches, according to the IMD.Experts have attributed the hot weather to the lack of rainfall due to dry westerly winds. Delhi recorded nil rainfall in March -- for the first time since 2018. Usually, it gets 15.9 mm of rainfall in the month on average.India recorded its warmest March in 122 years with a severe heatwave scorching large swathes of the country in the month.The weather department attributed the unusual heat to the lack of rainfall due to the absence of active western disturbances over north India and any major system over south India.The country as a whole recorded a rainfall of 8.9 mm, which was 71 per cent less than its long period average rainfall of 30.4 mm. It was also the third-lowest precipitation in March since 1901 after 7.2 mm in 1909 and 8.7 mm in 1908.""Over the country as a whole, the average maximum temperature (33.10 degrees Celsius) recorded in March 2022 is the highest ever in the last 122 years,"" the IMD said.In March 2010, the country had recorded a maximum temperature of 33.09 degrees Celsius.READ| Greater Noida: Illegally occupied land worth crores freed from land mafia",NA,https://www.indiatoday.in/cities/delhi/story/imd-predicts-heatwave-in-delhi-for-next-6-days-1934057-2022-04-06
