SN,category,headline,date,content,keywords,link
1,business,"EPF passbook, PF balance check via SMS, missed call, online: All you need to know","(18, 4, 2022)","Employees' Provident Fund Organisation (EPFO) members can check the balance of EPF accounts at home. PF members can do so by sending SMS and giving missed calls.

The EPF balance can also be checked online via the EPFO website and UMANG app.PF BALANCE CHECK SMSPF members need to send ""EPFOHO UAN LAN"" from a registered mobile number to 7738299899.LAN is the first three characters of preferred language i.e HIN for Hindi, TAM for Tamil.PF BALANCE CHECK NUMBEREPF members can give a 'Missed Call' on 011-22901406 from the registered mobile number.EPF PASSBOOKPF members can visit 'EPF Passbook Portal' - https://passbook.epfindia.gov.in/MemberPassBook/LoginOne needs to log in using UAN and password.Then, you need to 'Download/View Passbook.'UMANG APPYou can check the EPF balance on the UMANG App.Open the app and you need to go to EPFO.PF members need to click 'Employee Centric Services', and select 'View Passbook.'pic.twitter.com/mDY6zGkkaU— EPFO DEHRADUN (@epfodehradun) April 15, 2022
You need to log in with the Universal Account Number (UAN) to view your passbook.ALSO READ | China's economic growth falls short of Beijing's target | Here's why","['EPF passbook', ' epf member home', ' epf withdrawal', ' epf interest rate', ' epfo home', ' epfo passbook', ' pf online', ' pf balance', ' pf balance check no', ' pf check', ' epf passbook', ' pf member', ' pf customer care']",https://www.indiatoday.in/business/story/epf-passbook-pf-online-balance-check-number-sms-call-epfo-home-1938879-2022-04-18
2,business,TCS share price falls to one-month low | Check latest,"(18, 4, 2022)","The share price of Tata Consultancy Services (TCS) on Monday fell 3.5 per cent to a one-month low on Monday. This came as IT stocks suffered losses after Infosys share price plunged 9 per cent. The Sensex fell by 2.05 per cent or 1,194.72 points to 57,144.21 and the Nifty was down by 1.81 per cent or 316.20 points to 17,159.45.

This happened after TCS slightly missed estimates in the fourth quarter results announced last week, as per a Reuters report.TCS SHARE PRICETCS share price was at Rs 3546.40, down by 114.90 points or 3.14 per cent.TCS share price on BSE India can be checked at https://www.bseindia.com/stock-share-price/tata-consultancy-services-ltd/tcs/532540/ .TCS share price on NSE was at Rs 3,549.90, down by 112.05 points or 3.06 per cent.TCS Q4 RESULTSLast week, the software giant reported a 7.4 per cent rise in March-quarter profit on Monday, as more businesses across the world leaned on technology and related services to drive their operations.The company, India's top IT exporter, reported a net profit of 99.26 billion rupees ($1.31 billion) for the three months to March 31, up from 92.46 billion rupees a year earlier. Analysts on average had expected a profit of 100.01 billion rupees, the Reuters reported.TCS, however, posted its highest-ever order book total contract value of $11.3 billion in the quarter.ALSO READ | Gold, silver prices today: Precious metals record hike on MCX| Check latest rates here","['tcs share price', ' tcs share', ' tcs share nse', ' tcs latest news', ' tcs news']",https://www.indiatoday.in/business/story/tcs-share-price-bse-nse-one-month-low-latest-rate-1938801-2022-04-18
3,business,"Sensex crashes over 1,000 points | Why share market is down today?","(18, 4, 2022)","Share market indexes of the Sensex and Nifty touched three-week lows on Monday, following losses in IT stocks. The S&P BSE Sensex crashed 1.98 per cent or 1,153.76 points to 57,185.17. The NSE Nifty 50 index fell 1.73 per cent or 302.45 points to 17,173.20.

Both sensex and nifty logged weekly losses of more than 1.5 per cent each last week.INFOSYS, TCS SHARESInfosys share price crashed 9 per cent on missing March-quarter profit estimates, while inflation concerns globally also weighed on investors' sentiment.The firm's consolidated net profit for the March quarter was 56.86 billion rupees ($744.24 million), lower than analysts' expectation of 59.80 billion rupees.That dragged the Nifty's IT sub-index down more than 4 per cent, making it the biggest decliner among major sub-indexes.Last week, rival Tata Consultancy Services also slightly missed estimates. Its shares slid 3.5 per cent to a one-month low on Monday.""It was a weak set of numbers from Infosys and TCS also was a disappointment; the companies are under a lot of cost pressure and this will affect mid-cap stocks and we will see a valuation reset,"" said Saurabh Jain, assistant vice president at SMC Securities, according to a Reuters report.Mindtree was down 5 per cent ahead of March quarter results.IT STOCKSBeyond IT stocks, India's top private-sector lender HDFC Bank extended losses to an eighth session, slipping 3.5 per cent after it posted March quarter results over the weekend.The bank's net interest margin, a key measure of profitability, contracted due to rise in share of corporate loans and slower growth in credit cards and auto loans, brokerage Jefferies said in a note.Meanwhile, several markets in Asia and Europe were closed on Monday. U.S. equity futures, however, declined amid a rise in oil prices due to the deepening crisis in Ukraine.""Globally, inflation concerns continue to be on investors' minds; any new developments on the Russia-Ukraine situation would be a key deciding factor going forward,"" Jain added.The rupee declined 24 paise to 76.43 against the US dollar in the opening trade on Monday tracking the strength of the dollar and elevated crude oil prices.At the interbank foreign exchange, the rupee opened on a muted note at 76.41 against the American dollar, then fell and touched an early low of 76.43 in initial deals, registering a fall of 24 paise over its previous close.ALSO READ | Bitcoin price falls below $40,000 | Check latest cryptocurrency prices","['sensex', ' sensex today', ' why share market is down today', ' why stock market is down today', ' why market is down today in india', ' why indian market is down today', ' why market is going down today', ' why market is falling']",https://www.indiatoday.in/business/story/sensex-today-why-share-market-stock-market-is-down-in-india-1938771-2022-04-18
4,business,"A future-ready India: Amalgamation of tech, education and skill","(18, 4, 2022)","India has recognised the importance of the skill sector and is investing and making considerable progress on the path to enhancing the fundamentals of education and macroeconomics.

The nation's attempts to build a healthy and progressive environment centred on citizen skilling have led to the expansion of a millennial force with alternatives and independent opportunities linked with autonomy and flexibility.Skill India Mission, which began in 2015, intends to cater to a wide range of skill development in India, including creative skill development, leadership skill development, IT skill development, and many more, using a result-oriented framework.SKILL SECTOR IN INDIAWith the emergence of tech-enabled spaces, creative economy, and industrial dynamics, the need for millennials to be at the forefront to get skilled, upskilled and re-skilled is more vital than ever.The fact that India has more than 60 per cent of its people in the millenial age bracket gives it a huge edge.With education at the heart of national growth, investing in learning new skills in IT, AI, or creative arts like dancing, singing, and painting will be critical in order to capitalise on this special demographic dividend in the subsequent years.CREATIVITYA new world of digital technologies, AI-enabled machines and the creative industries has resurfaced. These industries have created a demand for creative skills— dance, design, fashion, and innovative businesses fused perfectly with technologies.The World Economic Forum (WEF) in its 2020 summit, selected critical thinking and problem-solving as top future talents along with active learning, innovation, and creativity.Creativity is not an indeterminate mental output; rather, it is a quantitative trait that can be increased or slowed utilising cutting-edge techniques. There are hundreds of technologies that have gained popularity in order to promote creative processes at work. In short, creativity or creative skills can be learned.TECH, EDUCATION, SKILLSIn today’s time, we are working on re-imagining our world by putting technology, education and skills in the centre. As organisations in all industries continue to endure huge digital transformations, the demand for a new workforce that is educated, tech-enabled, and creative with its skills will grow.Technology is continually advancing at a rapid rate. Parallel to this, it is vital to comprehend the new-world abilities that effortlessly integrate with sophisticated technology.In the twenty-first century, the nation's growth paradigm is based on educated and upskilled young people and their skills.EMPOWERING YOUTH As the world reimagines itself, our country is taking efforts to foster a collaborative atmosphere on all levels. Collaboration between technology and skill has accelerated educational innovation and skill learning methods.When it comes to skill learning, AI, or Artificial Intelligence, has a significant influence. AI can optimise training and learning modules based on available data.The content of a skill can be personalised to meet the needs of the learner, focusing on weak spots and recommending appropriate information depending on the student's previous behaviour.Today, AI anticipates requirements and requests depending on what a learner wants, and it also auto-generates material by analysing content development algorithms.By doing so, young and developing minds are becoming more aware of their technological surroundings and its applications.In this context, technology has become a tremendous facilitator in terms of inexpensive and accessible learning for anybody, anywhere, and at any time.FUTURE-READY INDIAWith 1.3 billion people, India has one-fifth of the world's young population. In today's evolving world, the Indian demographic of young people may play a critical part in obtaining a multitude of prospects.The country's corporate environment and startup ecosystem are seeing rapid development, and it is continuing to expand, mature, and become more tech-centric via continuous skill learning.The Industrial Revolution 4.0 is in its beginning phases, and when it arrives, it will cause even greater upheaval in the sector. This is the moment to concentrate on how technology is affecting our lives, how new creative talents are required to flourish, and the importance of education in comprehending every part of the business.The Fourth Industrial Revolution's rewards will be based on how our workforce employs technology, education, and skills.As we work toward a future-ready India, we must set our sights on bringing government, business, and academics together to create a healthy learning and skilling ecosystem. An atmosphere that fosters the development of our future-ready India.(The writer is Divanshi Gupta, Founder, Ucanji)","['skill india', ' skill india movement', ' skill india news', ' ']",https://www.indiatoday.in/business/story/a-future-ready-india-amalgamation-of-tech-education-and-skill-1938911-2022-04-18
5,business,"Bitcoin price falls below $40,000 | Check latest cryptocurrency prices","(18, 4, 2022)","Bitcoin's price slumped below $40,000 on Monday and other major cryptocurrencies were trading in the red. The global cryptocurrency market has remained in the red.

This comes as investors continue to assess the rising inflation and the possibility of a recession, according to a report on CoinDesk.The developments in Ukraine after Russia's invasion have ensured that the global crypto market gyrates in volatility.BITCOIN PRICE TODAYThe Bitcoin price on Monday was at $38,932, down by 3.45 per cent. The Ethereum price was below $3,000, down by 3.80 per cent.""Bitcoin and Ethereum fell by nearly 2 per cent each and are trading below US$40,000 and US$3,000 levels over the weekend. BTC support between US$35,000 to US$37,000 could keep the short-term buyers active in the market,"" Edul Patel, CEO and Co-founder of Mudrex, said.CRYPTOCURRENCY PRICE TODAYXRP price was 5.84 per cent, Terra was down by 6.39 per cent, Solana was down 5 per cent, Cardano price fell by 6.12 per cent, Avalanche price tanked by 6.22 per cent, Stellar price was down by 6.24 per cent, Polkadot was down by 6.89 per cent.Other alt coins Dogecoin price was down by 6.20 per cent and Shiba Inu fell by 6.90 per cent.""Most cryptocurrencies are also running in red due to the wide economic uncertainty caused by the war between Russia and Ukraine. On the other hand, Decred (DCR), a leading privacy-focused cryptocurrency, has outperformed the crypto market by gaining nearly 36 per cent in the past 24 hours. This sharp rise could be attributed to the growing demand for privacy tokens,"" Patel said.ALSO READ | Gold, silver prices today: Precious metals record hike on MCX| Check latest rates here","['bitcoin price', ' bitcoin price today', ' bitcoin price usd', ' bitcoin price in India', ' bitcoin news', ' bitcoin price share price', ' bitcoin usd', ' Cryptocurrency news', ' Cryptocurrency price', ' Cryptocurrency news today', ' Cryptocurrency India', ' Cryptocurrency list', ' Cryptocurrency news in India']",https://www.indiatoday.in/business/story/bitcoin-price-usd-cryptocurrency-share-price-india-list-1938752-2022-04-18
6,business,Infosys share price crashes 8-month low | Check latest,"(18, 4, 2022)","Infosys share price crashed nine per cent to an eight-month low in early trade on Monday, leaving an impact on the IT index. The Sensex fell 1.80 per cent or 1,048.31 points at 57,290.62. The Nifty tumbled 1.54 per cent or 269.35 points to 17,206.30.

The Nifty IT services index was down 3.24 per cent. Stock markets were closed on Thursday and Friday for public holidays.INFOSYS SHARE PRICEInfosys shares were trading at Rs 1626.50, down by 6.99 per cent or 122.15 points.You can check Infosys share price on BSE at https://www.bseindia.com/stock-share-price/infosys-ltd/infy/500209/ .Infosys share price on NSE at Rs 1,623.50, down by 7.15 per cent or 125.05 points.INFOSYS SHARESInfosys share price fell as the software services provider's lower-than-expected March profit last week triggered fears of growth normalisation in the sector after a pandemic-led boom, as per a Reuters report.Infosys, India's No.2 software services firm, on Wednesday reported a consolidated net profit of 56.86 billion rupees ($744.05 million) for the quarter ended March 31, missing analysts' expectations of 59.80 billion rupees, the Reuters reported.ALSO READ | Economic crises all around: What's going on in India's neighbourhood","['infosys share price', ' infosys', ' infosys share', ' infosys share price nse', ' infosys news']",https://www.indiatoday.in/business/story/infosys-share-price-nse-bse-sensex-nifty-stock-market-latest-1938717-2022-04-18
7,business,"Gold, silver prices today: Precious metals record hike on MCX| Check latest rates here","(18, 4, 2022)","Both gold and silver prices are retailing on the higher side of the Multi Commodity Exchange (MCX) on April 18, Monday.

With a hike of Rs 354 or 0.67 per cent, gold futures maturing on June 3, 2022, are trading at Rs 53,470 per 10 grams on the MCX.Meanwhile, silver futures maturing on May 5, 2022, are retailing at Rs 69,499 per kg, recording a jump of Rs 823 or 1.19 per cent.INTERNATIONAL MARKET RATES As per Reuters, gold prices rose on Monday to their highest since mid-March, as the Russia-Ukraine crisis soured risk sentiment and drove investors to the safety of bullion.Spot gold was up 0.5 per cent at $1,984.58 per ounce, as of 0202 GMT, hitting its highest since March 14. U.S. gold futures were up 0.7 per cent at $1,987.70.Gold posted its second straight weekly gain on Thursday, buoyed by safe-haven demand amid the Ukraine crisis and soaring inflation. Most markets were closed on Friday for a holiday.Spot silver rose 0.7 per cent to $25.87 per ounce, platinum gained 1.2 per cent to $1,001.57, and palladium climbed 1.6 per cent to $2,406.85.PRICES IN MAJOR INDIAN CITIESCITYGOLD (per 10 grams, 22 carats) SILVER (per kg) NEW DELHI Rs 49,550Rs 69,100MUMBAIRs 49,550Rs 69,100KOLKATARs 49,550Rs 69,100CHENNAIRs 50,140Rs 74,200READ| Sensex crashes over 900 points, Nifty down to 17,224 | Here's why","['gold price today', ' gold price today in delhi', ' gold price today in mumbai', ' gold price today in kolkata', ' gold price today in india', ' silver price today', ' gold rate today ']",https://www.indiatoday.in/business/story/gold-silver-prices-today-precious-metals-record-hike-on-mcx-check-latest-rates-here-1938714-2022-04-18
8,business,"Sensex crashes over 900 points, Nifty down to 17,224 | Here's why","(18, 4, 2022)","The Sensex and Nifty tanked in early morning trade on Monday. This comes after a crash in IT stocks after Infosys slid 9 per cent on missing March-quarter profit estimates. The share market opened after remaining closed for four days.

While the equity benchmark Sensex fell 1.61 per cent or 938.49 points to 57,400.44, the Nifty fell by 1.44 per cent or 251.25 points to 17,224.40.India's number two software services provider Infosys slumped as much as 9.1 per cent to an eight-month low and was the top drag on the Nifty 50 index.The firm's consolidated net profit for the March quarter was 56.86 billion rupees ($744.24 million), lower than analysts' expectation of 59.80 billion rupees, according to a Reuters report.Nifty's IT sub-index declined the most among major sub-indexes and was down nearly 4 per cent.Meanwhile, several markets in Asia and Europe were closed on account of Easter on Monday. US equity futures, however, declined amid a deepening crisis in Ukraine.ALSO READ | Economic crises all around: What's going on in India's neighbourhood","['sensex today', ' nifty today', ' share market today', ' stock market today']",https://www.indiatoday.in/business/story/sensex-crashes-over-900-points-nifty-down-to-17-224-here-s-why-1938706-2022-04-18
9,business,Colombo Stock Exchange to remain shut for 5 days as Sri Lanka struggles to combat forex crisis,"(16, 4, 2022)","The Colombo Stock Exchange will remain temporarily closed for a week from Monday to provide investors an opportunity to have ""more clarity and understanding"" of the current economic conditions in crisis-hit Sri Lanka that would help them ""to make informed investment decisions,"" it was announced on Saturday.""The stock market will remain temporarily closed for a period of five business days from April 18, 2022,"" the Securities and Exchange Commission of Sri Lanka (SEC) said in a press release.

Also Read | Economic crises all around: What's going on in India's neighbourhoodSri Lanka is facing its worst economic crisis since gaining independence from the UK in 1948. The economic crisis also triggered a political turmoil in the island nation with citizens holding nationwide street protests for weeks over lengthy power cuts and shortage of fuel, food and other daily essentials and demanding ouster of President Gotabaya Rajapaksa.The Board of Directors of the Colombo Stock Exchange (CSE) in a communication on Friday called upon the SEC to temporarily close the stock market citing the present situation in the country, the release said.Many other stakeholders of the securities market, including the Colombo Stock Brokers Association, have also sought the temporary closure of the market on the same grounds.The SEC said it carefully considered the grounds that have been adduced by them and has evaluated the impact the present situation in the country could have on the stock market, in particular the ability to conduct an orderly and fair market for trading in securities.""The SEC is of the view that it would be in the best interests of investors as well as other market participants if they are afforded an opportunity to have more clarity and understanding of the economic conditions presently prevalent, in order for them to make informed investment decisions,"" the release said.Therefore, acting in terms of the relevant provisions, the SEC decided to direct the CSE to temporarily close the stock market for a period of five business days commencing from April 18, it said.Sri Lanka is on the brink of bankruptcy, saddled with dwindling foreign reserves and USD 25 billion in foreign debt due for repayment over the next five years. Nearly USD 7 billion is due this year only.The government announced Tuesday that it is suspending repayments of foreign debt, including bonds and government-to-government borrowing, pending the completion of a loan restructuring programme with the International Monetary Fund (IMF).President Rajapaksa has defended his government's actions, saying the foreign exchange crisis was not his making and the economic downturn was largely pandemic driven by the island nation’s tourism revenue and inward remittances waning.Live TV--- ENDS ---Read | Sri Lanka economic crisis explained in 10 pointsAlso Read | Sri Lanka economic crisis: 19 Sri Lankans reach Tamil Nadu seeking asylum in India","['Colombo', ' Sri Lanka', ' economic crisis', ' stock exchange']",https://www.indiatoday.in/world/story/colombo-stock-exchange-week-sri-lanka-forex-crisis-1938301-2022-04-16
10,business,NA,NA,NA,NA,https://www.indiatoday.in/business/video/raymond-gautam-singhania-business-today-1938149-2022-04-16
11,business,Economic crises all around: What's going on in India's neighbourhood,"(16, 4, 2022)","All's not well in India's neighbourhood. Pakistan has recently got yet another prime minister. Sri Lanka is on the verge of defaulting on its foreign debt for the first time since its independence. Nepal has suspended its central bank chief as it stares at economic uncertainty. And in China, there are concerns that new Covid-19 restrictions could unsettle its economy that just about managed to survive the pandemic's previous phases.

There is a crisis brewing in India's neighbourhood and while the factors are many, the one strand common in all countries is the economy and the Covid-19 pandemic. Here's a quick look at what's going on in some of India's neighbours as far as their economies are concerned.PAKISTAN  Like Imran Khan, Pakistan's new PM Shehbaz Sharif has promised to focus on economy and strengthen it.Once again, a Pakistani prime minister crashed out of the office without completing the full term of five years. Imran Khan, who took over as the prime minister in 2018, came to power with a promise of creating a 'naya' (new) Pakistan. During his campaign, the swashbuckling former cricketer focussed on the anti-corruption plank and his campaign struck a chord with the masses. Imran Khan vowed to make Pakistan better with a 'naya' global image and a better economy.Cut to March 2022. Pakistan is in the midst of neck-deep debt and high inflation with unemployment numbers hitting a record. In response, the Wazir-e-Azam said: I didn't join politics to know the prices of tomatoes and potatoes.Less than a month later, Imran Khan faced a no-confidence motion that he lost and Pakistan got yet another prime minister -- Nawaz Sharif's brother Shehbaz Sharif. Sharif too promised to tackle tackling the economic crisis on a war footing. ""After the formation of the federal cabinet, the government would come up with plans to overcome inflation and revive the economy,"" Sharif told the media soon after taking the oath.But the job ahead is not that simple.The State Bank of Pakistan (SBP) last week projected deterioration in the outlook for inflation, which has remained in double digits for some time. Pakistan's central bank said the March inflation turnout was higher than expected. It said the average inflation forecast had been revised upwards to slightly above 11 per cent in FY22.
The SBP also pointed to pressure from a sharp drop in foreign currency reserves. Reserves held by the Pakistani central bank dropped by $728 million to $11.3 billion by April 1, compared to $16.2 billion on March 4. The bank said the decline was largely due to debt repayments and government payments pertaining to the settlement of an arbitration award related to a mining project.Meanwhile, the Asian Development Bank has projected the country's GDP growth rate to be 4 per cent this year.SRI LANKA  In Sri Lanka, people are struggling to get essential things like food and medicines. Thousands of people have taken to the streets to denounce the government led by president Gotabaya Rajapaksa and his elder brother, prime minister Mahinda Rajapaksa.Just like Pakistan, India's neighbour down South is also in serious trouble. Sri Lankans are facing a shortage of basic items such as milk, rice, electricity and medicines. The crisis in the island nation has spiralled into protest and violence on the streets and mass resignations of ministers.In late November 2019, after winning Sri Lanka's presidential election and months ahead of a parliamentary ballot that would again test his popularity, Gotabaya Rajapaksa gathered his cabinet and made good on a campaign promise to slash taxes. The move, which included a near-halving of value-added tax, blindsided some top central bank executives.ALSO READ | How Sri Lankan economic crisis unfoldedThe economic argument in favour of the cuts was simple: it was needed to free up spending and boost Sri Lanka's ailing finances. However, the case against it was that reducing potential revenues when obligations were high was risky and undermined a 2019 debt management plan that hinged on a narrowing fiscal deficit.Not long after the move, the Covid-19 pandemic struck, crippling a Lankan economy that was heavily reliant on tourism. While the pandemic-induced hit to Sri Lanka's coffers was all but inevitable, some analysts say policies before Covid-19 exacerbated the problems, leaving the country in a vulnerable financial position.Sri Lanka is currently facing its worst economic crisis since independence in 1948 and is on the brink of its first debt default. The island-nation has been asking friendly nations including India and China for credit lines, food and energy, even as Sri Lanka's central is has been left with dwindling foreign exchange reserves.
Sri Lanka's foreign reserves were at $1.93 billion at the end of March. The island-nation's reserves have slumped more than two-thirds in the past two years, as tax cuts and the Covid-19 pandemic badly hurt its tourism-dependent economy and exposed the government's debt-fuelled spending.ALSO READ | Sri Lankan crisis puts spotlight on debt, freebie culture in IndiaThe country has foreign debt payments of around $4 billion due this year, including a $1 billion international sovereign bond maturing in July. However, Sri Lanka's central bank stated it had become ""challenging and impossible"" to repay external debt.Meanwhile, the Asian Development Bank has projected the GDP growth rate for the year 2022 to be 2.4 per cent.NEPAL  The foreign exchange reserves of Nepal have been declining since July 2021 soon after a political crisis in the country led to the fall of the KP Sharma Oli government.India's neighbour in the East is also facing economic turmoil. Like Sri Lanka, Nepal's foreign reserves have been hit by a slump in tourism in Asia during the pandemic.""Nepal Rastra Bank (NRB, the central bank) feels the country's foreign exchange reserves are under pressure and something must be done to restrict the import of non-essential goods, without affecting the supply of essential goods,"" NRB deputy spokesperson Narayan Prasad Pokharel has told Reuters.As a result, Nepal is tightening imports of cars, gold and cosmetics. The government has also suspended the central bank governor and named his deputy the interim chief.ALSO READ | A story of India's neighbours: Is Nepal going south, the Sri Lanka way?The Himalayan country is heavily dependent on tourism and the export of limited commodities for the foreign exchange reserves that the country needs to meet its import expenditure. The foreign exchange reserves have been declining since July 2021 soon after a political crisis in the country led to the fall of the KP Sharma Oli government. Imports have been surging ever since while the inflow of remittances and earnings from tourism and exports has declined.Nepal's forex reserves declined from $11.75 billion in mid-July 2021 to $9.75 billion in February this year. This is just enough to pay import bills for less than seven months -- the threshold set as a benchmark by the country's central bank.
The country's import bill rose 38.6 per cent to $10.8 billion in the first eight months of the financial year that started in mid-July. This forced the government to dip into foreign currency reserves amid sluggish export earnings.Soaring global prices of commodities such as crude and edible oil are adding to the pressure on the picturesque Himalayan country's foreign currency reserves amid a decline in remittances and tourist earnings.The reserves are sufficient to support imports for a little more than six months for the country.CHINAWhile China has still managed to keep a check on its economy during the pandemic, another Covid-19 outbreak is keeping the country on the edge. Currently, a total of 23 Chinese cities have implemented either full or partial lockdowns, which collectively are home to an estimated 193 million people and contribute to 22% of China's GDP.The European Union Chamber of Commerce in China has said that the current strategy is resulting in growing difficulties in transporting goods across provinces and through ports, harming factory output. This would likely impact China's ability to export, which could eventually stoke inflation.ALSO READ | People protest, scramble for food in locked-down Shanghai amid reports of suicides, killing of petsWHAT ABOUT INDIA? India, which reported a 17-month high inflation rate in March, has witnessed the steepest weekly fall ever in its forex reserves, according to Reserve Bank of India (RBI) data released on April 8. India's forex reserves slid by $11.173 billion to $606.475 billion as the currency came under pressure due to geopolitical developments, according to RBI.The previous worst weekly fall was of $9.6 billion for the week ended on March 11.However, in a silver lining, RBI governor Shaktikanta Das has stated that the economic activity was barely above pre-pandemic levels but continues to steadily recover.","['covid 19', ' covid pandemic', ' economy after covid', ' covid impact economy', ' china economy', ' pakistan economy', ' sri lanka economy', ' nepal economy', ' india economy', ' sri lanka crisis', ' nepal crisis', ' pakistan crisis']",https://www.indiatoday.in/business/story/business-story-economic-crisis-india-neighbours-pakistan-sri-lanka-nepal-china-covid-1937979-2022-04-16
12,business,Many investments of Elon Musk,"(15, 4, 2022)","The world's richest person, Elon Musk, has offered to buy Twitter for $43 billion. Musk's announcement came days after the Tesla Chief Executive Officer (CEO) had revealed that he owned a 9.2 per cent stake in Twitter. Twitter CEO Parag Agrawal said that the company's board was reviewing Musk's offer. Musk, however, hinted at a hostile bid bypassing Twitter's board.

Musk currently tops the Forbes Billionaires List and Bloomberg Billionaires Index. According to Forbes, Musk has a total net worth of $264.6 billion. The Bloomberg Billionaires Index shows Musk's total net worth at $251 billion.While Musk's interest in buying Twitter has sent shock waves across the corporate world, he has investments in multiple companies.TWITTERMusk has already become San Francisco-based Twitter's second-largest shareholder. Musk made the bid on Wednesday in a letter to the board of Twitter and it was made public in a regulatory filing on Thursday. His offer price of $54.20 per share represents a 38 per cent premium to Twitter's April 1 close, the last trading day before his 9.2 per cent stake in the social media platform was made public.Last week, Musk rejected an invitation to join Twitter's board after disclosing his stake, a move analysts said signaled his takeover intentions as a board seat would have limited his shareholding to just under 15 per cent.TESLAMusk started financing Tesla in 2004. In 2008, he became the CEO of the world's most valuable automaker.SPACEXMusk revitalized the space race after he founded Space Exploration Technologies Corp. popularly known as SpaceX in 2008. DEEPMIND TECHNOLOGIESDeepMind Technologies is an artificial intelligence company which was launched in 2010 and Musk was its pivotal investor.In 2014, Google announced that it had acquired the company for an undisclosed amount.THE BORING COMPANYMusk founded an infrastructure and tunnel construction company - The Boring Company, in 2017.PAYPALMusk co-founded email payment and online financial services company X.com in 1999. In 2000, X.com merged with Confinity. The entity was renamed PayPal in 2001.ALSO READ | Elon Musk's Twitter bid: Why Tesla investors are worried?","['elon musk twitter', ' elon musk net worth', ' elon musk news', ' elon musk twitter news']",https://www.indiatoday.in/business/story/elon-musk-twitter-net-worth-tesla-spacex-paypal-companies-1937996-2022-04-15
