SN,category,headline,date,content,keywords,link
1,business,Axis Bank share price jumps after multi-crore Citigroup deal | Check latest,"(31, 3, 2022)","Axis Bank's share price on Thursday jumped more than one per cent after the private lender announced that it would acquire US-based Citi's consumer business in India for Rs 12,325 crore. This is one of the largest deals in the Indian financial services space and would help Axis Bank close the gap with larger peers such as ICICI Bank and HDFC Bank, according to a PTI report.

The last deal of this size was the Rs 12,500-crore merger between Kotak Mahindra Bank and ING Vysya Bank, or the RBI-backed merger between DBS Bank India and Lakshmi Vilas Bank, as per the PTI report.AXIS BANK SHARE PRICEAxis Bank's share price today on BSE was up by 1.32 per cent to Rs 760.10.You can check the real-time share price of Axis Bank on BSE at https://www.bseindia.com/stock-share-price/axis-bank-ltd/axisbank/532215/ .On the NSE, Axis Bank's share price on Thursday rose by 1.32 per cent to Rs 760.35.Investors can check Axis Bank's share price on NSE at https://www.nseindia.com/get-quotes/equity?symbol=AXISBANK .Ahead of the press conference to announce the deal, Axis Bank's share price on Wednesday gained 1.72 per cent to close at Rs 750.20 apiece on the BSE on Wednesday.AXIS BANK-CITI DEALThe two lenders signed a definitive agreement for the sale, which will involve the third largest private lender taking over Citi's credit cards, personal loans and wealth management businesses that are focused on the affluent segment.Regulatory approvals are expected in nine months, after which the payment will be made and a complex integration process will begin.""Axis Bank has grown organically all these years and has scaled well. But our aspirations are bigger. This deal gives us that strategic thrust to close the gap between us and some of our peers,"" its chief executive and managing director Amitabh Chaudhry told reporters.Apart from a consideration of Rs 12,325 crore or USD 1.6 billion which will be paid using the balance sheet strength, the deal also involves an equity requirement of Rs 3,450 crore for the loan book of over Rs 27,400 crore which will get transferred and also a payout of up to Rs 1,500 crore in integration cost, which will be paid by Axis to Citi for servicing the business till the merger gets complete.The domestic lender's core capital will be impacted by 1.80 per cent and it will raise capital a few months down the line, Chaudhry said.ALSO READ | Gold, silver prices today: Precious metals witness dip on MCX | Check latest rates here",NA,https://www.indiatoday.in/business/story/axis-bank-share-price-today-bse-nse-jumps-after-citigroup-deal-check-latest-1931737-2022-03-31
2,business,"Share market today: Sensex rises 200 points, Nifty up at 17,557","(31, 3, 2022)","The Sensex and Nifty inched higher in early morning trade on Thursday, keeping benchmark equity indices on track for their best month since August, as international oil prices tumbled.

The NSE Nifty 50 index climbed 0.34 per cent or 58.85 points to 17,557.10, and the S&P BSE Sensex rose 0.34 per cent or 201.50 points to 58,885.49. Both indexes were set to post monthly gains of more than 4 per cent.Oil prices tumbled as the United States weighed a massive reserves release to calm soaring crude prices. India is the world's third-largest importer and consumer of oil.On Wednesday, the Sensex and Nifty rallied for a third day in a row on buying in Reliance Industries, Infosys, HDFC twins and ICICI Bank following gains in global equities amid hopes of a breakthrough in Russia-Ukraine peace talks.The 30-share BSE barometer index surged 740.34 points or 1.28 per cent to settle at 58,683.99. During the day, it jumped 784.13 points or 1.35 per cent to 58,727.78. Similarly, the broader NSE Nifty climbed 172.95 points or 1 per cent to settle at 17,498.25.ALSO READ | Petrol, diesel prices hiked for 9th time in 10 days. Check latest rates here",NA,https://www.indiatoday.in/business/story/share-market-sensex-rises-200-points-nifty-up-at-17-557-1931724-2022-03-31
3,business,"Gold, silver prices today: Precious metals witness dip on MCX | Check latest rates here","(31, 3, 2022)","Both gold and silver are trading on the lower side of the Multi Commodity Exchange (MCX) on Thursday, March 31, 2022.

Witnessing a marginal drop of Rs 113 or 0.22 per cent, gold futures maturing on June 3, 2022, are retailing at Rs 51,699 per 10 grams on the MCX.Meanwhile, the rate of silver futures, maturing on May 5, 2022, stood at Rs 67,187 per kg, recording a drop of 0.64 per cent or Rs 433.Notably, the prices of gold and silver stood at Rs 51,776 per 10 grams and Rs 67,406 per kg respectively when the market closed on March 30.Gold and silver prices on the international market:As per Reuters, gold inched lower on Thursday but prices were set for their biggest quarterly gain since September 2020, as the Russia-Ukraine conflict lifted demand for the safe-haven metal.As per the latest metal report, spot gold was down 0.3 percent at $1,926.46 per ounce. Meanwhile, U.S. gold futures were down 0.4 percent at $1,931.00. Notably, the metal has gained about 5.6 percent so far in the quarter and 1 percent in the month.In addition to this, spot silver fell 0.7 percent to $24.67 per ounceGold and silver prices in major Indian cities:CITYGOLD (per 10 grams, 22 carats) SILVER (per kg) NEW DELHI Rs 47,640Rs 67,400MUMBAIRs 47,640Rs 72,400KOLKATARs 47,640Rs 67,400CHENNAIRs 47,910Rs 71,900READ MORE| Petrol, diesel prices hiked for 9th time in 10 days. Check latest rates here",NA,https://www.indiatoday.in/business/story/gold-price-today-31-march-2022-precious-metals-record-dip-mcx-latest-rates-1931710-2022-03-31
4,business,"Petrol, diesel prices hiked for 9th time in 10 days. Check latest rates here","(31, 3, 2022)","The price of petrol and diesel has been increased by 80 paise in Delhi. As of Thursday, petrol is being sold at Rs 101.81 per litre and diesel at Rs 93.07 per litre in the national capital.

Mumbai saw a rise of 84 paise in fuel prices, bringing the cost of petrol and diesel to Rs 116.72 and Rs 100.94.In Chennai, the prices were hiked by 76 paise, bringing the price of petrol to Rs 107.45 and diesel to Rs 97.52.In Kolkata, the price of petrol saw an increase of 83 paise to Rs 111.35 and diesel was hiked by 80 paise and is being sold at Rs 96.22.Read: Petrol, diesel prices are rising even as global oil rates slump | Here's whyRates have been increased across the country and vary from state to state depending upon the incidence of local taxation.This is the ninth increase in prices since the ending of a four-and-half-month-long hiatus in rate revision on March 22.In all, petrol and diesel prices have gone up by Rs 6.40 per litre each.Read: Govt blames soaring fuel prices on UPA-era oil bonds; dealers say brace for further hike",NA,https://www.indiatoday.in/business/story/petrol-diesel-prices-hiked-delhi-mumbai-chennai-kolkata-latest-rates-1931680-2022-03-31
5,business,"7th pay commission: Dearness Allowance (DA), Dearness Relief (DR) hiked for govt employees, pensioners","(30, 3, 2022)","Dearness Allowance (DA) and Dearness Relief (DR) were on Wednesday hiked by three per cent for central government employees and pensioners respectively. The union cabinet chaired by the Prime Minister Narendra Modi has given its approval to release the additional installment of DA and DR.

The new rates are effective from January 1, 2022. This will benefit around 47.68 lakh central government employees and 68.62 lakh pensioners.DA, DR HIKEThe hike represents an increase of 3 per cent from the existing rate of 31 per cent of the Basic Pay or pension, to compensate for price rise.This increase is in accordance with the accepted formula, which is based on the recommendations of the 7th Central Pay Commission.The combined impact on the exchequer on account of both Dearness Allowance and Dearness Relief would be Rs.9,544.50 crore per annum.ALSO READ | Crypto Tax rules in India: How will cryptocurrency assets be taxed from April 1?",NA,https://www.indiatoday.in/business/story/da-dearness-allowance-dearness-relief-hiked-for-govt-employees-pensioners-1931414-2022-03-30
6,business,Citi to sell India consumer business to Axis Bank for $1.6 billion,"(30, 3, 2022)","Citigroup has agreed to sell its consumer banking business in India to Axis Bank for $1.6 billion, the latest step in Chief Executive Officer Jane Fraser’s push to simplify the bank.

The sale follows a months-long auction process and includes a credit-card business with around 2.6 million cardholders, the sixth-largest in the country.It is part of Citi CEO Jane Fraser’s plan to revamp the bank by exiting retail banking operations in 13 countries and focusing on its more lucrative institutional and wealth management businesses.READ | Crypto Tax rules in India: How will cryptocurrency assets be taxed from April 1?The sale excludes Citi’s institutional client businesses in India.“As we move forward with this transaction, India remains a key institutional market for Citi,” Peter Babej, Citi Asia Pacific CEO, said. “In line with our broader strategic repositioning, we will continue to support our institutional clients in this core market and across APAC.”The transaction is expected to close in the first half of calendar year 2023 and there will be no immediate impact on the services to the customers of Citi’s consumer businesses in India, the U.S. bank said.Around 3,600 Citi employees will be transferred to Axis through the deal, and Citi expects the release of about $800 million of allocated tangible common equity after the deal.($1 = 75.8840 Indian rupees)READ | Sensex rises 700 over points, Nifty closes at 17,498 | Check top gainersREAD | 7th pay commission: Dearness Allowance (DA), Dearness Relief (DR) hiked for govt employees, pensioners",NA,https://www.indiatoday.in/business/story/citi-to-sell-india-consumer-business-to-axis-bank-1931510-2022-03-30
7,business,"Sensex rises 700 over points, Nifty closes at 17,498 | Check top gainers","(30, 3, 2022)","The Sensex and Nifty scaled a near seven-week high on Wednesday, boosted by automakers and heavyweight financials, with appetite for riskier assets rebounding globally on signs of progress in Ukraine-Russia peace talks, according to a Reuters report.

The NSE Nifty 50 index climbed 1 per cent or 172.95 points to 17,498.25, while the S&P BSE Sensex rose 1.28 per cent or 740.34 points to 58,683.99, extending a rally to a third straight session.Global equity markets largely reacted positively to Russia's promises on Tuesday to scale down its military operations near Kyiv and surrounding cities.""Some recovery is visible in the market from the oversold zone, led by key drivers like peace talks between Russia-Ukraine,"" said Neeraj Chadawar, head - quantitative equity research, Axis Securities, according to Reuters report.India's main indexes have more than recovered their losses triggered by a spike in oil prices following Russia's invasion of Ukraine. In contrast, MSCI's broadest index of Asia-Pacific shares outside Japan is still nearly 4 per cent below levels seen before the invasion.""In the near term, market performance is likely to be range-bound as the clear trend is likely to emerge only after the volatility sustains at current levels for a longer time,"" Chadawar said.STOCKS IN FOCUSIn Mumbai, the Nifty Auto index gained 1.2 per cent, while the Nifty bank index rose 1.4 per cent and the Nifty finance index advanced 2 per cent.Tata Consumer Products rose 3.1 per cent after saying it would merge Tata Coffee with itself. Tata Coffee shares surged 9.3 per cent to a two-month high.Oil and Natural Gas Corp slid 5.3 per cent to a two-week low after the oil producer said India would sell a stake of up to 1.5 per cent in the company.Citigroup Inc C.N said, after Indian markets closed, that it would sell its Indian consumer banking businesses to private lender Axis Bank for $1.6 billion.ALSO READ | Crypto Tax rules in India: How will cryptocurrency assets be taxed from April 1?",NA,https://www.indiatoday.in/business/story/sensex-rises-700-over-points-nifty-closes-at-17-498-check-top-gainers-1931471-2022-03-30
8,business,New income tax rules: Know major changes in ITR from April 1,"(30, 3, 2022)","The Central Board of Direct Taxes (CBDT) will be introducing a slew of major changes to the income tax from April 1 under the Income-tax (25th Amendment) Rule 2021. While the crypto taxation to be introduced from April 1 has been the prime point of concern among many, the government has also incorporated some changes in filing of updated returns, new tax rules on EPF interest, and tax relief on Covid-19 treatment.

EPF ACCOUNTOne of the major changes in the non-crypto sector includes the introduction of a cap of tax-free contributions up to Rs 2.5 lakh on the Employee Provident Fund (EPF) account.CHANGES IN ITRAnother major change has been introduced to the income tax return. Now onwards, the taxpayers will have the flexibility to file an updated return for errors or mistakes made in income tax returns within two years from the end of the relevant assessment year.Previously, one could get a window of just 5 months from the due date of filing returns, to revise the tax returns. However, one won't be able to file an updated return to report any sort of additional loss or decrease in the tax liability.This provision has been specifically introduced to provide an opportunity for those who missed or undisclosed income or faced any other error leading to less filing of tax in the original tax return.MUTUAL FUNDSDividends earned from mutual funds or domestic firms will be put under tax brackets from now onwards. A high burden of tax will be levied on investors in higher tax brackets, while less burden will be put on those in lower tax brackets.COVID TREATMENTThe amendment also includes provisions for state government employees, Covid affected families and differently-abled persons.Special provisions of tax exemption will be available to Covid affected families too. There will be no tax levied on the money received up to Rs 10 lakh by the family members of the deceased, if they have received the amount within 12 months of the death.Finally, if the guardians of such individuals buy an insurance scheme for them, they can also claim tax exemption under certain circumstances.GOVERNMENT SERVICE EMPLOYEESState government employees can also claim deduction under Section 80CCD(2) for NPS contribution by the employer up to 14 per cent of their basic salary and dearness allowance.CRYPTO TAXFinally, the taxation on the digital assets including crypto currency has grabbed the maximum criticism from investors. Finance Minister, Nirmala Sitharaman announced during the Union Budget Session 2022 that a tax of flat 30 per cent will be levied on any gain made from the digital assets like crypto currency.While the investors will be charged this way, there is also a taxation imposed on the receivers of the digital assets. The receiver who might have received digital assets as a gift may have to pay 1% TDS and gift tax under certain conditions.(The article is written by Bibin Babu, Co-Founder, Colexion)ALSO READ | Crypto Tax rules in India: How will cryptocurrency assets be taxed from April 1?",NA,https://www.indiatoday.in/business/story/new-income-tax-rules-know-major-changes-in-itr-from-april-1-1931452-2022-03-30
9,business,"Ruchi Soya: Share price surge to FPO, all you need to know","(30, 3, 2022)","The share price of Ruchi Soya Industries Ltd jumped on Wednesday even as Baba Ramdev's Patanjali-owned company's Follow on Public Offer (FPO) remained a hotly discussed topic.

Ruchi soya share prices on both BSE and NSE witnessed major jumps.RUCHI SOYA SHARE PRICERuchi Soya Industries Ltd's share price on BSE rose by 3.55 per cent to Rs 978.50. On the NSE, the share price jumped by 3.87 per cent to Rs 979.50.RUCHI SOYA FPOThe Ruchi Soya FPO opened on March 24 and closed on March 28.The FPO was subscribed 3.6 times on the last day of the issue. Against the size of 4.89 crore shares, the FPO received vids for 17.56 crore equity shares, according to a business today report.FIR LODGEDAn FIR was lodged even as the Securities and Exchange Board of India (Sebi) in a letter to Ruchi Soya sought clarification over a message which was circulated in social media.The message stated ""good investment opportunity"" in ""Patanajali group company Ruchi Soya Industries. It also stated a ""discount of 30 per cent to market price.""""We understand that there is a SMS/message in circulation in social media, speculating about investment opportunity in our Company’s Issue and about equity shares of our Company being available at discount to the market price (“Message”). We wish to bring to attention of the investors that this Message has not been issued by our Company or any of our Directors, Promoters, Promoter Group or Group Companies,"" the company said in a BSE filing.Ruchi Soya stated that they filed an FIR on March 27 at a police station in Haridwar, according to the Business Today report.BOARD MEETING POSTPONEDRuchi Soya Industries postponed its board meeting to March 31. In the board meeting, Ruchi Soya FPO's issue price and anchor investor price will be determined.RAMDEV'S STATEMENTAhead of the Ruchi Soya FPO, Baba Ramdev stated that the company would become debt-free by April. Ruchi Soya has a debt of Rs 3,300 crore.ALSO READ | LIC IPO date: When to expect launch of mega initial share sale",NA,https://www.indiatoday.in/business/story/ruchi-soya-share-price-fpo-subscription-news-baba-ramdev-1931431-2022-03-30
10,business,LIC IPO date: When to expect launch of mega initial share sale,"(30, 3, 2022)","As the ongoing financial year is coming to an end on March 31, the question over the launch date of LIC's initial public offering (IPO) is yet to be answered. The mega initial share sale of the country's largest insurer was originally planned to be launched by the end of this fiscal year, but the Russia-Ukraine war derailed the plans as share markets went into highly volatile mode.

Now that both share market indexes sensex and nifty have started to make gains, investors are waiting for an announcement regarding the launch of LIC's IPO. However, it is up to the government to decide the right time for the launch of LIC IPO given the fact that it would be the biggest ever initial share sale in the history of the Indian stock market.LIC IPO IN APRIL?The government may go for the listing of LIC's IPO by mid-April, according to a Reuters report.""Most likely, LIC will now be listed by mid-April. We are closely watching the market conditions,"" Reuters had reported earlier in March quoting a government official.Meanwhile, deferring the LIC listing to the next financial year, which starts on April 1, also helps the government to meet its targeted fiscal deficit of 6.4 per cent of GDP in the coming fiscal year as proceeds from the IPO boost its revenue, Reuters reported.TIME TILL MAY 12The government has time till May 12 this year to launch the LIC's IPO, according to the draft papers or Draft Red Herring Prospectus (DRHP)If the government postpones the launch date of LIC's IPO beyond May 12, then fresh draft papers will have to be submitted.The draft papers were filed with the Securities and Exchange Board of India (Sebi) on February 13. The DRHP has been cleared by Sebi.Last week, the government filed updated draft papers with market regulator Sebi for the initial public offer of LIC, incorporating December quarter financials of the insurance behemoth.LIC IPO SIZEThe government is expecting to garner over Rs 60,000 crore by selling about 31.6 crore or 5 per cent stake in the life insurance firm to meet the curtailed disinvestment target of Rs 78,000 crore in the current fiscal.LIC’s embedded value, which is a measure of the consolidated shareholders' value in an insurance company, was pegged at about Rs 5.4 lakh crore as of September 30, 2021, by international actuarial firm Milliman Advisors.Although the DRHP does not disclose the market valuation of LIC, as per industry standards it would be about 3 times the embedded value.At a 5 per cent stake dilution, the LIC IPO would be the biggest ever in the history of the Indian stock market and once listed its market valuation would be comparable to top companies like Reliance Industries Limited (RIL) and Tata Consultancy Services (TCS).So far, the amount mobilised from the IPO of Paytm in 2021 was the largest ever at Rs 18,300 crore, followed by Coal India (2010) at nearly Rs 15,500 crore and Reliance Power (2008) at Rs 11,700 crore.ALSO READ | Crypto Tax rules in India: How will cryptocurrency assets be taxed from April 1?",NA,https://www.indiatoday.in/business/story/lic-ipo-date-details-size-when-to-expect-launch-1931358-2022-03-30
11,business,"ITR filing last date: No refund, higher TDS likely if income taxpayers don't file returns","(30, 3, 2022)","The income tax return (ITR) filing last date is March 31, 2022 and non-filers may not get any income tax refund, if due. Apart from this, taxpayers who won't file ITR, may be required to pay higher Tax Deducted at Source (TDS).

""Not filing ITR can result in higher TDS next year. The last date to file ITR for AY 2021-22 is 31st March, 2022. Let’s not wait for the last day! File Now,"" the Income Tax department tweeted.If you fail to file ITR for AY 2021-22, TDS rate, applicable on you, may increase, the department said.Not filing ITR can result in higher TDS next year.The last date to file ITR for AY 2021-22 is 31st March, 2022.Let’s not wait for the last day! #FileNowPl visit: https://t.co/GYvO3n9wMf#ITR pic.twitter.com/cfXpKPEgp8— Income Tax India (@IncomeTaxIndia) March 25, 2022
Those who won't file ITR by March 31, 2022, would be required to pay a late fee of Rs 1,000 or Rs 5,000 as per section 234F of the Income-tax Act, 1961.""Dear taxpayers, please remember that non-filers may not get any refund, if due,"" Income Tax India tweeted.Dear taxpayers,Pl remember that non-filers may not get any refund, if due. So, pl file your #ITR, NOW!The last date to file ITR for AY 2021-22 is 31st March, 2022.#FileNowPl visit: https://t.co/GYvO3n9wMf pic.twitter.com/9CrErSYXfr— Income Tax India (@IncomeTaxIndia) March 26, 2022
Last week, the Lok Sabha approved the Finance Bill 2022 giving effect to the taxation proposals and completing the Budgetary exercise for 2022-23 fiscal by the lower house.Finance Minister Nirmala Sitharaman said that the number of taxpayers has increased to 9.1 crores from 5 crores a few years back. She also said that the government was taking steps to widen the tax base and the faceless assessment has been received well by people.ALSO READ | Crypto Tax rules in India: How will cryptocurrency assets be taxed from April 1?",NA,https://www.indiatoday.in/business/story/income-tax-return-itr-filing-last-date-no-refund-higher-tds-likely-for-taxpayers-1931326-2022-03-30
12,business,Bitcoin price drops: Check latest cryptocurrency prices,"(30, 3, 2022)","Bitcoin and most of the major cryptocurrencies were trading flat after a week of gains. While Bitcoin was hovering over $47,000-mark, the global cryptocurrency market was in the red.

The second largest cryptocurrency by market capitalization, Ethereum, was flat at $3,300-mark. Popular alt coins Dogecoin and Shiba Inu witnessed the biggest declines.BITCOIN PRICEBitcoin's price was down by 0.08 per cent at $46,543. The Ethereum price was flat at $3,400.XRP was down at $0.863, Cardano fell to $1.19, Avalanche was down at $92.67, Polkadot fell to $22.30, Stellar was down at $0.230994.While dogecoin was down to $0.142, Shiba Inu fell to $0.000027.""Bitcoin and Ethereum are currently trading flat at US$47,000 and US$3,300 levels. BTC is approaching its resistance zone between US$48,000 to US$50,000, which can reverse the downward trend from the past three months entirely,"" Edul Patel, CEO and Co-founder, Mudrex said.""The growth in the crypto market could be attributed to the progress in cease-fire talks between Russia and Ukraine and increasing interest among institutional investors. While few cryptos have witnessed growth early today, few also fell. Axie Infinity dropped by nearly 6 per cent as the gaming-focused Ronin Network lost over US$625 million in USDC and ETH yesterday,"" Patel said.ALSO READ | Gold, silver prices today: Precious metals record hike on MCX| Check latest rates here",NA,https://www.indiatoday.in/business/story/bitcoin-price-drops-check-latest-cryptocurrency-prices-1931303-2022-03-30
