SN,category,headline,date,content,keywords,link
1,business,Gautam Adani back as Asia's richest man with net worth of $100 billion,"(2, 4, 2022)","Gautam Adani, the chairman of Adani Group, became Asia's richest person with a net worth touching $100 billion. Adani is at 10th position in the global Index, while Reliance Industries chairman Ambani slipped to 11th position.

According to Bloomberg Billionaires Index, Adani has also become a centibillionaire -- a person with a net worth of $100 billion or above. Adani has added $23.5 billion to his net worth in the last year, the highest in the list. Meanwhile, Ambani had added $9.03 billion to his net worth in the same period.The 59-year-old founder of Adani Group controls companies ranging from ports and aerospace to thermal energy and coal. Meanwhile, Ambani, who also happens to be the richest Asian at present, controls Reliance Industries and is the owner of the world's largest oil refining complex.Tesla's Elon Musk continues to be the richest man in the world with a net worth of $273 billion, followed by Amazon's Jeff Bezos in the second spot with $188 billion net worth.In February, both Mukesh Ambani and Gautam Adani surpassed Mark Zuckerberg on Forbes' list of real-time billionaires after he lost $29 billion in net worth as Facebook owner Meta Platforms Inc's stock marked a record one-day plunge following a disappointing earnings forecast that shook the global tech landscape.Live TVALSO READ | Mukesh Ambani, Gautam Adani richer than Mark Zuckerberg after Meta stock shockALSO READ | Gautam Adani’s group gets richer by over $2 billion with Adani Wilmar listing",NA,https://www.indiatoday.in/business/story/gautam-adani-richest-man-in-asia-mukesh-ambani-elon-musk-1932802-2022-04-02
2,business,"Petrol, diesel prices hiked again after day's gap. Check latest rates here","(2, 4, 2022)","Petrol and diesel prices have been hiked again after a day's gap. In Delhi, the prices were raised by 80 paise, bringing the cost of petrol to Rs 102.61 per litre, while diesel will be sold at Rs 93.87 per litre.

Mumbai saw an increase of 85 paise, bringing the cost of petrol and diesel to Rs 117.57 and Rs 101.79.After a hike of 76 paise, petrol and diesel prices in Chennai touched Rs 108.21 and 98.28.In Kolkata, the price of petrol was hiked by 84 paise, pushing the cost to Rs 112.19, while diesel would be sold at Rs 97.02 after an increase of 80 paise.This is the 10th increase in prices since the ending of a four-and-half-month-long hiatus in rate revision on March 22.",NA,https://www.indiatoday.in/business/story/petrol-diesel-prices-hiked-again-delhi-mumbai-kolkata-chennai-1932569-2022-04-02
3,business,"CNG, PNG get more expensive in Delhi-NCR as IGL hikes prices | CHECK NEW RATES","(1, 4, 2022)","The Indraprastha Gas Limited (IGL) on Friday announced its decision to hike the prices of compressed natural gas (CNG) and piped natural gas (PNG) in Delhi-NCR by Rs 80 paise per kg and Rs 5.85 per standard cubic metre (SCM), respectively.

A single kg of CNG will now cost Rs 60.81 in the National Capital Territory (NCT) of Delhi, an increase from the earlier Rs 60.01. The same will cost 63.38 per kg in Noida, Greater Noida and Ghaziabad and Rs 69.17 per kg in Gurugram.This is reportedly the sixth increase in CNG prices over the last month and comes on the heels of a hike in the price of petrol and diesel, and a hike in cooking gas LPG rates.PNG RATESSimilarly, the price of PNG has been hiked by Rs 5 per SCM in Delhi and Rs 5.85 per SCM in Noida and Ghaziabad.Piped natural gas (PNG) will now cost Rs 41.61 per SCM in Delhi, Rs 41.71 per SCM in Noida, Greater Noida and Ghaziabad, Rs 40.82 per SCM in Karnal and Rewari, Rs 39.91 per SCM in Gurugram, Rs 45.22 per SCM in Muzaffarnagar, Meerut and Shamli, Rs 47.03 per SCM in Ajmer, Pali and Rajsamand, and Rs 44.35 per SCM in Kanpur, Hamirpur and Fatehpur.The new rates will be effective from April 1, 2022, as per information posted on the website of Indraprastha Gas Ltd (IGL).",NA,https://www.indiatoday.in/business/story/cng-per-kg-piped-natural-gas-png-price-hike-delhi-ncr-1932540-2022-04-01
4,business,Amazon wanted to destroy us and it succeeded: Future Retail tells SC,"(1, 4, 2022)","Future Retail told the Supreme Court on Friday that Amazon wanted to destroy the company, and it succeeded, as the long-running legal battle continues over Future Retails's merger deal with Reliance.

Senior advocate Harish Salve, appearing for FRL, said that around 374 shops are with the group and it is not going to give them to anybody on its own unless 'some landlords' throw them out, referring to the take over of stores by Reliance. According to Salve, license fee of 374 stores is over Rs 1,100 crore.“My bank accounts are frozen I can’t pay rent. Everyone is hoping if scheme gets through Reliance comes in and everyone will get the money,” he said, adding that there was no money to pay the rentals and moreover, if the lending banks come, then the IBC (Insolvency and Bankruptcy Code) will come into picture.""No one wants to do business with us now. When the landlord gives an eviction notice, then what can we do? For Rs 1,400 crore (worth of the Amazon-Future disputed deal), Amazon has destroyed a Rs 26,000 crore company. Amazon has been successful in what it wanted to do,"" Advocate Salve said.Meanwhile, Senior advocate Gopal Subramanium, appearing for the US firm, said that assets should remain with Future Retail till the arbitration proceedings are completed.“Our prayer is to restrain alienation of FRL's assets in favour of any other party and assets must continue to remain with FRL and operate with FRL until the matter is resolved by the arbitral tribunal,” Advocate Subramanium said.""The question that they are short of money and could not pay lease rental is a strategy, a sham and it is to overcome the representation made before court when they asked to let the proceedings continue,"" he added.Amazon and Future group are engaged in multi-forum litigation on the issue of FRL's merger deal to the tune of Rs 24,500 crore with Reliance Retail Ltd after Amazon dragged FRL to arbitration at the Singapore International Arbitration Centre in October 2020.It has been alleged by Amazon that on March 3, as many as 600 stores of FRL were taken away by Reliance.Live TVALSO READ | Amazon driving us to our knees, we're broke: Future Retail to Supreme Court",NA,https://www.indiatoday.in/business/story/amazon-future-retail-reliance-merger-deal-supreme-court-assets-1932465-2022-04-01
5,business,Russia is selling oil at discounted prices to India | All you need to know,"(1, 4, 2022)","Russia is selling crude oil at discounted prices to India at a time when oil marketing companies have started increasing petrol and diesel rates across the country. Meanwhile, the government was closely monitoring global energy markets situation in the backdrop of evolving geopolitical events, Minister of State for Petroleum and Natural Gas Rameswar Teli said.

Teli has said that if required, the government would release the strategic petroleum reserve (SPR) to mitigate market volatility and calm the rise in crude oil prices.PETROL, DIESEL PRICESWhile OMCs paused retail price revision during the period when international oil prices spiked to a 14-year high of USD 139, petrol and diesel prices have been revised 9 times since March 22, totalling a hike of Rs 6.4 per litre till Friday.RUSSIAN OILIndia is dependent on imports to meet 85 per cent of its oil needs. Its major sources of crude oil are Iraq, Saudi Arabia, the UAE, Nigeria and the US.Refiners in India, the world's third biggest oil importer and consumer, have been snapping up Russian oil through spot tenders since the war broke out on February 24, taking advantage of deep discounts as other buyers back away. India has purchased at least 13 million barrels of Russian oil since February 24, compared with nearly 16 million barrels in all of 2021, according to a Reuters report.Russia is offering a discount of $35 a barrel to price levels prior to the start of the Ukraine crisis in February, the Reuters report said.Indian Oil Corp has a contract with Russian oil company Rosneft that gives India's top refiner an option to buy up to 2 million tonnes, equivalent to about 15 million barrels, of Urals in 2022, as per the Reuters report.While OMCs have snapped distressed Russian oil being offered at a deep discount post-Ukraine war, Minister of State for Petroleum and Natural Gas Rameswar Teli said: ""less than 1 per cent of total crude oil (is) being imported from Russia in the year 2021-22 (till January).""""Import of crude oil is carried out by Indian oil and refining companies in the public and private sector from diverse sources, including from sources in Russia, through business-to-business arrangements, based on techno-commercial considerations and domestic requirements,"" the Minister said.INDIA'S OIL RESERVEIn November 2021, in a bid to control inflationary pressures, India, in consultation and parallel with major energy consumers, agreed to release 5 million barrels from its SPR.Teli said India maintains SPR of 5.33 million tonne, or the equivalent of about 9.5 days of crude oil requirements.In addition, oil marketing companies (OMCs) currently have a capacity of 64.5 days.""Hence, the total storage capacity of crude oil and petroleum products is 74 days,"" he said.INTERNATIONAL OIL PRICESBrent crude futures slid to $104.63 a barrel on Friday. The US West Texas Intermediate (WTI) crude futures fell to $99.89 a barrel, according to the Reuters report.ALSO READ | Petrol, diesel prices in India are rising even as global oil rates slump | Here's why",NA,https://www.indiatoday.in/business/story/russia-is-selling-oil-at-discounted-prices-to-india-all-you-need-to-know-1932270-2022-04-01
6,business,Income Tax Department notifies ITR forms | Check details,"(1, 4, 2022)","The Income Tax department has notified forms for filing Income Tax returns (ITR) for financial year 2021-22. ITR forms 1-5 have been notified by the Central Board of Direct Taxes (CBDT), according to a PTI report.

ITR FORM 1, 4ITR Form 1 (Sahaj) and ITR Form 4 (Sugam) are simpler forms that cater to a large number of small and medium taxpayers.Sahaj can be filed by an individual having income up to Rs 50 lakh and who receives income from salary, one house property and other sources (interest, etc).ITR-4 can be filed by individuals, HUFs and firms with total income up to Rs 50 lakh and having income from business and profession.ITR FOMR 3, 5ITR-3 is filed by people having income as profits from a business/ profession, while ITR-5 is filed by a corporate body limited liability partnership (LLP).While the ITR-1 form has been kept broadly the same as last year, the new addition to the form was the inclusion of income from a retirement benefit account maintained in a foreign country for the calculation of net salary.It also seeks details on whether or not the said retirement benefit account was maintained in a notified country under section 89A of the I-T Act. Taxpayers can also claim relief from taxation under section 89A on this income.This will pave the way for the government technology team to develop Excel utility well in time, helping the taxpayers for early filings, AMRG & Associates Senior Partner Rajat Mohan said.ALSO READ | 7th pay commission: DA for central government employees got doubled | Check calculation",NA,https://www.indiatoday.in/business/story/income-tax-department-notifies-itr-forms-1932361-2022-04-01
7,business,Supertech insolvency: Guide for homebuyers to file claims,"(1, 4, 2022)","Thousands of homebuyers of Supertech housing projects in the national capital region (NCR) need to submit their claims to insolvency resolution professional (IRP) after the real estate developer was declared bankrupt by the National Company Law Tribunal (NCLT).

Acting on a petition filed by the Union Bank of India for non-payment of around Rs 432 crore worth of dues, the bankruptcy court ordered the initiation of insolvency proceedings against real estate firm Supertech Ltd, one of the companies of the Supertech group.The NCLT said, ""there has been a default in payment of the financial debt"" and appointed Hitesh Goyal as the Interim Resolution Professional (IRP) superseding the board of Supertech Ltd.PROJECT HITSupertech Ltd has 38,041 customers and out of them, homes have been delivered to 27,111 people. As many as 10,930 homes are yet to be delivered and among them, over 70 per cent construction is complete with respect to over 8,000 homes, Supertech Group Managing Director Mohit Arora was quoted as saying by PTI.Arora said, ""there are around 11-12 housing projects in the Supertech Ltd against which insolvency proceedings have been initiated. Around 90 per cent of these projects are completed.""The projects that will be impacted include Hilltown, hill estate, Aravile, Hues, Azalia, Official Enclave/Hill Crest, Sports village, Eco village 1, Eco village 2, Eco village 4, Eco village 3, Capetown, Cape Crown, North Eye, Romano, Livingstone, Meerut Sports City, Green village Meerut, Palm Green Meerut, Palm Green Moradabad, 34 Pavillion, Up Country, Czar, Doon Square, River Crest, Micasa, Eco Citi, Emerald Court, Apex/Ceyane, and Ritz Vila, according to document provided by Supertech.HOW TO CLAIMHomebuyers need to visit https://www.supertechlimited.com/public-announcement.php .All financial creditors, including real estate allottees, must submit their claims with proof online.For claim process related queries, homebuyers can call +91 8904039001 between 10 am to 6 pm.ALSO READ | Supertech declared bankrupt | Are your flats safe?",NA,https://www.indiatoday.in/business/story/supertech-insolvency-guide-for-homebuyers-to-file-claims-capetown-eco-village-1932384-2022-04-01
8,business,GST collection at all-time high of Rs 1.42 lakh crore in March,"(1, 4, 2022)","In silver lining for the economy, the highest ever GST has been collected in the month of March. The collection of Goods and Services Tax (GST) stood at Rs 1,42,095 crore, breaching the earlier record of Rs 1,40,986 crore collected in January 2022.

The revenues for March 2022 are 15% higher than the GST revenues in the same month last year and 46% higher than the GST revenues in March 2020.During the month, revenues from the import of goods were 25% higher and the revenues from domestic transactions (including imports of services) were 11% higher than the revenues from these sources during the same month last year.GST COLLECTION The gross GST revenue collected in the month of March 2022 is Rs 1,42,095 crore, of which Central GST is Rs 25,830 crore, state GST is Rs 32,378 crore, integrated GST is Rs 74,470 crore (including Rs 39,131 crore collected on the import of goods) and cess is Rs 9,417 crore (including Rs 981 crore collected on import of goods).According to official data, the government has settled Rs 29,816 crore to CGST and Rs 25,032 crore to SGST from IGST as regular settlement. In addition, the Centre has also settled Rs 20,000 crore of IGST on an ad-hoc basis at the ratio of 50:50 between the Centre and the states/Union Territories this month.In what seems like an economic rebound, the total number of e-way bills generated in February 2022 is Rs 6.91 crore as compared to e-way bills generated in January 2022 (Rs 6.88 crore).Ladakh saw the highest jump in GST collections, a 72% (year-on-year) basis, followed by Lakshadweep which registered a 36% rise.Negative collection figures came to the fore from Daman and Diu, which saw GST revenue at -92%.ALSO READ | Supertech insolvency: Guide for homebuyers to file claims",NA,https://www.indiatoday.in/business/story/gst-collection-at-all-time-high-of-rs-1-42-lakh-crore-in-march-1932410-2022-04-01
9,business,"Sensex, Nifty close at two-month high | Top performing shares","(1, 4, 2022)","The Sensex and Nifty closed at a two-month high on Friday as power companies rallied on expectations of higher demand in the summer months, while heavyweight financials also lent support.

Buoyed by gains late in the session, the NSE Nifty 50 index closed 1.18 per cent or 205.70 points higher at 17,670.45 and the S&P BSE Sensex rose 1.21 per cent or 708.18 points to 59,276.69. Both the indexes added more than 3 per cent this week, helped by a slide in crude prices.After surging due to Russia's invasion of Ukraine, oil prices have retreated this week thanks to a massive reserve release by the United States. That has been a positive for India, the world's third-largest importer and consumer of oil.Investor sentiment on Friday was also supported by news that India's richest state Maharashtra - home to the country's financial capital Mumbai - was lifting its mask mandate after a steep fall in Covid-19 cases and deaths.All sub-indexes, except pandemic winners Nifty IT and Nifty Pharma, were trading sharply higher, led by the Nifty PSU Bank index with a 4 per cent jump.Power producer NTPC led the gains on the Nifty 50 with a 5.8 per cent jump, while power transmission firm Power Grid Corp climbed 3.8 per cent, boosted by what analysts said were expectations of higher electricity consumption over the coming months and reports of power shortages.The Nifty Energy index rose 2.5 per cent to a record high.India's largest private lender HDFC Bank and heavyweight mortgage lender HDFC Ltd climbed around 2.5 per cent each. The Nifty Bank index closed 2.1 per cent higher.The Nifty Auto index was up 1.2 per cent as investors assessed monthly sales reports from automakers.ALSO READ | No hike in petrol, diesel prices in Delhi, Chennai, Mumbai, Kolkata. Check latest rates here",NA,https://www.indiatoday.in/business/story/sensex-nifty-close-at-two-month-high-top-performing-shares-1932391-2022-04-01
10,business,PPF vs EPF vs FD: Check latest interest rates,"(1, 4, 2022)","Employees Provident Fund (EPF), fixed deposit (FD) and Public Provident Fund (PPF) are popular among investors who prefer low-risk investment and a decent dividend. One of the main reasons behind the popularity of such savings schemes is stable returns. However, any changes in interest rates on EPF, PPF, and FD would mean there will be change in the return amount too.

PPF INTEREST RATEThe PPF interest rate for the first quarter of the new financial year remains at 7.1 per cent.This comes after the government on Thursday kept interest rates unchanged for small savings schemes, including PPF and NSC, for the first quarter of 2022-23 amid rising inflation.The interest rate has not been revised since the first quarter of FY 2020-21.""The rate of interest on various small savings schemes for the first quarter of the financial year 2022-23, starting from April 1, 2022, and ending on June 30, 2022, shall remain unchanged from the current rates applicable for the fourth quarter (January 1, 2022, to March 31, 2022) for FY 2021-22,"" the finance ministry said in a notification.Interest rates for small savings schemes are notified on a quarterly basis.EPF INTEREST RATERecently, the EPF or Provident Fund (PF) interest rate was reduced to a four-decade low of 8.1 per cent for FY 2021-22 from 8.5 per cent by the Employees Provident Fund Organisation (EPFO).The EPFO paid 8.5 per cent interest rate to its subscribers in FY 2020-21, the same as in the previous year. The EPF rate was 8.65 per cent in fiscal 2018-19 and 8.55 per cent in FY 2017-18. In FY 2016-17, the EPF interest rate was at 8.65 per cent.FD INTEREST RATEThe one-year term deposit scheme will continue to earn an interest rate of 5.5 per cent in the first quarter of the new fiscal.Term deposits of one to five years will fetch an interest rate in the range of 5.5-6.7 per cent, to be paid quarterly, while the interest rate on five-year recurring deposits will earn a higher interest of 5.8 per cent.The interest rate on savings deposits will continue to be at 4 per cent per annum.The State Bank of India (SBI) is offering 5 per cent interest rate on a one-year fixed deposit.ALSO READ | 7th pay commission: DA for central government employees got doubled | Check calculation",NA,https://www.indiatoday.in/business/story/ppf-vs-epf-vs-fd-check-latest-interest-rates-1932353-2022-04-01
11,business,Income tax alert: Important updates for taxpayers,"(1, 4, 2022)","The Central Board of Direct Taxes (CBDT) has made a number of important announcements for income taxpayers. The deadline for filing income tax returns (ITRs) is over but there are key provisions which taxpayers may look into.

The CBDT has extended the last date for filing of Form No 10AB, relaxed provisions of ax Collected at Source (TCS) under Section 206C(1G) of IT Act, 1961, and entered into 62 Advanced Pricing Agreements (APA) in financial year 2021-22 with taxpayers.In consideration of difficulties in online filing of Form No. 10AB as stipulated in Rule 2C or 11AA or 17A of the Income-Tax Rules, 1962, the CBDT extended the last date for online filing of Form No. 10AB.CBDT extends the last date for filing of Form No.10AB for seeking registration or approval under Section 10(23C), 12A or 80G of the IT Act,1961. The application for registration or approval in Form No. 10AB can be filed upto 30th September, 2022. Details in the Press Release. pic.twitter.com/SkMap3ciSt— Income Tax India (@IncomeTaxIndia) March 31, 2022
CBDT entered into 62 Advanced Pricing Agreements (APA) in FY 2021-22 with taxpayers including 13 Bilateral and 49 Unilateral APAs.The APA Scheme endeavours to provide certainty to taxpayers in the domain of transfer pricing by specifying the methods of pricing and the arm's length price of international transactions in advance for the maximum of five future years.CBDT enters into 62 Advanced Pricing Agreements (APA) in FY 2021-22 with Indian taxpayers including 13 Bilateral & 49 Unilateral APAs. The progress in APA scheme reflects Govt’s resolve of fostering a non-adversarial tax regime and increasing EODB. Details in the Press Release pic.twitter.com/Y7lInQx9oK— Income Tax India (@IncomeTaxIndia) March 31, 2022
Further, the taxpayer has the option to rollback the APA for four proceeding years, as a result of which, a total of nine years of tax certainty is provided.Domestic tour operators were facing difficulties in collection of tax from non-resident individuals visiting India who were booking overseas tour packages from such domestic tour operators. Since such persons may not have a Permanent Account Number (PAN), tax is required to be collected at higher rates. Further, such non-residents may find it difficult to furnish their ITR and claim refunds.Central Govt relaxes provisions of TCS under Section 206C(1G) of IT Act,1961 in respect of non-resident individuals visiting India. The provisions shall not apply to an individual who is not a resident in India in terms of Clause 1&1A of Section 6 of the Act. Press Release issued pic.twitter.com/qU79x5tlyP— Income Tax India (@IncomeTaxIndia) March 31, 2022
In order to remove such difficulties, the Central Government relaxed provisions of TCS under section 206C(1G) of the Income Tax Act, 1961 in respect of non-resident individuals visiting India.ALSO READ | No hike in petrol, diesel prices in Delhi, Chennai, Mumbai, Kolkata. Check latest rates here",NA,https://www.indiatoday.in/business/story/income-tax-alert-important-updates-for-taxpayers-1932300-2022-04-01
12,business,"Bitcoin price drops, other cryptocurrencies fall | Check latest","(1, 4, 2022)","Bitcoin price and other major cryptocurrencies fell on Friday amid fears of inflation and the European Union's tough stance on crypto legislation, according to coindesk. While Bitcoin slumped to a two per cent drop to go down below $45,000, Ethereum dropped below $3,330-mark.

BITCOIN PRICEThe world's most popular and largest cryptocurrency, Bitcoin, fell by 4.92 per cent to $44,744.Ethereum, the second largest Cryptocurrency by market capitalisation, was down by 4.23 per cent to $3,253.Other cryptocurrencies such as XRP fell by 4.39 per cent, Terra went down by 5.65 per cent, Cardano fell by 6.18 per cent, Avalanche fell by 5.34 per cent, Polkadot fell by 7.01 per cent, Stellar was down by 4.98 per cent.Other popular alt coins, Dogecoin fell by 6.44 per cent, and Shiba Inu was down by 8.25 per cent.""Bitcoin, Ethereum, and other cryptocurrencies fell after the European Union voted on crypto legislation on Thursday. BTC and ETH dropped by nearly 5% each over the past 24 hours,"" Edul Patel, CEO and Co-founder, Mudrex said.""BTC sellers have reached the resistance at US$48,000, resulting in the pullback now. The support price of BTC currently holds at US$43,000 to keep the buyers active. If BTC buyers can make a decisive move above US$45,000, it may likely be back to the winning streak again,"" Patel said.ALSO READ | Sensex, Nifty kick off new financial year on muted note | Top shares",NA,https://www.indiatoday.in/business/story/bitcoin-price-usd-cryptocurrency-ethereum-latest-1932221-2022-04-01
