SN,category,headline,date,content,keywords,link
1,business,"TCS, Adani Green, Paytm share prices gain big: Check latest","(12, 4, 2022)","Share prices of Tata Consultancy Services (TCS), Adani Green, and Paytm on Tuesday rose after stocks made hefty gains.

In early morning trade, TCS share price rose over 0.26 per cent, Adani green energy ltd's shares gained more than six per cent, and Paytm stock price rose by over 0.20 per cent.TCS SHARE PRICETCS share price on BSE rose by 0.29 per cent to Rs 3707.You can track TCS share price on BSE at https://www.bseindia.com/stock-share-price/tata-consultancy-services-ltd/tcs/532540/ .On the NSE, TCS share price gained 0.23 per cent to Rs 3,705.TCS share price on NSE can be checked at https://www.nseindia.com/get-quotes/equity?symbol=TCSADANI GREEN SHARE PRICEAdani Green Energy's share price made more than 4 per cent gains to hit Rs 2,830 on the BSE on Wednesday.You can track Adani Green Energy limited share price at BSE - https://www.bseindia.com/stock-share-price/adani-green-energy-ltd/adanigreen/541450/On the NSE, Adani Green Energy's share price was up by 6.30 per cent at Rs 2,833.You ca check Adani Green Energy share price on NSE at - https://www.nseindia.com/get-quotes/equity?symbol=ADANIGREEN .PAYTM SHARE PRICEThe share price of Paytm (One 97 Communications Ltd) gained 0.29 per cent to Rs 690 on BSE.You can check Paytm share price on BSE at https://www.bseindia.com/stock-share-price/one-97-communications-ltd/paytm/543396/ALSO READ | Gold, silver prices today: Precious metals record hike on MCX| Check latest rates here","['TCS SHARE PRICE', ' TCS SHARE', ' TCS SHARE PRICE NSE', ' TCS NEWS', ' ADANI GREEN SHARE', ' ADANI GREEN SHARE PRICE', ' ADANI GREEN SHARE PRICE NSE', ' ADANI GREEN NEWS', ' ADANI GREEN SHARE PRICE TODAY', ' ADANI GREEN SHARE NEWS', ' ADANI GREEN NSE', ' ADANI GREEN SHARE BSE', ' ADANI GREEN SHARE PRICE BSE', ' PAYTM SHARE', ' PAYTM SHARE PRICE', ' PAYTM NEWS']",https://www.indiatoday.in/business/story/tcs-adani-green-paytm-share-price-bse-nse-latest-stock-1936385-2022-04-12
2,business,"Sensex falls 400 points, Nifty down at 17,536","(12, 4, 2022)","The Sensex and Nifty opened in the red on Tuesday for a second straight session, ahead of domestic and US inflation data due later in the day. Investors are focusing on the earnings season for cues on the impact of a price surge on companies.

The NSE Nifty 50 index was down 0.78 per cent or 138.25 points at 17,536.70, while the S&P BSE Sensex fell 0.67 per cent or 397.37 points to 58,567.20.Shares of IT behemoth Tata Consultancy Services (TCS) rose 0.5 per cent after the company reported higher profit on Monday due to large deal signings. TCS kick-started the Indian earnings season.India's retail inflation likely sped up to a 16-month high of 6.35 per cent in March, well above the Reserve Bank of India's upper tolerance band for a third straight month, in part due to a sustained rise in food prices, a Reuters poll found.Meanwhile, Asian shares slid and the US dollar held strong, as Treasury yields spiked to a three-year high ahead of U.S. inflation data which could foreshadow even more aggressive interest rate hikes from the Federal Reserve.ALSO READ | Gold, silver prices today: Precious metals record hike on MCX| Check latest rates here","['sensex today', ' nifty today', ' share market today', ' stock market today']",https://www.indiatoday.in/business/story/sensex-falls-400-points-nifty-down-at-17-536-1936369-2022-04-12
3,business,"Gold, silver prices today: Precious metals record hike on MCX| Check latest rates here","(12, 4, 2022)","Both gold and silver prices are retailing on the higher side of the Multi Commodity Exchange (MCX) on April 12.

With a hike of Rs 321 or 0.62 per cent, gold futures maturing on June 3, 2022, are trading at Rs 52,375 per 10 grams on the MCX.Meanwhile, silver futures maturing on May 5, 2022, are retailing at Rs 67,890 per kg, recording a jump of Rs 745 or 1.11 per cent.Yesterday, while gold rates stood at Rs 52,180 per 10 grams on the MCX, silver was at Rs 67,146 per kg.INTERNATIONAL MARKET RATESAs per the metal report by Reuters, gold prices fell on Tuesday as Treasury yields and the dollar gained ahead of U.S. inflation data, a reading that could help investors get more clues about the Federal Reserve's monetary policy stance.Meanwhile, spot gold was down 0.2 per cent at $1,950.52 per ounce by 0100 GMT, after hitting a near one-month peak of $1,968.91 on Monday. U.S. gold futures were up 0.3 per cent at $1,954.00.The benchmark 10-year U.S. Treasury yield rose on Monday to its highest in more than three years as investors awaited the latest inflation readings for indications of how hawkish the Federal Reserve will need to be in its policy path.Spot silver shed 0.4% at $24.97 per ounce and platinum was up 0.1 per cent to $978.00.PRICES IN MAJOR INDIAN CITIESCITYGOLD (per 10 grams, 22 carats) SILVER (per kg) NEW DELHI Rs 49,000Rs 72,900MUMBAIRs 49,000Rs 68,100KOLKATARs 49,000Rs 68,100CHENNAIRs 49,560Rs 72,900READ|TCS results: Revenue crosses Rs 50,000 crore, net profit rises","['gold price today', ' gold price today in delhi', ' gold price today in mumbai', ' gold price today in kolkata', ' gold price today in india', ' silver price today', ' gold rate today']",https://www.indiatoday.in/business/story/gold-silver-prices-today-precious-metals-record-hike-on-mcx-check-latest-rates-here-1936366-2022-04-12
4,business,"TCS results: Revenue crosses Rs 50,000 crore, net profit rises | Top points","(11, 4, 2022)","Tata Consultancy Services (TCS) on Monday announced its fourth quarter results for the financial year 2021-22. The tech services giant's net profit rose and revenue grew amid the Covid-19 pandemic.

The software giant reported a 7.4 per cent rise in March-quarter profit, as more businesses across the world leaned on technology and related services to drive their operations. TCS revenue crossed Rs 50,000 crore for the first time as it rose 15.8 per cent to Rs 50,591 crore in Q4.Here is all you need to know about TCS Q4 results.TCS's net profit was up by 1.6 per cent at Rs 9,926 crore against Rs 9,769 in the third quarter. The revenue saw a spike of 3.5 per cent at Rs 50,591 crore against Rs 48,885 crore in the third quarter..TCS' earnings mark the beginning of India's month-long corporate results season, with investors likely to focus on the impact of surging inflation on profit margins.TCS share price on NSE closed at Rs 3,699, up by 0.36 per cent on Monday. On BSE, TCS share price was up by 0.26 per cent at Rs 3696.40.""Increasing participation in our customers' growth and transformation journeys, and an all-time high order book provide a strong and sustainable foundation for continued growth ahead,"" TCS' Chief Executive Officer Rajesh Gopinathan said in a statement.ALSO READ | Lemon price rise: Don't blame petrol, diesel, CNG prices hikes alone","['tcs results', ' tcs share', ' tcs share price', ' tcs q4 results', ' tcs news']",https://www.indiatoday.in/business/story/tcs-results-q4-net-profit-rises-revenue-grows-1936155-2022-04-11
5,business,International oil price drops below $100 | Check latest rate,"(11, 4, 2022)","Oil prices dropped by $4 a barrel on Monday, with Brent crude tumbling below $100 on plans to release record volumes of crude and oil products from strategic stocks and on continuing coronavirus lockdowns in China.

Brent crude for June delivery was down $3.93, or 3.8 per cent, at $98.85 a barrel. U.S. West Texas Intermediate crude lost $4.19, or 4.3 per cent, to $94.07.Bank of America maintained its forecast for Brent crude to average $102 a barrel for 2022-23, but it cut its summer spike price to $120. Swiss investment bank UBS also lowered its June Brent forecast by $10 to $115 a barrel""The release of strategic government oil reserves should ease some market tightness over the coming months, reducing the need for oil prices to rise to trigger near-term demand destruction,"" said UBS analyst Giovanni Staunovo.International Energy Agency (IEA) member nations will release 60 million barrels over the next six months, with the United States matching that as part of its 180 million barrel release announced in March.The moves are aimed at offsetting a shortfall in Russian crude after Moscow was hit with heavy sanctions over its invasion of Ukraine, which Moscow describes as a ""special military operation"".The release of Strategic Petroleum Reserve (SPR) volumes equals 1.3 million barrels per day (bpd) over the next six months and is enough to offset a shortfall of 1 million bpd of Russian oil supply, JP Morgan analysts said.The European Union's executive is drafting proposals for a possible EU oil embargo on Russia, the foreign ministers of Ireland, Lithuania and the Netherlands said on Monday, though there is still no agreement to ban Russian crude.The market has also been watching developments in China, where authorities have kept Shanghai, a city of 26 million people, locked down under its ""zero tolerance"" policy for COVID-19. It was announced that Shanghai will start easing lockdowns in some areas from Monday.""Fears are rising now that if China's Omicron wave spreads to other cities, its zero-COVID policy will see mass extended lockdowns that negatively impact both industrial output and domestic consumption,"" said OANDA senior market analyst Jeffrey Halley.UBS analyst Staunovo said that demand for oil will be affected in China - the world's biggest oil importer - by pandemic-driven mobility restrictions and in Russia by international sanctions.Fuel demand in India, the world's third-biggest oil importer and consumer, rose to a three-year high in March, with petrol sales hitting a record peak.US President Joe Biden will hold a virtual meeting with Indian Prime Minister Narendra Modi on Monday, the White House said, at a time when the United States has made it clear it does not want to see an uptick in Russian energy imports by India.ALSO READ | Lemon price rise: Don't blame petrol, diesel, CNG prices hikes alone","['international oil price', ' oil price', ' brent crude oil', ' oil price today']",https://www.indiatoday.in/business/story/international-oil-price-drops-below-100-1936132-2022-04-11
6,business,"Sensex drops over 400 points, Nifty down at 17,674 | Check top stocks","(11, 4, 2022)","The Sensex and Nifty on Monday ended in the red ahead of earnings from Tata Consultancy Services that would kick off the March-quarter corporate results season.

The NSE Nifty 50 index ended 0.62 per cent or 109.40 points lower at 17,674.95 and the S&P BSE Sensex fell 0.81 per cent or 482.61 points to 58,964.57.""We are seeing good amount of selling in information technology stocks as people are anticipating that Europe growth for the companies may be hampered by the Ukraine crisis,"" said Saurabh Jain, assistant vice president at SMC Securities.Jain also said rising inflation was causing a shift from growth stocks including IT to value stocks such as real estate and financial services.The Nifty IT index, which has lost more than 9 per cent so far this year, fell 1.4 per cent on Monday. Sector heavyweight Tata Consultancy Services rose 0.3 per cent ahead of its earnings announcement after market close.TCS' earnings mark the beginning of India's month-long corporate results season, with investors likely to focus on the impact of surging inflation on profit margins.After the initial market shock due to the Ukraine conflict, the Nifty 50 index has recovered 13 per cent since hitting seven-month lows in March thanks in part to a pullback in oil prices.""An important factor supporting the market is the sustained flow into domestic equity mutual funds ... This new trend of domestic money outsmarting foreign capital is likely to be a major determinant of trends going forward,"" said V K Vijayakumar, chief investment strategist at Geojit Financial Services.Global markets were also weaker on Monday and bond yields climbed as caution gripped markets ahead of central bank meetings and the US inflation data.ALSO READ | Lemon price rise: Don't blame petrol, diesel, CNG prices hikes alone","['sensex today', ' nifty today', ' share market today', ' stock market today', ' share market', ' stock market']",https://www.indiatoday.in/business/story/sensex-drops-over-400-points-nifty-down-at-17-674-check-top-stocks-1936118-2022-04-11
7,business,Crypto tax in India: Cryptocurrency investors must know these big changes,"(11, 4, 2022)","In good news for cryptocurrency investors, the government would come up with a list of frequently asked questions (FAQ) on taxation of cryptocurrencies to provide a clarification on the applicability of income tax and Goods and Services Tax (GST) on virtual digital assets, according to a PTI report. The Budget 2022-23 brought in clarity with regard to the levy of income tax on crypto assets from April 1, 2022.

The Department of Economic Affairs (DEA), the Revenue Department and the Reserve Bank are working to ensure that the taxation aspect is clear both for field tax offices as well as those who deal with cryptocurrencies and other virtual digital assets, PTI reported.In the ongoing financial year, cryptocurrency investors need to keep a few things in mind.CRYPTO TAX IN INDIAFrom April 1, a 30 per cent income tax plus cess and surcharges will be levied on such transactions in the same manner as the tax law treats winnings from horse races or other speculative transactions.The Budget 2022-23 also proposed a 1 per cent TDS (tax deducted at source) on payments towards virtual currencies beyond Rs 10,000 in a year and taxation of such gifts in the hands of the recipient.The threshold limit for TDS would be Rs 50,000 a year for specified persons, which include individuals/HUFs who are required to get their accounts audited under the I-T Act.The provisions related to 1 per cent TDS will come into effect from July 1, 2022, while the gains will be taxed effective April 1.GOODS AND SERVICES TAXFrom the Goods and Services Tax (GST) perspective, the FAQ is likely to provide clarity on whether cryptocurrency is goods or service.Currently, 18 per cent GST is levied only on service provided by crypto exchanges and it is categorised as financial services.The GST law does not clearly mention classification of cryptocurrency. In the absence of a law on regulating such virtual digital currencies, the classification has to take into account whether the legal framework categorises it as 'actionable claim'.An actionable claim is a claim which can be made by a creditor, for any type of debt other than a debt secured by mortgage of immovable property.Separately, the government is working on a legislation to regulate cryptocurrencies, but no draft has yet been released publicly.ALSO READ | Lemon price rise: Don't blame petrol, diesel, CNG prices hikes alone","['cryptocurrency', ' cryptocurrency news', ' crypto', ' crypto news', ' cryptocurrency price', ' crypto news India', ' crypto tax', ' crypto market']",https://www.indiatoday.in/business/story/crypto-tax-in-india-cryptocurrency-income-tax-1936094-2022-04-11
8,business,"Lemon price rise: Don't blame petrol, diesel, CNG prices hikes alone","(11, 4, 2022)","Vegetable prices have gone up rapidly in Delhi and other parts of the country. Amidst all, it is the price of lemon that has grabbed eyeballs. Prices of lemons have gone up as high as Rs 350 per kilogram.

Hikes in petrol, diesel and CNG prices have resulted in increased transportation costs, which has been one of the main factors why vegetable prices have gone up. However, in the case of lemon, traders have cited production issues behind the spike in rates. Several of them have said that prices of lemons have been soaring due to the after-effects of a cyclone in Gujarat.During summer, lemon water is essential as it helps you to remain hydrated and fight the scorching heat. But lemon is available on the market for Rs 350 per kg, which means you would not even get one for Rs 10, according to a PTI report.The spike in lemon prices has been primarily due to the shortage in supply and high demand during the ongoing summer season.A vegetable seller in Noida, pointed out that the rates have gone up at the vegetable markets due to the fuel price hike, coupled with damage of crops in Gujarat due to a cyclone. Due to the hike in the prices of petrol, diesel and cooking gas, the transportation cost has increased, causing a ripple effect on vegetable prices. The rates of lemons are soaring because of a natural calamity in Gujarat, he told PTI.OTHER VEGETABLES PRICESAnother vegetable trader in east Delhi, said there has been a rise in the rates of lemon and capsicum, while the prices of staple vegetables like onion and tomato have also gone up.""These days, lemon prices are ranging between Rs 300 and Rs 350 per kg, which is unprecedented. It is because of the crop loss due to a cyclone in Gujarat. Tomato prices are ranging between Rs 40 and Rs 45 per kg while earlier, it used to be sold for around Rs 30-35 per kg. Similarly, onion prices have also been hiked and now, it is around Rs 40 per kg. It used to be sold for around Rs 30-35 per kg earlier,"" he said.Similar thoughts were shared by a vegetable trader who said they have been buying vegetables at higher rates in the wholesale markets and hence, the ripple effect is being felt in the retail markets as well.""Most of the staple vegetables such as onion and tomato come to Delhi from Maharashtra, Madhya Pradesh and Karnataka. The rates of onion and tomato have increased by about Rs 10-15 per kg because of the high transportation cost. Similarly, lemon, capsicum and chilies are also being sold at high rates because of a cyclone in Gujarat, coupled with the high transportation cost,"" he said.ALSO READ | Adani green share price: Stock hits high of Rs 2,500 | Check latest","['lemon price', ' lemon price delhi', ' lemon price in India', ' lemon price today', ' petrol price', ' diesel price', ' cng price']",https://www.indiatoday.in/business/story/lemon-price-rise-don-t-blame-petrol-diesel-cng-prices-hikes-alone-1936077-2022-04-11
9,business,"Bitcoin falls below $43,000 | Check latest cryptocurrency prices","(11, 4, 2022)","Bitcoin and Ethereum were trading in the red on Monday as the global cryptocurrency market was down. Bitcoin's price was hovering below $42,500-mark as the overall global cryptocurrency market volume was down.

Other cryptocurrencies fell too.The world's largest cryptocurrency by market volume, Bitcoin, fell by 0.64 per cent to $42,322.66.The second largest cryptocurrency, Ethereum, was down by 1.70 per cent to $3,185.66.Other cryptocurrencies such as XRP fell by 2.52 per cent, Terra was down by 6.06 per cent, Solana fell by 0.88 per cent, Cardano was down by 1.78 per cent, Avalanche fell by 4.14 per cent, and Polkadot was down by 4 per cent.Other popular alt coins such as Dogecoin was down by 1.51 per cent and Shiba Inu fell by 1.20 per cent.""Bitcoin, Ethereum, and other significant cryptocurrencies continued to fall over the weekend. The situation could be due to the economic crisis emerging from Russia’s invasion of Ukraine and increased interest rates by the US central bank. Since BTC is close to its support levels between US$40,000 and US43,000 could result in a brief pullback,"" Edul Patel, CEO and Co-founder, Mudrex said.""According to the market cap, ApeCoin is up by nearly 5 per cent, STEPN by 3 per cent, and Kyber Network Crystal v2 by 17 per cent over the past day. As April and June are considered seasonally strong periods for cryptos and stocks, this may drive short-term buyers in the coming days,"" Patel said.ALSO READ | Veranda Learning IPO listing: Check latest share price","['bitcoin price', ' bitcoin price today', ' bitcoin price usd', ' bitcoin price in India', ' bitcoin news', ' bitcoin share price', ' bitcoin usd', ' cryptocurrency', ' cryptocurrency news', ' cryptocurrency price', ' cryptocurrency news today', ' cryptocurrency India', ' cryptocurrency list']",https://www.indiatoday.in/business/story/bitcoin-falls-below-43-000-check-latest-cryptocurrency-prices-1936029-2022-04-11
10,business,Ruchi Soya renamed as Patanjali Foods limited | All you need to know,"(11, 4, 2022)","Ruchi Soya Industries limited's board of directors gave approval to rechristen its name Patanjali Foods Ltd. The meeting was held on April 10, according to a BSE filing by Ruchi Soya Industries Limited.

""The Board of Directors have also decided to change the name of the company to Patanjali Foods Limited or any other name as may be made available by Registrar of Companies, Maharashtra, Mumbai subject to all other applicable approval,"" Ruchi Soya Industries said in a BSE filing.Ruchi Soya Industries' board has also given approval for evaluating the most efficient mode of enhancing synergies with the Patanjali Ayurved Limited.""We hereby wish to inform you that the Board of Directors of Ruchi Soya Industries Limited had at its meeting held on April 10, 2022, accorded its in-pricipal approval for evaluating the most efficient mode of enhancing synergies with the Patanjali Ayurved Limited food portfolio in any manner on arm's length basis (proposed transaction),"" according to BSE filing by Ruchi Soya Industries Limited.Apart from this, board also ""authorized officials of the company to negotiate, finalise, execute and deliver the terms and conditions of the proposed transaction,"" as per Ruchi Soya Industries Limited's BSE filing.Earlier on March 24, Ruchi Soya Industries' FPO was launched to raise Rs 4,300 crore.ALSO READ | Adani green share price: Stock hits high of Rs 2,500 | Check latest","['ruchi soya news', ' ruchi soya latest news', ' ruchi soya fpo', ' ruchi soya', ' ruchi soya stock', ' ruchi soya name', ' ruchi soya new name']",https://www.indiatoday.in/business/story/ruchi-soya-new-name-patanjali-foods-limited-1936011-2022-04-11
11,business,"Adani green share price: Stock hits high of Rs 2,500 | Check latest","(11, 4, 2022)","Adani green energy share price on Monday jumped by over seven per cent on both BSE Sensex and NSE Nifty. This comes after UAE's International Holding Company (IHC) announced that it would invest $2 billion in Adani Group's companies, including Adani Green Energy Limited.

ADANI GREEN ENERGY SHARE PRICE Adani Green Energy's share price rose by 7.49 per cent to Rs 2498 on BSE. On NSE, the share price of Adani Green Energy was up by 7.51 per cent to Rs 2,496.You can check Adani Green Energy Limited share price on BSE at https://www.bseindia.com/stock-share-price/adani-green-energy-ltd/adanigreen/541450/.To check Adani Green Energy share price on NSE, you need to visit https://www.nseindia.com/get-quotes/equity?symbol=ADANIGREEN .Last week, International Holding company agreed to invest $2 Billion in three green-focused companies in Adani Group. These companies are Adani Green Energy, Adani Transmission and Adani Enterprises.The Sensex and Nifty began the truncated week on a tepid note, weighed by technology shares, with investors focusing on earnings from Tata Consultancy Services later in the day that will kick off the March-quarter corporate results season.NSE Nifty 50 index was down 0.39 per cent or 66.70 points at 17,717.65, while the S&P BSE Sensex fell 0.55 per cent to 59,121.64.ALSO READ | Gold, silver prices today: Precious metals record hike on MCX| Check latest rates here","['adani green share price', ' adani green share', ' adani green latest news', ' adani green news']",https://www.indiatoday.in/business/story/adani-green-share-price-stock-hits-high-of-rs-2500-check-latest-1935989-2022-04-11
12,business,Ruchi Soya share price: Baba Ramdev's Patanjali owned firm makes strong gains,"(11, 4, 2022)","Ruchi Soya's share price jumped on Monday even as the equity indexes Sensex and Nifty began the week on a tepid note. The share price of Baba Ramdev's Patanjali-owned company hit a high of Rs 999 on BSE after rising more than 8 per cent.

RUCHI SOYA SHARE PRICERuchi Soya's share price jumped by 5.57 per cent or 51.50 points to Rs 976.35.You can check Ruchi Soya share price on BSE at https://www.bseindia.com/stock-share-price/ruchi-soya-industries-ltd/ruchisoya/500368/ .RUCHI SOYA NEW NAMERuchi Soya Industries stock rose after the company announced it had repaid all of its loans to lenders.In another big development, Ruchi Soya Industries Limited's name has been changed to Patanjali Foods Limited.The meeting was held on April 10, 2022.The board also accorded its in-principal approval for evaluating the most efficient mode of enhancing synergies with Patanjali Ayurved Limited food portfolio in any manner on an arm's length basis.The board also authorized officials of the company to negotiate, finalise, execute, and deliver the terms and conditions of the proposed transaction.ALSO READ | Gold, silver prices today: Precious metals record hike on MCX| Check latest rates here","['Ruchi Soya share', ' Ruchi Soya share price', ' Ruchi Soya', ' Ruchi Soya share news', ' Ruchi Soya stock', ' Ruchi Soya share price today', ' Ruchi share price']",https://www.indiatoday.in/business/story/ruchi-soya-share-price-baba-ramdev-s-patanjali-owned-firm-makes-strong-gains-1935962-2022-04-11
