SN,category,headline,date,content,keywords,link
1,business,"Elon Musk reveals 9.2% stake in Twitter, shares surge 26%","(4, 4, 2022)","Tesla Inc Chief Executive Officer Elon Musk has built a 9.2 per cent stake in Twitter Inc, a regulatory filing showed on Monday, potentially making him the biggest stakeholder in the micro-blogging site.

Twitter shares soared 26 per cent in premarket trading after the filing, which comes close on the heels of Musk tweeting that he was giving ""serious thought"" to building a new social media platform.Shares of other social media firms, including Meta Platforms FB.O and Snapchat owner Snap Inc, were also trading higher.Musk owns 73.5 million Twitter shares, valuing his passive stake in the company at up to $2.9 billion based on the stock's Friday close. The shares are held by the Elon Musk Revocable Trust.Musk, a prolific user of Twitter, has over 80 million followers on the site since joining in 2009 and has used the platform to make several announcements, including teasing a go-private deal for Tesla that landed him in regulatory scrutiny.He, however, has been critical of the social media platform and its policies of late and has said the company is undermining democracy by failing to adhere to free speech principles.Meanwhile, Musk and Twitter's billionaire co-founder, Jack Dorsey, have had some common ground in terms of dismissing the so-called Web3, a vague term for a utopian version of the internet that is decentralized.Musk is also the founder and CEO of SpaceX, and leads brain-chip startup Neuralink and infrastructure firm The Boring Company.ALSO READ | Petrol, diesel prices above Rs 100 in major cities | Will rates go up further?",NA,https://www.indiatoday.in/business/story/elon-musk-reveals-9-2-stake-in-twitter-shares-surge-26-1933347-2022-04-04
2,business,"Sensex rises 1300 points, Nifty up at 18,053 | Top performing shares","(4, 4, 2022)","The Sensex and Nifty rose on Monday to close at a near three-month high, buoyed by a surge in India's largest private lender HDFC Bank and mortgage lender Housing Development Finance Corp after the companies said they were merging in a $40 billion deal.

The NSE Nifty 50 index closed 2.2 per cent or 382.95 points higher at 18,053.40, and the S&P BSE Sensex rose 2.25 per cent or 1,335.05 points to 60,611.74.TOP GAINERS SHARESHDFC Ltd gained 9.3 per cent, hitting its highest since late November, while HDFC Bank rose about 10 per cent to a level not seen since mid-October.The Nifty bank index rose 4 per cent and the finance index surged 4.6 per cent.The market movement is largely due to the ""unexpected announcement"" of the merger, said Saurabh Jain, assistant vice president at SMC Securities.""This is a very positive news in the sense the foreign institutional investors holding will increase after the merger,"" Jain said.Both HDFC and HDFC Bank were major laggards last year, gaining 1.1 per cent and 3 per cent, respectively, compared with a 13.5 per cent rise in the Nifty bank index.Shares of Adani Ports and Special Economic Zone rose 4.2 per cent after it reported strong March business operations.Indian sugar stocks gained up to 4.5 per cent on export deals.Shares of commercial vehicles maker SML Isuzu soared 20 per cent after a strong March sales update and a hike in vehicle prices.Market participants will be closely watching the monetary policy decision by the country's central bank on Friday.Meanwhile, global share markets were mixed on Monday amid talks of yet more sanctions against Russia over its invasion of Ukraine.ALSO READ | Bitcoin price falls, global cryptocurrency market in red",NA,https://www.indiatoday.in/business/story/sensex-rises-1300-points-nifty-up-at-18-053-top-performing-shares-1933339-2022-04-04
3,business,"HDFC Bank, HDFC Ltd announce merger | What this means for customers, shareholders","(4, 4, 2022)","HDFC Bank, India's largest private lender, will merge with the country's largest housing finance company, Housing Development Finance Corporation or HDFC Ltd to create a financial services conglomerate, the companies said on Monday.

""The resulting larger balance sheet would allow underwriting of large ticket infrastructure loans, accelerate the pace of credit growth in the economy, boost affordable housing and increase the quantum of credit to the priority sector...,"" HDFC Ltd Chairman Deepak Parekh said.HDFC, HDFC BANK MERGERAs part of the deal, shareholders of HDFC Ltd will receive 42 shares of the bank for 25 shares held. Existing shareholders of HDFC Ltd will own 41per cent of HDFC Bank. Shares held by the housing finance company in the lender will be extinguished, making HDFC Bank a full-fledged public company.The subsidiaries and associates of HDFC Ltd will shift to HDFC Bank, the companies said in a regulatory filing.Transaction completion is subject to shareholders, creditors and regulatory approvals including from the Reserve Bank of India (RBI), the Insurance Regulatory and Development Authority (IRDAI), Competition Commission of India (CCI), market regulator Securities and Exchange Board of India (SEBI) and the Stock Exchange.Closing is expected to be achieved within less than 18 months, subject to completion of regulatory approvals and other customary closing conditions, HDFC Bank and HDFC Ltd said in a statement.There will be a combined customer base of HDFC Bank and HDFC Ltd with a plethora of financial products - mortgages, savings accounts, life insurance, general insurance, health insurance, investment products, credit cards, and personal loans.HOME LOANWith the merger of the Corporation with HDFC Bank, HDFC Bank will be able to offer more competitive housing products, according to the BSE filing by HDFC.The Corporation's rural housing network and affordable housing lending is likely to qualify for HDFC Bank as priority sector lending. The merger will also enable a higher flow of credit into priority sector lending, including agriculture.HDFC Bank can leverage the loan management system, comprising rule engines, IT tools and rules, agents connected through a central system.HDFC Limited is a significant provider of home loans to the Low Income Group (LIG) and Middle Income Group (MIG) segments under the affordable housing initiatives of the Government of India. Access to housing finance for this category would be improved further on account of low-cost funds available by HDFC Bank.HDFC Bank has a presence in more than 3,000 cities or towns through its 6,342 branches, with about 50 per cent of these branches in semi-urban or rural areas in the country.Leveraging this distribution might, the proposed transaction would broad base the home loan offering, synonymous with the national objective of Pradhan Mantri Awas Yojana that intends to provide housing for all, the companies said.ALSO READ | HDFC Bank, HDFC Ltd share prices soar after merger announcement | Check latest",NA,https://www.indiatoday.in/business/story/hdfc-bank-hdfc-ltd-announce-merger-what-this-means-for-customers-shareholders-1933252-2022-04-04
4,business,"Bitcoin price falls, global cryptocurrency market in red","(4, 4, 2022)","Bitcoin price fell on Monday and other cryptocurrencies were down too as the global crypto market was trading in the red, according to data on CoinDesk.

The world's largest cryptocurrency by market capitalization had jumped over $47,000 but fell to the $46,000-mark.The second largest cryptocurrency, Ethereum, also gained, only to register a drop subsequently.BITCOIN PRICEBitcoin dropped 0.24 per cent to trade at $46,217. Ethereum shed losses to gain 0.92 per cent at $3,505.Other popular alt coins such as Terra fell 1.34 per cent, XRP gained 0.07 per cent, Solana down by 1.35 per cent, Cardano down by 2.10 per cent, Avalanche fell by 2.13 per cent, Polkadot gained 0.14 per cent, Stellar was up by 0.99 per cent, Dodgecoin gained 3.32 per cent, Axie Infinity was up by 0.85 per cent, and Chainlink fell by 0.60 per cent. Shiba Inu gained 1.63 per cent.""Bitcoin and Ethereum dropped over the weekend but later gained back the winning streak on Sunday. Major top cryptos have also dipped over the weekend. BTC and ETH are currently trading above US$46,000 and US$3,500 levels showing decent growth over the past 24 hours,"" Edul Patel, CEO and Co-founder, Mudrex said.""BTC's resistance between US$48,000 and US$50,000 could stall the rally with brief pullbacks. The coming week would be critical for the crypto spectrum,"" Patel said.ALSO READ | Sri Lanka crisis: Trading on stock exchange halted after share market crashes",NA,https://www.indiatoday.in/business/story/bitcoin-price-falls-global-cryptocurrency-market-in-red-1933213-2022-04-04
5,business,Sri Lanka crisis: Trading on stock exchange halted after share market crashes,"(4, 4, 2022)","Authorities on Monday halted trading on Sri Lanka's stock exchange after the share market plunged 5.9 per cent, according to a report by AFP.

This comes even as Sri Lanka's president Gotabaya Rajapaksa is all set to appoint a new cabinet Monday as security forces brace for possible violence with more protests expected against worsening shortages of food, fuel and medicines, the AFP report said.The son of Sri Lanka's prime minister resigned from the cabinet on Monday and several other members have offered to do so, a minister said, just days after President Gotabaya Rajapaksa declared a state of emergency following protests over an economic crisis, as per a Reuters report.The debt-laden country is struggling to pay for imports of fuel and other essentials due to a severe shortage of foreign currency, leading to hours-long power cuts and widespread demonstrations that continued despite a weekend curfewTraffic was back on the streets of the country's main city Colombo on Monday, but there were reports of sporadic and peaceful protests from across the country.Youth and Sports Minister Namal Rajapaksa, nephew of Gotabaya and the son of Prime Minister Mahinda Rajapaksa, said on Twitter on Monday he had told the president's secretary about his resignation with immediate effect.The island nation of 22 million, is also grappling with soaring inflation after the government steeply devalued its currency last month ahead of talks with the International Monetary Fund for a loan programme.The country's expenditure has exceeded its income under successive governments while its production of tradable goods and services has been inadequate. The twin deficits were badly exposed by the COVID-19 pandemic that crippled its economic mainstay, the tourism industry.ALSO READ | Crisis-hit Sri Lanka imposes curfew, social media blackout amid calls for mass protests | Top Points",NA,https://www.indiatoday.in/business/story/sri-lanka-crisis-trading-on-stock-exchange-halted-after-share-market-crashes-1933197-2022-04-04
6,business,"HDFC Bank, HDFC Ltd share prices soar after merger announcement | Check latest","(4, 4, 2022)","HDFC Bank's share price jumped 10 per cent, while Housing Development Finance Corporation Ltd or HDFC Ltd share price soared 13 per cent in early morning trade on Monday.

This comes after both companies said that India's largest private lender, HDFC Bank, would merge with the country's largest housing finance company, HDFC Ltd in order to create a financial services conglomerate, according to a Reuters report.HDFC BANK SHARE PRICEHDFC Bank's share price on BSE is up by over 13 per cent to Rs 1712.45. On NSE, HDFC Bank's share price was up by 13 per cent to Rs 1,702.You can check real-time share price at https://www.bseindia.com/stock-share-price/hdfc-bank-ltd/hdfcbank/500180/HDFC LTD SHARE PRICEHousing Development Finance Corporation Ltd or HDFC Ltd share price on BSE is up by over 15 per cent to Rs 2818.55. HDFC Ltd share price on NSE rose 15 per cent to Rs 2,820.Investors can track Housing Development Finance Corporation Ltd share price at https://www.bseindia.com/stock-share-price/housing-development-finance-corpltd/hdfc/500010/ .HDFC BANK, HDFC LTD MERGERAs part of the deal, shareholders of HDFC Ltd will receive 42 shares of the bank for 25 shares held. Existing shareholders of HDFC Ltd will own 41 per cent of HDFC Bank.Shares held by the housing finance company in the lender will be extinguished, making HDFC Bank a full-fledged public company.""The resulting larger balance sheet would allow underwriting of large ticket infrastructure loans, accelerate the pace of credit growth in the economy, boost affordable housing and increase the quantum of credit to the priority sector...,"" HDFC Ltd Chairman Deepak Parekh said.HDFC BANK, HDFC LTD MARKET VALUEAs of Friday's close, HDFC Bank had a market value of 8.34 trillion rupees ($110.06 billion), while HDFC Ltd was worth 4.44 trillion rupees ($58.59 billion).ALSO READ | Face the heat on taxi rides as Delhi cabbies mull keeping AC off with CNG price hike",NA,https://www.indiatoday.in/business/story/hdfc-bank-hdfc-ltd-housing-development-finance-corporation-ltd-share-price-bse-nse-latest-1933178-2022-04-04
7,business,"Sensex rises 1000 points, Nifty nears 18,000 | Top performing stocks","(4, 4, 2022)","The Sensex and Nifty surged over 1 per cent in early morning trade on Monday, with private lender HDFC Bank and mortgage lender Housing Development Finance Corp leading gains after the companies decided to merge their operations.

While the equity benchmark Sensex rose 1.84 per cent to 60,370.05, the NSE Nifty 50 index was up by 1.61 per cent at 17,954.20.TOP GAINING SHARESShares of HDFC Ltd and HDFC Bank were up 7 per cent and 6.4 per cent, respectively, after the companies decided to merge.The Nifty bank index rose 2.3 per cent, while the finance index gained 3.1 per cent.ALSO READ | Petrol, diesel prices hiked by 40 paise per litre today. Check latest rates",NA,https://www.indiatoday.in/business/story/sensex-rises-1000-points-nifty-nears-18-000-top-performing-shares-1933157-2022-04-04
8,business,"HDFC Bank, mortgage lender HDFC Ltd to merge","(4, 4, 2022)","India's largest private lender HDFC Bank will merge with housing finance firm HDFC Ltd, the companies said on Monday.

As part of the deal, shareholders of HDFC Ltd will receive 42 shares of the bank for 25 shares held. Existing shareholders of HDFC Ltd will own 41 per cent of HDFC Bank.Shares held by the housing finance company in the lender will be extinguished, making HDFC Bank a full-fledged public company.The subsidiaries and associates of HDFC Ltd will shift to HDFC Bank, the companies said in a regulatory filing.ALSO READ | Face the heat on taxi rides as Delhi cabbies mull keeping AC off with CNG price hike",NA,https://www.indiatoday.in/business/story/hdfc-bank-mortgage-lender-hdfc-ltd-to-merge-1933145-2022-04-04
9,business,"Gold, silver prices today: Yellow metal records marginal dip, silver witnesses hike on MCX","(4, 4, 2022)","On Monday, April 4, 2022, while gold is trading on the lower side, silver rates are retailing on the higher side of the Multi Commodity Exchange (MCX).

Recording a marginal dip of Rs 23 or 0.04 per cent, gold futures, maturing on June 3, 2022, are trading at Rs 51,605 per 10 grams on the MCX.Meanwhile, the market rates for silver futures, maturing on May 5, 2022, stand at Rs 66,810 per kg, recording a hike of Rs 50 or 0.07 percent on the MCX.Notably, the prices of gold and silver stood at Rs 51,606 per 10 grams and Rs 66,733 per kg respectively when the market closed on April 1.Gold and silver prices on the international market:As per Reuters, gold prices were flat on Monday, as the U.S dollar and yields firmed after strong jobs data raised expectation of aggressive rate hikes, offsetting support from safe-haven demand fuelled by a worsening Ukraine crisis.As per the latest metal report, spot gold was little changed at $1,922.43 per ounce. Meanwhile, U.S gold futures were up 0.2 percent at $1,927.50.In addition to this, spot silver edged 0.1 percent higher to $24.63 per ounce, among other metals.Gold and silver prices in major Indian cities:CITYGOLD (per 10 grams, 22 carats)SILVER (per kg)NEW DELHIRs 47,950Rs 71,300MUMBAIRs 47,950Rs 66,800KOLKATARs 47,950Rs 66,800CHENNAIRs 48,250Rs 71,300READ MORE| Petrol, diesel prices hiked by 40 paise per litre today. Check latest rates",NA,https://www.indiatoday.in/business/story/gold-price-today-4-april-2022-precious-metals-gold-dip-silver-hike-mcx-latest-rates-1933138-2022-04-04
10,business,CNG price in Delhi hiked by Rs 2.5 per kg,"(4, 4, 2022)","Indraprastha Gas Limited (IGL) has hiked the price of Compressed Natural Gas (CNG) in Delhi by Rs 2.5 per kg to Rs 64.11 per Kg. The new price will come into effect from Monday, April 4.

With the hike in CNG price, cab drivers in Delhi are now reluctant to switch on their cars' air conditioners. ""In the wake of the hike in the CNG price, we shall not switch on the cab's air conditioner for passengers. The increased price has hit our pockets,"" a cab driver in Delhi told news agency ANI.Meanwhile, the prices of petrol and diesel were hiked for the 12th time in two weeks on Monday. The cost of both petrol and diesel was hiked by 40 paise per litre, taking the total hike over the last two weeks to Rs 8.40 per litre.While petrol and diesel were being sold at retail outlets for Rs 95.41 and Rs 86.67 a litre respectively in Delhi on March 21, petrol now costs Rs 103.81 and diesel Rs 95.07 per litre in the national capital.ALSO READ | CNG price hiked by Rs 1 in Delhi, to be sold at Rs 59.01 from today",NA,https://www.indiatoday.in/business/story/cng-price-in-delhi-hiked-igl-1933130-2022-04-04
11,business,"Petrol, diesel prices hiked by 40 paise per litre today. Check latest rates","(4, 4, 2022)","For the twelfth time in less than two weeks, the prices of petrol and diesel were hiked on Monday. The cost of both petrol and diesel was hiked by 40 paise per litre, taking the total hike over the last two weeks to Rs 8.40 per litre.

While petrol and diesel were retailing at Rs 95.41 and Rs 86.67 a litre respectively in Delhi on March 21, now petrol costs Rs 103.81 and diesel Rs 95.07 per litre in the national capital.The rates had remained unchanged for a record four and a half months from November 2021 up until the third week of March. Ever since, the prices have been on an upward spiral.CHECK LATEST RATESDelhiPetrol - Rs 103.81 per litreDiesel - Rs 95.07 per litreMumbaiPetrol - Rs 118.81 per litreDiesel - Rs 103.04 per litreChennaiPetrol - Rs 109.36 per litreDiesel - Rs 99.44 per litreKolkataPetrol - Rs 113.43 per litreDiesel - Rs 98.22 per litreIn India, petrol and diesel prices depend on various factors such as demand for fuel, valuation of INR against USD, consumption ratio of refineries and more. The prices are updated every day.The prices of petrol and diesel vary from state to state, depending on the incidence of local taxes like value-added tax (VAT) and freight charges.Live TVREAD | Petrol, diesel prices in India are rising even as global oil rates slump | Here's why",NA,https://www.indiatoday.in/business/story/petrol-diesel-prices-increase-latest-rates-mumbai-delhi-kolkata-chennai-1933110-2022-04-04
12,business,"Petrol, diesel prices see spike of Rs 8 per litre in less than 2 weeks. Check latest rates","(3, 4, 2022)","The price of petrol and diesel was hiked by 80 paise per litre again on Sunday. As a result, petrol is now retailing at Rs 103.41 per litre and diesel at Rs 94.67 per litre in Delhi.

After four and a half months of remaining unchanged, fuel prices were increased on March 22 and have been on an upward spiral ever since. In the last 13 days, the prices of petrol and diesel have increased by approximately Rs 8 per litre.CHECK LATEST RATESDelhiPetrol - Rs 103.41 per litreDiesel - Rs 94.67 per litreMumbaiPetrol - Rs 118.41 per litreDiesel - Rs 102.64 per litreChennaiPetrol - Rs 108.96 per litreDiesel - Rs 99.04 per litreKolkataPetrol - Rs 113.03 per litreDiesel - Rs 97.82 per litreIn India, petrol and diesel prices depend on various factors such as demand for fuel, valuation of INR against USD, consumption ratio of refineries and more. The prices are updated every day.The prices of petrol and diesel vary from state to state, depending on the incidence of local taxes like value-added tax (VAT) and freight charges.Live TVREAD | Petrol, diesel prices in India are rising even as global oil rates slump | Here's why",NA,https://www.indiatoday.in/business/story/petrol-diesel-prices-spike-litre-latest-rates-delhi-mumbai-chennai-kolkata-1932862-2022-04-03
