SN,category,headline,date,content,keywords,link
1,business,"Infosys joins corporate boycott of Russia | Reason, impact","(14, 4, 2022)","India's second largest IT firm, Infosys Ltd, joined the corporate boycott of Russia over the invasion of Ukraine, saying it would move its business out of the country and pursue alternate options.

The move aligns the software services firm with several global peers such as Oracle Corp and SAP SE.Infosys asserted it is not engaged in any business with Russian clients currently, nor has any such plans going ahead.Its operations in Russia had come under the scanner following UK Finance Minister Rishi Sunak's call to companies to boycott the country after President Vladimir Putin ordered troops into Ukraine. Sunak is married to Akshata Murty, daughter of Infosys co-founder Narayana Murthy, according to a PTI report.""The work we do is for a few of our global clients that have operations in Russia. We have less than 100 employees in Russia. Working with our clients, we are in the process... we've initiated, how we can transition some of that work, all of that work outside of Russia,"" Infosys CEO Salil Parekh told reporters during the Q4 earnings briefing.Parekh categorically added: ""We have no work with any Russian client today. And we have no plans for any work with any Russian client going ahead.""""We work with no Russian clients, and the work we do is with a small number of global clients in Russia, for which as I just mentioned, we have started the transition. So at this stage, we have no impact within our business given what is going on from an Infosys perspective,"" Parekh said.ALSO READ | As inflation rate soars in India, take a look at situation in US, UK, China, Pakistan","['infosys', ' infosys latest news', ' infosys news', ' infosys russia', '']",https://www.indiatoday.in/business/story/infosys-joins-corporate-boycott-of-russia-reason-impact-1937489-2022-04-14
2,business,"Bitcoin price rises over $41,000, other cryptocurrencies make gains","(14, 4, 2022)","'s price crossed the $41,000-mark and other major cryptocurrencies gained on Thursday even though there are apprehensions over rises and a worsening scenario in Ukraine.

Even though the environment for cryptocurrency investors in India and China is becoming less favourable, the industry has hope in both countries, according to CoinDesk.Both Bitcoin and Ethereum have made strong gains in the past 24 hours as the global cryptocurrency market was by and large trading in green.BITCOIN PRICEThe world's largest cryptocurrency by market capitalization, Bitcoin, was up by nearly 3 per cent. It was trading at $41,274.Ethereum's price gained 1.74 per cent to $3,109.""Bitcoin, Ethereum and most cryptocurrencies have gained decent amounts in the past 24 hours. BTC and ETH are currently trading above US$41,000 and US$3,000 levels. BTC is moving ahead to reverse the current downward trend, as selling pressure is fading away slowly,"" Edul Patel, CEO and Co-founder of Mudrex, said.""BTC buyers could make a decisive move above the initial resistance at US$43,000 to maintain the upward momentum. Overall, trading was a bit light over the past day as traders seem to have digested the economic declines across the globe,"" Patel said.CRYPTOCURRENCY PRICESOther cryptocurrencies such as XRP was up by 2.39 per cent, Terra gained 3.33 per cent, Solana was up by 2.88 per cent, Avalanche gained over 5 per cent, Cardano was up 2.04 per cent, Polkadot gained 2.55 per cent, and Stellar was up by 2.53 per cent.Another popular alt coin, Dogecoin, was up 0.05 per cent but Shiba Inu was down by 0.81 per cent.The rest of the cryptocurrencies were in the green.ALSO READ | Zomato vs Swiggy vs Ola: Race hots up for 10-minute delivery","['bitcoin price', ' bitcoin price today', ' bitcoin price usd', ' bitcoin price in India', ' bitcoin news', ' bitcoin share price', ' bitcoin usd', ' cryptocurrency', ' cryptocurrency news', ' crypto', ' crypto news', ' crypto news India', ' cryptocurrency price', ' crypto tax', ' crypto market']",https://www.indiatoday.in/business/story/bitcoin-price-rises-over-41-000-other-cryptocurrencies-make-gains-1937276-2022-04-14
3,business,CNG price hiked by Rs 2.5 per kg in Delhi. Check rates,"(14, 4, 2022)","The price of CNG saw a hike of Rs 2.5 per kg in Delhi and adjoining cities on Thursday. With a total increase of Rs 15 per kg since March, CNG is now retailing at Rs 71.61 per kg in Delhi.

Indraprastha Gas Ltd (IGL) is the firm which retails CNG and piped cooking gas in the national capital and adjoining cities.LATEST RATESWith effect from 6 am on April 14, here's how much CNG costs per kg in Delhi and nearby cities:Delhi - Rs 71.61 per kgNoida, Greater Noida & Ghaziabad - Rs 74.17 per kgMuzaffarnagar, Meerut & Shamli - Rs 78.84/ per kgGurugram - Rs 79.94 per kgRewari - Rs 82.07 per kgKarnal & Kaithal - Rs 80.27 per kgKanpur, Hamirpur & Fatehpur - Rs 83.40 per kgAjmer, Pali & Rajsamand - Rs 81.88 per kgMUMBAI HIKEMahanagar Gas Limited (MGL) increased the retail price of CNG by Rs 5/kg in and around Mumbai on Wednesday, citing the massive rise in input prices. Compressed natural gas is now retailing at Rs 72 per kg in Mumbai.MGL said that from April 1, the Centre has increased the supply price of domestically-produced natural gas by 110 per cent.Apart from CNG, the cost of petrol and diesel have been on an upward spiral since March.Live TV--- ENDS ---ALSO READ | Petrol, diesel prices on fire: Take a look at fuel rates in US, other countries","['cng price', ' fuel price', ' petrol price', ' cng price hike', ' delhi cng cost']",https://www.indiatoday.in/business/story/cng-price-hike-delhi-gurugram-noida-latest-rates-gas-1937218-2022-04-14
4,business,Infosys Q4 net profit up 12 pc; to exit Russia,"(13, 4, 2022)","IT services major Infosys on Wednesday posted a 12 per cent rise in March quarter net profit and said it is moving its business out of Russia, joining a growing roster of companies pulling out of the country following Moscow’s invasion of Ukraine.

India’s second-largest software services company saw its net profit in January-March surge to Rs 5,686 crore and projected a 13-15 per cent revenue growth in the fiscal year that began on April 1, 2022 on the back of a “strong demand environment” and “robust deal pipeline”.Infosys hired 85,000 freshers globally and in India during the year ended March 31, 2022, and is planning to hire over 50,000 freshers in FY23.ALSO READ | India not violating any sanctions by importing Russian oil, says US after Modi-Biden virtual meetHowever, the firm’s 12-month attrition soared to 27.7 per cent in the March quarter, as an industry-wide war for talent and dynamic demand environment kept the sector’s attrition levels high.Infosys asserted it is not engaged in any business with Russian clients currently, nor has any such plans going ahead.“The work we do is for a few of our global clients that have operations in Russia. We have less than 100 employees in Russia. Working with our clients, we are in the process we’ve initiated, how we can transition some of that work, all of that work outside of Russia,” Infosys CEO Salil Parekh told reporters during the Q4 earnings briefing.Parekh categorically added: “We have no work with any Russian client today. And we have no plans for any work with any Russian client going ahead.” Its operations in Russia had come under the scanner following UK Finance Minister Rishi Sunak’s call to companies to boycott the country after President Vladimir Putin ordered troops into Ukraine. Sunak is married to Akshata Murty, daughter of Infosys co-founder Narayana Murthy.ALSO READ | India's monthly purchase of Russian oil less than what Europe buys in 1 afternoon: Jaishankar to US“We work with no Russian clients, and the work we do is with a small number of global clients in Russia, for which as I just mentioned, we have started the transition. So at this stage, we have no impact within our business given what is going on from an Infosys perspective,” Parekh said.The Bengaluru-headquartered company posted net profit (after minority interest) of Rs 5,686 crore in the just-ended quarter against Rs 5,076 crore in Q4 FY21.While the Q4 results scorecard reflects a 12 per cent year-on-year growth in net profit, the numbers are 2 per cent lower than the December quarter.On why the Q4 numbers have trailed the street’s expectations, Parekh said while there has been a strong volume growth in the quarter, there was an issue with a client related to a contract situation.“We see a very good momentum into our business as we look ahead,” Parekh affirmed.Infosys’ revenue grew 22.7 per cent to Rs 32,276 crore in Q4 FY22. “Our sustained momentum in FY22, large deal wins, robust deal pipeline and client confidence in our capabilities gives us comfort to provide a guidance of 13 to 15 per cent for growth in fiscal 2023,” Parekh said.At the start of FY22, Infosys had projected that full year revenue will grow 12-14 per cent in constant currency terms. During the year, however, the company upped its outlook a few notches and in January this year, the revenue growth guidance for FY22 was raised to 19.5 20 per cent.ALSO READ | Russia will launch lunar probe this year, says Putin amid crippling sanctions from West“What we’ve had in terms of large deals, and what we are seeing in our pipeline going ahead, gives us confidence about the guidance we start the year with, at 13 to 15 per cent. As the year progresses, we’ll see what the various forces are that will play into all of this,” Infosys’ top boss said.For full year FY22, Infosys’ net profit was up 14.3 per cent to Rs 22,110 crore, as revenue rose by 21 per cent to Rs 1,21,641 crore compared to the previous fiscal.The company said growth during the fiscal was broad-based, spread across business segments, service lines, and geographies.Infosys board has proposed a final dividend of Rs 16 per share, taking the total dividend for FY22 to Rs 31 per share, an increase of 14.8 per cent over the prior year. With this, the company has announced total dividend of about Rs 13,000 crore for FY22.In dollar terms, the Q4 net profit stood at USD 752 million, nearly 8 per cent higher year-on-year, while the revenue came in at USD 4,280 million, 18.5 per cent more than the year-ago period.ALSO READ | Infosys Q4 results: IT giant reports 12% increase in net profit to Rs 5,685 croreFor the full year, net profit at USD 2.9 billion was 13.4 per cent higher than the previous fiscal. The revenue grew 20.3 per cent to USD 16.3 billion.“Infosys delivered USD 16.3 billion in revenues with the highest annual growth in the last decade of 19.7 per cent in constant currency with a robust operating margin of 23 per cent. Growth was broad-based, supported by continued momentum in large deal wins with TCV (total contract value) of USD 9.5 billion,” the company said in a statement.According to Infosys, the TCV of large deal wins was USD 2.3 billion in Q4.To a question on the impact of the Russia-Ukraine war on the company’s business, Parekh said, “Given what is going on in the region, we have started to transition all of our work from our centre in Russia, to our centres outside Russia.” The declined to comment on the controversy surrounding Akshata Murty’s stake and whether the company is facing client queries on that, saying: “With respect to discussions in the UK, we have no comments to make on any individual shareholders.” In a regulatory filing, Infosys said the board on Wednesday, based on the recommendations of the nomination and remuneration committee, approved annual performance-based grant of restricted stock units (RSUs) amounting to Rs 13 crore for FY23 under the 2015 Stock Incentive Compensation Plan to Salil Parekh, CEO and MD.“This is pursuant to the approval from the shareholders through postal ballot concluded on February 20, 2018 and as per the shareholders’ approval in the Annual General meeting held on June 22, 2019. These RSUs will vest in line with the current employment agreement,” it said.The RSUs will be granted with effect from May 2, 2022 and the number of RSUs will be calculated based on the market price at the close of trading on May 2, 2022.Infosys shares closed 0.41 per cent higher at Rs 1,748 apiece on BSE on Wednesday. The results were declared after market hours.","['Infosys', ' Infosys profits', ' Russia Ukraine war', ' Kyiv', ' Ukraine updates', ' Mariupol', ' Russian invasion']",https://www.indiatoday.in/business/story/infosys-to-exit-from-trade-in-russia-1937175-2022-04-13
5,business,"Lemon squeezed out of life, 87% consumers see rise in prices of essential items, says survey","(13, 4, 2022)","'When life gives you lemon, make lemonade,' that's how the old proverb goes, but what does one do when lemon, an essential in Indian kitchens, starts costing Rs 250-Rs 300 per kg? Nine in 10 household consumers surveyed were feeling the pinch of rising prices on vegetables like lemon, beans, ladyfinger, and others in the last one month, according to a survey conducted by LocalCircles.

Around 87 per cent of household consumers surveyed by Local Circle said they were experiencing the rising prices of vegetables like lemon, beans, ladyfinger and others between March and April.Amongst the 87 per cent of household consumers experiencing rising prices of vegetables like lemon, beans, ladyfinger, 37 per cent of respondents said there was an increase of over 25 per cent in vegetable prices, according to data analysis done by LocalCircles.On the heels of the rising cost of petrol and diesel, prices of various vegetables have increased significantly and this spike is causing a hole in the aam aadmi's pocket. The middle and low-income households are feeling the heat.LEMON, VEGETABLE PRICESThe humble lemon, an essential in the scorching heat, has seen an exponential price rise, with 1 kg costing Rs 350 per kg or a whopping Rs 18 to Rs 25 per piece.Similarly, consumers are reporting rising prices of vegetables like ladyfinger or bhindi, beans and several others. Both lady finger and beans are selling over Rs 100 per kg in several parts of the country.Data analysis shows, the reason for price rise of some vegetables is due to the weather and supply situation, the rising prices of petrol and diesel have a big role to play.The prices of petrol and diesel have been increased by nearly Rs 10 per litre since late March. Experts say that high transportation costs have resulted in a price increase of about Rs 10-15 per kg.UNREGULATED HIKEAn unregulated hike in the price of vegetables is not new to the country. Experts, citing government data, say that the trade of these perishable vegetables in the retail market goes up at different rates across states due to several factors like disrupted supplies and unchecked trade regulation.Not only have the high prices of petrol and diesel affected the price of various essential commodities, vegetable prices have gone up additionally due to weather conditions. For instance, many have cited that the price of lemons has been soaring due to the after-effects of a cyclone in Gujarat.INFLATION RATE IN INDIAIndia’s retail inflation shot up to 6.95 per cent in March 2022, the highest in the past 17 months. A surge in food price inflation faced by consumers which hit 7.68 per cent from 5.85 per cent in February, aided by continuously rising fuel prices.Consumers in rural India face higher inflation at 7.66 per cent. The rise in CPI has marked the third successive month when figures are above the Reserve Bank of India’s tolerance threshold of 6 per cent.For the common man, rising prices are spelling a disaster because he is being squeezed from all ends - fuel, fruits, vegetables, meat,clothes,footwear. Almost every daily-used item is witnessing a price rise.While food and beverages inflation hit 7.47 per cent in March, oils and fats firmed up further at 18.8 per cent and vegetables inflation stood at 11.6 per cent. Meat and fish prices rose to 9.63 per cent, up from 7.4 per cent in February.Clothing and footwear inflation touched 9.4 per cent. Footwear saw a whopping inflation at 11.3 per cent.ALSO READ | Price rise: Nine in 10 households cut consumption, savings to cope with edible oil rate spikes, says survey","['Lemon squeezed out of life', ' 87% consumers see rise in prices of essential items', ' says survey']",https://www.indiatoday.in/business/story/lemon-squeezed-out-of-life-87-consumers-see-rise-in-prices-of-essential-items-says-survey-1937072-2022-04-13
6,business,Zomato vs Swiggy vs Ola: Race hots up for 10-minute delivery,"(13, 4, 2022)","The Indian quick-commerce sector may witness a multi-cornered contest for 10-minute delivery or faster food delivery among Zomato, Swiggy, and Ola. Zomato revealed its 10-minute delivery plans in March but received criticism from netizens.

Now Ola has started to offer 10-minute food delivery. Swiggy has been exploring similar options but it has not made any announcement regarding the timing of the delivery, according to an Economic Times report.ZOMATO INSTANTIn March, Zomato announced that it would come up with a 10-minute food delivery system - Zomato Instant.After receiving criticism, Zomato in a statement said the 10-minute delivery would be for specific nearby locations, popular and standardised menu items only.Zomato Instant food items can be dispatched within 2 minutes, the online food delivery platform stated.OLA 10-MINUTE DELIVERYOla has started a pilot project of delivering food items such as pizza, rolls, khichdi within 10 minutes in a few locations in Bengaluru, according to the ET report.Foods are delivered through Ola dash, a grocery delivery arm.SWIGGYSwiggy is also contemplating faster food delivery. However, it is yet to decide on the time of delivery, the ET report says.ALSO READ | LIC IPO date, price, size details, discounts: All you need to know","['zomato', ' ola', ' swiggy', '']",https://www.indiatoday.in/business/story/zomato-vs-swiggy-vs-ola-race-hots-up-for-10-minute-delivery-1937047-2022-04-13
7,business,"Infosys Q4 results: IT giant reports 12% increase in net profit to Rs 5,685 crore","(13, 4, 2022)","Infosys on Wednesday reported a 12 per cent increase in its consolidated net profit at Rs 5,685 crore for the fourth quarter of financial year 2021-22, which ended on March 31, 2022. India's second biggest IT services firm reported a net profit of Rs 5,076 crore in the corresponding period.

Infosys has delivered the highest annual growth in a decade with broad-based performance, the company's Chief executive officer (CEO) Salil Parekh said.However, Infosys reported Rs 5,686 crore in the fourth quarter in fiscal 2021-22, down by 2.1 per cent from Rs 5,809 crore reported in Q3,FY22.The revenue has gone up to Rs 32,276 crore in the fourth quarter of FY22, up by 1.3 per cent from 31,867 crore in Q3, FY22.Software behemoth Infosys Ltd said on Wednesday it is moving its business out of Russia and is pursuing alternate options against the backdrop of the Ukraine conflict.Several other global IT and software players, including Oracle Corp and SAP SE have either suspended or paused all operations in Russia.ALSO READ | SBI offers home loan at low interest rate | Check eligibility, EMI calculation","['infosys results', ' infosys news', ' infosys q4 results', ' infosys q4 results 2022 date']",https://www.indiatoday.in/business/story/infosys-q4-results-it-giant-reports-12-increase-in-net-profit-to-rs-5-685-crore-1937029-2022-04-13
8,business,"Sensex tanks 200 points, Nifty down at 17,475 | Check top gaining shares","(13, 4, 2022)","The Sensex and Nifty closed lower for a third consecutive session on Wednesday, hurt by financials and auto stocks, while a red hot inflation reading for March fuelled expectations of a sooner-than-anticipated interest rate hike.

The NSE Nifty 50 index closed 0.31 per cent or 54.65 points down at 17,475.65, and the S&P BSE Sensex was down by 0.41 per cent or 237.44 points to 58,338.93. For the truncated week, due to market holidays on Thursday and Friday, the indexes fell more than 1 per cent.""Macros are quite a concern. With rising yields, foreign institutional investor flows are also negative. We are in to the results season. There is cost inflation for several firms,"" said Anita Gandhi, a whole-time director at Arihant Capital Markets, according to a Reuters report.Refinitiv data showed foreign investors sold equities worth $1.02 billion in the last four trading sessions.Meanwhile, India's retail inflation rose nearly 7 per cent year-on-year in March, its highest in 17 months and above the upper limit of the central bank's tolerance band for a third straight month.""Sharply higher than expected March inflation reading further increases the challenge for the MPC (Monetary Policy Committee) ... We assign a very high probability of a 25 basis points rate hike in the June policy along with a stance change,"" Kotak Mahindra Bank's Senior Economist Upasna Bhardwaj said.The Nifty finance index, bank index and auto index were down between 0.75 per cent and 0.87 per cent.HDFC Ltd, HDFC Bank, Bajaj Finserv and automaker Maruti Suzuki were the top percentage losers on the Nifty 50, falling more than 1 per cent each.ALSO READ | Price rise, inflation in India: From food items to edible oil rates, what to expect in coming months?","['sensex today', ' nifty today', ' share market', ' stock market']",https://www.indiatoday.in/business/story/sensex-tanks-200-points-nifty-down-at-17-475-check-top-gaining-shares-1937021-2022-04-13
9,business,"LIC IPO date, price, size details, discounts: All you need to know","(13, 4, 2022)","The wait for Life Insurance Corporation of India's (LIC) initial public offering (IPO) is likely to be over this month. The IPO, which is likely to be India's largest initial share sale, could be launched by the end of April.

LIC IPO DATEThe country's largest insurer is likely to file an updated draft red herring prospectus (UDRHP) for the LIC IPO after consultations between the Department of Investment and Public Asset Management (DIPAM) and investment bankers and a key meeting of the LIC board, according to media reports.Soon after this, the final process for LIC's IPO will commence.The IPO is likely to be opened for subscription in April-end and listing of shares could be completed by May 12, as per media reports.LIC IPO PRICE, SIZE DETAILS, DISCOUNTSAs of now, the government is likely to sell a 5 per cent stake or over 31.6 crore shares for an estimated Rs 63,000 crore.According to the draft red herring prospectus (DRHP), LIC's embedded value, which is a measure of the consolidated shareholders value in an insurance company, has been pegged at about Rs 5.4 lakh crore as of September 30, 2021, by international actuarial firm Milliman Advisors.Although the DRHP does not disclose the market valuation of LIC, as per industry standards, it would be about three times the embedded value or around Rs 16 lakh crore, according to a PTI report.The LIC public issue would be the biggest IPO in the history of the Indian stock market. Once listed, LIC's market valuation would be comparable to top companies like RIL and TCS, the PTI report says.So far, the amount mobilised from IPO of Paytm in 2021 was the largest ever at Rs 18,300 crore, followed by Coal India (2010) at nearly Rs 15,500 crore and Reliance Power (2008) at Rs 11,700 crore.Employees and policyholders of the national insurer would get a discount over the floor price.ALSO READ | Price rise: Nine in 10 households cut consumption, savings to cope with edible oil rate spikes, says survey","['LIC IPO DATE', ' LIC IPO NEWS', ' LIC IPO LAUNCH DATE', ' LIC IPO DATE 2022', ' LIC IPO PRICE', ' LIC IPO DETAILS', ' LIC IPO SIZE', ' LIC IPO DATE 2022 PRICE', ' LIC IPO PRICE BAND']",https://www.indiatoday.in/business/story/lic-ipo-date-price-size-details-discounts-all-you-need-to-know-1936996-2022-04-13
10,business,"SBI offers home loan at low interest rate | Check eligibility, EMI calculation","(13, 4, 2022)","The State Bank of India (SBI) is offering home loans at lower interest rates for its customers. Apart from other benefits, women borrowers can avail concessions, according to the country's largest public sector lender.

""Get your dream home with SBI Home Loans. Visit: https://homeloans.sbi,"" State Bank of India tweeted.SBI home loan borrowers will get a credit score linked interest rate.There is a uniform rate for any loan amount, according to SBI.HOME LOAN ELIGIBILITYTo get an SBI regular home loan, one needs to be an Indian resident.The minimum age of the borrower needs to be 18 years and the maximum age should be 70 years.The loan tenue is up to 30 years.#GoAhead, #GoBig. Get your dream home with SBI Home Loans. Visit: https://t.co/nLCuFyTiJL#SBIHomeLoans #DreamHome #AmritMahotsav #AzadiKaAmritMahotsavWithSBI pic.twitter.com/D33BZeHzir— State Bank of India (@TheOfficialSBI) April 12, 2022
HOME LOAN EMI CALCULATORThe home Loan EMI calculator enables one to calculate the EMI, monthly reduced balance, monthly interest based on the loan tenure, principal amount, and interest rate.To check the SBI Home Loan EMI calculator, you need to go to https://homeloans.sbi/calculators .ALSO READ | Price rise, inflation in India: From food items to edible oil rates, what to expect in coming months?","['home loan emi calculator', ' home loan interest rate', ' home loan eligibility calculator', ' home loan eligibility', ' home loan emi calculator sbi', ' home loan tax benefit', ' home loan interest rate sbi', ' home loan emi']",https://www.indiatoday.in/business/story/home-loan-emi-calculator-interest-rate-eligibility-sbi-state-bank-of-india-1936977-2022-04-13
11,business,"Price rise, inflation in India: From food items to edible oil rates, what to expect in coming months?","(13, 4, 2022)","Price rises have hit common people across the country. People from almost every section of society are finding it hard to manage their household budget due to a sharp rise in prices of essential commodities, including vegetables, coupled with the steep hike in petrol and diesel rates.

While the prices of petrol and diesel have been hiked by around Rs 10 per litre each by oil marketing companies in the past one month, the rates of vegetables and several other food items have gone through the roof. Apart from these, the prices of other petroleum products, including LPG cooking gas, rose significantly.INFLATION RATE IN INDIARetail inflation soared to a 17-month high of 6.95 per cent in March, according to official data released on Tuesday. This is the third consecutive month that inflation remained above the 6 per cent mark. The previous high at 7.61 per cent was recorded in October 2020.Retail inflation tracked by the Consumer Price Index (CPI) measures the changes in prices from a retail buyer's perspective.The Consumer Price Index (CPI) based inflation rose mainly on account of rising prices of essential food items like 'oils and fats', vegetables and protein-rich items such as 'meat and fish'.Inflation in 'oils and fats' in March soared to 18.79 per cent as the geopolitical crisis due to the Russia-Ukraine war pushed edible oil prices higher. Ukraine is a major exporter of sunflower oil, according to the CPI data.In vegetables, inflation quickened to 11.64 per cent in March, while in 'meat and fish' the rate of price rise stood at 9.63 per cent compared to February 2022.However, inflation in the 'fuel and light' category was lower at 7.52 per cent in March from 8.73 per cent in the preceding month.RBI PROJECTIONSLast week, the Reserve Bank of India (RBI) raised the retail inflation projection for the ongoing financial year to 5.7 per cent from an earlier forecast of 4.5 per cent. However, it expects moderation in prices of cereals and pulses on a likely record harvest of the winter season (rabi) crop.FOOD ITEMSDuring the Monetary Policy Committee (MPC) announcement, RBI Governor Shaktikanta Das talked about a moderating path for inflation during the ongoing financial year 2022-23.On the food price front, a likely record Rabi harvest would help to keep domestic prices of cereals and pulses in check, the RBI governor said.However, global factors such as the loss of wheat supply from the Black Sea region and the unprecedented high international prices of wheat could, however, put a floor under domestic wheat prices, according to the RBI Governor.Edible oil price pressures are likely to remain elevated in the near-term due to export restrictions by key producers as well as loss of supply from the Black Sea region, the RBI Governor said.Feed cost pressures could continue due to global supply shortages, which could also have a spillover impact on poultry, milk and dairy product prices, according to the RBI governor.""Taking into account these factors and on the assumption of a normal monsoon in 2022 and an average crude oil price (Indian basket) of US $ 100 per barrel, inflation is now projected at 5.7 per cent in 2022-23, with Q1 at 6.3 per cent; Q2 at 5.8 per cent; Q3 at 5.4 per cent; and Q4 at 5.1 per cent,"" the RBI governor said.ALSO READ | 7th pay commission: Check revised rates of Dearness Allowance (DA) to central government employees","['price rise in India essay', ' price rise essay', ' price rise article', ' price rise in India', ' price rise in India article', ' price rise of essential commodities', ' inflation rate in india', ' inflation India', ' inflation rate in india 2022']",https://www.indiatoday.in/business/story/price-rise-inflation-in-india-from-food-items-to-edible-oil-rates-what-to-expect-in-coming-months-1936944-2022-04-13
12,business,Stock Market holidays 2022: Share market to remain closed for next 4 days | Check trading holidays list,"(13, 4, 2022)","The share market is all set to remain closed for four consecutive days, starting from Thursday. The trading on both indexes of the stock market - BSE Sensex and NSE Nifty - won't take place on account of Mahavir Jayanti, Dr.Baba Saheb Ambedkar Jayanti, and Good Friday.

While Mahavir Jayanti, Dr.Baba Saheb Ambedkar Jayanti fall on April 14, and Good Friday is on April 15.SHARE MARKET HOLIDAYThe share market will remain closed on Thursday, Friday, Saturday, and Sunday.The stock market on Thursday and Friday will remain closed due to public holidays - Mahavir Jayanti, Dr.Baba Saheb Ambedkar Jayanti, and Good Friday.On Saturday and Sunday, the stock market will remain closed for the regular weekly holidays.STOCK MARKET HOLIDAYS LISTRepublic DayJanuary 26,2022WednesdayMahashivratriMarch 01,2022TuesdayHoliMarch 18,2022FridayMahavir Jayanti / Dr.Baba Saheb Ambedkar JayantiApril 14,2022ThursdayGood FridayApril 15,2022FridayId-Ul-Fitr (Ramzan Id)May 03,2022TuesdayMuharramAugust 09,2022TuesdayIndependence DayAugust 15,2022MondayGanesh ChaturthiAugust 31,2022WednesdayDussehraOctober 05,2022WednesdayDiwali * Laxmi PujanOctober 24,2022MondayDiwali BalipratipadaOctober 26,2022WednesdayGurunanak JayantiNovember 08,2022TuesdayALSO READ | Price rise: Nine in 10 households cut consumption, savings to cope with edible oil rate spikes, says survey","['share market today', ' share market news', ' share market holiday', ' share market news today', ' stock market today', ' stock market holidays', ' stock market news', ' stock market today India', ' stock market news today']",https://www.indiatoday.in/business/story/stock-market-holidays-2022-share-market-to-remain-closed-for-next-4-days-check-trading-holidays-list-1936897-2022-04-13
