SN,category,headline,date,content,keywords,link
1,business,Buying property in Greater Noida? Get ready to pay more,"(6, 4, 2022)","The Greater Noida Industrial Development Authority (GNIDA) has announced an increase of around Rs 5,000 to Rs 7,000 per square metre in rates for residential sectors of Greater Noida. The decision was announced after the 126th board meeting of GNIDA held in Greater Noida on Tuesday.

Residential sectors have been divided into four separate categories A, B, C and D.GREATER NOIDA NEW RATESThe new rates per sq metre of land will be Rs 39,000 for category A, Rs 36,000 for category B, Rs 34,000 for category C and Rs 29,000 for category D, the GNIDA said.The old rates per sq metre were Rs 33,300 for category A, Rs 31,250 for category B, Rs 27,088 for category C and Rs 24,060 for category D, it added.SECTOR-WISE RATESSectors Alpha 1, 2, Beta 1, 2, Gamma 1, 2, Delta 1, 2, 3 and Swarn Nagri fall in category A.Sectors CHI 2, CHI 3,CHI 4, CHI 5, CHI-PHI EXT. P 1, P 2, P 3, P 4, P 5, P 6, P 7, P 8, PI 1, PI 2, PHI 1, PHI 2, PHI 3, PHI 4, PHI-CHI, Sector-36 and Sector-37, Sector 2, 3 fall in category B.Category C includes sectors Eta 1, Omicron 1, 1A, 2 and 3, XU 1, 2 and 3, Zeta 1 and 2, MU 1 and 2, Sigma 1, 2, 3 and 4; while category D includes Sectors 1, 11, 12, 16, 4, 16C, 17, 20 and Sector-Tech zone, the GNIDA said.ALSO READ | HDFC merger with HDFC Bank: What are likely hurdles?",NA,https://www.indiatoday.in/business/story/property-land-rate-in-greater-noida-1934302-2022-04-06
2,business,"Sensex tanks over 500 points, Nifty ends at 17,807","(6, 4, 2022)","The Sensex and Nifty fell for a second straight session on Wednesday, pulled down by heavyweight financials, as concerns over surging inflation and prospects of aggressive rate hikes by the US Federal Reserve weighed.

The NSE Nifty 50 index ended down 0.83 per cent or 149.75 points at 17,807.65 and the S&P BSE Sensex fell 0.94 per cent or 566.09 points to 59,610.41, in line with global markets after hawkish comments from a Fed policymaker.Fed Governor Lael Brainard said overnight she expected a combination of interest rate hikes and a rapid balance sheet runoff this year.""Markets will be remaining in a cautious zone ahead of the Fed minutes, as well as the RBI's policy meeting,"" said Prashanth Tapse, vice president (research), Mehta Equities.""Inflation is a new war for the whole world for another six to eight months, that would keep emerging markets like India under pressure. Markets will be very volatile because of this and we may see the impact of it in companies' Q1 numbers.""Oil marketing companies in India continued to raise pump prices on the back of elevated global crude prices, sparking worries of an acceleration in inflation.The Reserve Bank of India's (RBI) three-day monetary policy meeting begins on Wednesday, while the Fed will release later in the day minutes of its meeting, which investors will scrutinise for clues on rate hikes.The RBI will delay its first interest rate rise by at least four months to August at the earliest, according to a Reuters poll of economistsThe Nifty Bank index fell 1.14 per cent and the finance index dropped 1.6 per cent, falling for a second straight session after a more than 4 per cent jump on Monday.Paytm parent One 97 Communications' shares rose 4.6 per cent after the digital payments firm said it should be able to achieve a breakeven for a key metric of profitability in one-and-a-half years.ALSO READ | Petrol, diesel prices on fire: Take a look at fuel rates in US, other countries",NA,https://www.indiatoday.in/business/story/sensex-tanks-over-500-points-nifty-ends-at-17-807-1934274-2022-04-06
3,business,HDFC merger with HDFC Bank: What are likely hurdles?,"(6, 4, 2022)","India's largest private lender HDFC Bank's $40 billion acquisition of its biggest shareholder could face regulatory hurdles due to the stake it would give the bank in the insurance sector, Reuters reported quoting analysts.

The Reserve Bank of India, which acts as regulator for the financial industry, wants banks to limit ownership stakes in insurance companies, Reuters reported.HDFC Bank's proposed merger with HDFC Ltd will create an entity with a combined balance sheet worth $237 billion and will include the target's insurance and other financial subsidiaries.SIZE OF ENTITYHDFC Life and HDFC ERGO are among the leading life and general insurance companies in the private sector, and analysts say the RBI is unlikely to be comfortable with the size of the insurance operations the deal will give the bank.HDFC Bank's management said on Monday that they have asked the regulator for clarity on complying with its rules, but analysts believe it may not be easy to come by, the Reuters report said.""Considering there are lot of subsidiaries that need to be merged, there could be some regulatory overhang, particularly in the insurance business where the central bank is not very comfortable with banks increasing their stake,"" said an analyst at a domestic brokerage house.One way of folding the subsidiaries into HDFC Bank could be to create a holding company structure, but that could have a negative impact on the balance sheet in the short term, analysts said, Reuters reported.HIGHER COST, TAXES""If a holding company structure is enforced then the equation changes. Cost goes up as stamp duties and taxes will go up,"" Macquarie said in a note on Tuesday.In the short term, return on equity (RoE), a key financial metric, will also go down as a result of meeting certain regulatory requirements, the Macquarie note said.As a shadow bank - a finance company outside the scope of traditional banking regulation - HDFC Ltd has a higher cost of funds compared to the bank.POST MERGERPost merger, the entity may therefore, in the short term also see a higher cost of funds, which could affect its margin, said a portfolio manager at a retail brokerage firm, Reuters reported.""Due to this and other ambiguities regarding the deal and the performance, the stock may not see a big valuation re-rating immediately,"" he added.If it clears the hurdles to a deal, HDFC Bank will shrink the gap in size with state-run lender and bigger rival State Bank of India, and pull further away from peers such as ICICI Bank and Axis Bank.ALSO READ | Income Tax return: New ITR forms explained",NA,https://www.indiatoday.in/business/story/hdfc-merger-with-hdfc-bank-what-are-likely-hurdles-1934260-2022-04-06
4,business,Income Tax return: Parliamentary panel pushes for strict assessment of agricultural incomes,"(6, 4, 2022)","A parliamentary panel has pushed the government for greater scrutiny and devising of specific codes for assessment of agricultural incomes to plug evasion of taxes. The panel has flagged that more than 21 lakh tax payers in their returns for the assessment year (AY) 2020-21 claimed agricultural income and of these, nearly 60,000 reported agricultural income exceeding Rs 10 lakh.

The committee has expressed concern over the follow-up action by the Central Board of Direct Taxes (CBDT) to assess and verify these claims. This was after the CBDT chairman, in his deposition, informed the Public Accounts Committee or PAC that of the 59,707 returns of more than Rs 10 lakh among total of 21,55,368 cases, only 3,379 cases were chosen for assessment and scrutiny.SHORTAGE OF MANPOWERThe Income tax department told the committee that due to shortage of manpower to check 100 percent such cases in all Commissionerates, where agricultural income claimed is above Rs 10 lakh, the Finance Ministry has devised its own mechanism for picking up cases for scrutiny due to paucity of manpower to handle the same.A system may be designed to examine the 3,379 cases with due promptitude and based on these assessments, new scenarios may be included in the Computer Aided Scrutiny Selection (CASS) for refining the process of selection of cases for scrutiny.COMMITTEE REPORTThe Committee in its report titled ""Assessment Relating to Agricultural Income has flagged that the 3,379 cases chosen by CBDT includes cases of taxpayers reporting agricultural income less than Rs 10 lakh while focus of scrutiny should be on assessees reporting higher agricultural income.The Committee has recommended that the Ministry should consider devising a mechanism for categorisation of cases of agricultural income in three slabs i.e. above Rs 10 lakh, Rs 50 lakh and Rs l crore in CASS so as to better target high evasion risk cases.In its report the committee said, ""Such a measure will also facilitate scrutiny of different types of agriculturists with the limited resources available with the Ministry/CBDT and enable in preventing possible leakage of revenue.""HIGH AGCRICULTURAL INCOMEThe public accounts committee headed by Congress Member of Parliament (MP) Adhir Ranjan Chowdhury noted that the number of cases reporting high agricultural income is significant.The Government informed the panel that the number of ""cases selected for scrutiny is fine tuned with a view to striking a balance between available resources and various types of risk (which requires investigation) through Computer Aided Scrutiny Selection (CASS)."" The CASS is a centralised system for selection of cases of scrutiny based on information in Income Tax Return (ITR), IT forms, TDS/TCS, data as reported by third parties, data received through inter-departmental MoUs etc.The Committee has noted that a major chunk of agriculturists are reluctant to file income tax returns due to practical difficulties arising out of lack of awareness, frequency of going to IT Office and connectivity issues faced by farmers to travel to the Income Tax office.The panel In its report submitted on Tuesday said, ""This has resulted in non-availability of crucial information pertaining to agricultural production, land records etc. for the ITD database. There are also apprehensions of farmers that inclusion of their personal information in the Income Tax Database may disqualify them from accessing various welfare schemes of the Government.""TAX BASEThe Committee opined that if data of agriculturists is included in ITD Database, it will aid in not only widening the tax base but also enable better monitoring and detection of cases of money laundering.The Committee takes note of Audit scrutiny based on a Public Interest Litigation (PIL) filed in the Patna High Court. Following the PIL, the Tax Department had initiated verification of returns in cases where assessees had returned income of more than Rs 1 crore from Agriculture.The Directorate of Income Tax (Systems) instructed its units to send Status Reports for the High Court after examination of aspects such as whether tax payer may have made a data entry error while filling up the return.The DGIT (Systems) then had identified 2,746 cases of agricultural income above Rs 1 crore in the ITRs of the assessment years 2007-08 to 2014-15. The assessment officers or AOs were instructed to verify the claims of exemption on agricultural income in such ITRs.STATE-WISE REPORTThe Committee flagged that out of 136 Principal Chief Commissioner of Income Tax selected by Audit where status reports furnished to DGIT (systems) were sought, only 26 in ten states furnished the status reports to Audit. The Committee in its report has highlighted that the Comptroller and Auditor General of India conducts the audit of receipts of the Union Government under Section 16 of the Comptroller and Auditor General of India (Duties, Powers and Conditions of Service) Act, 1971 and non-furnishing of required details to audit is a serious lapse and needs to be looked into thoroughly.The PAC is one of the most powerful Parliamentary panels which scrutinises the audit reports of government revenue earning and spending activities created by the CAG.The pac has said that C&AG Report No. 9 of 2019 for the year that ended on March 2018 contains significant results of the compliance audit of the Department of Revenue- Direct Taxes of the Union Government and Chapter V of the Report deals with ""Assessments relating to Agricultural income.""Public Accounts Committee, decided to examine parts the CAG report pertaining to the ""Exemption without verification of supporting documents, Incorrect reflection of agricultural income in ITD Database, Status of Verification by the Department: and Compliance issues - Mistakes in Assessments.VERIFICATION OF AGRICULTURAL INCOMEThe PAC in its report has flagged serious concerns over the low levels of scrutiny and verification of ""agricultural income"" claims filed by tax payers which could be leading to evasion of taxes via utilisation of the exemption enjoyed by certain categories of agricultural income. As per section 2(IA) of the Income Tax Act, 1961 (the Act) 'agricultural income' means (a) Any rent or revenue derived from land which is situated in India and is used for agricultural purposely (b) Any income derived from such land by agricultural operations including processing of agricultural produce so as to render it fit for market or sale of such produce; (c) Any income attributable to a farm house subject to fulfillment of conditions specified in the Act: (d) Any Income derived from saplings or seedlings grown in a nursery.As per Section 10 (1) of the Income Tax Act, 1961, agricultural income is exempted from tax.The panel has expressed concern that while the CAG Report of 2019 flags that Audit review of the scrutiny assessments in the selected cases during 2008-09 to 2013-14 indicated that in 1 ,527(22.5 per cent) of the 6,778 scrutiny assessments, the claim of exemption on account of agricultural income was allowed without verification of supporting documents such as the land records, income and expenditure statements, crop information, proof of agricultural income and expenditure such as ledger account, bills, invoices etc. the report Further states that, Audit scrutiny revealed that of the 1,527 cases, land records were not available in 716 cases (l0.6 per cent) and proof of agricultural income and expenditure such as ledger account, bills, invoices etc. were not available in 1,270 cases (18.7 per cent).ALSO READ | Petrol, diesel prices on fire: Take a look at fuel rates in US, other countries",NA,https://www.indiatoday.in/business/story/income-tax-return-parliamentary-panel-pushes-for-strict-assessment-of-agricultural-incomes-1934237-2022-04-06
5,business,"Future Retail, Amazon, Reliance dispute: Supreme Court orders resumption of arbitration","(6, 4, 2022)","The Supreme Court on Wednesday ordered that an arbitral tribunal must decide Future Retail's application as the Competition Commission of India (CCI) withdrew its permission to Amazon to invest Rs 1,473 crore in Future Coupons. Earlier, Future Coupons private limited, which is a promoter group entity of Future Retail, received the amount from Amazon for 49 percent stake in the company.

A bench comprising Chief Justice N V Ramana and justices Krishna Murari and Hima Kohli got consent of Future group and Amazon over the resumption of arbitral proceedings before the Singapore International Arbitration Centre (SIAC). The bench had heard part arguments on Amazon's plea on April 1.AMAZON VS FUTURE RETAIL IN SCThe Supreme Court was hearing the submissions of US e-commerce major Amazon, seeking an interim order to ensure that the Future Retail Limited (FRL) assets, including ""Big Bazaar shops"", not be alienated till the dispute over its merger with Reliance Retail is decided by an arbitral tribunal.The bench had taken note of the submissions of both sides, Amazon and Future Group, that they have no objection to the resumption of the arbitral proceedings and said as far as ""the first issue about going ahead with the arbitration is concerned, both of you have agreed"".Amazon and Future Group are engaged in a multi-forum litigation on the issue of FRL's merger deal to the tune of Rs 24,500 crore with Reliance Retail Limited after the US e-commerce giant dragged FRL into arbitration at the Singapore International Arbitration Centre in October 2020. It has been alleged by Amazon that on March 3, as many as 600 stores of FRL were taken away by Reliance.AMAZON'S STANCEAt the outset, senior advocate Gopal Subramanium, appearing for the US firm, had said as far as the resumption of the arbitration proceedings is concerned, there is no difference of opinion between Amazon and Future Group.""But there cannot be a sudden handover of assets,"" Subramanium had said, adding that the US firm needs an interim order ""against alienation of the assets in favour of any other party and the assets must continue to remain with FRL and operate with FRL until the matter is resolved by the arbitral tribunal"".He had said over 800 shops of FRL have been vacated and taken over by the Reliance group.Amazon had apprehended the ""disappearance"" of assets and sought an interim order from the top court to ensure the preservation of the FRL assets, besides the resumption of arbitration over FRL's merger deal with Reliance Retail.The bench had taken note of the allegations of the US firm that the ""applecart was being upset"" by its rivals and asked the Future Group firms -- FRL and Future Coupons Limited (FCPL) -- to respond to Amazon's interim plea.FUTURE RETAIL'S ARGUMENTSenior advocate Harish Salve, appearing for FRL, had said around 374 shops are with the group and it is not going to give those to anybody on its own unless some landlords throw them out.""My bank accounts are frozen and I cannot pay rent. Everyone is hoping that if the scheme gets through, Reliance comes in and everyone will get the money,"" he had said, adding that there is no money to pay the rentals and moreover, if the lending banks come into the picture, the IBC (Insolvency and Bankruptcy Code) will come into play.ALSO READ | Amazon vs Reliance: Future of retail supremacy in India hangs in balance",NA,https://www.indiatoday.in/business/story/future-retail-amazon-reliance-dispute-supreme-court-orders-resumption-of-arbitration-1934183-2022-04-06
6,business,"Petrol, diesel prices on fire: Take a look at fuel rates in US, other countries","(6, 4, 2022)","Petrol and diesel prices have increased by Rs 10 per litre in the past 16 days across India. There are apprehensions that rates may go up further. Revision of fuel rates has been paused by oil marketing companies since November. The hiatus ended on March 22.

Petrol prices have crossed the Rs 100-mark in all major cities - Mumbai, Kolkata, Chennai, Bengaluru, Hyderabad, Gurugram, Noida, Patna, Jaipur, Chandigarh, Patna, and Thiruvananthapuram.Diesel prices have already hit the century-mark in major cities like Mumbai, Chennai, Bhubaneswar, Hyderabad, Jaipur, Patna, and Thiruvananthapuram.Meanwhile, fuel rates have gone up too in countries like the US, the UK, Europe's largest economy Germany, France and others.INTERNATIONAL OIL PRICESMeanwhile, international crude prices have dropped far more steeply, from a peak of more than $139 per barrel in early March to about $107 a barrel on Tuesday, a fall of 23 per cent.US crude was at $101.96 a barrel (Rs 48.51 per litre) and international benchmark Brent crude was at $106.96 per barrel (Rs 50.90 per litre) on Wednesday.FUEL PRICE IN USGasoline or petrol prices in the US, driven up by Russia's invasion of Ukraine and Western sanctions on Moscow's energy exports, hit a record on March 11 of $4.33 a gallon and slipped to $4.17 a gallon on Wednesday, a decline of about 4 per cent, according to a Reuters report.If we convert a gallon to a litre and a dollar to an Indian rupee, we will find that a litre of gasoline or petrol in the US costs close to Rs 92 on Wednesday, according to data on globalpetrolprices.com.However, like India, petrol prices vary in states across the US.INDIA VS OTHER NATIONSThe petrol price in Germany is $2.18 per litre (Rs 164.86), $1.96 per litre in Spain (Rs 148.22), $1.93 per litre in France (Rs 145.95), $2.14 a litre in the UK (Rs 161.84), and $1.52 a litre in Canada (Rs 114.95), as per globalpetrolprices.com on Wednesday.Meanwhile, Petroleum Minister Hardeep Singh Puri on Tuesday said that though the Russia-Ukraine war has impacted fuel prices across the world recently. While the increase in India was 5 per cent during April 2021 and March 2022, as against over 50 per cent in some developed and developing nations.He said petrol prices have gone up by over 50 per cent in countries like the US, the UK, Canada, Germany, and Sri Lanka.He said that the gasoline price increase at the pump between April 2021 and March 2022 in the US was 51 per cent, Germany was 55 per cent, the UK was 55 per cent, France was 50 per cent, Spain was 58 per cent, Canada was 52 per cent, and Sri Lanka was 55 per cent.""Our percentage increase is one-tenth of what it is elsewhere,"" the Minister said.ALSO READ | Household budgets on rise as petrol-diesel to vegetable, oil, milk prices spike",NA,https://www.indiatoday.in/business/story/petrol-diesel-prices-on-fire-take-a-look-at-rates-in-us-other-countries-1934151-2022-04-06
7,business,"Bitcoin price plunges below $46,000, other cryptocurrencies down","(6, 4, 2022)","Bitcoin's price plunged on Wednesday as it fell below the $46,000-mark. Bitcoin dipped 3 per cent after an announcement by US Federal Reserve Governor Lael Brainard, according to data on coindesk.

Most of the cryptocurrencies, including Ethereum, were in red as the overall crypto market volume was down.The world's most popular cryptocurrency, Bitcoin, was down by 3.04 per cent to $45,365.Ethereum, the second largest cryptocurrency, fell by 4.40 per cent to $3,369.Other cryptocurrencies such as XRP fell 1.76 per cent, Solana was down by 5 per cent, Cardano fell over 4 per cent, Avalanche was down by over 6 per cent, Polkadot fell by over 5 per cent, and Stellar was down more than 4 per cent.Among major alt coins, Dogecoin gained over 6 per cent, Shiba Inu fell by 1.89 per cent.""BTC, ETH, and other major cryptocurrencies fell on Tuesday after the hawkish remarks by the U.S Federal Reserve Governor. BTC and ETH are down by nearly 3 per cent and 5 per cent, respectively. BTC has struggled to break its resistance over the past few days, indicating the downward trend's end,"" Edul Patel, CEO and Co-founder of Mudrex, said.""BTC's current support price holds at US$43,000, which can keep the buyers active in the market. While on the other side, Dogecoin has gained nearly 7 per cent over the past day after Elon Musk joins the Twitter Board,"" Patel said.ALSO READ | Income Tax return: New ITR forms explained",NA,https://www.indiatoday.in/business/story/bitcoin-price-plunges-below-46-000-other-cryptocurrencies-down-1934121-2022-04-06
8,business,IPO: Sebi announces new rule | All you need to know,"(6, 4, 2022)","Willing to invest in an initial public offering (IPO)? Here is good news for you. Investors will be allowed to apply in IPOs through Unified Payments Interface (UPI) mode for up to Rs 5 lakh per application, according to an announcement made by the Securities and Exchange Board of India (Sebi).

Earlier, the limit was Rs 2 lakh. The new rules will come into effective from May 1, 2022.So, you can bid upto Rs 5 lakh through UPI for IPOs that will open on or after May 1.This comes after National Payments Corporation of India (NPCI), which manages the online payment system UPI, undertook system audits and found that a hike in the limit was required, Sebi said."" it has been decided that all individual Investors applying in Public Issues where the application amount is up to 5 Lakhs shall use UPI and shall also provide their UPI ID in the bid-cum-application form,"" according to a circular issued by the markets regulator Sebi.Earlier, NPCI had raised the transaction limit in the UPI system from Rs 2 lakh to Rs 5 lakh for UPI-based Application Supported by Blocked Amount (ASBA) in IPOs.In November, 2018, the Sebi allowed investors to bid for an IPO through UPI. The move was implemented from July 1, 2019.ALSO READ | Income Tax return: New ITR forms explained",NA,https://www.indiatoday.in/business/story/ipo-sebi-announces-new-rule-all-you-need-to-know-1934102-2022-04-06
9,business,"Gold, silver prices today: Precious metals witness dip on MCX | Check latest rates here","(6, 4, 2022)","Both gold and silver are trading on the lower side of the Multi Commodity Exchange (MCX) on Wednesday, April 6, 2022.

Witnessing a marginal drop of Rs 30 or 0.06 per cent, gold futures maturing on June 3, 2022, are retailing at Rs 51,428 per 10 grams on the MCX.Meanwhile, the rates for silver futures maturing on May 5, 2022, stood at Rs 66,237 per kg, recording a drop of 0.41 per cent or Rs 273.Notably, the prices of gold and silver stood at Rs 51,371 per 10 grams and Rs 66,198 per kg respectively when the market closed on April 5.GOLD AND SILVER PRICES ON THE INTERNATIONAL MARKETAs per Reuters, gold eased on Wednesday as hawkish comments from U.S. Federal Reserve officials boosted the dollar and Treasury yields to multi-year highs, denting the safe-haven metal's appeal.As per the latest metal report, spot gold was down 0.2 percent at $1,920.87 per ounce. Meanwhile, U.S. gold futures fell 0.3 percent to $1,920.90.In addition to this, spot silver edged 0.1 percent lower to $24.28 per ounce, among other metals.PRICES IN MAJOR INDIAN CITIESCITYGOLD (per 10 grams, 22 carats)SILVER (per kg)NEW DELHIRs 47,800Rs 66,300MUMBAIRs 47,800Rs 66,300KOLKATARs 47,800Rs 66,300CHENNAIRs 48,160Rs 71,000READ MORE| CNG price in Delhi gets another hike of Rs 2.5 per kg; retail cost rises by Rs 6.6 per kg in 5 days",NA,https://www.indiatoday.in/business/story/gold-price-today-6-april-2022-precious-metals-dip-mcx-latest-rates-1934086-2022-04-06
10,business,"Sensex plunges over 400 points, Nifty tanks at 17,843.55 | Here's why","(6, 4, 2022)","The Sensex and Nifty opened in the red in early morning trade on Wednesday. Both indexes of the share market extended losses for a second session, led by financial stocks on worries over surging domestic inflation and the prospect of aggressive monetary tightening by the US Federal Reserve.

While the benchmark equity BSE Sensex fell 0.73 per cent to 59,739.96 or 436.54 points, the NSE Nifty 50 index was down 0.63 per cent at 17,843.55.India's oil marketing companies continued to raise pump prices on the back of elevated global crude prices, sparking inflation worries.Fed Governor Lael Brainard said overnight that she expected a combination of interest rate hikes and a rapid balance sheet runoff to take US monetary policy to a ""more neutral position"" later this year, pulling down global stocks.The Nifty Bank index fell 1.2 per cent and the finance index dropped 1.1 per cent. Both the indexes were down for a second straight day after gaining more than 4 per cent on Monday.Yesterday, the 30-share BSE Sensex ended 435.24 points or 0.72 per cent lower at 60,176.50, and the broader NSE Nifty tumbled 96.00 points or 0.53 per cent to 17,957.40.ALSO READ | Income Tax return: New ITR forms explained",NA,https://www.indiatoday.in/business/story/sensex-plunges-over-400-points-nifty-tanks-at-17-843-55-here-s-why-1934081-2022-04-06
11,business,CNG price in Delhi gets another hike of Rs 2.5 per kg; retail cost rises by Rs 6.6 per kg in 5 days,"(6, 4, 2022)","The price of compressed natural gas received another hike of Rs 2.5 per kilogram on Wednesday, April 6. With this, the retail cost of CNG in the national capital territory of Delhi has reached Rs 66.61/kilogram.

Over the last five days, the price of CNG has been increased by Rs 6.6 per kilogram. The last hike, which, too, was Rs 2.5 kilogram, was effected on April 4.ALSO READ | CNG price in Delhi hiked by Rs 2.5 per kgCNG RETAIL RATESNCT of Delhi: Rs 66.61 per kgNoida, Greater Noida, Ghaziabad: Rs. 69.18 per kgMuzaffarnagar, Meerut, Shamli: Rs 73.86 per kgGurugram: Rs 74.94 per kgRewari: Rs 77.07 per kgKarnal, Kaithal: Rs 75.27 per kgKanpur, Hamirpur, Fatehpur: Rs 78.40 per kgAjmer, Pali, Rajsamand: Rs 76.89 per kgALSO READ | Petrol, diesel prices hiked by 80 paise, total increase now stands at Rs 10 per litrePrices of petrol and diesel in Delhi were also increased by 80 paise and retailed at Rs 105.41 per litre & Rs 96.67 per litre respectively on Wednesday. In Mumbai, petrol and diesel prices clocked at Rs 120.51 per litre (increased by 84 paise) and Rs 104.77 (increased by 85 paise).Live TVALSO READ | Petrol, diesel prices in India are rising even as global oil rates slump",NA,https://www.indiatoday.in/business/story/cng-price-in-delhi-today-hiked-1934030-2022-04-06
12,business,"Petrol, diesel prices hiked by 80 paise, total increase now stands at Rs 10 per litre","(6, 4, 2022)","Petrol and diesel prices were hiked by 80 paise a litre each on Wednesday, taking the total increase in rates in the last two weeks to Rs 10 per litre.

Petrol in Delhi will now cost Rs 105.41 per litre as against Rs 104.61 previously, while diesel rates have gone up from Rs 95.87 per litre to Rs 96.67.In Mumbai, petrol is now at Rs 120.51 per litre, an increase of 84 paise, whereas diesel costs Rs 104.77 after a hike of 85 paise.READ: Petrol, diesel prices in India are rising even as global oil rates slump | Here's whyRates have been increased across the country and vary from state to state, depending upon the incidence of local taxation.This is the 14th hike in prices since the ending of a four-and-half-month long hiatus in rate revision on March 22.In related news, Petroleum Minister Hardeep Singh Puri informed the Lok Sabha on Tuesday that petrol prices in India have gone up by merely 5 per cent, as against over 50 per cent in some of the developed countries, in the wake of the Russia-Ukraine war.Live TVREAD | Household budgets on rise as petrol-diesel to vegetable, oil, milk prices spike",NA,https://www.indiatoday.in/business/story/petrol-diesel-prices-hiked-by-80-paise-total-increase-now-stands-at-rs-10-per-litre-1934029-2022-04-06
