SN,category,headline,date,content,keywords,link
1,business,"Gold, silver prices on today, April 1: Precious metals witness dip on MCX | Check latest rates here","(1, 4, 2022)","Both gold and silver are trading on the lower side of the Multi Commodity Exchange (MCX) on Friday, April 1, 2022.

Witnessing a marginal drop of Rs 291 or 0.56 per cent, gold futures maturing on June 3, 2022, are retailing at Rs 51,936 per 10 grams on the MCX.Meanwhile, the rate of silver futures, maturing on May 5, 2022, stood at Rs 67,374 per kg, recording a drop of 0.29 per cent or Rs 193.INTERNATIONAL METAL RATESAs per Reuters, gold prices eased on Friday, widening their weekly losses as a stronger dollar outweighed safe-haven demand fuelled by a lack of progress in Russia-Ukraine peace talks, while investors awaited March U.S. jobs data for policy tightening clues.Meanwhile, spot gold was down 0.2 per cent at $1,934.10 per ounce, as of 0116 GMT. U.S. gold futures fell 0.7 per cent to $1,940.20.The dollar index moved higher from a near one-month low, making gold more expensive for other currency holders.Meanwhile, spot silver-edged 0.2 per cent higher to $24.73 per ounce.PRICES IN INDIAN CITIES:CITYGOLD (per 10 grams, 22 carats) SILVER (per kg) NEW DELHI Rs 48,100Rs 67,600MUMBAIRs 48,100Rs 67,600KOLKATARs 48,100Rs 67,600CHENNAIRs 48,340Rs 71,700READ| Future Retail CEO Sadashiv Nayak resigns amid legal battle, debt recovery",NA,https://www.indiatoday.in/business/story/gold-price-today-1-april-2022-precious-metals-record-dip-mcx-latest-rates-1932201-2022-04-01
2,business,"Sensex, Nifty kick off new financial year on muted note | Top shares","(1, 4, 2022)","The Sensex and Nifty kicked off the new financial year on a tepid note on Friday, with gains in power company stocks helping marginally offset a sharp fall in two-wheeler maker Hero MotoCorp.

The NSE Nifty 50 index was up 0.19 per cent or 32.80 points at 17,497.55, and the S&P BSE Sensex rose 0.19 per cent to 58,678.13. Both indexes were set to post weekly gains of about 2 per cent each.TOP STOCKSPower producer NTPC led the gains in the Nifty with a 5 per cent jump, while power transmission firm Power Grid Corp climbed 3.6 per cent. Hero MotoCorp slumped 6.3 per cent.Investors were awaiting March sales data from automakers on Friday.Asian peers were trading lower on Thursday with investors worried about the impact of the Russian-Ukrainian war and rising risks of recession.ALSO READ | Tough times ahead for aam aadmi as Ukraine war could send prices soaring in India",NA,https://www.indiatoday.in/business/story/sensex-nifty-kick-off-new-financial-year-on-muted-note-top-shares-1932187-2022-04-01
3,business,Tough times ahead for aam aadmi as Ukraine war could send prices soaring in India,"(1, 4, 2022)","Hundreds dead, buildings damaged, charred bodies on the streets. The large-scale destruction caused by Russian forces in Ukraine has left the world horrified. According to experts, the war will spell doom for the Indian economy, which will face turbulence in days to come.

Moving at a snail's pace, petrol and diesel prices have gone up by almost Rs.6/litre over the past 10 days. From cars to vegetables and high fuel prices -- the common people are set to bear the brunt of the war's impact on the economy.When citizens of a country pay more for petrol and diesel, they tend to spend less on other items of need. Once the country curbs spending, demand for goods and services will go down. This will hit construction, manufacturing and import activities.Read: How the Russia-Ukraine war may affect India’s platterCARS SET TO BECOME EXPENSIVECarmakers have announced a price hike from April 1 owing to high raw material and logistics costs coupled with the current geopolitical situation.An increase in the prices of commodities such as steel and aluminium, along with an increase in the costs of other raw materials, is also abetting the price rise.From home-grown automaker Tata Motors to luxury car makers, cars in all segments are set to cost more.BMW will increase prices by 3.5 per centAudi will increase prices by 3 per cent for their model rangeToyota will hike prices by 4 per cent for its modelsMercedes-Benz will increase prices by 3 per cent for their model rangeTata Motors will increase prices by 2-2.5 per centToyota Kirloskar will increase prices by 4 per centThe semiconductor supply chain across the Black Sea region has been hit and the situation continues to pose a threat to the automobile sector.Important metals such as palladium used in semiconductors are supplied by Russia, while Ukraine supplies special gases such as neon and helium required for chip making.Over the past few months, Maruti Suzuki, Tata Motors, Hyundai, and Honda have been registering a drop in production.The global crisis and rising fuel costs have resulted in cars becoming expensive for the consumer.FRUITS, VEGETABLES, COOKING OIL PRICESRussia is one of the top three suppliers of fuels -- oil and gas -- in the world. With sanctions imposed on it and with the US, the UK and some parts of Europe banning Russian oil, a domino impact has been felt across the globe.India buys about $1 billion of oil from Russia, though its oil import bill is over $82 billion (for 2021) - a 108 per cent rise from 2020.The first casualty of the fuel price rise is vegetable and fruit prices. Once the fuel prices go up, it results in higher transportation costs, which in turn drives fruit and vegetable prices. The vegetable and fruit rates have increased by 10 to 20 per cent.Read: Russia-Ukraine crisis: Indian economy to face turbulence in days to come, say expertsThere has been an increase in the prices of tomatoes, chillies, peas, apples and pomegranates in the market.For the aam admi, the pain doesn't stop at fruit and vegetable prices, the war has also driven the prices of cooking oil.The country has seen an increase in the price of packaged sunflower oil by 4 per cent in February, mustard oil by 8.7 per cent. Groundnut oil was up 1 per cent and vanaspati rose by 2.7 per cent.Nearly 70 per cent of the country's edible oil comes from Ukraine. Ukraine and Russia together accounted for nearly 13 per cent of all of India’s edible oil imports last year.Taken together, Russia-Ukraine produces 60 per cent of sunflower oil.According to Kunal Vora, Head of India Equity Research at BNP Paribas India, ""Edible oil prices have increased 15-20 per cent year-on-year. We expect prices to rise further due to the recent increase in edible oil prices.""Echoing the same sentiment, Shammi Agarwal, MD, Pansari Group said, ""Edible oil prices have gone up from Rs 125 to around Rs 170-180 in the past one month and we expect prices to shoot up during May-June. The war has disrupted the supply chain.""India gets more than 90 per cent of its sunflower oil from Ukraine and Russia. It is feared that retail prices might worsen if the war continues to drag on for long.In the financial year ending March 2021, India imported about 13.35 million tonnes of edible oil worth more than $10.5 billion.EXPECT FURTHER FUEL PRICE RISE: DEALERS ASSOCIATIONEven as the common man is paying dearly for fuel, dealers warned consumers to be ready to shell out more in the coming days.All India Petroleum Dealers Association President Ajay Bansal told India Today, ""Consumers should be mentally prepared to pay more. Expect prices to rise for the next 15 days.”Highlighting the reasons behind the hike in prices, he said, ""The price rise is due to the Russia-Ukraine war and the sanctions on Russia. India is dependent on international crude supply and international prices impact Indian consumers. India ships about 90 per cent of its oil needs from overseas markets.""According to petrol pump dealers, the common man can get some respite from rising fuel costs if tax is cut by the centres and states.Dealers said, ""Our margins have not increased since 2017, though our costs have gone up. We will need an increase soon, so if the government can undertake an excise duty cut, it will cushion the price increase for consumers. ""Dealers expect prices to increase between 80-90paise/litre every day for the next 15 days.",NA,https://www.indiatoday.in/business/story/russia-ukraine-war-indian-economy-hike-fuel-price-vegetable-cooking-oil-cars-expensive-1932160-2022-04-01
4,business,Price of commercial LPG cylinder hiked by Rs 250. Check new rates,"(1, 4, 2022)","As of April 1, the price of the 19 kg commercial LPG cylinder has increased by Rs 250. From Friday onwards, the cylinder will cost Rs 2,253 in Delhi.

The same cylinder now costs Rs 2,351 in Kolkata, Rs 2,205 in Mumbai and Rs 2,406 in Chennai.Earlier, on March 1, the rate of a 19 kg commercial cylinder was increased by Rs 105. On March 22, its price was reduced by Rs 9.DOMESTIC COOKING GASMeanwhile, there has been no change in the price of domestic cooking gas. A domestic 14.2 kg LPG cylinder is available for Rs 949.50 in Delhi, Rs 976 in Kolkata, Rs 949.50 in Mumbai and Rs 965.50 in Chennai.On March 22, the price of the domestic LPG cylinder was hiked by Rs 50. It was the first increase in the price of domestic cooking gas since early October.The price of LPG cylinders is revised monthly for all states and union territories in India.Live TVREAD | No hike in petrol, diesel prices in Delhi, Chennai, Mumbai, Kolkata. Check latest rates here",NA,https://www.indiatoday.in/business/story/commercial-lpg-cylinder-price-hiked-new-rates-cooking-gas-1932151-2022-04-01
5,business,"No hike in petrol, diesel prices in Delhi, Chennai, Mumbai, Kolkata. Check latest rates here","(1, 4, 2022)","There was no hike in prices of petrol and diesel in Delhi and three other metropolitan cities on Friday. The fuel prices were hiked for the ninth time on Thursday, and remained unchanged on Friday.

According to the latest rate released by the Indian Oil Corporation Ltd. (IOCL), petrol in Delhi is being sold at Rs 101.81 per litre and diesel at Rs 93.07 per litre on Friday.The cost of petrol in Mumbai on Friday is Rs 116.72 per litre and that of diesel is Rs 100.94 per litre.Apart from this, in Chennai, one litre of petrol is available at Rs 107.45 and diesel at Rs 97.52 per litre.At the same time, in Kolkata, petrol is being sold at Rs 111.35 and diesel at Rs 96.22.\Meanwhile, in Srinagar, while the petrol rates cost Rs 118.75 per litre, diesel is being sold at Rs 101.43 per litre on Friday.The rates of petrol and diesel have been increasing since March 22. From then till today, oil prices have remained unchanged for only two days. On Thursday, the price of petrol and diesel increased for the ninth time in 10 days, when petrol and diesel in four metro cities soared by 70-85 paise.Due to the ongoing war between Russia and Ukraine, the prices of crude oil in the international market have reached a record level. Although the prices have come down after that, they are still quite high.",NA,https://www.indiatoday.in/business/story/petrol-diesel-prices-delhi-chennai-mumbai-kolkata-remain-unchanged-check-latest-rates-here-1932145-2022-04-01
6,business,"Future Retail CEO Sadashiv Nayak resigns amid legal battle, debt recovery","(31, 3, 2022)","Future Retail's chief executive Sadashiv Nayak has resigned, the company said on Thursday, without citing any reasons, just over seven months after he took the helm at one of India's largest retailers.

Nayak has been with Future Group for around 18 years and was appointed chief executive in late August. He previously headed Big Bazaar, Future's chain of small and large format grocery stores.The departure comes as the retailer is mired in a long-drawn legal battle with U.S. e-commerce giant Amazon over a $3.4 billion sale of its retail assets to rival Reliance Industries.Amazon has blocked the sale, citing certain contract violations by Future, and the case is now before India's Supreme Court. Future has denied any wrongdoing.FRL also said in Thursday's stock exchange filing that Kishore Biyani, founder and CEO of Future Group, was re-appointed as executive chairman of Future Retail for three years.Future Group was hit hard by the pandemic and has been struggling to pay off its debt. People familiar with the matter told Reuters Indian lenders have initiated debt recovery proceedings against Future Retail to safeguard their interests.READ | Ashneer Grover resigns from BharatPe, pens strongly-worded resignation letterREAD | Anil Ambani steps down as director of R-Infra, Reliance Power",NA,https://www.indiatoday.in/business/story/future-retail-ceo-sadashiv-nayak-resigns-amid-legal-battle-debt-recovery-1932103-2022-03-31
7,business,"PPF, NSC, small savings schemes interest rates announced | Check full list","(31, 3, 2022)","Interest rates on small savings schemes, including NSC, PPF, and Sukanya Samriddhi Yojana, were announced by the government on Thursday. The rates have been kept unchanged for the first quarter of 2022-23 due to an elevated level of inflation.

The interest rate has not been revised since the first quarter of 2020-21.PPF, NSC INTEREST RATESPublic Provident Fund (PPF) and National Savings Certificate (NSC) will continue to carry an annual interest rate of 7.1 per cent and 6.8 per cent, respectively, in the first quarter.""The rate of interest on various small savings schemes for the first quarter of the financial year 2022-23, starting from April 1, 2022, and ending on June 30, 2022, shall remain unchanged from the current rates applicable for the fourth quarter (January 1, 2022, to March 31, 2022) for FY 2021-22,"" the finance ministry said in a notification, as per a PTI report.NO CHANGE IN RATESInterest rates for small savings schemes are notified on a quarterly basis.The one-year term deposit scheme will continue to earn an interest rate of 5.5 per cent in the first quarter of the next fiscal, while the girl child savings scheme Sukanya Samriddhi Yojana account will earn 7.6 per cent.The interest rate on the five-year senior citizens' savings scheme will be retained at 7.4 per cent. The interest on the senior citizens' scheme is paid quarterly.The interest rate on savings deposits will continue to be 4 per cent per annum.Term deposits of one to five years will fetch an interest rate in the range of 5.5-6.7 per cent, to be paid quarterly, while the interest rate on five-year recurring deposits will earn a higher interest of 5.8 per cent.ALSO READ | Aadhaar-PAN linking deadline finally here, pay penalty if you don't link by today",NA,https://www.indiatoday.in/business/story/ppf-nsc-small-savings-schemes-interest-rates-announced-check-full-list-1931982-2022-03-31
8,business,7th pay commission: DA for central government employees got doubled | Check calculation,"(31, 3, 2022)","In a good news for more than 1 crore central government employees and pensioners, Dearness Allowance (DA) and Dearness Relief (DR) have been hiked by 3 per cent to 34 per cent to compensate for the price rise. The Union Cabinet gave its approval for DA and DR hikes on Wednesday.

""The Union Cabinet...has given its approval to release an additional instalment of DA to central government employees and DR to pensioners w.e.f. January 1, 2022, representing an increase of 3 per cent over the existing rate of 31 per cent of the Basic Pay/Pension, to compensate for price rise,"" an official statement said.DA HIKE FROM JANUARY 2022The additional instalment will be effective from January 1, 2022, said an official release after the Cabinet meeting.In October last year, the Cabinet had hiked the two allowances by 3 per cent to 31 per cent. It was effective from July 1, 2021.Before that, in July, the government had restored the dearness allowance and dearness relief and increased the rate of allowance from 17 per cent to 28 per cent.Because of the Covid-19 pandemic, the central government had frozen the three additional instalments of the DA and DR, which were due on January 1, 2020; July 1, 2020; and January 1, 2021.So, effectively, DA was hiked from 17 per cent to 34 per cent by the central government.7TH PAY COMMISSIONDA hike is in accordance with the accepted formula, which is based on the recommendations of the 7th Central Pay Commission, it added.The combined impact on the exchequer on account of both Dearness Allowance and Dearness Relief will be Rs 9,544.50 crore per annum.This will benefit about 47.68 lakh central government employees and 68.62 lakh pensioners, the release said.ALSO READ | New income tax rules: Know major changes in ITR from April 1",NA,https://www.indiatoday.in/business/story/7th-pay-commission-dearness-allowance-da-hike-for-central-government-employees-1931945-2022-03-31
9,business,"Sensex tumbles over 100 points, Nifty down at 17,464","(31, 3, 2022)","The Sensex and Nifty ended lower in a choppy session on Thursday, dragged by heavyweight conglomerate Reliance Industries and aluminium producer Hindalco, but marked their strongest month since August as oil prices cooled.

The S&P BSE Sensex slipped 0.2 per cent or 114.14 points to 58,568.51, and the NSE Nifty 50 index slipped from seven-week highs, closing 0.19 per cent or 33.50 lower at 17,464.75.Both indexes ended March around 4 per cent stronger as oil prices dropped from 14-year peaks. They are around half a percentage higher for the final quarter of the year, after logging losses in January and February.In the financial year ending March 31, the blue-chip indexes rose about 19 per cent each. MSCI's broadest index of Asia-Pacific shares outside Japan fell more than 12 per cent during the same period.Oil prices tumbled on Thursday as the United States weighed a massive reserves release to calm soaring crude prices. A surge earlier this month, as countries discussed a Russian oil import ban after it invaded Ukraine, had dragged Indian equities to their lowest since July.India is the world's third-largest importer and consumer of oil, and higher crude prices tend to push the country's trade and current account deficit higher while also hurting the rupee and fuelling inflation.On Thursday, India's most valuable company Reliance slid 1.4 per cent after hitting an over five-month high in the previous session.Hindalco Industries tumbled for a second day, closing 5.1 per cent lower, days after it unveiled a capital expenditure plan.Shares of Axis Bank ended 1.4 per cent higher after the lender announced a $1.6 billion acquisition of Citi's C.N local retail business to bulk up its credit card and retail presence.ALSO READ | Bitcoin price falls but other cryptocurrencies make gains | Check latest",NA,https://www.indiatoday.in/business/story/sensex-tumbles-over-100-points-nifty-down-at-17-464-1931937-2022-03-31
10,business,ITR filing last date today: Income Taxpayers must know these points,"(31, 3, 2022)","The income tax return (ITR) filing last date is on Thursday. Taxpayers need to complete the procedure to avoid becoming non-filers and paying higher Tax Deducted at Source (TDS). Meanwhile, today is also the last date for linking Aadhaar with PAN. Taxpayers need to link Aadhaar with PAN in order to avoid penalty up to Rs 1,000.

""Don't forget to tick off the two important tasks from your task list today! Today is the last date for filing the belated ITR for AY 2021-22 & linking PAN with Aadhaar. Don't miss the last opportunity!"" the Income Tax department tweeted.Don't forget to tick off the two important tasks from your task list today!Today is the last date for filing belated ITR for AY 2021-22 & linking PAN with Aadhaar.Don't miss the last opportunity! #FileNow #LinkNowPl visit: https://t.co/GYvO3n9wMf pic.twitter.com/vjFVXKfsfB— Income Tax India (@IncomeTaxIndia) March 31, 2022
1. Taxpayers need to check the Annual Information Statement (AIS) or 26 AS for the Assessment Year (AY) 2021-22 to check whether they need to file ITR for AY 2021-22 or not.2. The income Tax department said, ""Not filing ITR can result in higher TDS next year."" If you fail to file ITR for AY 2021-22, the TDS rate applicable to you may increase.3. The income tax department has asked taxpayers to remember that non-filers may not get a refund, if due. To avoid becoming a non-filer, taxpayers must file ITR today.4. Taxpayers who have missed the due date to file their ITRs can file belated income tax returns for AY 2021-22 today.5. If original returns had been filed before the due date, revised Income Tax Returns for Assessment Year 2021-22 may be filed without late fee by March 31, 2022.Your contribution strengthens the safety & prosperity of the nation, enabling development in education, health and infrastructure.You can file your belated ITR & revised ITR for AY 2021-22 by 31st March,2022.Do not wait any longer! #FileNowPl visit:https://t.co/GYvO3n9wMf#ITR pic.twitter.com/EO36QlhXgf— Income Tax India (@IncomeTaxIndia) March 27, 2022
""Your contribution strengthens the safety & prosperity of the nation, enabling development in education, health and infrastructure,"" the Income Tax Department said.ALSO READ | Crypto Tax rules in India: How will cryptocurrency assets be taxed from April 1?",NA,https://www.indiatoday.in/business/story/income-tax-return-itr-filing-last-date-online-aadhaar-pan-link-1931893-2022-03-31
11,business,"ONGC offer for sale by government: Latest share price, top points","(31, 3, 2022)","The government is selling up to 1.5 per cent of its stake in the country's top oil and gas producer ONGC to raise about Rs 3,000 crore. The ""Offer for Sale"" (OFS) of the government's equity has so far been subscribed 3.57 times the base size by institutional buyers. Retail investors are bidding on Thursday.

Oil and Natural Gas Corporation Limited (ONGC) share price on Thursday rose by over 1 per cent.ONGC SHARE PRICE ONGC's share price on BSE was up by 1.02 per cent to Rs 163.90 and on NSE by 1.05 per cent at Rs 163.70.ONGC share price on BSE can be checked at https://www.bseindia.com/stock-share-price/oil-and-natural-gas-corporation-ltd/ongc/500312/ONGC share price on NSE can be tracked at https://www.nseindia.com/get-quotes/equity?symbol=ONGCONGC OFS PRICE, DETAILSThe government owns a 60.41 per cent stake in ONGC which produces half of India's oil and gas.In the OFS, a minimum of 25 per cent of the shares are reserved for mutual funds and insurance companies while 10 per cent earmarked for retail investors.Retail investors are defined as an individual investor who bids for not more than 2 lakh shares.ONGC employees can apply for equity shares worth up to Rs 5 lakh each, the filing said, adding that 0.075 per cent of equity shares sold in the OFS would be offered to eligible employees at the cut-off price.The OFS opened for retail investors on Thursday. As many 94.35 lakh shares (1.88 crores with greenshoe option) are reserved for retail investors.The government's sale of 1.5 per cent stake in ONGC on Wednesday saw institutional buyers putting in bids worth Rs 4,854 crore -- three and half times their quota.The government is selling 9.43 crore equity shares in India's top oil and gas producer at a floor price of Rs 159 apiece, with an option to retain an equivalent amount of over-subscription.Department of Investment and Public Asset Management (DIPAM) Secretary Tuhin Kanta Pandey tweeted that the OFS of government equity in ONGC has received an ""enthusiastic response"" from the non-retail investors.""The issue was subscribed 3.57 times the base size. The government has decided to exercise the green-shoe option,"" Pandey tweeted.ALSO READ | Petrol, diesel prices hiked for 9th time in 10 days. Check latest rates here",NA,https://www.indiatoday.in/business/story/ongc-share-price-nse-bse-ofs-price-details-1931839-2022-03-31
12,business,Bitcoin price falls but other cryptocurrencies make gains | Check latest,"(31, 3, 2022)","Bitcoin and Ethereum were down on Thursday even as other cryptocurrencies were trading in green, according to the coindesk.

The two largest cryptocurrencies by market capitalization, Bitcoin and Ethereum, were trading flat after making gains for a week.BITCOIN PRICE TODAYBitcoin was down by 1 per cent to $47,084.14 and Ethereum was down by 0.40 per cent to $3,397.27.XRP is was down by 0.12 per cent, and Terra fell 0.18 per cent.Solana rose 9.06 per cent, Cardano was up by 1 per cent, Avalanche was up by 6 per cent, Polkadot gained 1.6 per cent, Stellar was up by 2 per cent, Dogecoin made gain of 1.70 per cent and Shiba Inu was up by 2.36 per cent.CRYPTOCURRENCY PRICES TODAY""Bitcoin and Ethereum traded flat for another consecutive day. Most of the cryptos are running in green early today. BTC is trying to break the resistance to reverse the downward trend,"" Edul Patel, CEO and Co-founder, Mudrex said.""The initial resistance at US$48,000 can stall the price rally, while the upper resistance at US$50,000 can keep the buyers active for a period. Solana, Avalanche, Uniswap, TRON, VeChain, Helium have gained a decent amount. On the other hand, Zilliqa has gained nearly 67% over the last day for its series of developments."" Patel said.ALSO READ | Petrol, diesel prices hiked for 9th time in 10 days. Check latest rates here",NA,https://www.indiatoday.in/business/story/bitcoin-price-falls-but-other-cryptocurrencies-make-gains-check-latest-1931806-2022-03-31
