SN,category,headline,date,content,keywords,link
1,india,Work of Ram Temple to be completed by Dec 2023: Ram Janmabhoomi Trust’s Champat Rai,"(10, 4, 2022)","The construction work of the Ram Temple in Ayodhya is in full swing and Shri Ram Janmabhoomi Teerth Kshetra Trust General secretary Champat Rai, on the occasion of Ram Navami, has said that it will be completed by December 2023.

Champat Rai was in Lucknow to attend a programme organised by Vedanta India at Lucknow Sugarcane Institute.He also said that due to general elections in 2024, the possibility is less. “Due to Lok Sabha elections 2024, the model code of conduct will be implemented and stone work will take time, so, the possibility is less, but efforts are being made to install the idol of Lord Ram in the sanctum sanctorum of the temple in 2023 so that the devotees can offer prayers”, said Champat Rai.ALSO READ: In a graphic: Will the Ram temple be ready by its December 2023 deadline?Earlier, work on the temple was interrupted by the Covid-19 pandemic.Work on the Ram Temple in Ayodhya began after Prime Minister Narendra Modi performed the bhoomi pujan on August 5, 2020 and laid the foundation stone of the temple. The temple is being constructed over five acres of land. The Shri Ram Janmabhoomi Teerth Kshetra Trust is supervising the temple construction.ALSO READ: PM Narendra Modi performs bhoomi pujan for Ram temple in AyodhyaALSO READ: Here's what Ram Temple at Ayodhya will look like. Exclusive details","[' Shri Ram Janmabhoomi Teerth Kshetra Trust', ' Ram temple', ' Ram temple in ayodhya', ' champat rai', ' ram janmabhoomi trust']",https://www.indiatoday.in/india/story/work-ram-temple-completed-dec-2023-ram-janmabhoomi-trust-champat-rai-1935782-2022-04-10
2,india,"Cashless treatment at private, state-run hospitals for employees, pensioners of UP government","(10, 4, 2022)","Nearly 20 lakh employees and pensioners of the Uttar Pradesh government, including their families, will now be able to avail cashless medical treatment. Treatment facilities will also be provided in private hospitals, the state has said. The scheme will be implemented by the government agency Sanchi.

Without the option of cashless treatment, employees and pensioners had to make multiple rounds of the department, hospital and CMO office to pay the bills.ALSO READ | UP govt to set up state’s first two colleges in PPP modeCards will be made and issued by the state government for its employees and their families, who will not have to pay during treatment.Until now, the employees had to get treated in private in case the government hospital was far away. But under the new scheme, they will now be able to get treated in private hospitals.The employees’ union has been demanding this for a long time. The facility will be rolled out from the end of this month or the first week of May. Around 88 lakh people will benefit by the scheme.READ | New app with stories of freedom fighters, curriculum based on NEP","['Cashless treatment at private', ' state run hospitals', ' employees', ' pensioners', ' UP government']",https://www.indiatoday.in/india/story/cashless-treatment-at-private-state-run-hospitals-for-employees-pensioners-of-up-government-1935779-2022-04-10
3,india,'Trying to revive dead party': Aaditya Thackeray on MNS workers playing Hanuman Chalisa outside Sena HQ,"(10, 4, 2022)","Maharashtra Minister Aaditya Thackeray hit out at Maharashtra Navnirman Sena (MNS) workers by saying that they are trying to ""revive their dead party"".

This came after MNS workers played the Hanuman Chalisa and other religious songs on a loudspeaker outside Shiv Sena’s party headquarters in Mumbai on Sunday.""Our Hindutva is known to everyone. We will fulfil what we have promised (during elections) to the people,"" Aditya Thackeray said.Police also seized the vehicle used to play the devotional songs and arrested MNS leader Yashwant Killekar. He was taken to the Shivaji Park police station.Meanwhile, Senior BJP leader Devendra Fadnavis accused the Shiv Sena of being ""pseudo-secular"" and asked why some people get angry over the recital of 'Hanuman Chalisa'.Fadnavis further said that the BJP was against the appeasement of a particular community and it was not against any religion.His remarks come just days after MNS chief Raj Thackeray demanded during a public rally in Mumbai that mosque loudspeakers be turned off, warning that if this was not done, speakers outside mosques would play Hanuman Chalisa at a higher volume.ALSO READ | What courts have said on using loudspeakers at religious events and public places","['Shiv Sena', ' aaditya thackeray', ' Hanuman chalisa outside Sena headquarter', ' MNS workers play hanuman chalisa ']",https://www.indiatoday.in/india/story/trying-to-revive-dead-party-aaditya-thackeray-after-mns-workers-played-hanuman-chalisa-outside-sena-hq-1935768-2022-04-10
4,india,"No, FBI is not probing bitcoin scam in India: CBI rubbishes Congress claim","(10, 4, 2022)","The Federal Bureau of Investigation, or FBI, is not conducting any probes in India, the Central Bureau of Investigation (CBI) said in a statement, categorically denying the Congress’ claims. On Friday, a Congress MLA from Karnataka alleged that the US’ FBI is investigating a “billion dollar Bitcoin scam” in India.

“This is to inform you that the FBI has not sent any team to India to conduct a probe in the matter nor has any request been made by the FBI to CBI for conducting investigation in this (Bitcoin) case in India. Accordingly, the question of any permission for the probe by competent authority in India does not arise,” the CBI said in a statement.Priyank Kharge, the Congress MLA from Karnataka’s Chittapur, in a tweet on April 8 wrote, “I believe the FBI is in Delhi to investigate the billion dollar bitcoin ccam. Like I said before, if the state investigates the matter diligently, a lot of BJP’s skeletons will tumble out.”I believe the FBI is in Delhi to investigate the billion dollar #BitCoinScam.Like i said before, if the state investigates the matter diligently a lot of BJP’s skeletons will tumble out.— Priyank Kharge / (@PriyankKharge) April 8, 2022
Within minutes of his tweet, Congress’ General Secretary Randeep Surjewala took to social media, targeting Home Minister Amit Shah and Karnataka Chief Minister Basavaraj Bommai over the alleged FBI probe.ALSO READ: Mumbai Police's probe into Rs 2 lakh bitcoin scam unearths Rs 200 crore financial fraud“The layers of bitcoin scam are finally being unearthed! Let India’s HM and CM Bommai answer - 1. Is FBI in India to investigate India’s biggest bitcoin scam coverup under Karnataka BJP Govt? If so, release details of the investigation and suspects, including political people?” Surjewala tweeted.The layers of #BitcoinScam are finally being unearthed!Let India’s HM & CM Bommai answer-1. Is FBI in India to investigate India’s biggest #Bitcoin Scam Coverup under Karnataka BJP Govt?If so, release details of the investigation & suspects, including political people?1/n https://t.co/uYsnVUUeG6— Randeep Singh Surjewala (@rssurjewala) April 8, 2022
The CBI coordinates closely with international law enforcement agencies, including the FBI, as the national central bureau for the INTERPOL (International Police) in India.ALSO READ: Karnataka Bitcoin scam: How Srikrishna Ramesh ran his networkALSO READ: A woman lost $300,000 in Cryptocurrency scam: Here's everything we know","['CBI', ' FBI', ' bitcoin scam', ' india', ' Federal Bureau of Investigation', ' Central Bureau of Investigation ']",https://www.indiatoday.in/india/story/fbi-bitcoin-scam-india-cbi-rubbishes-congress-claim-1935763-2022-04-10
5,india,"British-era bridge collapses in MP's Narmadapuram, no casualties reported","(10, 4, 2022)","A British-era bridge on the dry Sukthwa river in Madhya Pradesh's Narmadapuram collapsed while a lorry was crossing, leading to traffic disruption on the Bhopal-Nagpur national highway. There have been no reported fatalities or injuries.

According to the police, the incident occurred on Sunday when a 138-wheel lorry was crossing the narrow bridge, leading to the vehicle falling on the dry river bed. ""The driver complained of some minor injury to the spleen, but he left the spot soon after. Five more people who fell along with the vehicle are fine. The multi-axle lorry was bringing transformers from Hyderabad to Itarsi in Narmadapuram,"" PTI quoted police officials as saying.Traffic was being diverted via Harda to Betul following the accident at Sukthwa, some 70 kilometres from the district headquarters, he added.Sources said some 5,000 vehicles use the 25-foot-high bridge daily.READ | Thieves posing as Irrigation dept officers steal 60-foot iron bridge in Bihar","['Madhya pradesh', ' bridge collapses', ' Narmadapuram', ' MP', ' traffic', ' injuries', ' killed']",https://www.indiatoday.in/india/story/british-era-bridge-collapses-mp-narmadapuram-no-casualties-reported-1935755-2022-04-10
6,india,Here’s why India decided to curtail Predator drone deal with US,"(10, 4, 2022)","At a time when India and the US are discussing defence ties in Washington, India is looking to decrease the number of Predator drones that it would acquire from America. As per earlier plans, India wanted to buy 30 Sea Guardian drones from the US under a USD 3 billion deal.

High-level committee formed to decide on curtailed drone dealIn view of the indigenous capability development, a high-level committee has been formed to decide on the number of drones that the three forces would want to buy now as long Terri requirements would be met by the desi drones being developed indigenously, top government sources told India Today.The committee is headed by a Lieutenant General rank officer posted under the Department of Military Affairs, they said. Three services' headquarters wanted to acquire drones for surveillance and kill options, both in uncontested air space. The drones will come armed with advanced systems and weapons packages and enable long-range surveillance and precision strikes.Drones in Indian armed forcesIndia’s drone shopping list includes the SeaGuardian/SkyGuardian variants of the MQ-9B. Reports said the Indian Army, Navy and Air Force will each get 10 drones each with customised specifications. The Indian Navy is already using two unarmed SeaGuardian drones that it leased last year from the US for surveillance in the Indian Ocean Region. The Indian Navy is the lead service for the acquisition of these drones.The option of leasing weapon systems has been provisioned under the Defence Acquisition Procedure 2020 and the Defence Procurement Manual 2009. This helps India cut back on expenditure, since the responsibility of maintenance also lies with the vendor.Over the past few years, the Indian armed forces have been showing faith in American systems for surveillance requirements. The Indian Navy is already using as many as nine P-8I long-range surveillance planes and is expected to get another nine over the next few years.ALSO READ: Defence Ministry to decide on Rs 21,000 crore deal for 30 Predator dronesALSO READ: Navy inducts Predator drones on lease from US for Indian Ocean surveillance","['predator drone', ' India-US relationship', ' India-US defence deal']",https://www.indiatoday.in/india/story/india-curtailing-predator-drone-deal-us-1935751-2022-04-10
7,india,Resentment in Sidhu camp after Congress appoints new PCC chief,"(10, 4, 2022)","The appointment of three-time MLA and former National Youth Congress President Amrinder Singh Raja Warring as the new Punjab Congress chief has left former party chief Navjot Sidhu's camp fuming.

While Navjot Singh Sidhu congratulated the new Congress chief, new CLP leader Pratap Singh Bajwa and Deputy CLP leader Rajkumar Chabbewal, his supporters openly criticised the decision announced on Saturday night.""Congratulations to Raja Warring and Bharat Bhushan Ashu wish them the best always ."" Navjot Sidhu tweeted after the new appointments were announced on Saturday.Former Amargarh Congress MLA and a staunch Sidhu supporter Surjit Singh Dhiman, while reacting to the new appointments, said that the new PCC chief is ""a novice and the decision to appoint him as PCC Chief will be a setback to the party.""We cannot say he is a better leader. He is the most corrupt one. He has been accused of selling the tickets in the states while heading the youth Congress. We cannot hope for anything from such leaders. He is a novice and opportunist.- Former Amargarh Congress MLA Surjit Singh Dhiman""The present Congress chief is the most corrupt and the decision to appoint him is wrong. This decision is not in favour but against Punjab. The Congress Party will not be able to come out of this shock for a long time,"" Dhiman said.He further claimed that the new PCC Chief would not be accepted as the leader as he ""lacks the requisite support"".""We cannot say he is a better leader. He is the most corrupt one. He has been accused of selling the tickets in the states while heading the youth Congress. We cannot hope for anything from such leaders. He is a novice and opportunist,"" Dhiman said.Surjit Dhiman heaped praise on Navjot Singh Sidhu and said that Sidhu worked for the party selflessly and was in touch with the party workers even after he was removed as the PCC chief.""On the other hand, Raja Warring fell at the feet of the Badals and compromised with them,"" Dhiman said.When contacted, Navjot Singh Sidhu's media advisor Surinder Dalla said that ""Sidhu was a victim of internal politics and the party high command failed to utilise his potential"".""Navjot Sidhu is the victim of the internal politics of the party. Sidhu's potential and talent were not utilised properly. Injustice to Sidhu means injustice to Punjab,"" Surinder Dalla told India Today.ALSO READ | Here's why Congress replaced Navjot Sidhu with Amrinder Singh Raja as new Punjab chiefIt is worth mentioning here that Navjot Singh Sidhu contacted the former MLAs and his supporters after he was asked to tender his resignation by the party high command. His supporters were demanding that Sidhu be given the responsibility of PCC chief again.Meanwhile, many leaders of his camp, including former MLA Batala Ashwini Shekhari, former Jandiala MLA and working president PCC Sukhwinder Singh Danny, met Navjot Sidhu at his Amritsar residence on Sunday.ALSO READ | Can Rahul Gandhi address Prashant Kishor-Gujarat question, Rajasthan leadership issue before trip abroad?","['Congress new punjab chief', ' navjot sidhu', ' amrinder singh raja warring', ' resentment in Sidhu camp', ' ']",https://www.indiatoday.in/india/story/resentment-in-sidhu-camp-after-congress-appoints-new-pcc-chief-1935750-2022-04-10
8,india,Odisha CM Naveen Patnaik seeks performance reports from ministers amid reshuffle buzz,"(10, 4, 2022)","Giving a clear indication of change at the ministry level, Chief Minister Naveen Patnaik has sought performance reports from all the ministers.The reports will have to be submitted in the first week of every month.

Submission of a performance report to the Chief Minister by different ministers was a regular affair before the Covid-19 pandemic. The exercise had been halted due to the pandemic over the last two years, as many departments were not operating at full capacity.However, some of the departments like Health and Family Welfare, Food Supply and Consumer Welfare, Panchayati Raj and Rural Development continued to submit performance reports every month to the CMO even during the pandemic.Resumption of the practice of submission of performance reports by all departments has led to speculation over an impending reshuffle in the ministry. Minister of State for Culture Ashok Chandra Panda, however, said that it is an internal manner of the government and cannot be debated publicly.(With PTI Inputs)READ | Why Naveen Patnaik’s BJD keeps winning elections","['Odisha', ' odisha news', ' odisha cm naveen patnaik', ' minister performance report', ' election']",https://www.indiatoday.in/india/story/odisha-cm-naveen-patnaik-seeks-performance-reports-from-ministers-amid-reshuffle-buzz-1935745-2022-04-10
9,india,Please don’t lie: Smriti Irani 'accosted' by Congress leader in flight over LPG prices | Watch,"(10, 4, 2022)","A video of Union Minister Smriti Irani being confronted by Mahila Congress President Netta D'Souza on the issue of inflation has gone viral on social media.

The two were onboard a Guwahati-bound flight and the interaction took place as the plane landed and passengers started deboarding.D'Souza asked the Union Minister about the rising prices of LPG, to which Irani said that the Centre has been helping the poor through various welfare programmes.“The government is giving free rations to the countrymen, free vaccines to 1.83 billion people,” Irani is heard saying in the 1:11 minute-long video.While the Mahila Congress president kept bombarding the minister with her questions, Smriti Irani kept her cool, saying that D’Souza was blocking other passengers.Asked about the shortage of cooking gas and stoves without gas, the minister says, ""Please don't lie"".""I’m being accosted,"" the Union Minister can be heard saying.Watch the video here:Faced Modi Minister @smritiirani ji, enroute to Guwahati.When asked about Unbearable Rising Prices of LPG, she blamed Vaccines, Raashan & even the poor!Do watch the video excerpts, on how she reacted to common people's misery ! pic.twitter.com/NbkW2LgxOL— Netta D'Souza (@dnetta) April 10, 2022
Congress vs CentreThe Congress is up against the ruling BJP, staging nationwide protests against the Centre over the steady rise in the prices of petrol, diesel, cooking gas, fertilisers and essential medicines.Protest rallies are being held across the country, at state headquarters, under the auspices of the Pradesh Congress Committees.The party had previously stated that the Centre was dissatisfied with having earned nearly Rs 26 lakh crore through unprecedented excise rates, and that the recent slew of taxes would impose an additional Rs 1.56 lakh crore burden on the people of India.The Congress has also alleged that the government fled from the debate on inflation during the Parliament session.READ | Rahul Gandhi, other Congress leaders protest fuel price hike at Vijay Chowk, demand rollback | Video","[""Smriti Irani Guwahari flight Congress leader Netta D'souza"", ' Petrol price hike', ' diesel price hike', ' fuel']",https://www.indiatoday.in/india/story/smriti-irani-accosted-congress-leader-flight-lpg-prices-1935749-2022-04-10
10,india,"Bodies of 3 women found hanging from tree in Odisha's Nabarangpur, probe on","(10, 4, 2022)","In a tragic incident, three girls, including two minors, were found hanging from a tree at Tohra village under Umerkote block in Nabarangpur district in Odisha on Saturday evening.

The three girls were identified as Hemalata Gouda (21), Kaushalya Majhi (17) and Phulamati Majhi (16). All three hailed from the Tohara village.However, the Tahsildar of Umerkote Jagat, Jiban Choudhry, refuted the claims of the two girls being minors and said that all the three were above 18 years of age and hence “cannot be called minors.”Also Read | Odisha journalist thrashed, chained to hospital bed after arrest; human rights panel seeks reportAs per reports, the villagers had seen all the three girls going towards the nearby forest together at around 4:00 pm. When the girls did not return even after 9:30 pm, the worried family members began a frantic search.During their search in the nearby forest, the villagers came across the three bodies and identified the girls and subsequently informed the family members.On being informed, police had reached the spot and sent the bodies for post mortem.Nabarangpur police SP Smit Parshottamdas reached out to all three families to inquire about any past enmity and consoled the family members.Talking to India Today, SP Smit Parshottamdas Parmar said, “We have registered three Unnatural Death (UD) cases in the Umerkote police station following complaints by their relatives. Initial findings suggest there was no foul play, even the PM report doesn’t support any untoward incident.”“Further investigation is on; we can speak in detail, only after the investigation is over,” added Parmar.Biswambar Majhi, a relative of the deceased said, “We were informed last evening about the girls being missing since afternoon. We searched for them in every nook and corner of the village. After failing to locate them in the homes of friends and relatives, we searched in the jungle and found their bodies hanging from a tree.”""Though by the look of it, anybody will assume it as a suicide, we cannot be sure of the actual reason unless the police say something,” Majhi said.All three girls were school drop outs and one of them was married and was staying at her parents' place.Live TV--- ENDS ---Watch: 25-30 ft long snake spotted crossing road in Odisha’s Nabarangpur | VIDEOAlso Read | Government engineer, wife arrested after Odisha Vigilance recovers disproportionate assets worth Rs 3.4 crore","['Odisha', ' Nabarangpur', ' girls', ' suicide', ' forest', ' police', ' case', ' post-mortem ']",https://www.indiatoday.in/india/odisha/story/bodies-3-women-hanging-tree-odisha-nabarangpur-probe-on-1935748-2022-04-10
11,india,Here's why Congress replaced Navjot Sidhu with Amrinder Singh Raja as new Punjab chief,"(10, 4, 2022)","

Former Punjab Congress Committee (PCC) chief Navjot Singh Sidhu paid a price for his outbursts against his government and failure to keep the Party's flock together in Punjab.The Congress party high command has picked Rahul Gandhi loyalist Amrinder Singh Raja Warring as the new PCC chief. He replaced Navjot Singh Sidhu who was forced to resign after the party's shameful defeat in the 2022 Assembly election.The party high command not only ignored Sidhu but also various other leaders like his close confidant Sukhpal Singh Khaira, who was lobbying for the post of CLP leader. The party has announced Pratap Singh Bajwa as the CLP leader and Bharat Bhushan Ashu as the working president. He is a Hindu face.Raj Kumar Chabbewal, a Dalit face, has been made the Deputy CLP leader.Why Congress chose Amrinder Singh RajaForty-four-year old Amrinder Singh is known as a combative leader who took on the influential Badals. He fined and impounded their buses when he became a transport minister during the Charanjit Singh Channi government.Former National Youth Congress President and a three-time MLA from Gidderbaha Assembly Constituency, Amrinder Singh Raja Warring has been rewarded with the post of Punjab Congress chief after the party's shameful defeat in the 2022 Assembly Elections under the leadership of Navjot Singh Sidhu and Charanjit Singh Channi.Warring's elevation is also being viewed as an attempt to woo him as he was previously ignored by Captain Amarinder Singh despite winning two consecutive Assembly elections.ALSO READ | Can Rahul Gandhi address Prashant Kishor-Gujarat question, Rajasthan leadership issue before trip abroad?Amrinder Singh Raja Warring is among a few Congress leaders who were able to win the Assembly election despite an AAP wave.Meanwhile, a verbal spat between Navjot Singh Sidhu and youth Congress chief Barinder Dhillon brought the infighting within the Punjab unit to the roads.After the party lost the 2022 Assembly election, many leaders blamed Navjot Sidhu for factionalism and for putting his government and party in the dock on various issues. Punjab party affairs in-charge Harish Chaudhari also held Sidhu responsible for the poll debacle, saying that Sidhu's statements against Channi had badly harmed the party.Party avoids controversial readersDespite the party's dismal showing in the election, Navjot Singh Sidhu was mounting pressure on the high command that feared further disintegration of the state unit. Names of many other leaders, including party Lok Sabha MP Ravneet Singh Bittu, former PCC chief Sunil Jakhar and former home minister Sukhwinder Singh Randhawa, were also doing the rounds.The party ignored these leaders due to various controversies revolving around them. While Sunil Jakhar kicked off a controversy with his alleged anti-Dard Dalit statement, Ravneet Singh Bittu started a controversy after meeting PM Modi in an attempt to mount pressure on the high command. Sukhjinder Singh Randhawa became Sidhu's bete noire after Charanjit Channi became the CM. The party high command feared that if Sidhu got the responsibility again, Sukhjinder Singh Randhawa would revolt.The party high command avoided the controversial leaders and trusted Amrinder Singh Raja Warring, whose actions against corrupt transporters brought him to the limelight.However, putting on a united face will not be a cakewalk for Warring. He is already facing opposition from the Sidhu faction.ALSO READ | Does the Congress take its revival plans seriously?","['Amrinder singh raja', ' PCC', ' punjab congress', ' navjot sidhu', ' new punjab congress chief', ' ']",https://www.indiatoday.in/india/story/here-is-why-congress-named-amrinder-singh-raja-its-new-punjab-chief-navjot-sidhu-1935743-2022-04-10
12,india,Sri Lanka economic crisis: 19 Sri Lankans reach Tamil Nadu seeking asylum in India,"(10, 4, 2022)","As many as 19 Sri Lankan Tamils from Jaffna and Mannar reached Dhanushkodi in Tamil Nadu on boat. These people, seeking refuge in India, said that living in Sri Lanka has become very difficult due to the severe economic crisis. The prices of essential commodities there have increased tremendously.

Sri Lankans seek refuge in India On Friday, a couple with two children crossed the sea and reached the Indian coast. Till now, a total of 39 people, including women and children have reached the Indian coast to seek asylum. Sri Lanka is currently facing an economic crisis. In view of this, many people are reaching the Tamil Nadu border to take refuge in India.ALSO READ: Sri Lankan crisis puts spotlight on debt, freebie culture in IndiaEconomic crisis in Sri LankaThe 81-billion-dollar Sri Lankan economy is on the verge of collapse. The country is set to default on its debts now that it has to repay more than three times the amount it holds as foreign reserves. From the debt trap to inflation, many things contributed to the ongoing crisis.How India is helping Sri LankaIndia has recently announced a loan of one billion dollars as financial assistance to Sri Lanka to deal with the economic crisis. The Indian High Commission on Wednesday announced the sending of two more fuel ships to Colombo under loan. Rice consignments are also being sent from India to Sri Lanka.Tamil Nadu Chief Minister MK Stalin on Thursday informed the Center that Tamil Nadu is ready to send essential items like rice and life saving medicines to Sri Lanka, keeping in mind the welfare of Tamils. All they need is permission for distribution through the Indian High Commission there.ALSO READ: Sri Lankan economic crisis explained in five chartsALSO WATCH: Sri Lanka Economic crisis: Fishermen Struggle as Fuel shortage hits themALSO WATCH: Sri Lankan Economic Crisis: How India is helping Sri Lanka","['sri lanka', ' sri lanka crisis', ' sri lanka economic crisis', ' sri lankan refugee', ' crisis in sri lanka', ' economice crisis in sri lanka', ' sri lankan crisis 2022']",https://www.indiatoday.in/india/story/sri-lanka-economic-crisis-sri-lankans-tamil-nadu-asylum-india-1935744-2022-04-10
