SN,category,headline,date,content,keywords,link
1,india,"JNU violence: FIR lodged against ABVP students, Left to gherao Delhi Police HQ | Latest","(11, 4, 2022)","A clash erupted between two groups of students at Jawaharlal Nehru University in New Delhi on Sunday evening. As per the police, six students were injured in the incident and taken to the hospital. The number of injured students is much higher according to the students.

The fight between students affiliated with Left organisations and members of the RSS’ student wing ABVP allegedly broke out over non-vegetarian food being served in the hostel mess on the Hindu festival of Ram Navami.Now, the police have registered an FIR against unidentified ABVP members on the complaint of some students while the JNU administration has initiated a probe into the incident. Meanwhile, students affiliated to Left groups have called a protest at the Delhi Police headquarters at 2 pm on Monday.LATEST DEVELOPMENTSThe police confirmed that a case has been registered against unidentified ABVP students under sections 323, 341, 509, 506 and 34 of the Indian Penal Code. The complaint was lodged by members of the JNU students’ union and some Left groups.The police have received notice that ABVP students too will file a complaint shortly.The police will, accordingly, take necessary legal action, they said. An investigation to collect evidence and identify the culprits is underway.Meanwhile, the JNU administration has initiated an investigation in the matter. A report from the warden and security staff has been summoned. Strict action will be taken against students found guilty under university rules.Left-wing student organisations have called a protest at the Delhi Police headquarters at 2 pm on Monday.WHAT HAPPENEDClashes were reported from JNU on Sunday after students of the Akhil Bharatiya Vidyarthi Parishad (ABVP) allegedly stopped other students from eating non-vegetarian food on the occasion of Ram Navami. ABVP students were also accused of assaulting the mess staff of the Kaveri Hostel on campus and stopping them from supplying chicken.The ABVP, on the other hand, alleged that left-wing students interrupted Ram Navami prayers at the Kaveri Hostel.In the ensuing violence, Left outfits claimed about 50 of their members were injured while ABVP said around ten of its people were hurt.Several videos surfaced on social media; one them showed Akhtarista Ansari, a second year MA student of sociology, bleeding from the head. The authenticity of the videos has not been verified by authorities or India Today.Later, both groups of students held protests at different places on Sunday night.WHAT LEFT SAIDThe students affiliated to Left organisations said:- ABVP members manhandled mess staff and asked them not to prepare non-vegetarian food- Mess committee refused and said students have the choice to have non-vegetarian or vegetarian food on Sundays- ABVP members attacked mess committee members and other students. They threw stones and bricks, broke bikes and glass doors of the mess and wounded men and women- Police arrived at the spot but did not interveneDolan of @aisajnu gives detail about what happened today in the university. Fascist ABVP brutally attacked students in Kaveri hostels who were eating non veg. pic.twitter.com/Lhf3TBWage— AISA (@AISA_tweets) April 11, 2022
WHAT ABVP SAIDIn a statement, the ABVP said:- Some Kaveri Hostel (unaffiliated) residents organised a Ram Navami puja which was delayed by 1.5 hours due to ruckus created by Left students- Left students planned to create a ruckus by raising the issue of non-vegetarian food- Posters of the puja had been put up three days earlier and since then, members of the Left were threatening not to allow the puja to be held- When students were coming out after the puja, they were attacked with stones and sticks- JNU https://t.co/sFdfNxQ6ac— ABVP (@ABVPVoice) April 10, 2022
WHAT POLICE SAIDThe police have denied allegations of being a mute spectator at the spot and said as soon as they received a PCR call, they rushed with their teams and ensured that there was no further escalation of violence.""We have assured the students that their complaints will be taken note of and accordingly we will take appropriate legal actions,"" a senior police official said.(With inputs from PTI)Live TV--- ENDS ---ALSO READ | AAP supported ‘anti-India’ slogans at JNU, says Gujarat BJP leader","['ram navami', ' jnu', ' abvp left clash', ' non vegetarian food', ' ram navami']",https://www.indiatoday.in/india/story/jnu-violence-left-abvp-students-clash-non-vegetarian-food-ram-navami-1935915-2022-04-11
2,india,Bombay High Court to examine law on Muslim community not mentioning caste,"(11, 4, 2022)","The Bombay High Court observed that it will examine the law by which the Muslim community does not mention caste. The court was hearing a plea seeking to quash an order passed by the caste scrutiny panel of Sangli who refused to issue a caste validity certificate of a Muslim Naikwadi inder Vimukt Jati category.

A bench of Justices SB Shukre and GA Sanap was hearing the plea filed by Zuveria Shaikh, a resident of Sangli's Miraj Taluka.Shaikh had appeared for CET for admission and secured admission for a diploma course in Electrical Engineering as a Vimukt Jati student based on the caste certificate of 2013. The college then sent Shaikh's caste claim to the District Caste Scrutiny Committee in October 2021, who rejected the claim.The plea stated that the caste committee was expecting documentary evidence which mentioned that the petitioner is a Muslim-Naikwadi. The caste certificate was important to consider Shaikh’s admission under Vimukt Jati category for direct admission to the 2nd year of engineering course.The petition stated that the status of Vimukt Jati is given to some persons in the Muslim community based upon their traditional business. Since the caste system does not exist in the religion, the Caste Scrutiny Committee should have taken it into consideration.""It is one of the contentions of the petitioner that just because in some relevant documents, the caste of petitioner’s relatives has not been mentioned, Caste Scrutiny Committee ought not to have held such absence of caste in the relevant documents, as going against the Petitioner for the reason that in many of the Judgments delivered by the Division Bench of this Court, a consistent view has been taken that in Muslim community, there is no practise of mentioning caste,"" noted the court in one of its order.The bench said, “We would like to examine the law on this point and therefore, we request both sides to assist the Court on the question.""It was claimed that Shaikh's school leaving certificate did not mention caste as Muslim Naikwadi, as it was not a practice in the Muslim community to mention sub-caste.The petition explains that the sub-castes in Islam are classified into various classes on the basis of the profession/business. The petitioner’s caste ‘Muslim Naikwadi’ is also explained as the original business of ‘Muslim Naikwadi’ i.e. guarding the Forts. In view of this, the same is not mentioned in the school leaving certificate or any other documentary evidence of the petitioner.Shaikh sought orders for the caste scrutiny committee to issue a caste validity certificate.","['Bombay High Court Muslim community caste', ' ']",https://www.indiatoday.in/india/story/bombay-high-court-muslim-community-caste-1935914-2022-04-11
3,india,"JNU administration launches probe into clash over non-veg food, promises strict action","(11, 4, 2022)","The Jawaharlal Nehru University (JNU) administration has initiated an investigation into the clashes that broke out between two groups of students on campus, allegedly over non-vegetarian food being served in the mess on Ram Navami.

The administration has sought a report from the hostel’s warden and security staff regarding the incident. Students’ statements will also be included in the report.Strict action will be taken against students found guilty of violating rules, the University said.Police lodged an FIR after receiving a complaint from the JNU Students’ Union (JNUSU), Students’ Federation of India (SFI), Democratic Students' Federation (DSF) and All India Students Association (AISA) against unknown members of the RSS-affiliated Akhil Bharatiya Vidyarthi Parishad (ABVP).Six people were injured in the scuffle that erupted after ABVP students allegedly stopped other left-leaning students from eating non-vegetarian food on the occasion of the Hindu festival of Ram Navami. The two groups, however, claimed that over 60 students were injured from both sides.The JNUSU alleged that the ABVP used ""muscle power and goondaism"" to create a ruckus, manhandled the mess staff and asked them not to prepare any non-vegetarian items. The right-wing students’ outfit, on the other hand, has alleged that Leftist students disrupted Ram Navami prayers at the Kaveri Hostel.Several purported videos of the violence surfaced on social media, with one clip showing a woman student bleeding profusely from the head. India Today could not independently verify the videos.After the violence, both the sides took out protest marches to demand action against each other.Police denied allegations of being a mute spectator at the spot and said as soon as they received a PCR call, they rushed with their teams and ensured that there was no further escalation of violence.Live TV--- ENDS ---WATCH | JNU: Left, ABVP trade charges as students clash over eating non-veg food on Ram Navami","['JNU administration launches probe into clash over non-veg food', ' promises strict action']",https://www.indiatoday.in/india/story/jnu-clash-ram-navami-administration-launches-probe-promises-strict-action-1935905-2022-04-11
4,india,"Court refuses to show leniency to man who 'only attempted to rape' minor in Mumbai, awards 10 years in jail","(11, 4, 2022)","A labourer has been convicted and sentenced to 10 years in prison by a special court under the Protection of Children from Sexual Offences (Pocso) Act for attempting to rape a minor along with another person in the Aarey area of Mumbai in 2015. The other accused in the case had died in custody. So, the case against him was closed.

Special judge HC Shende in a detailed judgement said, ""Even in ordinary criminal terminology, rape is a crime more heinous than murder as it destroys the very soul of a helpless woman. In this matter, the minor victim was a slow-witted girl. The accused persons were from her area, knowing well about her abnormality. They lured her with Rs 10 and tried to rape her. The gravity of the crime, therefore, is increased.""ALSO READ | Mumbai: 60-year-old woman ensures son who raped his minor daughter gets jailHe added, ""This is a case where the crime had a deleterious effect on the civilized society. Ordinarily, the offence of rape is grave in its nature. More so when the perpetrator of the crime committed rape on the minor victim who is a slow-witted girl.""The complainant stated she worked as a gardener and lived in Aarey with her children. She did not put her daughter in a school due to her inability to comprehend things quickly. In Sept 2015, when the woman returned from work, she noticed a difference in her gait.Later, she noticed some differences in her behaviour as well. When asked about it, she told the woman that the accused, Nilesh Urade, and the now-deceased accused, Risha Hadal, took her to a nearby forest. They lured her by saying that they would give her Rs 10. In the forest, they disrobed and sexually assaulted her.READ | Mumbai court acquits father, uncle of minor in rape case after 3 years in jailThe victim said that this wasn’t the first time the duo had assaulted her. Her mother realized that both the accused had taken advantage of the minor’s condition and raped her. In the court, the child said that the duo had threatened to slit her throat if she revealed the sexual assault to her family.Nilesh claimed that he was only roaming in the forest with his friend Risha and that the girl and Risha had an affair. However, the court said, ""Any respectable woman cannot put the honour of her family and the character of her daughter at stake to lodge a false case with the allegation of rape just to teach a lesson to the accused as her daughter is in love with one of the accused who is no more alive.""ALSO READ | Mumbai court refuses to close rape case against producer, orders action against complainantThe court refuted the defence’s argument that this was a case of mistaken identity and the accused had been falsely implicated. The court said the accused were known to the child. ""The victim, though slow in communicating, gave true assertion and identified the present accused as an assailant. She also deposed against the accused who is not alive,"" the court said.The accused told the court that he is very poor. He said that had been in custody for over six years and did not have the capacity to pay any penalty. “The offence was not completed and it was proved that he only attempted to commit the crime. So, please take a lenient view taken while punishing the accused,” the accused’s lawyer argued.However, the special court judge said, ""I am of the view that there is no need to show leniency to the accused. In my view, there is no need to consider the age, time for which the perpetrator underwent in jail during the trial, or his poor financial background.”ALSO READ | Man arrested for raping, impregnating 13-year-old in Mumbai“This is more applicable particularly when the offence involves allegations of sexual assault/rape on a minor, especially when the victim is an abnormal girl, easily trusting of the person whom she knows. The accused, by betraying the trust, has taken undue advantage of the abnormal mental condition of the victim. In so far as my judicial conscience is concerned, I do not find any reason to go against the legislative mandate and show any leniency in awarding the punishment to the present accused.""Live TV--- ENDS ---ALSO READ | HIV positive Mumbai man arrested for raping minor stepdaughter",['Mumbai mentally challenged minor raped '],https://www.indiatoday.in/india/maharashtra/story/mumbai-minor-raped-mentally-challenged-man-gets-10-year-jail-1935901-2022-04-11
5,india,"Heatwave to continue in northwest India for next 5 days, slight respite from April 12","(11, 4, 2022)","Warmer days are ahead for Delhites as the weather department has predicted the heatwave to continue for the next five days in the city.

As per the forecast by the Indian Meteorological Department (IMD), the heatwave conditions are likely to sustain in Northwest India, Madhya Pradesh and Vidarbha for a few more days. However, IMD has forecast slight relief in the temperature from April 12.According to IMD's latest forecast, ""Heatwave spell likely to continue over Northwest India, Madhya Pradesh and Vidarbha, during the next five days with a slight reduction from April 12, 2022.""The maximum temperatures were above normal by 6-10 degrees Celsius in most parts of Himachal Pradesh, Punjab, Haryana, Delhi and many parts of west Rajasthan in the last 24 hours.Delhi recorded the hottest day in five years on Saturday (April 9) when the mercury touched 42.4 degrees Celsius. In 2017, the national capital recorded a maximum temperature of 43.2 degrees Celsius on April 21.The maximum temperature was close to the 45 degrees Celsius mark in Gurugram on Saturday.RAINFALL IN INDIAWhile the heatwave is likely to continue, the IMD has predicted rainfall for some parts of India, as well as a drop in temperature for other areas.With the arrival of a fresh Western Disturbance on Tuesday, the temperatures are expected to come down.As per the IMD, under the influence of the western disturbance, maximum temperatures are likely to fall by 2-3 degrees Celsius over many parts of Northwest India.Taking to Twitter, the weather department wrote, ""A fresh Western Disturbance likely to affect the Western Himalayan Region from the night of 12 April, 2022. Under its influence, maximum temperatures are very likely to fall by 2-3°C over many parts of Northwest India from 12th April.""Significant weather features dated 10.04.2022Maximum Temperature forecast and Heat Wave warning:A fresh Western Disturbance likely to affect Western Himalayan Region from the night of 12th April, 2022.— India Meteorological Department (@Indiametdept) April 10, 2022
On Sunday, the national capital sweltered with a maximum temperature of 41.8 degrees Celsius. However, the temperature is expected to come down in the next few days.READ | Delhi: Man stabs neighbour to death in Adarsh Nagar over petty issue, arrested","['weather updates today', ' monsoon updates', ' will it rain today', ' delhi weather', ' delhi weather today', ' weather live', ' weather forecast today', ' how is the weather today', ' mumbai weather today', ' uttarakhand weather', ' weather in india']",https://www.indiatoday.in/india/story/imd-delhi-heatwave-to-continue-temperature-expected-to-fall-from-tuesday-rainfall-predicted-in-india-1935897-2022-04-11
6,india,"JNU clash on Ram Navami: FIR filed, probe initiated over Left students' complaint","(11, 4, 2022)","The Delhi Police on Monday received a complaint from Left students against unknown Akhil Bharatiya Vidyarthi Parishad (ABVP) students following a clash in the Jawaharlal Nehru University campus on Ram Navami.

The DCP South-West District said a case has been registered under sections 323/341/509/506/34 of the IPC and further investigation is underway. The police will investigate to collect factual, scientific evidence and identify the culprits.The police said that ABVP students would also be filing a complaint. All necessary legal action will be taken after receiving the complaint, the police said.Meanwhile, the All India Students' Association (AISA) called for a protest against the alleged violence by ABVP at the JNU campus. They will protest at the Delhi Police headquarters at 2 pm.Taking to Twitter, the AISA official handle said, ""Against ABVP's Violence in JNU Campus! Students attacked, women harassed, Muslim vendors villified, all in the name of food choices and Navratri! Reject RSS-BJP's agenda of communal hate on festivals! JOIN PROTEST AT DELHI POLICE HEADQUARTERS! 11th April, 2pm.""Against ABVP's Violence in JNU Campus!Students attacked, women harassed, Muslim vendors villified, all in the name of food choices and Navratri!Reject RSS-BJP's agenda of communal hate on festivals!JOIN PROTEST AT DELHI POLICE HEADQUARTERS!11th April, 2pm pic.twitter.com/bQ6aJWG6gR— AISA Delhi (@aisa_delhi) April 10, 2022
On the other hand, the ABVP alleged that left-wing students had interrupted their Ram Navami poojan. Taking to Twitter, Sidharth Yadav, the National Media Convener of ABVP called it an 'orchestrated act by Left'. He wrote: ""A fake letter produced by AISA to propagate their false propaganda. A letter written by AISA JNU president claimed that of hostel committee. If nothing was wrong, why hide your presidents name? Intolerance towards Ramnavmi poojan led to this orchestrated act by Left.""A fake letter produced by @AISA_tweets to propagate their false propaganda. A letter written by @aisajnu president claimed as that of hostel committee. If nothing was wrong, why hide your presidents name?Intolerance towards Ramnavmi poojan led to this orchestrated act by Left https://t.co/g9VIzbnWVz pic.twitter.com/IYHlygUtrT— Sidharth Yadav (@SidharthYadavIN) April 10, 2022
On Sunday, clashes were reported from the JNU campus after students of the ABVP allegedly stopped other left-leaning students from eating non-vegetarian food. ABVP students were also accused of assaulting the mess secretary of the Kaveri Hostel on the campus.Though, ABVP maintained that left-wing students were interrupting Ram Navami prayers at the hostel.READ | AAP supported 'anti-India' slogans at JNU, says Gujarat BJP leader","['JNU clash', ' JNU clash on ram navami', ' Left students JNU clash', ' ABVP students JNU clash', ' Delhi Police ']",https://www.indiatoday.in/india/story/jnu-clash-left-abvp-students-delhi-police-ram-navami-1935885-2022-04-11
7,india,6 killed in blast at chemical factory in Gujarat's Bharuch,"(11, 4, 2022)","Six people died in a blast at a chemical factory in the Dahej industrial area of Gujarat's Bharuch district late on Sunday night. The police have initiated an investigation into the incident.

The six workers at the Organic Chemical Company factory died due to burn injuries, as per the police.In August last year, one worker was killed and two injured in an explosion inside a chemical manufacturing unit in the Dahej industrial area of Gujarat's Bharuch district.Live TV--- ENDS ---ALSO READ | Tempo driver killed in cylinder blast in Srinagar; TRF claims responsibility","['bharuch', ' chemical factory', ' dahej', ' blast']",https://www.indiatoday.in/india/story/blast-chemical-factory-gujarat-bharuch-dahej-casualty-1935890-2022-04-11
8,india,"3 students test positive for Covid at Ghaziabad school, offline classes suspended","(11, 4, 2022)","A school in Uttar Pradesh’s Ghaziabad suspended offline classes after three students tested positive for Covid-19. The cases were reported at KR Mangalam World School in Vaishali, the second instance in recent days after two students tested positive at another school in Ghaziabad.

School management issued a circular informing students and parents of the decision to call off offline classes for two days in light of the outbreak of infection. In the meantime, classes will be conducted in online mode.“As three positive cases of Covid-19 have been reported in our school, the School Management has decided to suspend the offline classes for the next two days (11th April and 12th April,2022), we will continue imparting education through online classes, during these days,” the school said.It also called on parents to monitor their wards’ health and follow necessary Covid-19 protocols.READ | Delhi govt to conduct survey to assess Covid-19 impact on Delhi govt school students“The school is also conducting deep sanitisation of entire campus and buses everyday and following all Covid protocols,” the notice read.The Uttar Pradesh government ordered schools in the state to reopen for all classes (Nursery to Class 12) on February 17. Offline classes for Class 9-12 students had already begun on February 7.Covid-19 vaccination for adolescents in the 15-18 age group began on January 3, 2022. Vaccine coverage was further extended to children between 12-14 years from March 16 with Biological E's intramuscular Corbevax shot, two doses of which are to be administered 28 days apart.Live TV--- ENDS ---READ | After Uganda, India saw longest Covid-19 induced school closures: UNESCO report(Inputs from Mayank Gaur)","['3 students test positive for Covid at Ghaziabad school', ' offline classes suspended']",https://www.indiatoday.in/india/story/3-students-test-covid-positive-kr-mangalam-school-ghaziabad-1935884-2022-04-11
9,india,"Protesters burn CM Jagan’s effigy, tyres in Andhra over cabinet reshuffle move | Videos","(11, 4, 2022)","Several Yuvajana Sramika Rythu Congress Party (YSRCP) party men and supporters of MLAs stripped of ministry posts protested on Saturday and Sunday against Chief Minister YS Jagan’s move to reshuffle the Andhra Pradesh cabinet.

Former minister Balineni Srinivas Reddy, who was handling the power portfolio, was reportedly unhappy as he didn't get a post in the second term in YS Jagan’s cabinet.His followers torched an effigy of the CM in Ongole and raised slogans against the YSRCP chief. They demanded that Balineni, who was also ready to be CM, should be inducted as an MLA into the new cabinet.Similarly, supporters of MLA Samineni Udaya Bhanu, representing Jaggaihpet in Krishna district, staged a demonstration on the Hyderabad-Vijayawada highway and raised slogans in support of their MLA.Former Home Minister M Sucharitha, who was also dropped from the capital, was reportedly unhappy with the action and is currently mulling resigning from her MLA post. She supported and staged protests in front of her residence demanding that she be inducted into the new cabinet.Another party MLA, K Sridher Reddy, broke down before the media and his followers after he was not offered a ministry post. He comes from the southern coastal district of Nellore.SUICIDE BID FOILEDUpset over CM YS Jagan's decision, a woman supporter, Sampurnamma, attempted to commit suicide, which was foiled by police. She was upset that her leader and four-time MLA, Ramakrishna Reddy, representing the Macherla segment, was not given entry into the new cabinet.The MLA’s supporters staged demonstrations and burnt tyres on the main road at Rentachintala in Andhra’s Guntur district.A supporter of Samineni Udaya Bhanu, representing Jaggaihpet in Krishna district, attempted to commit suicide by pouring petrol over him, which was foiled. Supporters staged a protest by torching tyres across the Vijayawada Hyderabad highway near Jaggaiahpet, resulting in a traffic jam.Here is a list of all the 13 members who have been dropped in the Andhra Pradesh cabinet reshuffle by CM YS Jagan Mohan Reddy: Botcha Satyanarayana, Peddireddy Ramachandra Reddy, Buggana Rajendranath, Amzath Basha, P Viswaroop, Taneti Vanita, Dr Sidiri Appala Raju, Ch Venugopala Krishna, Narayana Swamy, Gummanuru Jayaram and Dr Adimulapu Suresh.Meanwhile, the swearing-in ceremony for the new ministers will be held at the Amravati State Secretariat on Monday, April 11 at 11.30 am.On Sunday, Biswabhusan Harichandan, the Governor of Andhra Pradesh, accepted the resignation of the 24 ministers from YS Jagan’s cabinet.Also Read: Andhra Pradesh CM YS Jagan grants revenue division status to Kuppam on Chandrababu Naidu’s requestAlso Read: Andhra Pradesh hospitals go dark, baby delivered using cellphone light, candles | Videos","['Andhra Pradesh', ' YS Jagan Mohan reddy', ' YSRCP', ' News', ' politics', ' india']",https://www.indiatoday.in/india/story/protesters-burn-cm-jagan-effigy-tyres-in-andhra-over-cabinet-reshuffle-move-videos-1935876-2022-04-11
10,india,"Speeding car collides into bike on Meerut-Baghpat road, four killed","(11, 4, 2022)","Four people were killed in a road accident on Sunday after a speeding car collided with a bike near the Meerut-Baghpat highway.

The police reached the spot and rushed the injured persons to the hospital. While three people were immediately declared dead, one person died during treatment.The incident took place when Anuj and his mother Saroj Devi were travelling on a bike and a speeding Creta car hit them near the highway on Sunday.The driver lost control of the car, rammed into the bike and crashed into a tree. In the collision, the bike was severely damaged and Anuj and his mother were killed.Bhushan, a resident of Baghpat, who was driving the car, was returning to his home from Hapur with his wife, sister-in-law and nephew.While Bhushan was severely injured in the accident, his wife Bala Devi and sister-in-law Magan Devi lost their lives.READ| Delhi: Man stabs neighbour to death in Adarsh Nagar over petty issue, arrested","['accident', ' road accident', ' road accident near meerut', ' meerut road accident', ' road accident in meerut 4 died in road accident']",https://www.indiatoday.in/india/story/four-killed-as-speeding-car-collides-in-bike-on-meerut-baghpat-road-1935878-2022-04-11
11,india,Ready to face any punishment for Raj Thackeray: Sacked Pune MNS chief after mosque row,"(11, 4, 2022)","Maharashtra Navnirman Sena (MNS) chief Raj Thackeray has summoned party leader Vasant More to meet him at his residence on Monday morning after the latter took a different stand on the issue of removing loudspeakers from mosques in Pune.

Last week, Thackeray removed Vasant More from the post of Pune city president for not following his orders to play Hanuman Chalisa outside mosques after the Maharashtra government paid no heed to his demand to remove loudspeakers from mosques. Speaking to India Today, More said he was shattered b Thackeray’s decision to sack him as city unit president. “At the same time, I was very much hurt when MNS workers in Pune burst firecrackers, distributed sweets and celebrated the new development at the party office,” he added.A visibly emotional Vasant More is weighed by a feeling of ill-use. He shared that he is the only MNS worker in Pune who has 18 police cases registered against him. ""All because I dared to follow and execute all of the orders given by the party,"" he said.READ | MNS workers play Hanuman Chalisa on loudspeaker outside Shiv Sena Bhawan in Mumbai, police detain leaderHis participation in agitations and protests have resulted in legal cases against him, for which he has to attend regular court proceedings. The former corporator said he is ready to undergo punishment only for his respect for Raj Thackeray.""I had worked very hard for this office, right from selecting the location, getting the interior done all by myself, and personally choosing Raj Saheb’s chair at the new city office. All alone, not a penny spent by MNS leaders of Pune city,” he added.More claimed that Thackeray took the action against him after being instigated by Pune MNS leaders who badmouthed him in front of the party chief. He stated that Ajay Shinde, Babu Wagaskar, Anil Shidore, Sainath Babar and Kishore Shinde met Raj Thackarey last week at his Mumbai residence. Immediately after this, meeting he was removed from the city president's post, he alleged.New Pune unit chief Sainath Babar should have taken some time before accepting the post, rued More. Instead, Babar celebrated his appointment at the party office in the city, his predecessor said bitterly.More had said that as a party functionary, he has to endorse Thackeray’s demand for removal of loudspeakers from mosques, but as a people's representative, he has to take an inclusive approach and it would be difficult for him to implement the diktat in his civic ward.The former corporator, whose term ended a few weeks ago, represented a civic ward with a sizeable Muslim population.Live TV--- ENDS ---READ | 'Trying to revive dead party': Aaditya Thackeray on MNS workers playing Hanuman Chalisa outside Sena HQALSO READ | What courts have said on using loudspeakers at religious events and public places",['Ready to face any punishment for Raj Thackeray: Sacked Pune MNS chief after mosque row'],https://www.indiatoday.in/india/story/mns-vasant-more-ready-to-face-punishment-raj-thackeray-mosque-loudspeaker-hanuman-chalisa-1935869-2022-04-11
12,india,NA,NA,NA,NA,https://www.indiatoday.in/india/story/today-news-live-updates-april-11-2022-1935861-2022-04-11
