SN,category,headline,date,content,keywords,link
1,india,"Congress disciplinary panel to meet tomorrow to discuss actions of KV Thomas, Sunil Jakhar","(10, 4, 2022)","The disciplinary committee of the Congress is expected to meet in Delhi tomorrow to rule on the complaints filed against KV Thomas and Sunil Jhakar.

Sources said that Punjab AICC incharge Harish Chaudhary wrote to the party leadership after receiving multiple complaints against Sunil Jakhar.In the complaints received by Chaudhary, Punjab Congress leaders said that former Jakhar made disparaging remarks about fellow colleagues.According to reports, Sunil Jakhar recently gave a news channel interview in which he made a veiled attack on Channi. He also questioned the Congress leadership's decision to appoint Channi as the state's chief minister.Congress leaders, including former minister Raj Kumar Verka, had slammed Jhakar, demanding that he apologise for using ""objectionable language."" The former Punjab minister also demanded that Jakhar be expelled from the party.Meanwhile, Kerala Congress president K Sudhakaran has urged the Congress leadership to take action against former Union Minister KV Thomas.Despite being asked not to attend a CPI (M) seminar in Kannur, KV Thomas attended and even praised Kerala chief minister Pinarayi Vijayan.Following this, Sudhakaran allegedly accused Thomas of ""striking deals with the state Chief Minister.""Kerala Congress chief K Sudhakaran then wrote to party President Sonia Gandhi, urging her to take disciplinary action against Thomas for defying the party's order and attending a CPI (M) seminar despite being told not to.The disciplinary committee of the party will hear both cases tomorrow.READ | Sonia Gandhi must clarify her stand on Sunil Jakhar’s anti-Dalit remark: AAP",['Congress’s Disciplinary Committee to meet in Delhi tomorrow '],https://www.indiatoday.in/india/story/congress-disciplinary-committee-meet-delhi-tomorrow-1935828-2022-04-10
2,india,"Left, ABVP students clash in JNU over eating non-veg food on Ram Navami","(10, 4, 2022)","

Clashes were reported from Jawaharlal Nehru University (JNU) after students of the Akhil Bharatiya Vidyarthi Parishad (ABVP) allegedly stopped other left-leaning students from eating non-vegetarian food on Ram Navami today. ABVP students have also been accused of assaulting the mess secretary of the Kaveri Hostel on the campus.The ABVP, on the other hand, has alleged that left-wing students had been interrupting Ram Navami prayers at the Kaveri Hostel.ABVP hooligans stopped residents inside JNU from having non Veg foodABVP also assaulted the mess secretary of the Hostel.Unite against the hooliganism unleashed by ABVP inside campus premises.https://t.co/3MpRE9zXn4 pic.twitter.com/Fy3HU7qg8J— Aishe () (@aishe_ghosh) April 10, 2022
University issues noticeThe university has issued a notice after the clashes, saying that there is no restriction on the consumption of non-vegetarian food in the campus mess. There is no prohibition from the university administration, it added.""Be it Ramzan or Ram Navami... everyone can celebrate it in their way,"" JNU Rector Ajay Dubey told India Today TV in an exclusive interview.Be it Ramzan or Ram Navami... everyone can celebrate it in their way.- JNU Rector Ajay Dubey""Everyone follows their own religion. The mess is run by the student committee and the menu is decided by them. For the time being, action has been taken. The warden has issued a notice and it has been made clear that every person can worship according to his/her faith. There is no prohibition from the university,” he said.Left alleges students are being denied the right to food""ABVP goons have created a violent atmosphere in Kaveri Hostel due to their politics of hate and divisive agenda,"" the JNU Student Union (JNUSU) said.The union further alleged that ABVP students forced the mess committee to change the dinner menu and attacked the left-leaning students and those associated with the mess.“The menu has both vegetarian and non-vegetarian food. Students can eat the food of their choice. But the ABVP workers created a ruckus by committing hooliganism. Along with this, the employees of the mess were also beaten up. ABVP workers pressurised the mess employees not to cook non-vegetarian food,"" the union claimed.'ABVP doing domination politics in JNU'JNU and its hostels are the same for all students, JNUSU said in a statement, adding, “Students living here come from different parts of the country and have different culture and food preferences, which should be respected, the union said, alleging that this move by the ABVP is a reflection of their politics of domination and right-wing Hindutva policies in democratic and secular places like the JNU.”The students union also claimed that the students of the university will not bow down to such divisive moves and will continue to fight against such incidents. “Any such divisive forces must be fought firmly and the JNU community must unitedly reiterate that there will be zero-tolerance against any such acts,"" the union said.Meanwhile, the DCP Southwest said that the situation is currently peaceful. ""Both the student parties are protesting peacefully. Appropriate legal action will be taken on receipt of a complaint,"" he said. However, sources said that the main gate of the campus was shut after ABVP supporters, while raising slogans, reached outside the campus to protest.ALSO READ | AAP supported 'anti-India' slogans at JNU, says Gujarat BJP leader","['clash in JNU', ' ABVP', ' Left wing', ' ram navmi clash in JNU', ' students clash over non veg food']",https://www.indiatoday.in/india/story/left-abvp-students-clash-in-jnu-over-eating-non-veg-food-on-ram-navami-1935823-2022-04-10
3,india,NA,NA,NA,NA,https://www.indiatoday.in/india/video/muslim-vendors-dharwad-communal-tensions-karnataka-1935826-2022-04-10
4,india,Rajnath Singh arrives in Washington to attend India-US 2+2 dialogue,"(10, 4, 2022)","Defence Minister Rajnath Singh arrived in Washington DC on Sunday to attend the 4th India-US 2+2 ministerial dialogue on April 11.

""I would be leaving New Delhi tonight for a visit to the United States from April 10 to April 15. I look forward to attending the Fourth India-US 2+2 Ministerial Dialogue in Washington DC. Also, I shall be visiting INDOPACOM headquarters in Hawai, during this visit,"" Rajnath Singh said in a tweet on Saturday.I would be leaving New Delhi tonight for a visit to the United States from April 10 to April 15. I look forward to attend the Fourth India-US 2+2 Ministerial Dialogue in Washington DC. Also, I shall be visiting INDOPACOM headquarters in Hawai, during this visit.— Rajnath Singh (@rajnathsingh) April 9, 2022
The 2+2 ministerial dialogueSecretary of state Antony Blinken and secretary of defence Lloyd Austin will represent the United States, whereas Rajnath Singh will be accompanied by External Affairs Minister S Jaishankar. The 2+2 Dialogue will review bilateral cooperation across domains and chart the way forward for the two countries.Meeting with US leadershipIn his five-day US visit, Rajnath Singh will hold talks with the US leadership to deepen the India-US strategic partnership.Rajnath Singh will separately meet the US Secretary of Defence Lloyd Austin in the Pentagon. The two will discuss defence cooperation, including defence industrial collaboration and capability building through military-to-military engagements.The Defence Minister is also scheduled to visit the headquarters of US Indo-Pacific Command (INDOPACOM) in Hawaii after his visit to Washington DC.ALSO READ: 2+2 dialogue will reaffirm importance of India-US global strategic partnership in ensuring international peace, security: USALSO READ: Defence Minister Rajnath Singh to attend India-US 2+2 ministerial dialogue in Washington","['Rajnath Singh Washington India-US 2+2 ministerial dialogue', ' S Jaishankar']",https://www.indiatoday.in/india/story/rajnath-singh-washington-india-us-2-2-ministerial-dialogue-1935824-2022-04-10
5,india,"Hindus, Muslims walk together at Ram Navami rally in Bengal","(10, 4, 2022)","A rally organised by the Bajrang Dal in West Bengal brought together the Hindu and the Muslim communities in Murshidabad district’s Panchthupi village.

The procession was organised to commemorate Ram Navami, the birthday of Ram.The 500 participants of this rally - Hindus and Muslims - intended to promote the message of secularism and communal harmony.   Debdas Biswas, the officer in-charge of the Burdwan police station, oversaw the proceedings to ensure law and order was maintained.The development is a significant gesture from the two communities, who have recently been at odds over several issues, such as hijab, halal meat, and azaan in mosques.READ | After halal, loudspeaker ban, Karnataka outfits call for end of 'Muslim monopoly' in fruit businessREAD | Take Muslim community into confidence, says Karnataka minister on mosque loudspeaker row","['Hindus', ' Muslims walk together at Ram Navami rally in Bengal']",https://www.indiatoday.in/india/story/hindus-muslims-walk-together-ram-navami-rally-bengal-1935797-2022-04-10
6,india,PM Modi to hold virtual talks with US President Biden tomorrow: MEA,"(10, 4, 2022)","The Ministry of External Affairs issued a statement saying that Prime Minister Narendra Modi will hold virtual talks with US President Joe Biden on Monday.

The statement issued on Sunday mentioned that the two leaders will review ongoing bilateral cooperation and exchange views on recent developments in South Asia, the Indo-Pacific region and global issues of mutual interest.""The virtual meeting will enable both sides to continue their regular and high-level engagement aimed at further strengthening the bilateral Comprehensive Global Strategic Partnership,"" the statement read.The Leaders’ virtual interaction will precede the fourth India-US 2+2 Ministerial Dialogue, which will be led by Defence Minister Rajnath Singh and Minister of External Affairs Dr S Jaishankar on the Indian side and their US counterparts Secretary of Defence Lloyd Austin and Secretary of State Antony Blinken.READ | World divided but India firm on its neutral stance for its interests: PM Modi on Russia-Ukraine warALSO READ | PM Modi's food security scheme averted rise in extreme poverty: IMF study","['Prime minister Modi with joe biden', ' Modi', ' joe biden', ' virtual talks with joe biden', ' india us virtual talks']",https://www.indiatoday.in/india/story/pm-modi-to-hold-virtual-talks-with-us-president-biden-tomorrow-mea-1935814-2022-04-10
7,india,"Businessman Rahul Nanda, daughter absconding, ED gets orders for publishing proclamation","(10, 4, 2022)","The Enforcement Directorate (ED) has been permitted to publish a written proclamation requiring businessman Rahul Nanda and daughter Rasshi Nanda, to appear in the special court in Mumbai under the Presentation of Money Laundering Act (PMLA) within 30 days from the date of publication of the proclamation.

Kavita Patil, special public prosecutor, had moved an application on behalf of the ED to publish a proclamation requiring the accused Rahul Nanda and his daughter, 27-year-old Rasshi to appear in person before the Court within 30 days from the date of publication of such proclamation as envisaged under Section 82 (1) of Criminal Procedure Code.Patil pointed out the report filed by the senior police inspector of Oshiwara Police Station, Mumbai that non-bailable warrants (NBW) that were earlier issued were taken to Nanda Villa in Andheri West for their execution on both of them.ALSO READ: ED arrests former MD of Tops Grup in Rs 175 crore money laundering caseHowever, the report indicated non-¬execution of the warrant as the premises mentioned in the address of the NBW were already sealed by the ED. The bungalow had been locked and no one had come to take resort therein. In the future, the officer said that he could not trace both these people. Patil said that the ED had tried to execute NBWs against both accused. However, both of them are not found on their known address.Patil said that Nandas and their company were represented by advocates Ajit Singh and Madhukar Dalvi. However, since long, neither both the accused nor their advocates have turned to the court.Special Judge MG Deshpande, after hearing Patil said, ""I am of the opinion that, there is a reason to believe that both accused against whom a warrant has been issued by this court, have absconded or have been concealing themselves so that such a warrant cannot be executed. Therefore, this is a fit case to direct publication of a written proclamation requiring them to appear in this court within 30 days.""What is the case? The ED has been investigating allegations against Topsgrup and its owners who, in 2014, had obtained a contract for providing security guards at the projects of the Mumbai Metropolitan Region Development Authority (MMRDA), purportedly in collusion with Shiv Sena leader and MLA Pratap Sarnaik through illegal means by a “well-thought out strategy.”The agency claimed that the aim of these illegal manoeuvres was to get inadmissible benefit by inflating the number of contracted security guards deployed at the cost of MMRDA and illegal cash gratification to Sarnaik for facilitating this scam.Against this “active role and criminal conspiracy”, Sarnaik used to get 50 per cent profit earned out of the said contract and sometimes, the money used to be transferred to the account of a third person, said ED. Amit Chandole, a close aide of Sarnaik who was arrested by the agency, accepted the receipt of cash from Topsgrup for the MMRDA projects, the ED claimed, while adding that, part of the amount received by Topsgrup from MMRDA appeared to be proceeds of crime.ALSO READ: Tops Grup case: ED records statement of Maharashtra bureaucrat RA Rajeev","['Mumbai court', ' ED', ' Rahul Nanda', ' Rasshi Nanda', ' Enforcement Directorate']",https://www.indiatoday.in/india/story/businessman-rahul-nanda-daughter-absconding-ed-publishing-proclamation-1935812-2022-04-10
8,india,"BJP doesn’t hold patent on Hindutva, says Maharashtra CM Uddhav Thackeray","(10, 4, 2022)","Maharashtra Chief Minister Uddhav Thackeray on Sunday said the BJP does not hold a patent on Hindutva and that Shiv Sena's split from the BJP does not imply that the party has abandoned its Hindutva stance.

""What does the BJP mean when they say we've given up our Hindutva? Leaving the BJP does not imply abandoning Hindutva or that our Hindutva is fake. We are genuine and upfront, as we have always been. BJP doesn’t hold the patent on Hindutva and only BJP doesn’t mean Hindutva either,"" said Uddhav Thackeray.Thackeray criticised the BJP for forming an alliance with Mehbooba Mufti and accused the party of weakening Hindutva.""You [BJP] say we [Shiv Sena] committed a sin by aligning with the Congress in Maharashtra, but was it a holy act when you formed an alliance with Mehbooba Mufti? Did Mehbooba say Vande Matram or Bharat Mata ki Jai?"" Thackeray asked.On the issue of alliance dissolution, Uddhav reiterated that the Sena did not break the BJP-Sena alliance and that it was the BJP that failed to keep its promise.""We did not break the alliance with the BJP. Amit Shah had given me the order. The BJP has not stated why they have changed their stance... Why is the BJP opposed to naming Navi Mumbai airport after Balasaheb Thackeray, whom they claim to love and respect?"" he further questioned.READ | Our Hindutva isn't about revenge, says Maharashtra CM Uddhav Thackeray after meeting KCRDrawing a comparison to the issue of Hindutva, the Sena chief stated that, unlike the BJP, the Sena has remained steadfast in its stance.The Maharashtra CM said, ""The Sena, unlike the BJP, has never changed its flag, leader, or agenda. Balasaheb gave the BJP the saffron way, and the BJP realised it could get to Delhi that way. And you [BJP] think our saffron flag is a forgery? Every Shiv Sena flag depicts Balasahib Thackeray. Tell me how many of yours feature Atal Bihari Vajpayee or Advani. There is only one image [of PM Modi] from Panchayat to Lok Sabha...Where have all of your remaining leaders gone? We're not sure if he's the Prime Minister or a village Sarpanch.""Uddhav Thackeray also addressed the issue of rising fuel prices and said that the state had yet to receive its GST dues.""The centre raises fuel prices and expects us to lower them. The GST dues have not yet been paid to the state. This is ridiculous,"" he said.Uddhav further added, ""Why should votes be given to the BJP? Fadnavis said PM Modi gave food rations to people. Yes! But how do you eat it? Cooked or raw? How should it be warmed? Why raise fuel prices when food is being distributed?""People were given one cylinder as part of the Ujjawla Yojana. What will happen now? What are they supposed to do now? Should they beat the cylinder in the same way they beat plates during the Covid period?"" he questioned the central government.On the issue of corruption, Uddhav said, ""You committed a crime in the name of INS Vikrant—our pride. Where is the money? And you're talking about corruption?Meanwhile, defending the alliance with the Congress and the NCP, Thackeray said that it was formed for the benefit of the people of the state. ""We never backstab. The only area where the opposition outperforms us is in telling lies, which we will never do.""""Since the BJP lacks issues to fight about, they are exploiting religious differences to foment hatred in order to advance their agenda... When there is an injustice against any Marathi, Sena is the first to speak up... I've never seen BJP do anything like this,"" said Uddhav Thackeray.READ | Catch Dawood like Obama nabbed Osama, Maharashtra CM Uddhav Thackeray tells BJP","['Maharashtra', ' Uddhav Thackeray', ' Maha CM', ' Hindutva', ' Shiv Sena', ' BJP', ' Sena-BJP allaince', ' BJP', ' PM Modi']",https://www.indiatoday.in/india/story/bjp-doesnt-hold-patent-on-hindutva-says-maharashtra-cm-uddhav-thackeray-1935811-2022-04-10
9,india,"More than one IAF official responsible in accidental missile firing, action to be taken soon","(10, 4, 2022)","Acting swiftly towards fixing accountability, the Indian Air Force inquiry into the BrahMos accidental missile firing incident has blamed more than one official for the mishap. A missile was launched accidentally by Indian Air Force personnel on March 9 evening and landed in Pakistan without causing much damage to life or property as it was unarmed.

“The inquiry by Vice Air Marshal RK Sinha has found more than one official from the missile squadron blameworthy. Quick action would be taken against them and they would soon be dealt with strictly,” top government sources told India Today.The Air Headquarters has said to take strong measures to ensure that such incidents don’t happen again and all standard operating procedures are followed by all personnel while on duty. The BrahMos missile was accidentally fired from an airbase in north India and landed inside Pakistan at a place called Mian Channu. The Pakistan government had registered its objection over the incident but much before that, an investigation had been launched by India.ALSO READ: Glitch led to accidental firing of missile that landed in Pakistan, probe on: Government Speaking in the Rajya Sabha, Rajnath Singh said, “A missile was accidentally launched on March 9. The incident occurred during a routine inspection. We later came to know that it had landed in Pakistan. I would like to inform the House that the government has taken serious note of the incident. A formal high-level inquiry has been ordered. The inquiry would determine the exact cause of the said accident,” he said. “Thankfully, no damage was reported due to the accidental launch of the missile,” he added.“Our operations, maintenance, and inspections are conducted following a set of standard operating procedures, which are being evaluated. Any laxity found in the safety and security of our weapons systems will be dealt with immediately. Our missile system is extremely trustworthy and secure. Our armed forces are experienced in handling such systems,” he said.ALSO READ: IAF probe in accidental missile firing into Pak suggests involvement of Group Captain","['Indian Air Force', ' Brahmos', ' accidental missile firing in Pakistan', ' accidental missile firing']",https://www.indiatoday.in/india/story/more-than-one-iaf-official-responsible-in-accidental-missile-firing-action-to-be-taken-soon-1935809-2022-04-10
10,india,"Despite restrictions, people brandish weapons during Ram Navmi processions in West Bengal","(10, 4, 2022)","Despite the restrictions by the administration, processions were taken out with weapons on the occasion of Ram Navami in West Bengal.

Not only the BJP or Vishwa Hindu Parishad, but TMC leaders also participated in the Ram Navami procession with weapons in their hands. There is a ban on the West Bengal administration from participating in the procession carrying weapons. Despite this, people from all over Bengal took part in it.TMC's block president Manotosh Ghosh was seen waving sharp weapons at the procession in Harishchandrapur, Malda.Similarly, people were brandishing weapons at the procession of Vishwa Hindu Parishad in Chanchal in Malda. BJP leaders and workers were also involved in this rally.In Hooghly also, women held tridents in their hands while mace and swords were seen in the hands of men and children.Over a thousand Ram Navami processions were taken out on behalf of Vishwa Hindu Parishad across Bengal.ALSO READ | One killed, 18 injured in road accident in West Bengal’s Bankura","['ram navmi', ' weapons during ram navmi in bengal', ' political leaders weapons during ram navmi']",https://www.indiatoday.in/india/story/despite-restrictions-people-brandish-weapons-during-ram-navmi-processions-across-bengal-1935806-2022-04-10
11,india,Big push for backward classes in Jagan Reddy's new cabinet,"(10, 4, 2022)","Andhra Pradesh Chief Minister Jagan Mohan Reddy has reconstituted his Cabinet after all 24 ministers submitted their resignation on Thursday.

The newly formed cabinet has a mixture of senior and experienced leaders as well as fresh and young faces for balanced governance. While the seniors will bring their expertise and experience to the table, the young leaders will bring fresh and innovative ideas and initiatives, thus aiding people-oriented governance.The representation given to the SCs, STs, minorities and backward classes by the Jagan-led govt is unheard of in Andhra Pradesh history and the same continues in this cabinet as well.READ | Andhra Pradesh CM YS Jagan grants revenue division status to Kuppam on Chandrababu Naidu’s requestIn 2019, when CM Jagan formed his cabinet of 25 ministers, 56 per cent of them were from the SC, ST, OBC and minority sections of society.Maintaining the same motto of fair social representation, the CM has increased its representation in the cabinet to 68 per cent. In the previous cabinet, there were five SCs, one ST, seven OBCs, one minority, and 11 other caste MLAs as ministers. This time, the representation has been increased by 17 11 BCs, five SCs, one ST and eight OCs.Out of the 10 ministers retained from the previous cabinet, three are from the SC category, five from BC and two from OC.Meanwhile, during Chandrababu Naidu’s tenure in 2014, the OCs representation was 13 while the SCs and BCs were 12.Of these 12, no ministry was given to leaders from the ST and minority communities. The same ratio was again maintained in 2017 when the cabinet was revamped. The STs were included in CBN’s cabinet only four months before he completed his tenure. Comparing this with Jagan’s new cabinet, there has been a 50 per cent increase in the SC, ST, BC and minority representation.Meanwhile, in another example of CM Jagan taking a landmark decision and proving his commitment, for the first time in the country, five DCMs were appointed, out of which, four leaders from SC, ST, minority and BC were given a post each in 2019 and the same has continued in the latest cabinet.The same principle was followed even for the nominated posts and works. CM Jagan also brought an Act that ensures out of the 50 per cent representation for the SCs, STs, BCs and minorities, 50 per cent reservation is given to women, thus empowering them.Women's representation is also something the CM has always focused on and hence their number has been increased to four, compared to the previous cabinet with three women.Here's the list of the new Cabinet members:-Dharmana Prasada Rao-Seediri Appalaraju-Botsa Satyanarayana-P Rajanna Dora-Gudivada Amarnath-Buddi Mutyala Naidu-Dadishetti Raja-Pinipe Vishwaroopam-Cheluboina Venugopala-Taneti Vanitha-Karumuri Nageswararao-Kittu Satyanarayana-Jogi Ramesh-Ambati Rambabu-Meraga Nagarjuna-Vidadala Rajini-Kakani Govardhanreddy-Amjad Basha-Buggana Rajendranath-Gummanooru Jayaram-Peddireddy Ramachandra Reddy-Narayanaswamy-Roja K. Selvamani-Usha Sricharan-Adimalupu SureshThe incumbent Ministers put-in their papers at the meeting of the Cabinet, which was their last, official sources said. They remained in their posts for exactly 34 months.Also Read: Pawan Kalyan attacks YS Jagan govt, says Andhra districts bifurcated ignoring people’s opinions","['Andhra Pradesh new cabinet', ' AP CM announces new candidate', ' Jagan mohan reddy', ' ']",https://www.indiatoday.in/india/story/big-push-for-backward-classes-in-jagan-reddy-s-new-cabinet-1935798-2022-04-10
12,india,"Qutub Minar was actually 'Vishnu Stambh', says VHP spokesman","(10, 4, 2022)","Vishwa Hindu Parishad (VHP) spokesman Vinod Bansal on Sunday said that Delhi's famous monument Qutub Minar was actually 'Vishnu Stambh'.

Bansal said that the structure was built with materials obtained after demolishing 27 Hindu-Jain temples.He further said that the superimposed structure was built just to tease the Hindu community.""Qutab Minar was actually 'Vishnu Stambh'. Qutub Minar was built with materials obtained after demolishing 27 Hindu-Jain temples. The superimposed structure was built just to tease the Hindu community,"" Vinod Bansal was quoted as saying by news agency ANI.Delhi | Qutab Minar was actually 'Vishnu Stambh'. Qutub Minar was built with materials obtained after demolishing 27 Hindu-Jain temples. The superimposed structure was built just to tease the Hindu community: VHP Spokesman Vinod Bansal pic.twitter.com/Zx5UKLPe7s— ANI (@ANI) April 10, 2022
Bansal's statement comes a day after the VHP demanded that the government rebuild the ancient temples at the Qutub Minar complex and allow resumption of Hindu rituals and prayers there.The VHP leaders, including Vinod Bansal, had visited the compound of the monument, which was designated as a World Heritage Site by the United Nations Educational, Scientific and Cultural Organization (UNESCO) in 1993.""We demand that all the 27 temples, which were demolished at the site in the past, be rebuilt and Hindus be allowed to offer prayers there,"" he said.National Monument Authority (NMA) chairman and BJP leader Tarun Vijay had on Thursday said that Ganesha idols were placed ""disrespectfully"" in the Qutub Minar complex. Vijay also said that he had raised the issue with the Archaeological Survey of India (ASI) over a year ago but had yet to receive a response to his letter.As per the Delhi Tourism website, the 73-metre high Qutab Minar was built with materials obtained after demolishing 27 Hindu temples at the site after the defeat of Delhi's last Hindu kingdom.The website states, ""An inscription over its [Quwwat-ul-Islam Mosque] eastern gate provocatively informs that it was built with material obtained from demolishing '27 Hindu temples'.""Qutab-ud-din Aibak, the first Muslim ruler of Delhi, commenced the construction of the Qutab Minar in 1200 AD but could only finish the basement. His successor, Iltutmush, added three more storeys, and in 1368, Firoz Shah Tughlak constructed the fifth and the last storey, according to the data on the website.(with agency input)READ | Qutub Minar: Lesser known facts about the world's tallest brick minaret","['Delhi', ' Qutub minar', ' Vishnu Stambh', ' VHP Spokerperson', ' qutub minar news', ' qutab minar']",https://www.indiatoday.in/india/story/qutub-minar-was-actually-vishnu-stambh-says-vhp-spokesman-1935785-2022-04-10
