SN,category,headline,date,content,keywords,link
1,india,MNS cadre hoping for clarity and answers in Raj Thackeray’s Thane rally on April 12,"(11, 4, 2022)","Maharashtra Navnirman Sena (MNS) chief Raj Thackeray is set to hold another public rally in the Thane district near Mumbai on April 12.

The rally named as “Uttar Rally”- one which will give answers to all - comes after a public gathering held at Mumbai’s Shivaji Park (Gudi-Padwa rally) where the MNS chief had demanded the removal of louspeakers from mosques and threatened that in case a call on the issue was not taken by the state, speakers outside mosques would play Hanuman Chalisa at a higher volume.“Uttar” refers to a ritual that is performed after the death of a person.Response to MNS chief’s announcement at the Gudi-Padwa rallyNCP leaders, including party chief Sharad Pawar, have been critical of Raj Thackeray for his aggressive stance against the loudspeakers in mosques. Many accused the MNS chief of trying to disturb the peace of the city and state.The response of the MNS cadres to Raj Thackeray’s call has also been lukewarm. Barring a few places in Mumbai and Nasik, there wasn’t much action anywhere on the MNS chief’s call.ALSO READ | 'Trying to revive dead party': Aaditya Thackeray on MNS workers playing Hanuman Chalisa outside Sena HQIn Mumbai’s Ghatkopar area, a MNS worker had played Hanuman Chalisa at the party office, mounting a loudspeaker on a tree. The Mumbai police were quick to react and detained the MNS worker and levied a fine of over Rs 5000. Meanwhile, on the occasion of Ram Navami, the police were again quick to react as MNS played Hanuman Chalisa outside the Shiv Sena Bhawan in Dadar.MNS leader Sandeep Deshpande said, “Look at who’s wanting to take action against us, against the MNS. The son of Balasahib Thackeray, Chief Minister Uddhav Thackeray and that too for playing Hanuman Chalisa. For how long and where all will they fine us and detain us?” he said.The biggest apparent fallout was seen in Pune where, Vasant More, the party unit chief was sacked for not following the orders of Raj Thackeray. More had said that as a representative of the people who repose their faith in him, it was difficult for him to implement the loudspeaker diktat in the civic ward. As soon as More was sacked and replaced with former corporator Sainath Babar as the new city unit president, there were offers from the NCP, Sena and BJP for More to join.However, Vasant More met Raj Thackeray in Mumbai on Monday and said he would remain firm with the party. “All the answers will be given in Uttar Rally. All party offers are over. I am going to remain with the MNS,” said More. He refused to answer if cadres were finding it difficult to follow the command on the issue of loudspeakers.Meanwhile, the MNS also feels that the rally to be held on April 12 will be keenly looked at because the MNS chief will be giving a “befitting reply” to all the criticism he has received after the Gudi-Pawda rally.What do the MNS cadre have to say? The MNS cadre is clearly divided. A certain section feels that the loudspeaker issue wasn’t clearly understood by one and all and that led to a lot of confusion. One MNS worker on condition of anonymity said, “Our Muslim friends asked us for our stand. Many felt that we would barge inside the mosques and take down the loudspeakers. But that wasn’t the case. Raj (Saab) had clearly said that he’s not against any religion and didn’t advocate any violence. He only said that if the state doesn’t take a call, then we will play Hanuman Chalisa in double the volume. That wasn’t understood properly,” he said.Another worker agreed that the confusion led to a slow start. “We aren’t backing out on the issue of loudspeakers. Proper direction and way forward will be given at the Thane rally. There is no question of going back on what has once been said by Raj Saab. To the media it might look that MNS has been slow in implementing the order. We don’t feel that way.""MNS also feels that the softened stance on the migration issue from Uttar Pradesh and Bihar by the MNS chief will benefit the party in the elections as well. “People like to listen to Raj Thackeray. He has an impact and people believe in him and we are sure that all this will result in a new start. The rest of the strategy will be spelt out in Thane rally,"" a MNS worker said.Live TV--- ENDS ---Read | What courts have said on using loudspeakers at religious events and public places","['Shiv Sena', ' NCP', ' Mumbai', ' Thane', ' rally', ' Raj Thackeray']",https://www.indiatoday.in/india/story/mns-cadre-raj-thackeray-thane-rally-april-12-mumbai-mns-shiv-sena-ncp-1936115-2022-04-11
2,india,"JNU violence: There was no bar on serving non-vegetarian food, says university admin","(11, 4, 2022)","The wardens clarified and issued a notice when the ruckus was going among students that there is no bar on serving non-vegetarian food, said JNU administration in a statement released on the violent clash that broke out in the campus on Sunday.

In a statement released by the Jawaharlal Nehru University, registrar Prof Ravikesh recounted the incident and said, “There was a scuffle in the JNU campus on April 10, 2022 between student groups. It was the occasion of Rama Navami and Hawan was organised by the students in the Kaveri Hostel and there were students who objected to this”.“The wardens and Dean of students tried to pacify and the Hawan was concluded peacefully. Despite this, some group of students were not happy and soon after, at the time of dinner, a ruckus was created over there and heated arguments were followed by altercation between both the groups in the Kaveri Hostel” read the statement.ALSO READ: JNU clashes: No permission given to hold Ram Navami puja, Iftar party, say sources“Mess is run by the student committee and the administration has nothing to do with their menu. The wardens clarified on the spot and issued a notice when the ruckus was going among students that there is no bar on serving non-vegetarian food”, it added.The statement further added, “The warden issued a notice calling for peace and clarifying issues. The JNU administration immediately swung into action”.ALSO READ: ABVP vs Left: What we know about the Ram Navami clash on JNU campusLater in the night, Vice Chancellor, JNU Prof Santishree Dhulipudi Pandit visited the Kaveri Hostel and took stock of the situation.“JNU is an institution with rich legacy which has nurtured generations. It has always been known for academic and intellectual pursuits with strong culture of healthy discussions and debates”, the statement said.The university administration appealed everyone to exercise restraint and let the academic environment flourish in JNU without any external disturbances.ALSO READ: JNU violence: FIR lodged against ABVP students, Left to gherao Delhi Police HQ | LatestALSO READ: Left, ABVP students clash in JNU over eating non-veg food on Ram Navami","['JNU violence', ' JNU clash', ' students clash in JNU', ' left vs right in JNU']",https://www.indiatoday.in/india/story/jnu-violence-no-bar-serving-non-vegetarian-food-university-admin-1936112-2022-04-11
3,india,Electric scooter emits thick smoke in Tamil Nadu; fourth incident in 3 weeks,"(11, 4, 2022)","An electric bike emitted smoke in Tamil Nadu's Thiruppur on Monday, raising alarms over safety of e-scooters once again. This was the fourth such incident of e-bikes catching fire or emitting smoke in three weeks since a father-daughter duo died after an electric bike exploded while charging.

In this case, the owner of the e-bike was alerted about smoke emanating from the battery module by commuters. He immediately jumped off the bike and removed the battery, preventing the bike from bursting into flames.READ | Father, daughter die in Vellore after electric bike explodes while chargingOn March 26, a man and his daughter died due to suffocation after their e-bike went on flames in front of their house in Vellore. The new e-bike was kept on charge at the entrance of his small house. Due to an electrical short circuit, the e-bike went up in flames, resulting in thick smoke.A few days after this incident, another e-bike caught fire in Manappari region of Trichy. The battery was gutted in flames but no injuries were reported. A similar issue was reported from Chennai on March 30, when an e-bike caught fire on the road. The vehicle was completely charred to ashes in few minutes.ALSO READ | Another electric scooter catches fire; third incident in a weekALSO READ | Electric scooter catches fire in Tamil Nadu’s Trichy, no injuries reportedLive TV--- ENDS ---","['e bike fire', ' tamil nadu e bike fire', ' e bike scooter tamil nadu', ' e bike smoke tamil nadu']",https://www.indiatoday.in/india/story/electric-scooter-catching-fire-smoke-tamil-nadu-e-bike-1936099-2022-04-11
4,india,NA,NA,NA,NA,https://www.indiatoday.in/india/video/ram-navami-violence-madhya-pradesh-govt-bulldozes-houses-of-rioters-1936103-2022-04-11
5,india,Have patience: CM Bhagwant Mann to 'Punjabis' as oppn targets him over unfulfilled poll promises,"(11, 4, 2022)","Punjab Chief Minister Bhagwant Mann in a Facebook post asked the people of Punjab to remain patient till the state government fulfills the poll promises. He has sought some time.

""Dear Punjabis, give some time. Have patience. I have everything on my tips. Let us not be in a hurry to make the Punjab a prosperous state. It will require some time. All issues will be solved. Everyone will be heard,"" Bhagwant Mann said.The opposition Congress, BJP and Akali Dal have targeted the AAP government for having failed to fulfill the poll promises, 300 free power units in particular and Rs 1,000 per month for every adult woman.ALSO READ: Arvind Kejriwal says free electricity for all in Punjab if AAP wins 2022 assembly electionAAP national convenor and Delhi CM Arvind Kejriwal, while announcing his first guarantee on June 29, 2021 had announced that the guarantee to provide 300 free power units will be honoured immediately after the government is formed.Now, the AAP leadership has assured that the decision to this effect will be announced after the first budget is presented in the month of June.ALSO READ: Arvind Kejriwal holds virtual meeting with Punjab AAP MLAs, praises Bhagwant Mann's worksALSO READ: Eye on Punjab polls, Kejriwal promises ‘free electricity’, 24/7 power supply","['Punjab CM Bhagwant Mann', ' Bhagwant Mann', ' AAP poll promises', ' free electricity in punjab']",https://www.indiatoday.in/india/story/cm-bhagwant-mann-opposition-unfulfilled-poll-promises-1936102-2022-04-11
6,india,Shiv Sena blames BJP for protest outside Sharad Pawar’s house,"(11, 4, 2022)","Shiv Sena in its Saamna editorial blamed the BJP for the agitation outside NCP leader Sharad Pawar's house.

On Monday, the Saamna editorial accused Gunaratna Sadavarte, the lawyer representing the Maharashtra State Road Transport Corporation (MSRTC) workers, of instigating protestors.The Shiv Sena has levelled serious allegations against the BJP, saying that the opposition is fighting Mahavikas Aghadi by putting 'Gunaratnas' in front.ALSO READ | Union Minister Ramdas Athawale condemns attack on Sharad Pawar’s houseSharad Pawar had earlier said that the employees of the MSRTC were being misguided and that the leadership was immature. In response, a group of striking employees of MSRTC staged an angry protest outside Sharad Pawar's house in South Mumbai when the NCP chief was not at home.Sadavarte was detained by the police after the protest. Police alleged that Sadavarte instigated the workers to protest outside Pawar's house.The editorial said that except for the demand for merger of ST Corporation with the state government, most of the demands of the workers were met. The majority went to work. ""However, at the instigation of Gunaratna Sadavarta, a group of workers was roaring to fight at Azad Maidan,"" the editorial said.""Sadavarte was suddenly given undue prominence in the media. The Opposition has a role to play in creation of Sadavarte. The BJP has nurtured his new Gunaratna properly and followed the same provocative language used by senior pro-Hindu leaders against Thackeray-Pawar,"" the editorial said.Shiv Sena also alleged that Sadavarte used offensive language against Pawar.""Gunaratna's actions are also within the framework of Urban Naxalites,"" said the editorial.The editorial added, ""If we want to understand the work of Urban Naxalism, we should look at Gunaratna's behavior and language Urban Naxalism is worse than Al-Qaeda. Many writers, thinkers and poets arrested in the Bhima-Koregaon case have been accused of being urban Naxalites... Churches have been doing it consistently. The current Gunaratna operations are also being carried out within the same Urban Naxalite framework and the Opposition in Maharashtra has been working to fertilise it,"" Shiv Sena said.ALSO READ | Ajit Pawar says mastermind behind 'attack' on Sharad Pawar's home will be exposedALSO READ | Sharad Pawar did nothing: MSRTC workers protest outside NCP chief’s Mumbai home","['Shiv Sena', ' BJP', ' protest outside sharad pawar house', ' shiv sena blames BJP for protest', ' shiv sena vs bjp', ' mumbai']",https://www.indiatoday.in/india/story/shiv-sena-blames-bjp-for-protest-outside-sharad-pawar-house-1936100-2022-04-11
7,india,Over 40 people vandalise 2 dozen vehicles in Mumbai; police register FIR,"(11, 4, 2022)","Mumbai police on Monday registered an FIR against more than 40 unidentified people for allegedly vandalising 20 to 25 vehicles, including cars and auto-rickshaws, in Mankhurd area here, an official said.

One person was also injured in the incident that took place late Sunday night, he said.Mumbai Police Commissioner Sanjay Pandey, Joint Commissioner of Police (Law and Order) Vishwas Nangre Patil and other senior officials visited the spot on Monday morning.Over 40 people, suspected to be residents of a nearby locality, reached the MHADA colony in Mankhurd on Sunday night and allegedly attacked parked vehicles - private cars, auto-rickshaws and two-wheelers - with swords and bamboo sticks, the official from Mankhurd police station said.A person, identified as Abdullah Yakub Sheikh (32), was also injured in the incident, he said. After being alerted, police reached the spot and detained a few people, the official said.The situation in the area became tense after the incident, but police brought it under control and urged people not to believe in rumours and fake videos being circulated on social media, he said.An eyewitness, Anis Pasha, said, “The attackers were carrying swords and most of them were drunk. They severely thrashed a local resident. My three vehicles were also damaged in the incident.”On the basis of primary information, the Mankhurd police registered an FIR against unidentified persons under relevant provisions for rioting and sections of the Arms Act, the official said.Also Read: Need three 'Es' to stop migration of people from villages, says Vice President NaiduAlso Read: JNU clash: ABVP lied about no non-veg decision, say hostel officials","['Mankhurd violence', ' Mumbai', ' India', ' news', ' crime', ' police', ' ']",https://www.indiatoday.in/cities/mumbai/story/over-people-vandalise-dozen-vehicles-mumbai-police-register-fir-1936076-2022-04-11
8,india,JNUSU vs ABVP on clash over non-vegetarian food: Who said what,"(11, 4, 2022)","A clash erupted between members of the RSS' student wing Akhil Bharatiya Vidyarthi Parishad and students affiliated with Left groups on the campus of Jawaharlal Nehru University in New Delhi on Sunday night. The fight allegedly broke out over non-vegetarian food being served in the hostel mess on the Hindu festival of Ram Navami.

The police confirmed that six students were injured in the clash. However, the number of wounded students is higher, as per the students.A police case has been filed, the JNU administration has initiated a probe and both sides have held protests and made several statements. Here's what both sides have said so far on the matter.ON VIOLENCEJNUSUAccording to the JNU students' union (led by Left parties), ABVP students attacked with rods and flower pots and injured two security guards apart from students.Former JNUSU president NS Balaji added, ""We saw ABVP members pelting stones from outside the gate of the Kaveri hostel, hitting with tube lights, branches and rocks. They misbehaved with women, sexually and physically harassed them."" The JNUSU has also alleged police inaction in the face of the violence.The Left students have said around 50 of their people were injured in the violence.ABVPMeanwhile, ABVP JNU president Rohit Kumar said, ""They [Left students] brought stones and tubelights to attack our people. They also beat up students with rods. They also tore off our flags. Our ABVP workers have been injured.""The ABVP said 10-12 of its members were injured.ON REASON FOR CLASHJNUSUAccording to students affiliated with Left groups, ABVP members manhandled mess staff and asked them not to prepare non-vegetarian food on Sunday as it was Ram Navami.However, the mess committee refused and said students have the choice to have non-vegetarian or vegetarian food, according to them.It is then that the ABVP members attacked mess committee members and other students. They threw stones and bricks, broke bikes and glass doors of the mess and wounded several men and women, as per Left students.""ABVP went on a rampage in JNU as other students resisted their attempt to ban non-veg food,"" said PhD student Sarika.ABVPAccording to the ABVP, the clash erupted after Left students interrupted a Ram Navami puja. Some unaffiliated students had organised a Ram Navami puja on Sunday which was delayed by 1.5 hours due to ruckus created by Left students, as per ABVP.According to them, members of the Left were threatening not to allow the puja to be held for three days.When students were coming out after the puja, they were attacked with stones and sticks, as per the ABVP.""It’s not a matter of chicken. Everyone is free to eat whatever they want. They [Left-wing students] are using chicken as an agenda. They were against the conduct of Ram Navami puja. We demand justice,"" said ABVP JNU chief Rohit Kumar. FULL REPORTLive TV--- ENDS ---ALSO READ | JNU violence: FIR lodged against ABVP students, Left to gherao Delhi Police HQ | Latest","['jnu violence', ' abvp', ' left', ' ram navami violence', ' non vegetarian food']",https://www.indiatoday.in/india/story/jnu-violence-abvp-left-students-non-vegetarian-food-ram-navami-1936083-2022-04-11
9,india,ABVP vs Left: What we know about the Ram Navami clash on JNU campus,"(11, 4, 2022)","The Jawaharlal Nehru University administration on Monday, April 11, warned the students that no violence will be tolerated on campus and has appealed for peace and harmony.

Two groups of students clashed on the Jawaharlal Nehru University (JNU) campus on Sunday, allegedly over the serving of non-vegetarian food at the Kaveri Hostel mess on Ram Navami. While one group allegedly objected to it, saying that it would hurt their religious feelings on Ram Navami, the other insisted on having their regular food.READ | Left, ABVP students clash in JNU over eating non-veg food on Ram NavamiHere’s what we know in the case so far:1. Clashes were reported at the Jawaharlal Nehru University (JNU) after students owing allegiance to the Akhil Bharatiya Vidyarthi Parishad (ABVP) allegedly stopped Left-leaning students from eating non-vegetarian food on Ram Navami on Sunday.2. ABVP members were accused of assaulting the mess secretary of the Kaveri Hostel on the campus. The ABVP, on the other hand, alleged that Left-wing leaning students had thrashed its members with rods and tubelights.3. The JNU Student Union (JNUSU) alleged that ABVP students forced the mess committee to change the dinner menu and attacked the left-leaning students and those associated with the mess. The ABVP, on the other hand, alleged that left-wing students had been interrupting Ram Navami prayers at the Kaveri Hostel.READ | JNU violence: FIR lodged against ABVP students, Left to gherao Delhi Police HQ 4. The ABVP refuted the allegation and said it did not have any objection to non-veg food. ""We have no objection to non-veg. We had Iftaar and puja simultaneously in the same hostel. The Left parties have a problem with Hindu festivals being celebrated,"" Rohit Kumar5. Police have registered an FIR against unidentified ABVP members on the complaint of some students.6. ABVP members have also lodged police complaints. One of the students said that he was attacked despite being physically challenged.FOLLOW JNU CLASHES LIVE UPDATES HERE7. Kaveri hostel mess secretary refuted ABVP’s claims. The mess secretary said there was no order to refrain from cooking non-veg food.8. Students affiliated to Left groups called a protest at the Delhi Police headquarters at 2 pm on Monday.9. Sources said the JNU administration does not allow religious celebrations on campus.10. The JNU administration has initiated an independent probe into the incident and has warned students of action over the incident. The varsity has also urged the students to maintain peace.READ | JNUSU vs ABVP on clash over non-vegetarian food: Who said whatREAD | No objection to non-veg, Left students thrashed others with lathis, rods: ABVP on JNU clashe",['Ram Navami clash on JNU campus ABVP left front'],https://www.indiatoday.in/india/delhi/story/ram-navami-clash-on-jnu-campus-abvp-left-front-1936079-2022-04-11
10,india,"1 killed, several injured as communal clashes erupt in 3 Gujarat districts on Ram Navami","(11, 4, 2022)","Ram Navami celebrations in Gujarat took a violent turn on Sunday after communal clashes were reported in three districts, leaving one person dead and many injured. As Sabarkantha, Anand and Dwarka burned, police arrested nine people and took measures to reign in the violence.

Gujarat Minister of State for Home Harsh Sanghavi called a meeting of top police officials in Gandhinagar to review the situation in the violence-hit districts. A high level inquiry has been launched in the matter.HIMMATNAGARIn the Himmatnagar area of Sabarkantha, a rath yatra was organised on the occasion of Ram Navami. However, miscreants allegedly pelted the procession with stones and burned down the rath. In retaliation, several vehicles and shops were torched.Over 10 police personnel were injured in the violence, which was brought under control using tear gas shells, officials said. Several teams of SRP, rapid action force and extra units of Gujarat Police have been deployed. Police carried out a flag march and said the situation was tense but under control.READ | Communal clashes erupt during Ram Navami rallies in 4 states, 1 dead in GujaratSection 144 of CrPC, which prohibits gathering of more than five people, is in force in sensitive areas of the town, including Chhaparia locality where arson took place. As a precautionary measure, several schools have been shut down in the area where the clashes took place.KHAMBATIn Anand district, riots erupted in Khambat where a procession was taken out. Again, it has been alleged that stone pelting happened on the procession. A 65-year-old man was killed in the ensuing violence. Prohibitory orders are in force in the town.Police have lodged FIRs and several people have been arrested so far.READ | JNU clash on Ram Navami: FIR filed, probe initiated over Left students' complaintDWARKAA video went viral on social media showing miscreants burning a saffron flag, which triggered clashes between two communities. Dwarka SP Nitesh Pandey said the individuals who burned the flag have been captured.Police have appealed to people not to believe in rumours doing the rounds on social media.The incidents come close on the heels of the violence in Rajasthan’s Karauli, where a Shobha Yatra by RSS workers to celebrate the Hindu New Year was pelted with stones, sparking widespread communal clashes and arson.Live TV--- ENDS ---READ | Hindus, Muslims walk together at Ram Navami rally in Bengal","['1 killed', ' several injured as communal clashes erupt in 3 Gujarat districts on Ram Navami']",https://www.indiatoday.in/india/story/1-killed-communal-clashes-gujarat-himmatnagar-khambat-dwarka-ram-navami-1936075-2022-04-11
11,india,"Need three 'Es' to stop migration of people from villages, says Vice President Naidu","(11, 4, 2022)","Vice President M Venkaiah Naidu on Monday said three Es -- education, employment and entertainment -- are needed in rural areas to stop the flight of people from villages to urban areas.

Inaugurating the National Stakeholders Conference on Localisation of Sustainable Development Goals, Naidu also took an apparent dig at Pakistan over its political turmoil.""Of course, the next big country is our neighbour.But there is no democracy. We don't know what is happening there. I don't know whether they also know it or not. I don't want to comment on that. But it is a reality, we are a democracy at all levels,"" he said.While referring to 2.78 lakh local bodies in rural areas, Naidu said no other country in the world could have so many democratic institutions at different levels.The vice president also hit out at people who claim that giving equal rights and empowering women is against Indian traditions.He also noted that all big rivers are named after women.""Important portfolios were given to women that time also...Education Minister was Saraswati Devi, Defence Minister -- Durga Devi, Finance Minister -- Lakshmi Devi ... Now we are hesitating to give power,"" he said.He said women should get adequate representation in Parliament and state legislatures.Naidu was of the view that devolution of funds, functions and functionaries through urban and rural local bodies was designed to give more power to people.Recalling the words of Mahatma Gandhi that 'Ram Rajya' is incomplete without gram rajya, he said political will and administrative skills are required to give actual power to local bodies. His political will and administrative skills and not merely a bill (legislation) are needed for the purpose.Referring to the three Es, he said we should see that better education, employment opportunities and entertainment are available in rural areas.He said entertainment is part of life and it is also required. The event was organised by the Panchayati Raj Ministry.Also Read: Karnataka BJP unit forms 3 teams to tour state ahead of 2023 elections","['Venkaiah Naidu', ' News', ' India', ' Vice president', ' rural india', ' ']",https://www.indiatoday.in/india/story/need-three-stop-migration-people-from-villages-says-vice-prez-naidu-1936071-2022-04-11
12,india,Want to see what changes BJP govt in Gujarat brought to schools in 27 years: Manish Sisodia,"(11, 4, 2022)","Delhi Education Minister Manish Sisodia on Monday said he is keen to see and understand what changes and improvements the BJP has brought in Gujarat government schools over the last 27 years of its rule in the state.

The Aam Aadmi Party (AAP) leader and Delhi’s deputy chief minister was talking to reporters while on his way to visit a school in Bhavnagar district of Gujarat, ahead of the state Assembly elections due in December this year.The Arvind Kejriwal-led AAP is keen to demonstrate changes in the education sector brought in Delhi and promise the same in Gujarat. It is looking to contest all 182 Assembly seats in Gujarat by presenting itself as a viable alternative to both the ruling BJP and the opposition Congress.On Monday, after arriving at the Ahmedabad airport, Sisodia headed to a school in Bhavnagar, the home district of Gujarat Education Minister Jitu Vaghani.Sisodia, who had recently challenged Vaghani for a debate on school education, claimed the AAP government in Delhi changed the face of government schools after Arvind Kejriwal became its chief minister.“After Kejriwal came to power, we changed the face, the picture of government schools in Delhi. The BJP has been in power in Gujarat for 27 years. I am keen to see and understand what changes and improvements the BJP has made in these 27 years of its rule,” he said.Sisodia’s visit comes a day after Kejriwal in a Twitter post said, “People in the BJP are also raising questions on the crumbling education system in Gujarat. Rising above the party line, they have started raising voice for good education in Gujarat. The BJP could not provide good education in 27 years. The AAP government will provide good education in Gujarat, like it has done in Delhi, by taking along the people of Gujarat and all the parties.” Notably, Vaghani had a few days back said at a public function that those who do not like schools in Gujarat should collect their children’s school-leaving certificates and go to whichever state they find better.A debate has been raging between the AAP and BJP over the status of government schools in Delhi and Gujarat. Sisodia had invited Vaghani to visit a school of his choice in Delhi, to which the latter did not respond.Read | Delhi might create own board if CBSE doesn't reconsider fee hike decision: Manish SisodiaAlso Read | Delhi schools can only collect tuition fees for 1 month: Manish Sisodia",['Gujarat schools Manish Sisodia AAP BJP '],https://www.indiatoday.in/india/story/gujarat-schools-manish-sisodia-aap-bjp-1936072-2022-04-11
