SN,category,headline,date,content,keywords,link
1,india,"2 militants killed, 3 cops injured in encounter in J&K’s Srinagar","(10, 4, 2022)","Two militants involved in a recent attack on CRPF personnel in Jammu and Kashmir’s Srinagar were killed in an encounter with security forces on Sunday, the police said.

Three security forces personnel were injured in the encounter and have been shifted to the army hospital.#Encounter has started in #Srinagar. Police and CRPF on job. Further details shall follow. @JmuKmrPolice— Kashmir Zone Police (@KashmirPolice) April 10, 2022
ENCOUNTERThe security forces launched a cordon and search operation in Bishember Nagar area of Srinagar on receiving information that militants were present in the area, an official said.During the search operation, the militants fired on the security forces’ team, as per the official. The security forces retaliated and in the ensuing encounter, two militants were killed. Both were carrying Aadhaar cards, likely to be fake. These will be investigated by the police.The militants hurled a grenade during the encounter, resulting in a CRPF personnel and two policemen receiving splinter injuries, as per the official.ATTACK ON CRPF PERSONNELOn April 4, in the Maisuma area of Srinagar, a CRPF personnel was killed and another injured in an attack by militants.The two militants killed on Sunday were involved in this attack. The Jammu and Kashmir Police said it has recovered arms, ammunition and other incriminating material from them.(With inputs from PTI)Live TV--- ENDS ---ALSO READ | LeT commander Nisar Das killed, 2 Army jawans injured in separate encounter in J&K","['jammu and kashmir', ' srinagar', ' encounter', ' security forces']",https://www.indiatoday.in/india/story/encounter-srinagar-jammu-kashmir-security-forces-militants-1935734-2022-04-10
2,india,"After patient’s death, family members vandalise hospital and injure 2 doctors in Bengal’s Howrah","(10, 4, 2022)","After a 57-year-old patient died at a government hospital in West Bengal’s Howrah district, his family members allegedly vandalised the district hospital and attacked doctors on Saturday night.

Claiming that the patient died due to medical negligence, the family members purportedly attacked two on-duty doctors. One doctor received an injury to his head while the other’s shoulder was dislocated. Both have been admitted to the hospital for treatment. They have been identified as Dr Pramit Basu and Dr Nabarun Majumdar.The deceased patient’s family members also damaged medical equipment and threw an ECG machine.SON ARRESTEDThe police rushed to the hospital on receiving information of the attack. The patient’s son Rohit, allegedly involved in the attack, has been arrested and will be produced in court.Arup Roy, West Bengal minister and chairman of the patients’ welfare committee at the hospital, said, “The police have arrested the accused person as he took law into his hands post a patient’s death. It is very unfortunate, the patient died due to renal failure, as he couldn't take dialysis.”A doctor at the hospital added, “Kartik Dey [patient] was undergoing dialysis treatment at Howrah Hospital, his health condition had been deteriorating since last evening. He died because of renal failure. And after his death, doctors were attacked.”Live TV--- ENDS ---ALSO READ | World Medical Association writes to PM Modi on Dr Archana Sharma’s suicide","['howrah', ' west bengal', ' hospital', ' attack on doctors']",https://www.indiatoday.in/india/story/patient-death-family-attack-hospital-doctors-west-bengal-howrah-1935706-2022-04-10
3,india,"Subhas Chandra Bose’s AIFB changes party flag, drops hammer and sickle icons","(10, 4, 2022)","The All India Forward Bloc (AIFB) has unanimously passed a resolution to change its party flag more than eight decades after being founded by Netaji Subhas Chandra Bose.

The AIFB leadership has decided to remove the hammer and sickle icons from the party flag while retaining the “Leaping Tiger” symbol. This has been done in an attempt to lay more emphasis on ‘Shubhasim’, the ideology of Subhas Chandra Bose, while distancing the party from communism.The decision was taken at the AIFB’s two-day National Council that concluded in Bhubaneswar on Saturday.Reacting to the development, Netaji Subhas Chandra Bose's grand-nephew Chandra Kumar Bose said, ""AIFB must change its present party flag to its original flag - springing tiger on our national tricolour. Netaji’s inclusive ideology to unite all communities for progress must be preached and practised across the country to fight communalism which is dividing the nation.""The old flag, with the hammer, sickle and leaping tiger on a red background, had been adopted at a National Council meeting of the party in 1948. (www.forwardblog.org)REASONS FOR CHANGEAt the meet this week, the current AIFB leadership observed that the hammer and sickle and its proximity to communist parties had created a perception that the Forward Bloc was more of a communist party than a socialist political entity.“This propaganda somehow blocked the path of the Forward Bloc to grow as an independent socialist party. Moreover, the Council noted that the character and size of the working class also changed. A huge volume of working people is now from the service sector. Due to the development of science and technology, the service sector is now providing more GDP than other two sectors i.e. agriculture and industry. At the same time, it is not practical to include the symbols of all categories of working class in a party flag,” the party said in a statement.Live TV--- ENDS ---ALSO READ | Why Netaji Subhas Bose was an inconvenient nationalist","['all india forward bloc', ' subhas chandra bose', ' hammer', ' sickle', ' party flag', ' ']",https://www.indiatoday.in/india/story/subhas-chandra-bose-aifb-party-flag-hammer-sickle-icons-1935703-2022-04-10
4,india,Boost to maritime security as Coast Guard gets Advanced Light Helicopter squadron,"(10, 4, 2022)","In a major boost to India’s maritime and coastal security, the Indian Coast Guard commissioned the first Advanced Light Helicopter (ALH) MK III squadron on Sunday.

Indian Coast Guard Director General VS Pathania The 830 Squadron (Coast Guard) was commissioned in the presence of Director General VS Pathania and other various civil and military dignitaries at the Indian Coast Guard Air Enclave in Odisha’s Bhubaneswar.#WATCH | Latest Advanced Light Helicopter (ALH) MK-III squadron commissioned today at Bhubaneswar, Odisha by Indian Coast Guard chief VS Pathania. The most advanced variant of ALH will enhance maritime capabilities of force along West Bengal & Odisha Coast & beyond: ICG officials pic.twitter.com/9ARxFkupL2— ANI (@ANI) April 10, 2022
The commissioning of this squadron marks a tremendous leap towards self-reliance in the field of Search and Rescue (SAR) and long-range maritime surveillance, in line with the government’s push towards “Aatmanirbhar Bharat”.ALH MK III helicopters feature an array of state of the art sensors, which further bolsters the maritime prowess of Indian Coast Guard at sea.The chopper is provided with a heavy machine gun to undertake constabulary missions at sea and also a removable Medical Intensive Care Unit (MICU) to facilitate critically ill patients during MEDEVAC.Live TV--- ENDS ---READ | Indian Coast Guard’s fifth offshore patrol vessel Saksham commissioned in GoaALSO READ | Ministry of Defence signs Rs 473 crore deal for patrol vessels for Indian Coast Guard",['Boost to maritime security as Coast Guard gets Advanced Light Helicopter squadron'],https://www.indiatoday.in/india/story/boost-to-maritime-security-coast-guard-gets-advanced-light-helicopter-squadron-1935701-2022-04-10
5,india,"'Rajiv Gandhi had tried to defame BSP, his son doing the same': Mayawati calls Rahul's UP poll claims false","(10, 4, 2022)","Responding to Congress leader Rahul Gandhi's statements about her and her party, Bahujan Samaj Party chief Mayawati said at a press conference that he should set his own house in order first before commenting on others.

She said that former prime minister Rajiv Gandhi had tried to defame the BSP many years ago and now his son Rahul was doing the same.WHAT RAHUL GANDHI SAIDCongress leader Rahul Gandhi said on Saturday that his party had offered to fight the Uttar Pradesh Assembly election in alliance with the Bahujan Samaj Party and have party chief Mayawati as the chief ministerial face.However, Mayawati did not even respond and gave the BJP a clear passage to victory in the state due to her fear of central agencies such as the CBI and the Enforcement Directorate, he said.MAYAWATI'S RESPONSEOn Sunday, Mayawati rubbished Rahul Gandhi's claims and said there was no truth to them.""Rajiv Gandhi tried to defame the BSP by saying that Kanshi Ram was a CIA agent. Now, his son is following in his footsteps and making false allegations that I am afraid of the BJP’s central agencies. There isn't even a trace of truth in this,"" she said.She also dismissed Rahul Gandhi's statement that the Congress had offered to fight in alliance with the BSP but she had not responded.Responding to Rahul Gandhi's allegation that the BSP had cleared the way for BJP's victory, Mayawati said, ""Congress has performed poorly in its battle against the BJP. The party should see its own record in taking on the BJP and then speak on the BSP.""""Before speaking on another party, you should have a look within and set your house in order,"" she said. Mayawati said she had spoken about the reasons for her party's defeat in the Uttar Pradesh election and the Congress should also examine the same for itself.""There should be a review on the results by every opposition party,"" she said.Finally, she also accused the Congress of stopping her government's work in Uttar Pradesh when she was in power from 2007 to 2012. The Congress was leading the central government at the time.UP ELECTION RESULTSIn the Uttar Pradesh Assembly election of 2022, the BJP-led National Democratic Alliance won 273 seats out of a total of 403, returning to power with a majority.Meanwhile, the Congress won only two seats out of 403 and got a vote share of less than 2.5 percent. As many as 97 per cent of Congress candidates lost their security deposit.The BSP won just one seat and a vote share of around 13 per cent. Nearly 72 per cent of its candidates also lost their deposit in the election, which turned out to be a bipolar contest between the BJP and the Samajwadi Party.(With inputs from PTI)Live TV--- ENDS ---ALSO READ | Twitter handle of UP CM Yogi Adityanath's office hacked, account restored","['mayawati', ' rahul gandhi', ' bsp', ' congress', ' up polls']",https://www.indiatoday.in/india/story/bahujan-samaj-party-mayawati-rahul-gandhi-uttar-pradesh-polls-1935686-2022-04-10
6,india,"Will fight for Telangana farmers’ interest, says TRS leader on Centre's rice procurement policy","(10, 4, 2022)","Telangana Rastra Samithi (TRS) leader Kalvakuntla Kavitha said the party is all set to protect the interests of the state’s farmers in light of the Centre’s indifferent behaviour with regards to paddy procurement.

MLC Kalvakuntla Kavitha, who is in Delhi ahead of a planned protest by the TRS on April 11, asserted that the schemes and policies of the central government are a threat to the national food security system and that the Telangana-based party will fight for the interest of the farmers.The TRS government in Telangana has been demanding the Centre procure the entire parboiled rice from the state. However, the Centre has been saying it can procure only raw rice and not the parboiled ones which are not consumed largely in India.Kavitha alleged that the central government was making excuses for not procuring parboiled rice from Telangana and accused it of meting out ""step-motherly treatment"" to the state.READ | Why KCR’s party is targeting Modi government on paddy procurement from TelanganaIn light of this, TRS MPs, MLCs, MLAs and elected representatives of urban and rural local bodies will be sitting on a day-long dharna at the Telangana Bhavan in Delhi on Monday to protest the Centre's ""discriminatory"" policy on rice procurement.While applauding the efforts and vision of Chief Minister K Chandrashekar Rao, Kavitha said that it was KCR’s sheer grit that made “barren Telangana into a prosperous and productive land” that is ready to serve the rest of the country.Kavitha, who is the daughter of Telangana CM KCR, went on to add that no government has prospered at the cost of farmers and reminded the BJP-led Centre what the consequences of ignoring farmers could potentially mean.Live TV--- ENDS ---READ | Procure every grain of paddy from Telangana farmers, says CM KCR’s daughter to Centre","['Will fight for Telangana farmers’ interest', "" says TRS leader on Centre's rice procurement policy""]",https://www.indiatoday.in/india/story/fight-for-telangana-farmers-interest-trs-protest-rice-procurement-kalvakuntla-kavitha-1935683-2022-04-10
7,india,"MNS workers play Hanuman Chalisa on loudspeaker outside Shiv Sena Bhawan in Mumbai, police detain leader","(10, 4, 2022)","Maharashtra Navnirman Sena (MNS) workers played the Hanuman Chalisa and other religious songs on a loudspeaker outside Shiv Sena’s party headquarters in Mumbai on Sunday.

Soon, the police put a stop to it, confiscated the vehicle which was being used to play the devotional songs and detained MNS leader Yashwant Killekar. He was taken to Shivaji Park police station.Maharashtra | MNS has announced to put a loudspeaker outside Shiv Sena Party HQ 'Shiv Sena Bhawan' in Mumbai and play Hanuman Chalisa on it today on the occasion of #RamNavami pic.twitter.com/CkQXME2aeX— ANI (@ANI) April 10, 2022
RAJ THACKERAY'S STATEMENTThis comes about a week after MNS chief Raj Thackeray asked the Maharashtra government to remove loudspeakers from mosques. He warned that if the loudspeakers were not removed, the Hanuman Chalisa would be played outside mosques at a louder volume than the azan.“I am not against prayer, or any particular religion. I do take pride in my own religion,"" he added.He hit out at his estranged cousin Uddhav Thackeray and said the CM had betrayed the trust of the electorate by aligning with the very forces he opposed during the elections.His statements triggered a controversy and were criticised by several leaders including Maharashtra Deputy Chief Minister Ajit Pawar, Shiv Sena MP Sanjay Raut and Nationalist Congress Party leader Sharad Pawar.Earlier this week, MNS workers played the Hanuman Chalisa in front of their party office in Mumbai’s Ghatkopar. The police imposed a fine on them and said strict action would be taken if repeated.Live TV--- ENDS ---ALSO READ | What courts have said on using loudspeakers at religious events and public places","['shiv sena bhawan', ' hanuman chalisa', ' raj thackeray', ' azan controversy']",https://www.indiatoday.in/india/story/mns-workers-play-hanuman-chalisa-loudspeaker-shiv-sena-bhawan-mumbai-1935675-2022-04-10
8,india,Telangana CM to protest against Centre’s paddy procurement policy in Delhi on April 11,"(10, 4, 2022)","Telangana CM K Chandrashekar Rao will lead a dharna in the national capital on April 11 to protest against the Centre’s paddy procurement policy.

The Telangana government will sit on a day-long dharna to stage a protest against the Union government’s 'discriminatory' paddy procurement policy, which affects 61 lakh farmers and their families.The protest site — Telangana Bhavan is being set up for the massive protest in Delhi. Several state government ministers, ruling Telangana Rashtra Samithi (TRS) party MPs, MLCs, MLAs and other elected representatives of urban and rural local bodies will join the protest against the Union Government.Ahead of the protest, CM's daughter and TRS MLC Kalvakuntla Kavitha interacted with the media. Kavitha said the party is all set to protect the interests of Telangana farmers in light of the indifferent behaviour of the Union Government towards paddy procurement.The former MP, who was inspecting the protest site, reaffirmed that the schemes and policies of the Central Government are a threat to the national food security system and that the TRS party will fight for the interest of the farmers.While applauding the efforts and vision of CM K Chandrashekhar Rao, Kavitha said that it was the sheer grit of CM KCR that made “barren Telangana into a prosperous and productive land” ready to serve the rest of the country.Further, she said that no government had ever prospered at the cost of farmers in India and reminded the Bharatiya Janata Party-led government of the consequences of ignoring farmers.She said the TRS party under KCR will stand and fight for the interests of every farmer.READ | KCR demands national policy for procurement of food grains across countryAlso Read: Telangana Governor Tamilisai Soundararajan meets PM Modi in Delhi","['Telangana CM to protest paddy procurement policy', ' Centre’s paddy procurement policy', ' KCR protest in Delhi']",https://www.indiatoday.in/india/story/telangana-cm-kcr-protest-centre-s-paddy-procurement-policy-april-11-1935660-2022-04-10
9,india,Extremists like Sharjeel Imam and Murtaza are dangerous for nation: BJP minister Giriraj Singh,"(10, 4, 2022)","According to BJP leader and Union Minister of Rural Development and Panchayati Raj Giriraj Singh, radical thinking poses a major threat to the nation.

He said that people like Sharjeel Imam and Ahmad Murtaza Abbasi represent the kind of radical thinking that is dangerous for India.Sharjeel Imam is a JNU student who was arrested for allegedly making inflammatory speeches during the protests against CAA and NRC in 2019.Ahmad Murtaza Abbasi is the man who attacked security personnel deployed at the Gorakhnath temple in Uttar Pradesh’s Gorakhpur last week.Giriraj Singh said, “There is more danger from radical thinking than from the growing population of Muslims inside the country. This radical thinking, whether in the form of Sharjeel Imam who talked about cutting off Assam from India or people like Murtaza who carry out terrorist attacks on temples in Gorakhpur, is dangerous.” ..  .. ..— Shandilya Giriraj Singh (@girirajsinghbjp) April 9, 2022
He added, “Whether it is the people agitating for the hijab, the people who want to enforce the Sharia law in the country or those who make the CAA movement a jihadi movement, the country is in danger. This radical thinking is a warning bell for India.”Live TV--- ENDS ---ALSO READ | After halal, loudspeaker ban, Karnataka outfits call for end of 'Muslim monopoly' in fruit business","['giriraj singh', ' bjp minister', ' extremists', ' nation', ' sharjeel imam']",https://www.indiatoday.in/india/story/extremists-sharjeel-imam-murtaza-dangerous-nation-bjp-giriraj-singh-1935656-2022-04-10
10,india,"UGC official Twitter account hacked, 3rd government handle in 48 hours","(10, 4, 2022)","The Twitter account of the University Grant Commission was hacked late Saturday night. The account has now been restored. After hacking the UGC Twitter account, several tweets related to NFT's were made from the account.

The UGC Twitter handle has over 2,96,000 followers and is linked to the official website.This is the third government institution to be hacked in the past two days.Earlier, the Twitter accounts of the Uttar Pradesh Chief Minister's Office and the Indian Meteorological Department of India were similarly hacked.Meanwhile, a case has been registered in this regard against unknown persons under relevant sections of the IT Act at the cyber police station in Lucknow. The matter will be probed by a team of experts from the DGP office.The UP government said the strictest action will be taken against those responsible. The case is being investigated by cyber experts.",['UGC official Twitter account hacked'],https://www.indiatoday.in/india/story/ugc-official-twitter-account-hacked-1935644-2022-04-10
11,india,"Married man in Bihar sexually exploits woman with fake promise of marriage, case filed","(10, 4, 2022)","A 24-year-old woman in Bihar's Jamui has filed a case against a man for sexually abusing her with the promise of marriage.

The man, identified as Sonu Raj aka Congress Yadav, lied about his marital status to the girl, Neera Kumar, a resident of Jhajha in Jamui. With a fake promise of marrying her, he developed physical relations with her.As soon as Neera found out the truth, she, along with her father, filed a police complaint alleging sexual harassment.In her written complaint, Neera said Congress Yadav had convinced her that he was a bachelor and promised her marriage. The victim alleged that Congress Yadav lied to her and sexually abused her for three years.Neera's father said that whenever he thought of getting his daughter married, Yadav would threaten to abduct her.Meanwhile, DSP Rakesh Kumar said that the statement of the victim had been recorded. Police will act on the complaint and the accused will be arrested soon.","['bihar married man sexually abused woman', ' woman filed case fake marriage proposal', ' ']",https://www.indiatoday.in/india/story/bihar-woman-sexually-abused-married-man-jamui-police-1935626-2022-04-10
12,india,Court sentences man to 20-years imprisonment for raping minor,"(10, 4, 2022)","A court in Odisha’s Balasore district sentenced a man to 20-years imprisonment for raping a minor girl.

Additional District and Sessions Judge of Balasore, Jagdish Prasad Mohanty while pronouncing the judgment on Friday also slapped a fine of Rs 38,000 on the convict.According to the prosecution, on May 17, 2019, convict Ananta Kumar Das (26) of Baliapal entered the house of the victim when she was alone and took her out promising to marry her in the temple.Instead, he took her to a secluded place and raped her.ALSO READ | Mumbai: 60-year-old woman ensures son who raped his minor daughter gets jail","['odisha news', ' rape news', ' minor rape', ' sexual harassment', ' metoo', ' sexual assault']",https://www.indiatoday.in/crime/story/court-sentences-man-to-20-years-imprisonment-for-raping-minor-1935620-2022-04-10
