SN,category,headline,date,content,keywords,link
1,india,Modi has changed ‘culture of politics’ with his work: Nadda in poll-bound Himachal,"(10, 4, 2022)","BJP national president Jagat Prakash Nadda on Saturday credited Prime Minister Narendra Modi with changing the ‘culture of politics’ by being proactive at implementing various social service initiatives.

Nadda was here to address a public meeting as part of his three-day visit to his home state Himachal Pradesh. He also participated in a road show from the state assembly to Peterhoff on the first day of his visit on Saturday.He said be it 185 crore double dose vaccination, surgical or air strikes in Pakistan, or safe evacuation of 23,000 Indians from war-torn Ukraine, the Modi government worked with determination in every field.ALSO READ | Himachal Pradesh emerges as best performing state in education sector: CMNadda, who is also a Rajya Sabha member, claimed the BJP governments had tried to ‘give’ to the hill state, while the previous Congress governments always looked at ‘snatching’ from the state.Elaborating further, he said the then Manmohan Singh government had withdrawn the special category of Himachal Pradesh, forcing the state to pay 40 per cent share and the Centre 60 per cent for carrying out development work in the state.When Modi became the prime minister in 2014, he restored the state’s status, paving way for only 10 per cent contribution from the state and 90 per cent from the Centre for various development work, Nadda added. “Whatever we said, we did. Whatever we will say, we will do (Jo kaha tha kiya hai, Jo kahenge vo karenge),” he asserted.ALSO READ | After Gujarat, Bhagavad Gita to now be taught in Himachal Pradesh schoolsThe BJP chief said the party had gone to the electors in the states, where assembly polls were held recently, with its report card, and the people re-elected the party in four states, adding that the trend will continue in the hill state as well where elections are scheduled later this year.Himachal Pradesh Chief Minister Jai Ram Thakur and Union minister Anurag Thakur also underlined the good work done by the BJP dispensation at the Centre and the state.","['Himachal news', ' Modi government', ' BJP rule', ' modi news', ' shimla news']",https://www.indiatoday.in/india/himachal-pradesh/story/modi-changed-culture-of-politics-with-his-work-says-nadda-1935617-2022-04-10
2,india,Nitish surprised over legislative council poll outcome,"(10, 4, 2022)","Bihar Chief Minister Nitish Kumar on Saturday expressed surprise over the defeat of many NDA candidates in the recent biennial election to the state legislative council and asserted that the result, which caused the NDA’s tally in the upper house to fall, was not a cause of worry for the ruling alliance.

He asserted that this will have no bearing upon the assembly by-election next week in Bochahan where he was confident of the BJP nominee’s victory.“The council election was not one in which candidates are chosen directly by the people. Nonetheless, I was surprised to see many candidates who seemed so confident of winning getting defeated”, Kumar told reporters.ALSO READ | RJD Bihar president Jagdanand Singh’s youngest son to join ruling JDUElection was held in 24 seats of the 75-strong legislative council and NDA won 13, more than half the total number. BJP bagged seven seats while the chief minister’s JD(U) won five. Rashtriya Lok Janshakti Party of Union Minister Pashupati Kumar Paras also clinched one seat.However, the NDA held altogether 20 of these seats previously though the JD(U) was not with the BJP-led alliance when the election was last held in 2015, a fact which Kumar himself pointed out.“BJP had done well when we were in a different alliance. So these things do happen”, said Kumar referring to the previous biennial polls which his party had contested in alliance with the RJD.BJP had then won12 seats, while the JD(U) had bagged eight. RJD, which could then win only two seats, has this time bagged thrice the number.ALSO READ | Nitish Kumar to remain Bihar CM till 2025: Upendra Kushwaha tells ally BJPThe JD(U) leader reaffirmed that he will go to Bochahan on Sunday to campaign for the NDA candidate.The by-election has become a prestige issue for BJP, which seeks to prove a point after having got the scalp of expelled minister Mukesh Sahani whose Vikassheel Insaan Party had won the assembly seat in 2020.The by-poll has been necessitated by the death of MLA Musafir Paswan, whose son Amar Paswan is in the fray as the RJD candidate. He is banking on the sympathy wave for his father and the strong base that Lalu Prasad’s party continues to have despite having been out of power for long.BJP has fielded Baby Kumari who had won the seat as an independent in 2015 and who, the party claims, was its “first choice” five years later though it had to give up its claim on Bochahan to accommodate the fledgeling VIP.Sahani is not licking his wounds quietly either and has queered the pitch by giving his party’s ticket to Gita Devi, the daughter of Ramai Ram, a former minister and multiple-term MLA whose unchallenged sway over Bochahan ended with Baby Kumari’s defeat.ALSO READ | Why talk of Nitish Kumar joining Rajya Sabha is all rumourThe chief minister, who was talking to reporters after garlanding a statue of Emperor Asoka, was asked about the huge function held by BJP to celebrate the legendary king’s birth anniversary.“There is no historical evidence to ascertain Emperor Asoka’s date of birth. But it widely believed he was born on Ashtami. So, every year, we celebrate it on this day and I make it a point to visit the convention centre named after him and pay tribute to the ancient hero. I think all should celebrate this on the same day”, said Kumar.The 3rd century BC ruler has become a cultural icon for the OBCs, particularly the Koeris (Kushwahas) who alongside the Kurmis, the caste to which Kumar belongs, form the support base of JD(U).The BJP has been trying to endear itself to OBCs to the extent it is possible keeping its upper caste base intact. The celebration of “Asoka Jayanti” on the previous day was a step in that direction.","['Nitish Kumar', ' bihar news', ' NDA party', ' legislative council', ' ']",https://www.indiatoday.in/india/bihar/story/nitish-surprised-over-legislative-council-poll-outcome-1935616-2022-04-10
3,india,Man arrested in Tamil Nadu for butchering and selling Dugong meat,"(10, 4, 2022)","A man was arrested by the Tamil Nadu forest department for killing and butchering Dugong, a rare sea mammal for its meat. The man has been identified as Rakkappan of Nambuthalai. His brother Palani, who was working as his accomplice, is absconding. Officials went to inspect a warehouse in Thondi after they received information that Dugong was being sold for its meat there. The team discovered the brother cutting up a female Dugong weighing nearly 200 kg into cubes of meat.

ALSO READ | Tamil Nadu man returns home alive 24 hours after relatives ‘buried’ his bodyDugong, also known as sea cows, are rare sea creatures. They are classified as a ‘vulnerable’ species on the International Union for Conservation of Nature Red List (IUCN) Red List of Threatened Species.Recently, the Tamil Nadu Government declared 500 sq km of Palk Bay area as a conservative park for Dugongs. This was aimed to protect the nearly 150 Dugongs inhabiting the region.","['tamil nadu news', ' dugong', ' poaching', ' dugong tamil nadu', ' tamil nadu forest department']",https://www.indiatoday.in/crime/story/man-arrested-in-tamil-nadu-for-butchering-and-selling-dugong-meat-1935615-2022-04-10
4,india,25-30 ft long snake spotted crossing road in Odisha’s Nabarangpur | VIDEO,"(10, 4, 2022)","A giant snake was spotted on a road in Odisha’s Nabarangpur district. The snake was estimated to be around 25-30 feet long.

Locals spotted the snake on Friday night while crossing the main road next to the Khatiguda Jawahar Navodaya Vidyalaya. It was reported that the snake covered the entire road.The incident left the locals residing around the area in a state of panic.A Giant snake of 25 -30 ft was spotted while crossing the main road at Khatiguda area of Odisha's Nabrangpur District on Friday Night.#snake #Roadies @aajtak @IndiaToday pic.twitter.com/aczlPG33tp— Mohammad Suffian (@iamsuffian) April 9, 2022
","['odisha news', ' odisha wildlife', ' giant snake']",https://www.indiatoday.in/india/odisha/story/giant-snake-spotted-on-odisha-road-1935612-2022-04-10
5,india,"Congress names Amarinder Singh Raja Warring as its new Punjab chief, Bajwa is CLP leader","(10, 4, 2022)","Congress president Sonia Gandhi on Saturday appointed Amarinder Singh Brar (Raja Warring) as the party’s new Punjab chief in place of Navjot Singh Sidhu, and former Rajya Sabha member Pratap Singh Bajwa as the new legislature party leader.

While Warring won the recent assembly elections from the Gidderbaha constituency, Bajwa was elected as an MLA from the Qadian assembly constituency. “The Congress President has appointed Amarinder Singh Brar (Raja Warring) as President and Bharat Bhushan Ashu as Working President of Punjab Pradesh Congress Committee,” the party said in a statement.ALSO READ | Can Rahul Gandhi address Prashant Kishor-Gujarat question, Rajasthan leadership issue before trip abroad?“The Congress president has appointed Pratap Singh Bajwa as Leader and Raj Kumar Chabbewal as deputy Leader of Punjab Congress Legislature Party in Punjab,” the statement added.Warring replaces cricketer-turned politician Navjot Singh Sidhu, who had to resign after the Congress lost power in Punjab.Following the party’s drubbing in the five states that went to polls recently, Sonia Gandhi had asked the state Congress chiefs to resign. She also revamped the Manipur and Goa units.","['congress', ' punjab elections 2022', ' sonia gandhi', ' rahul gandhi', ' congress legislature party']",https://www.indiatoday.in/india/punjab/story/congress-names-amarinder-singh-raja-warring-as-its-new-punjab-chief-bajwa-is-clp-leader-1935611-2022-04-10
6,india,Lucknow: 3 passengers arrested for misbehaving with IndiGo air hostess,"(10, 4, 2022)","Three passengers were arrested for allegedly misbehaving with the air hostess of a Lucknow-bound Indigo flight on Saturday.

The passengers, identified as Pradip, Kuldip and Gyanendra, were apprehended after the cabin crew lodged a formal complaint with the police.The passengers were flying from Hyderabad to Lucknow on the Indigo flight when the incident took place.According to police, the cabin crew alleged in her complaint that the accused were drunk and misbehaved with her throughout the flight. The victim alerted Central Industrial Security Force (CISF) personnel as soon as the plane touched down in Lucknow.The accused were then handed over to the Sarojini Nagar police station and charged under relevant sections of the Indian Penal Code (IPC).Further investigation into the case is underway.READ | Religious leader issues rape threat as crowd cheers in UP’s Sitapur, probe ordered",['Lucknow: 3 passengers arrested for misbehaving with IndiGo air hostess'],https://www.indiatoday.in/india/story/passengers-arrested-for-misbehaving-with-indigo-air-hostess-1935609-2022-04-10
7,india,"Unidentified miscreants vandalise Hindu temple in Jammu's Sidhra, case registered","(10, 4, 2022)","A Hindu temple was vandalised by some unidentified miscreants in Jammu's Sidhra, police said on Saturday. A case has been registered in this regard and a probe is underway to nab the culprits, they added.

According to the police, the incident took place on the intervening night of Friday and Saturday in Jammu's Sidhra town.The idols of deities were found damaged at the decade-old temple in Sidhra on the city outskirts, PTI quoted police officials as saying.     The police officials further said that the priest of the temple noticed the damage in the morning and informed the police station concerned, which immediately rushed a team to investigate the matter.""A case has been registered and an investigation is on to bring the culprits to book,"" a police official said, urging people to maintain communal harmony and foil the nefarious designs of inimical elements to disturb the peace.Meanwhile, former Jammu and Kashmir deputy chief minister and senior Bharatiya Janata Party (BJP) leader Kavinder Gupta issued a statement condemning the attack on the Jammu temple, saying such attacks are carried out to break the area’s ethnoreligious harmony.He said, “Similar incidents have taken place in the past in Jammu. However, this time, the attack, which came after many days, raises several questions about the administration itself.”(With PTI Inputs)READ | Thief gets stuck in hole he drilled to steal ornaments from temple | VideoREAD | Gorakhnath temple attacker says he was angry over 'CAA, NRC, atrocities against Muslims'","['Jammu', ' Temple vandalised', ' hindu temple vandalise', ' FIR', ' Sidhra']",https://www.indiatoday.in/india/story/unidentified-miscreants-vandalise-hindu-temple-jammu-sidhra-case-registered-1935608-2022-04-10
8,india,"Maharashtra State GST busts ITC racket worth Rs 14 crores, one arrested","(10, 4, 2022)","The Maharashtra State GST department arrested one person for a bogus ITC claim worth Rs 14 crore from fake bills of around Rs 102 crore. The department has also been able to get revenue of Rs 8 crore from the suppliers linked to M/s. Cermix.

As a part of Special Anti-Evasion Drive by Maharashtra Goods & Service Tax Department against the fraudsters and tax evaders, proprietor of M/s. Cermix was arrested on April 7, for generating, availing and utilising fraudulent GST Input Tax Credit (ITC) of Rs14 crores from bogus invoices of Rs102 crores.The investigation is under progress to ascertain whether there is any other link to this fraud. The Metropolitan Magistrate Court has given 14 days judicial custody to the proprietor of M/s. Cermix.ALSO READ: Thane: Couple arrested for GST evasion of Rs 12.23 croreThis joint operation of investigation was conducted by Assistant Commissioner of State Tax, Amol Suryawanshi under the guidance of Nilkanth S Ghogare, Deputy Commissioner of State Tax and Rahul Dwivedi (IAS), Joint Commissioner of State Tax, Investigation-A, Mumbai.The GST department is using comprehensive network analytic tools and is co-ordinating with other authorities to identify tax evaders. This will serve as a strong warning to all scamsters that Maharashtra GST department will not spare anybody avoiding taxes.ALSO READ: Delhi: GST officials bust 7 firms involved in tax evasion of over Rs 85 croreALSO READ: Export firm director arrested for GST fraud of over Rs 15 crore","[' Maharashtra State GST department ', ' fake ITC racket', ' GST department', ' tax evasion']",https://www.indiatoday.in/india/story/maharashtra-state-gst-busts-itc-racket-one-arrested-1935606-2022-04-10
9,india,"Two dead bodies found in West Bengal, locals resort to vandalism","(10, 4, 2022)","Two dead bodies with injury marks were found in a godown in West Bengal’s South 24 Parganas district. Locals in the area have resorted to vandalising goods vehicles and the godown in protest of the murders.

The bodies have been identified as Binay Chakraborty, a civic civic volunteer, and Malay Makhal, the son of a former panchayat leader.Locals have claimed that there were some financial disputes between the murdered individuals and a person named Jana Alam. They demanded that Jana should be arrested.Police later dispersed the crowd.ALSO READ | Amit Shah likely to visit West Bengal on April 16-17","['bengal news', ' crime in city', ' kolkata news', ' south parganas', ' murder', ' vandalism', ' kolkata police']",https://www.indiatoday.in/crime/story/two-dead-bodies-found-in-west-bengal-locals-resort-to-vandalism-1935604-2022-04-10
10,india,"Government engineer, wife arrested after Odisha Vigilance recovers disproportionate assets worth Rs 3.4 crore","(10, 4, 2022)","Odisha Vigilance arrested an assistant engineer and his second wife in Bhubaneswar for possessing disproportionate assets worth Rs 3.4 crore. Kartikeshwar Roul is an assistant engineer in the minor irrigation division in Odisha. Vigilance officials on Saturday arrested Kalpana Pradhan, Roul’s second wife, for allegedly abetting the offence of her husband.

Vigilance officials recovered an additional Rs 1.4 crore cash after a search was conducted at Pradhan’s sister’s house in Bhubaneswar. Earlier, Rs 2 crore in cash and 20 gold biscuits weighing around 580 gm were recovered from properties linked to Roul. Odisha Vigilance Director Yashwant K Jethwa said, “With this, the total cash seizure in the case has reached Rs 3,41,66,280 which is the highest ever cash seizure by Odisha Vigilance in a Disproportionate Assets (DA) case.”The officials also recovered documents indicating the purchase of a triplex bungalow worth Rs 78.5 lakh by Roul from Keshari Estate Pvt Ltd in Bhubaneswar. The documents indicate that Roul made the payment in cash.ALSO READ | Agriculture subsidy amounting to Rs 6.81 crore pocketed by two brothers, arrestedThe vigilance officials had also seized assets worth over Rs 2.76 crore. These included 2 flats and a double storied building in Bhubaneswar, bank and insurance deposits worth around Rs 37.23 lakh and 7 plots of land.Jethwa said,“The Odisha Vigilance remains committed to strong action against corrupt officials.” He also said the vigilance is focused on benami assets(nameless assets) stashed by corrupt government officials in the bank accounts of their family members or the houses of close contacts.","['odisha crime', ' corruption', ' odisha irrigation', ' disproportionate asset', ' bhubaneswar news']",https://www.indiatoday.in/crime/story/government-engineer-wife-arrested-after-odisha-vigilance-recovers-rs-3-4-crore-in-disproportionate-assets-1935601-2022-04-10
11,india,Orange alert in Delhi as national capital records April’s hottest day in 5 years,"(9, 4, 2022)","Delhi on Saturday witnessed the highest maximum temperature in five years in the month of April, with the temperatures rising to 42.4 degrees Celsius, while nearing the 45-degree mark in the neighbouring Gurugram.

The severe heatwave sweeping across the national capital intensified further on Saturday with an Orange alert issued for the national capital for Sunday too.ALSO READ | Delhi feels the heat: How does India measure heatwave and why temperatures that define it are so highThough Delhi is likely to experience slight relief from the heat on Monday, the India Meteorological Department (IMD) has issued a Yellow alert for Monday.The IMD uses four colour codes for weather warnings -- green (no action needed), yellow (watch and stay updated), orange (be prepared) and red (take action).Previously, the capital had recorded a maximum temperature of 43.2 degrees Celsius on April 21, 2017. The all-time highest maximum temperature for the month was 45.6 degrees Celsius on April 29, 1941.According to IMD, this is the first time in 72 years that Delhi has recorded such a high temperature in the first nine days of April.At 44.5 degrees Celsius, Gurugram was 10 degrees warmer than average. Gurugram's all-time high maximum temperature of 44.8 degrees Celsius was recorded on April 28, 1979. The maximum temperature in Haryana’s Faridabad was at 45.2 degrees Celsius.All automatic weather stations in the city recorded maximum temperatures above 42 degrees Celsius except SPS Mayur Vihar which had recorded a high of 40.2 degrees Celsius.The IMD predicts cloudy conditions to bring some relief from the stifling heat from Tuesday.Parts of the national capital have been reeling under a heatwave since last week with maximum temperatures hovering above 40 degrees Celsius.According to IMD officials, a prolonged dry spell has led to ""severe"" hot weather conditions in northwest India and that the region along with adjoining parts of central India are predicted to see more intense and frequent heatwave conditions in April.India recorded its warmest March in 122 years this time with a severe heatwave scorching large swathes of the country during the month. The IMD says that the heat is due to the lack of rainfall in the absence of active western disturbances over north India and any major system over south India.Live TV--- ENDS ---Read | Gujarat: Mercury rises to 45 degrees Celsius in Kutch’s Kandla; heatwave likely till April 10","['weather', ' delhi', ' heatwave', ' IMD', ' warning ']",https://www.indiatoday.in/india/story/orange-alert-delhi-national-capital-april-hottest-day-5-years-severe-heatwave-1935586-2022-04-09
12,india,"Carts overturned, Muslim fruit sellers assaulted outside Hanuman temple in Karnataka","(9, 4, 2022)","Muslim fruit vendors were reportedly harassed outside a Hanuman temple in Karnataka’s Dharwad city by members of the Sri Ram Sene group, who overturned the carts and threw the fruits on the road.

This comes days after some Hindu outfits in Karnataka have sought an end to the ""monopoly of Muslims"" in the fruit business.Several Twitter users posted videos of the incident on the micro-blogging site.The footage shows men with saffron scarves, pushing cart vendors away as a large crowd looks on. Soon, the road outside the Hanuman temple was filled with squashed watermelons.Destroying the fruits of Muslim fruit vendors who sold fruits in cartsAtrocities by Sanghwara terrorists!Muslim pushcart vendors are targeted outside the Hanuman Temple in Dharwad, Karnataka.#Sri_Ram_Sena members damage and destroy watermelons and other fruits #Karnataka. pic.twitter.com/q0a8yyxQGX— Anwar Hussian.A (@AnwarHussianA1) April 9, 2022
As per media reports, police officials present at the site did not intervene to douse the actions. There are no details of an investigation being ordered into the case.Since March 18, pro-Hindu groups across Karnataka have been demanding a ban on Muslim traders near temple premises. The government has defended the move, citing the Endowment Act of 2022.READ | After halal, loudspeaker ban, Karnataka outfits call for end of 'Muslim monopoly' in fruit businessREAD | CM Bommai, Karnataka govt are behind ban on halal meat and loudspeaker in masjids, says Siddaramaiah","['Dharwad', ' Karnataka', ' muslims', ' muslim vendors assualted', ' carts overturned', ' Carts overturned', ' Muslim fruit sellers assaulted outside Hanuman temple in Karnataka', ' Sri Ram Sena workers shut Muslim shops', ' vandalize carts outside temple in Karnataka']",https://www.indiatoday.in/india/story/muslim-fruit-sellers-assaulted-outside-hanuman-temple-in-karnataka-1935574-2022-04-09
