SN,category,headline,date,content,keywords,link
1,india,Karnataka BJP unit forms 3 teams to tour state ahead of 2023 elections,"(11, 4, 2022)","The Bharatiya Janata Party (BJP) in Karnataka has formed three teams to tour select parts of the state, one year ahead of the scheduled Karnataka elections in May 2023. The election tour will also include regular party-building activities and also involve interaction with the BJP workers from respective areas.

Chief Minister Basavaraj Bommai is expected to head one team, while Dakshina Kannada MP, Nalin Kumar Kateel, will head another team. BJP’s national general secretary, Arun Singh, will head the final team.Ministers and MLAs will be part of each team, and BS Yediyurappa is expected to be in Arun Singh's team.Here is the list of districts expected to be covered in the election tour: Bangalore city, Bangalore rural, Shivamogga, Mysore, Bellary, Belagavi, Kalburgi and Dakshina Kannada.Also Read: Record for highest price in India goes to Congress, says Karnataka CM BommaiAlso Read: This is uncivilised, will take action: Karnataka minister on Muslim vendors assaulted outside temple","['Karnataka', ' election 2023', ' state elections', ' BJP', ' election tour', ' CM Basavaraj Bommai', ' politics', ' news', ' india ']",https://www.indiatoday.in/india/story/karnataka-bjp-forms-teams-tour-state-ahead-of-2023-elections-1936066-2022-04-11
2,india,"ABVP lied about no non-veg decision, say JNU hostel 'office bearers' after clashes on campus","(11, 4, 2022)","The mess secretary of the Kaveri hostel at the Jawaharlal Nehru University (JNU) refuted the ABVP's claims over Sunday clashes on campus and said, ""The concern was not of right vs left. It has been politicised by the ABVP.""

Earlier in the day, ABVP JNU president Rohit Kumar had claimed that it was decided seven days ago that non-vegetarian food will be cooked on Ram Navami. Reaction to this, the Kaveri hostel mess committee secretary said there was no such decision.""The ABVP's claim that students didn't want non-veg is false. The mess committee never made a decision,"" the secretary said.""The mess warden had sent a message on April 9, asking not to cook non-veg. When we asked for a written order, there was no such written communication from their side,"" the official said.The Kaveri hostel union president also said that the ABVP lied about the no non-veg decision. ""The student body had not taken any decision to cut out non-veg,"" the union president said.""An oral recommendation was given by the hostel warden on Saturday evening. No written order from warden or authorities was issued,"" the hostel president said.""ABVP goons prevented us from meeting the warden and mess supervisor on Sunday evening when there was no food for over 150 students,"" the hostel president said.""Half the hostel was deprived of dinner because ABVP members threatened meat suppliers and sent back chicken supplies,"" the hostel president said.On Sunday, two groups of students clashed on the JNU campus allegedly over the serving of non-vegetarian food in the mess on Ram Navami.At least six students were injured in the scuffle between left-leaning students and members of the RSS-affiliated ABVP, though both sides claim many more were wounded.","['ABVP lied about no non-veg decision', "" say JNU hostel 'office bearers' after clashes on campus""]",https://www.indiatoday.in/india/story/abvp-lied-about-no-non-veg-decision-jnu-hostel-official-clashes-campus-1936061-2022-04-11
3,india,NA,NA,NA,NA,https://www.indiatoday.in/india/video/ram-navami-communal-clashes-1-dead-1936060-2022-04-11
4,india,"JNU warns students over violence on Ram Navami, appeals for peace on campus","(11, 4, 2022)","The Jawaharlal Nehru University administration has warned the students that no violence will be tolerated on campus and has appealed for peace and harmony.

Clashes were reported from Jawaharlal Nehru University (JNU) after students of the Akhil Bharatiya Vidyarthi Parishad (ABVP) allegedly stopped other left-leaning students from eating non-vegetarian food on Ram Navami on Sunday. ABVP students have also been accused of assaulting the mess secretary of the Kaveri Hostel on the campus.ALSO READ | Left, ABVP students clash in JNU over eating non-veg food on Ram NavamiThe ABVP, on the other hand, alleged that left-wing students had been interrupting Ram Navami prayers at the Kaveri Hostel.In a circular, the JNU administration said: “It has come to the notice of the JNU administration that a heated argument followed by altercation among students' groups took place at Kaveri Hostel. Taking serious note of the incident, the Vice-Chancellor has asked the wardens to take immediate steps to avoid any confrontation.”“Security has been instructed to be vigilant in preventing such incidents and submit a report [on Sunday’s incident] immediately to the JNU Administration,” the notice read.ALSO READ | JNU violence: FIR lodged against ABVP students, Left to gherao Delhi Police HQ“JNU administration reiterates its resolve for the zero tolerance towards any form of violence on campus. The students are also warned to refrain from involving in such incidents which disturb the peace and harmony on campus. If anyone is found indulging in such acts, they will be liable for disciplinary action as per university rules,” registrar Pankaj Jain said.Live TV--- ENDS ---Click here for the LIVE updates on the JNU hostel violence.",['JNU violence on Ram Navami'],https://www.indiatoday.in/india/delhi/story/jnu-violence-on-ram-navami-appeal-for-peace-on-campus-1936059-2022-04-11
5,india,"Record for highest price in India goes to Congress, says Karnataka CM Bommai","(11, 4, 2022)","The Congress party has no moral right to protest against price rises, said Karnataka CM Basavaraj Bommai on Monday, April 11. “The credit and record for the highest price rise in the country goes to Congress,” said the CM. The Congress party has been protesting against the rise in fuel prices and also against the rise in prices of essential commodities.

Speaking to the media, he said that the protest by Congress lacked credibility. Replying to a question about the protest by Popular Front of India (PFI) students, he said that a committee headed by the Chief Justice is examining the issue and a decision would be taken after getting a report from the committee.He also denied reports that Sumalatha Ambareesh was joining the BJP. ""She had come to invite me to her niece's wedding. We also discussed some developmental works,"" Bommai said.The chief minister is heading to Udupi today to participate in a slew of development programmes. He is scheduled to participate in organisational meetings of the BJP on Tuesday, April 12.Also Read: Carts overturned, Muslim fruit sellers assaulted outside Hanuman temple in Karnataka","['Karnataka CM', ' Basavaraj Bommai', ' Congress', ' POlitics', ' News', ' India']",https://www.indiatoday.in/india/story/congress-has-no-moral-right-to-protest-against-price-rise-says-karnataka-cm-bommai-1936052-2022-04-11
6,india,"Rajasthan: 2 dead, groom injured in celebratory firing in Sikar","(11, 4, 2022)","At least two people died and two others, including the groom, were injured after the groom's friends opened a celebratory fire during the wedding in Rajasthan's Sikar on Saturday.

The incident took place a day before the wedding when some people opened fire during a dance function, Sikar SP Kunwar Rashtradeep said.Sangram Singh, a resident of Kirdoli, was to get married on April 10. A day before the wedding, Sangram's friends opened fire as a part of the wedding celebrations while dancing. The groom got injured after a bullet hit his leg. Among the injured were the groom's cousin and his two friends.His friend Suresh, a resident of Jodhpur, was critically injured and was immediately rushed to hospital for treatment, but later succumbed to injuries.Sunil Kumar, a history sheeter in over a dozen criminal cases, also died after being injured in the firing. Several criminal cases had been registered against Sunil, Sikar SP said.Police have launched an investigation into the matter.(With inputs from Sushil Kumar Joshi)READ MORE| Kota: 9 arrested in history-sheeter Deva Gurjar's murder case","['celebratory firing', ' wedding firing', ' groom injured in celebratory firing', '']",https://www.indiatoday.in/india/story/history-sheeter-dies-groom-injured-celebratory-firing-1936031-2022-04-11
7,india,Indian Railways starts Mumbai to Malda Weekly Superfast train from today,"(11, 4, 2022)","The Mumbai to Malda weekly superfast mail train started on April 11, the Railway Board said today. According to the Railway Department, the fare for second class AC from Malda to Mumbai is Rs 3,420 per head and it will take about 39 hours to reach the destination.

Pawan Kumar, Senior DCM, Malda Railway Division, said, ‘’Malda 010310 CSTM weekly superfast mail train will start from Monday, April 11. On the other hand, the Mumbai Weekly 03102 CSTM Superfast train will start from Malda on Wednesday. The train leaves Mumbai for Malda at 11:05 am on Monday. Bookings have already started.’’The train will reach Malda at 12:45 pm on Wednesday.On the other hand, 03102 Mumbai weekly superfast train from Malda will leave Malda at 9:20 am on Wednesday and will reach Mumbai at 3:50 am on Friday.ALSO READ | How govt spent Rs 35,000 crore on procuring Covid-19 vaccines | RTI Exclusive",['Indian Railways starts Mumbai to Malda Weekly Superfast train from today '],https://www.indiatoday.in/india/story/indian-railways-to-start-mumbai-to-malda-weekly-superfast-train-from-today-1936046-2022-04-11
8,india,Chennai court rejects Sasikala’s plea to be AIADMK General Secretary,"(11, 4, 2022)","The 4th Additional District Sessions Court in Chennai acknowledged a plea filed by AIADMK’s chief coordinator, O Panneerselvam and leader of the Opposition in Tamil Nadu, Edappadi Palaniswami, while dismissing a plea by VK Sasikala, late Chief Minister J Jayalalithaa's confidante.

Sasikala has said that she would appeal to the Madras High Court against her plea being dismissed.The petition filed by AIADMK Coordinator O Panneerselvam and Joint Coordinator Edapadi K Palanisamy sought to dismiss VK Sasikala’s claims as General Secretary.The plea, stating that she had no locus standi, was listed today at the 4th Additional District Sessions Court in Chennai.The judge acknowledged the petition filed by EPS and OPS and dismissed VK Sasikala's plea.This will be a major setback for Sasikala, after a few party cadres called for her return after AIADMK’s dismal performance in the Tamil Nadu urban local body polls. The initial decision to elect Sasikala as AIADMK general secretary came after the demise of former CM Jayalalithaa.Following that, Sasikala took over as the General Secretary of the AIADMK. But her term was short-lived. Sasikala was sentenced to 4 years in jail for hatching a criminal conspiracy with Jayalalithaa, with whom she was closely associated, and amassing wealth disproportionate to the known source of her income.Sasikala was in prison from February 2017 to 2021, along with Ilavarasi and the late Jayalalithaa's foster son VN Sudhakaran, in connection with the Rs 66 crore disproportionate assets case.Also Read: Truth has come out, says Sasikala in reaction to OPS's remark before panel","['Sasikala', ' AIADMK', ' Court', ' Plea', ' Edappadi Palaniswami', ' Panneerselvam', ' politics', ' news', ' tamil nadu']",https://www.indiatoday.in/india/story/chennai-court-rejects-sasikala-plea-to-be-aiadmk-general-secretary-1936041-2022-04-11
9,india,"How govt spent Rs 35,000 crore on procuring Covid-19 vaccines | RTI Exclusive","(11, 4, 2022)","The Ministry of Health announced last week that the precautionary third dose of Covid-19 vaccine would be available for the age group of 18-59 years on payment at private centres from April 10.

The Congress opposed this policy, with spokesperson Abhishek Manu Singhvi panning the government for ostensibly promoting private profiteering and creating divisions in society between those who can pay for the vaccine and those who cannot.The main opposition party urged the Centre to revisit the policy and give universal access to vaccines, free of cost.The government may have its own reasons for not making the precautionary dose free of cost for those over the age of 18 but under 60. Healthcare workers, frontline workers and those 60 and above can avail the third booster dose for free.READ | Covid-19 precaution dose for all adults: The why and how of booster dosesThis discrepancy has thrown up certain questions: how much money has the government allocated for vaccination, and how much has been spent and who got how much. India Today filed Right to Information (RTI) applications to find out.In response to our query dated February 4, 2022, the Department of Health and Family Welfare said, ""As per the announcement in Parliament during Budget session 2021, Rs 35,000 crore have been provisioned in the Union Budget of 2021-2022 for Covid-19 vaccination.”It further stated that the central government and the health ministry procure Covid vaccines from vaccine manufacturers through HLL Lifecare Ltd, a procurement agency. A sum of Rs 27,945.14 crore was released to HLL Lifecare to procure Covid vaccines, of which Rs 7054.86 crore is reportedly still lying idle with it.HLL Lifecare is an Indian healthcare product manufacturing company. It is a government-owned public sector undertaking.READ: Govt has no data of Covid-19 vaccines given daily by private hospitals | RTISince the nodal body for the procurement of vaccines is HLL Lifecare, we filed our next RTI with it. On March 4, 2022, it informed us that it received Rs 27,600.57 crore from the health ministry to purchase shots from vaccine manufacturers. On the other hand, ministry says it has given Rs 27,945.14 crore to the HLL, indicating a shortfall of Rs 344.57 crore. HLL further stated that it got Rs 22,469.54 crore for Serum Institute of India (SII), the manufacturer of Covishield, and this sum was paid to the company. For Covaxin maker Bharat Biotech, it was allotted Rs 3,579.26 crore, while Rs 1,500 crore was disbursed to buy Corbevax vaccine from Biological E Limited. The amounts were transferred to the respective firms. In the case of Zydus Cadila (ZyCov-D), it received Rs 112.77 crore, but had not made the payment as of March 4.Live TV--- ENDS ---READ | ICMR clueless about total development cost of Covaxin, reveals RTI","['How govt spent Rs 35', '000 crore on procuring Covid-19 vaccines | RTI Exclusive']",https://www.indiatoday.in/coronavirus-outbreak/story/how-govt-spent-rs-35000-crore-on-procuring-covid-vaccines-rti-1936042-2022-04-11
10,india,NA,NA,NA,NA,https://www.indiatoday.in/india/video/mallikarjun-kharge-ed-national-herald-corruption-case-1936034-2022-04-11
11,india,"No objection to non-veg, Left students thrashed others with lathis, rods: ABVP on JNU clashes","(11, 4, 2022)","ABVP JNU president Rohit Kumar held a press conference on Monday over a clash that erupted on the college campus allegedly over the serving of non-vegetarian food in the mess on Ram Navami. He said his group has no objection to non-vegetarian food. He also claimed that there was a conspiracy to ""spoil Ram Navami puja"" held at a college hostel on Sunday.

""We have no objection to non-veg. We had Iftaar and puja at the same time in the same hostel. The Left parties have a problem with Hindu festivals being celebrated,"" Rohit Kumar said while accusing Left-wing students of ""starting the agenda over non-veg food"".""They're trying to introduce a political agenda,"" he said.""There are several hostels in JNU where chicken was made yesterday...We have hostels that have ABVP mess secretaries. Those hostels served non-veg yesterday,"" Rohit Kumar said.Alleging conspiracy, Rohit Kumar said, ""We received threats a day before Ram Navami: 'We would throw bones into your Ram Navami puja'. There was a conspiracy to spoil the puja celebrations. They [Left-wing students] sent a fake notice to stop the celebration.""""Every time there is a programme in JNU, it's the Left's agenda to derail it,"" Rohit Kumar said.Rohit Kuar also claimed that seven days ago, Kaveri (hostel) residents had decided, alongwith the mess members, that non-vegetarian food would not be served.FOLLOW JNU CLASHES LIVE UPDATES HERE'THEY BROUGHT STONES AND LATHIS TO ATTACK'Rohit Kumar also accused Left-wing students of bringing lathis and beating up others on the college campus.""The Left students created a ruckus and stopped people from entering the Kaveri hostel... They brought stones and tubelights to attack our people. They also beat up students with used rods and tubelights. They also tore off our flags,"" Rohit Kumar said.""Our ABVP workers have been injured...We were standing near the lights because they were waiting to beat us in the hostels,"" Rohit Kumar said.ABVP hooligans stopped residents inside JNU from having non Veg foodABVP also assaulted the mess secretary of the Hostel.Unite against the hooliganism unleashed by ABVP inside campus premises.https://t.co/3MpRE9zXn4 pic.twitter.com/Fy3HU7qg8J— Aishe () (@aishe_ghosh) April 10, 2022
The ABVP president also said that ""this was a concerted attack by the Left on women, physically handicapped persons and weaker sections"".Meanwhile, ABVP secretary Umesh Chandra reiterated that there was no objection to non-veg food.""They gheraoed the hostel to stop the Ram Navami puja. They have been attacking Hindu festivals for years...,"" Umesh Chandra said.WHAT HAPPENED AT JNU ON SUNDAYTwo groups of students clashed on the JNU campus on Sunday, allegedly over serving of non-vegetarian food in the mess on Ram Navami.At least six students were injured in the scuffle between left-leaning students and members of the RSS-affiliated ABVP, though both sides claim many more were wounded.Meanwhile, police lodged an FIR on the basis on a complaint filed by the JNU Students’ Union and left-wing students’ outfits, while the university launched a probe of its own.At the press conference, ABVP college president Rohit Kumar said that the ABVP also filed three complaints to the police and proctors.Live TV--- ENDS ---ALSO READ | AAP supported ‘anti-India’ slogans at JNU, says Gujarat BJP leaderNOW READ:5 quick tips to cut down on your AC bill this summerAlia Bhatt and Ranbir Kapoor's wedding to have only 28 guestsLock Upp: Mandana Karimi reveals she aborted pregnancy from secret relationship3 students test positive for Covid at Ghaziabad school, offline classes suspendedVisual Story | Nusrat Jahan's love for sarees","['ram navami', ' jnu', ' abvp left clash', ' non vegetarian food', ' ram navami']",https://www.indiatoday.in/india/story/no-objection-to-non-veg-left-students-thrashed-others-lathis-rods-abvp-jnu-clashes-1936030-2022-04-11
12,india,"Uplifting Andhra Pradesh’s minorities is in our DNA, says TDP chief Chandrababu Naidu","(11, 4, 2022)","Telugu Desam Party (TDP) national President and former Andhra Chief Minister N Chandrababu Naidu, on Monday, took note of the new YS Jagan cabinet where backward classes got significant representation.

“The development of BCs has always been in the DNA of the Telugu Desam Party. With unwavering commitment, the TDP has been making all efforts for political awareness, socio-economic and political progress of the BCs for the past 40 years,” he said.Naidu said that his party, the Telugu Desam Party, had an inseparable bond with the Backward Class since the inception of the party.He said that the BCs enjoyed 34 percent reservations in local bodies for over 26 years, “only because of the commitment of the TDP.”Chandrababu Naidu said nobody would be able to deny the fact that the TDP was always defined as a party for BCs.The TDP chief recalled that in the past, TDP gave them Vice-Chancellor posts in nine out of 16 universities.The BC in Andhra Pradesh constitute the majority, forming 49.55% of the total population.In 2019, when the Yuvajana Sramika Rythu Congress Party (YSRCP) chief, YS Jagan, formed his cabinet, out of 25 ministers, 56% of them were from the SC, ST, OBC and minority sections of society.Now the CM has increased their representation in the cabinet to 68%.During Chandrababu Naidu’s tenure in 2014, the OCs representation was 13 while the SCs, and BCs were 12. Out of the 12 given, there was no ministry given to leaders from the ST and minority communities.The same ratio was again maintained in 2017 when the cabinet was revamped again.Also Read: Power cut at maternity hospital in Andhra’s Tirupati; patients' kin stage protestAlso Read: After YS Jagan’s reshuffle, mix of experienced seniors, fresh faces in Andhra Pradesh cabinet","['Amaravati', ' YSRCP', ' TDP', ' minorities', ' news', ' india', ' politics', ' cabinet reshuffle']",https://www.indiatoday.in/india/story/uplifting-andhra-pradesh-minorities-our-dna-says-tdp-chief-chandrbabu-naidu-1936017-2022-04-11
