SN,category,headline,date,content,keywords,link
1,india,"Kerala likely to witness heavy rain, thunderstorm till April 14","(11, 4, 2022)","Kerala is likely to receive heavy rainfall accompanied by lightning and thunderstorms till April 14, according to the Indian Meteorological Department (IMD). Isolated heavy rainfall is likely over Kerala on April 11, 13 and 14.

A yellow alert has been issued for Pathanamthitta and Idukki districts on April 13 (Wednesday), and for Thiruvananthapuram, Kollam, and Pathanamthitta districts on April 14 (Thursday). The agency has also predicted the possibility of heavy wind.The report issued by IMD also suggests the possibility of light but widespread rainfall accompanied by thunderstorm and lightning in Kerala-Mahe during the next 5 days.Live TV--- ENDS ---READ | Heatwave to continue in Delhi as India records hottest March in 122 yearsALSO READ | Heatwave to continue in northwest India for next 5 days, slight respite from April 12ALSO READ | Hubble spots a mysterious planet where rain does not have water, but rocks","['rainfall kerala', ' kerala rain', ' heavy rains in kerala', ' kerala floods', ' kerala thunderstorm', ' kerala heavy rainfall prediction']",https://www.indiatoday.in/india/story/kerala-rainfall-forecast-yellow-alert-imd-thunderstorm-1936146-2022-04-11
2,india,West Bengal: 5 more CAPF companies to be deployed in poll-bound areas,"(11, 4, 2022)","The central government has decided to deploy five more companies of the Central Armed Police Force to poll-bound areas of Ballygunge and Asansol for tomorrow.

Earlier, 133 companies of CAPF were deployed. The Election Commission decided to deploy 133 companies of central forces for the April 12 by-elections in Asansol parliamentary and Ballygunge assembly seats.The Commission stated that the central forces were being brought in to ensure that voters cast their franchise safely and without fear.By-elections are to be held in one assembly and one Lok Sabha seat of West Bengal, which was announced by the Election Commission last month.Live TV--- ENDS ---ALSO READ | Ram Navami violence: MP govt demolishes houses of accused to recover damage",['West Bengal: 5 more CAPF companies to be deployed in poll-bound areas '],https://www.indiatoday.in/india/story/west-bengal-5-more-capf-companies-to-be-deployed-in-poll-bound-areas-1936152-2022-04-11
3,india,"Zero tolerance for indiscipline within party, says new Punjab Congress chief Raja Warring","(11, 4, 2022)","Punjab Congress Chief Amarinder Singh Raja and other newly appointed state Congress leaders met with Rahul Gandhi in New Delhi on Monday.

Congress Legislative Party leader Pratap Singh Bajwa, PCC Working President Bharat Bhushan Ashu, Deputy CLP leader Kumar Chabbewal along with AICC incharge Harish Chaudhary were present at the meeting.The newly appointed team of Punjab Congress held talks with Rahul Gandhi for almost two hours.Read | This is not comedy circus: Congress mocks CM Mann on claims of Punjab attracting foreign workersThe Congress president Sonia Gandhi on April 9 appointed Amarinder Singh Brar (Raja Warring) as the party’s new Punjab chief in place of Navjot Singh Sidhu, and former Rajya Sabha member Pratap Singh Bajwa as the new legislature party leader.The Congress president also appointed Pratap Singh Bajwa as Leader and Raj Kumar Chabbewal as deputy Leader of Punjab Congress Legislature Party in Punjab.This development comes after a humiliating loss in the recently concluded Punjab Assembly elections where AAP swept up the majority seats.A New Start The newly appointed Punjab Congress chief Amarinder Raja Brar said, “If anyone tries to disturb the party’s discipline, then we hope that he will be shown the way out of the party directly. We have told the same thing to Rahul Gandhi (ji) today.”“Zero tolerance for indiscipline, useless rhetoric. Whoever wants to talk, bring the issues to the party platform. There will be differences but it will be resolved internally. Whether it is a minister, Chief Minister, or even me, any person in PCC, whoever creates indiscipline should be shown the way out of the party,” he added.He further said that indiscipline will not be tolerated. “Unity has to be maintained and everyone has to work together. Opportunity has to be given to the person who has worked for the party but has never got the chance to do so,” he said.The Punjab Congress chief Amarinder Raja Brar said, ""They always say that when you are in power, you don't recognise the worker, you forget the person who is last in the queue... A new era has started in Punjab. A new Congress has to be created in Punjab. We will continue to strengthen the Congress in Punjab again.""Punjab Working President Bharat Bhushan Ashu also said, ""We will continue to expose the failures of AAP and play the role of constructive opposition in the state. Discussed with Rahul (ji) what the mistakes were and what to do next in Punjab. Zero tolerance for indiscipline.""Live TV--- ENDS ---Read | Punjab Congress's Twitter account hacked, handle posts content on NFT","['Punjab', ' Delhi', ' Congress', ' Rahul Gandhi', ' Amarinder Singh Brar']",https://www.indiatoday.in/india/story/zero-tolerance-for-indiscipline-within-party-says-new-punjab-congress-chief-raja-warring-1936150-2022-04-11
4,india,"Land, cars, cash of 4 men accused of funding LTTE’s revival in Sri Lanka attached by ED","(11, 4, 2022)","The Enforcement Directorate (ED) has attached assets worth Rs 3.59 crore in connection with a case of drugs and arms seizure from Sri Lankan nationals, officials said.

The attached properties include six plots, 12 vehicles, cash and bank deposits belonging to Suresh Raj, Satkunam , Ramesh A and Soundararajan.On March 18, 2021, the Indian Coast Guard had intercepted one Sri Lankan fishing boat - ‘Ravihansi’, near Minicoy Island in Lakshadweep within the territorial waters of India and while rummaging, it was found that the boat was carrying huge quantity of contraband articles including 300 kilograms of heroin along with five assault rifles and one thousand 9 mm ammunitions.Subsequently, the National Investigative Agency (NIA) took over the investigation and filed a chargesheet against Sri Lankan nationals and others.ED initiated a money laundering investigation on the basis of an FIR registered by NIA. ED has alleged that the drugs and arms smuggled on the Sri Lankan boat ‘Ravihansi’ were meant for Indian nationals - Suresh, Satkunam and their associates and sale proceeds of the drugs would be used for purchasing the next consignment of drugs and also for revival of proscribed terrorist organization LTTE.“Investigation further revealed that Suresh Raj A. and Satkunam were involved in a similar crime earlier with the active support of Ramesh and Soundarajan. Suresh Raj A. and Satkunam were convicted earlier in a narcotics case,” the officials said.Live TV--- ENDS ---Read | Businessman Rahul Nanda, daughter absconding, ED gets orders for publishing proclamationAlso Read | ED questions Congress leader Mallikarjun Kharge in National Herald corruption case","['ED', ' assets', ' Sri Lanka', ' money laundering', ' Indian Coast Guard']",https://www.indiatoday.in/india/story/ed-attaches-assets-3-59-crore-arms-drugs-case-terror-group-ltte-sri-lanka-1936145-2022-04-11
5,india,"Gauri Lankesh's murder case trial to begin from May 27, sister Kavitha to be first witness","(11, 4, 2022)","Over four years after journalist-activist Gauri Lankesh was allegedly shot dead by motorcycle-borne men outside her house here, the trial in the case is set to start from May 27.

""The hearing of the case had not started yet. It will start now from May 27,"" senior advocate S Balan said, adding, ""Sister Kavitha Lankesh will be the first prosecution witness.""According to Balan, more than 60 lawyers were engaged initially by the accused, and their petitions delayed commencement of the trial.Balan said 17 accused, including the alleged kingpin Amol Kale, shooter Waghmore and the motorcycle rider Ganesh Miskin would face the trial via video conferencing, while one more accused is at large.Meanwhile, Kavitha Lankesh expressed her happiness over the beginning of the trial.""Till now, a hearing was going on related to bail applications. Now we are happy that the trial is beginning,"" she said.On Teachers' Day on September 5, 2017, Gauri, a left-leaning journalist, was allegedly shot dead outside her house.The assailants were reportedly inspired by 'Kshatra Dharma Sadhana', an 86-page book by 'Sanatana Sanstha'.(With PTI inputs)ALSO READ | Gauri Lankesh's murder was planned a year before: Exclusive details","['gauri lankesh murder', ' gauri lankesh case trial', ' gauri lankesh case updates', ' gauri lankesh shot dead']",https://www.indiatoday.in/india/story/gauri-lankesh-murder-case-trial-to-begin-from-may-27-sister-kavitha-to-be-first-witness-1936144-2022-04-11
6,india,Ram Navami violence: MP govt demolishes houses of accused to recover damage,"(11, 4, 2022)","In a major development concerning the clashes that broke out in Madhya Pradesh's Khargone during the Ram Navami procession on Sunday, the state government had demolished houses of accused, involved in the violence, to recover the damage caused to properties.

On Monday, a heavy police force was deployed in the Chhoti Mohan Talkies area. Governmental officials reached there with bulldozers and demolished the houses of the accused who committed violence. As many as 50 houses of the rioters were demolished.Commissioner of Indore division, Pawan Sharma said, “84 people have been arrested. The rioters will not be spared. Instructions have been given by the CM and action is being taken accordingly”. He added, “Three employees have been fired, and one has been suspended for giving misleading information on social media. The government has a zero-tolerance policy in this matter. Under this, 84 people have been arrested”.ALSO READ: Communal clashes erupt during Ram Navami rallies in 4 states, 1 dead in GujaratIG Rakesh Gupta said, “Our force is constantly engaged and action is being taken by us against the miscreants”.What is the whole matter?In Khargone in Madhya Pradesh, stones were pelted at a Ram Navami procession, prompting the police to fire tear gas shells to control the situation, Khargone Additional Collector Sumer Singh Mujalde said.The pelting of stones triggered arson and torching of some vehicles and houses, a senior official said. Three police personnel were among those injured in the clash.Following the incident, curfew was clamped in the entire Khargone city on the intervening nights of Sunday and Monday. The citizens were asked not to step out except in the case of medical emergencies.Instructions by CM Shivraj Singh ChouhanMadhya Pradesh Chief Minister Shivraj Singh Chouhan on Monday said that the perpetrators of the communal violence in Khargone had been identified and they will not be spared.#, pic.twitter.com/1hTzWX4WM9— Shivraj Singh Chouhan (@ChouhanShivraj) April 11, 2022
CM Chouhan also said that the cost of the damage inflicted on public and private property would be recovered from them.(With inputs from Umesh Rewaliya)ALSO READ: MP Ram Navami violence: CM Shivraj Chouhan says damage to be recovered from rioters soonALSO WATCH: Ram Navami violence: Madhya Pradesh govt bulldozes houses of rioters","['MP violence', ' Khargone violence', ' ram navami', ' clash on ram navami', ' violence on ram navami']",https://www.indiatoday.in/india/story/ram-navami-violence-mp-govt-demolishes-houses-of-accused-to-recover-damage-1936141-2022-04-11
7,india,NA,NA,NA,NA,https://www.indiatoday.in/india/video/chennai-court-dismisses-sasikala-s-plea-upholds-her-expulsion-from-aiadmk-1936140-2022-04-11
8,india,Actor assault case: Dileep's wife Kavya Madhavan to be questioned on Wednesday,"(11, 4, 2022)","Kerala Crime Branch probing the 2017 actor assault case will question actor Dileep's wife Kavya Madhavan on Wednesday. Actor Dileep is the eighth accused and alleged conspirator in the case.

The police had summoned Madhavan to appear for questioning at the Police Club in Kerala's Aluva on Monday. However, she could not make it due to other commitments in Chennai.The actor informed the investigators that she was set to reach Kochi on Monday. Upon her request, her questioning was postponed to Wednesday afternoon. The interrogation will be held at Dileep's house in Aluva.Dileep is currently being probed by Kerala Crime Branch after Dileep's former friend and director Balachandra Kumar submitted before the court that Dileep and others were in possession of the assault clips and conspired to harm the investigation officer of the case.Dileep's former wife, Manju Warrier, was also questioned by the Crime Branch team on Sunday. She also identified voice samples of actor Dileep and two other accused family members in the case. The voice samples provided by director Balachandrakumar to prove Dileep's culpability in the case were the ones verified.ACTOR ASSAULT CASEAn actress was abducted and allegedly molested in her car for two hours by the accused, who had forced their way into the vehicle on the night of February 17, 2017. The entire act was filmed by them to blackmail the actress. There are 10 accused in the 2017 case, including Dileep, who was arrested and later released on bail.Live TV--- ENDS ---ALSO READ | Dileep accuses cops of harassing his 87-year-old mother, seeks to quash FIRALSO READ | 5 explosive statements made by Malayalam actress on 2017 sexual assault caseALSO READ | Balachandrakumar claims to have audio of Dileep asking his brother to commit murder","['actor dileep', ' actor assault case kerala', ' actor dileep assault case', ' kavya madhavan assault case', ' kavya madhavan summons', ' actor assault case audio clips']",https://www.indiatoday.in/india/story/actor-assault-case-dileep-kavya-madhavan-crime-branch-probe-1936137-2022-04-11
9,india,Ghaziabad: Over 30 cows charred to death after fire erupts in slums near cowshed,"(11, 4, 2022)","Over 30 cows were charred to death after a massive fire broke out in the slums located near cowsheds in the Kanawani village of Ghaziabad on Monday afternoon.

COWS CHARRED TO DEATHA massive fire broke out in the slums of Kanawani village of Ghaziabad on Monday afternoon and in no time, it spread to the cowsheds in the nearby area where about 70 cows were present.According to reports, around 30 to 40 cows were charred to death in the fire accident.While no human casualties have been reported, the exact cause of the fire is yet to be ascertained.READ MORE| Ghaziabad: Fire breaks out at Naib Tehsildar's office, documents gutted","['ghaziabad jhuggi fire', ' cattle charred to death', ' fire in ghaziabad', ' kanawani jhuggi fire', ' ']",https://www.indiatoday.in/india/story/ghaziabad-slums-fire-kanawani-jhuggi-fire-cowshed-fire-1936123-2022-04-11
10,india,"Was she raped or was she pregnant after affair? Mamata Banerjee over 14-year-old’s rape, murder","(11, 4, 2022)","West Bengal Chief Minister Mamata Banerjee has raised questions over the reports of a 14-year-old girl who was allegedly raped in Nadia district on April 5.

“This story they are showing that a minor has died due to rape, will you call it a rape? Was she pregnant or had a love affair? Have they enquired? I have asked the police. They have made arrests. I was told the girl had an affair with the boy,” the CM said.The minor was allegedly raped when she went to a birthday party. She died on April 5. The victim’s family alleged that the body was cremated without an autopsy under pressure from a local Trinamool Congress panchayat leader, whose son Braj Gopal Goala (21) is the prime accused in the case.A police complaint was lodged five days after the incident (April 10).The CM said, “The girl died on 5th and police came to know on 10th. If she died on April 5 and if there is a complaint, then why did they not go to the police on the day of the incident? They cremated the body! Where will the police get the evidence?Mamata Banerjee said, “ It was a love affair and that’s confirmed as the family was aware of it. If a couple is in a relationship, can I stop it? This is not UP, we don’t do Love Jihad here. This is their personal freedom. But if there are any misdeeds, police will arrest the culprits. One suspect has been arrested already.”Further taking a dig at the BJP and the media, the Bengal CM said, “In the morning, the BJP decides what the headline will be and news channels follow it. How many times have they discussed fuel price hikes? How many times did they discuss the Delhi riots, NRC?”ALSO READ | Mumbai: 60-year-old woman ensures son who raped his minor daughter gets jailMeanwhile, the BJP called for a 12-hour bandh in Ranaghat on Monday, demanding justice for the deceased and has been holding a silent protest. BJP leader Archana Majumder also visited the victim’s family.Samar Goala's son raped our daughter: Victim's parentsThe father of the victim said, “On April 4, my daughter went to a birthday party on the invitation of Samar Goala’s son. They dropped my daughter off at 7.30 in the evening. I was not at home but my wife was there. She told me one woman and two men had come to drop my daughter off. We didn’t know them. We only knew our daughter went to Samar Goala’s house for his son’s birthday party.”He added, “She was bleeding after she came back from that party. In the wee hours next morning, as her condition deteriorated, we went out looking for a doctor. By the time we came back, she had died. She was raped by Samar Goala’s son. My daughter and that boy were in a love relationship.”The victim’s mother said, “They took my daughter to that birthday party around 4 pm. Samar Goala’s son raped my daughter. Those who came to leave her that evening threatened us with torching our house if we opened our mouths. Which is why we didn’t say anything. But now I am demanding punishment.”8-year-old raped in North Dinajpur districtMeanwhile, in another incident, a minor girl was allegedly raped in North Dinajpur district. A man from the neighborhood has been accused of raping the eight-year-old. The police said that the incident took place on Sunday and a complaint has been lodged.The girl's mother said, “The man sent her to bring biscuits from a shop on Sunday afternoon. When the minor reached his house with biscuits, he took her in his arms and went inside. He raped her when no one was at home. The young man threatened to kill her and also stabbed her in the throat. He threatened me also when I went there to her rescue. I want justice”.The accused, identified as Mozaffar Ali, has been on the run since the crime took place.READ | Court refuses to show leniency to man who 'only attempted to rape' minor in Mumbai, awards 10 years in jailNOW READ:A story of India's neighbours: Is Nepal going south, the Sri Lanka way?Alia Bhatt-Ranbir Kapoor Wedding LIVE UpdatesABVP lied about no non-veg decision, say JNU hostel 'office bearers'Pak News Live: Shehbaz Sharif to swear in as new Pakistan PM tonight","[""Minor's rape bengal"", ' mamata banerjee']",https://www.indiatoday.in/india/story/was-it-a-rape-she-was-pregnant-mamata-banerjee-raises-questions-on-reports-of-minor-s-rape-in-wb-1936127-2022-04-11
11,india,Karnataka Police lodge FIR against three over attack on ABVP students in Kalaburagi,"(11, 4, 2022)","Two students part of Akhil Bharatiya Vidyarthi Parishad (ABVP) cadre were attacked by another group of students in Karnataka's Kalaburagi on Sunday. The students identified as Narendra and Vishwanath were returning from Ram Navami celebrations when they were reportedly thrashed.

According to reports, Narendra and Vishwanath were on their way back when they were stopped by Rahul and two others. A heated argument between the students ended up with Rahul and his friends thrashing the ABVP student activists.A case has been registered at Narona Police Station based on the complaint filed by the duo. IPC Sections 341, 323, 324, 506, 504, 307 have been invoked.READ | Communal clashes erupt during Ram Navami rallies in 4 states, 1 dead in GujaratFollowing the attack on Sunday, ABVP activists staged a protest at the university where the students study. Both ABVP and Dalit Sangha have submitted memorandums to the registrar of their university.In a separate incident, clashes were reported at the Jawaharlal Nehru University (JNU) in Delhi after students owing allegiance to the ABVP allegedly stopped Left-leaning students from eating non-vegetarian food on Ram Navami. ABVP refuted the allegation and said it did not have any objection to non-veg food.Live TV--- ENDS ---ALSO READ | ABVP vs Left: What we know about the Ram Navami clash on JNU campusALSO READ | Left, ABVP students clash in JNU over eating non-veg food on Ram Navami","['abvp student attack', ' kalaburagi abvp student attack', ' abvp students ram navami', ' ram navami celebration kalaburagi']",https://www.indiatoday.in/india/story/karnataka-police-fir-attack-abvp-students-ram-navami-celebration-kalaburagi-1936116-2022-04-11
12,india,"Congress issues show cause notices to Sunil Jakhar, KV Thomas","(11, 4, 2022)","The Congress disciplinary committee on Monday served show cause notice to former Punjab party president Sunil Jakhar for his alleged remarks “against party line” in which he targeted former Chief Minister Charanjit Singh Channi. The party also served notice to former Union Minister KV Thomas for attending a seminar organised by CPI(M) in Kerala on April 9.

“Disciplinary committee of AICC sent notice to Congress leader Sunil Jakhar for his statements against party line and party leader KV Thomas for attending seminar held at Party Congress of CPIM on April 9. Seeks reply to notices within a week,” said Tariq Anwar, member of the party’s disciplinary committee which was headed by AK Antony.WHY WERE THE NOTICES ISSUED?KV Thomas has been upset with the party since he was denied the Rajya Sabha seat and Sunil Jakhar was making critical remarks after he was overlooked for the Punjab CM's post.Punjab Congress leader Sunil Jakhar had targeted former Punjab CM Charanjit Singh Channi after the party's defeat in the Assembly elections. The Congress was decimated by the Aam Aadmi Party (AAP), which won a sweeping majority in the state under Bhagwant Mann Singh.Calling Channi a 'liability', Jakhar had said that the former Chief Minister's greed had pulled the party down in the state.An asset - r u joking ?Thank God he wasn’t declared a‘National Treasure'at CWC by the 'Pbi' lady who proposed him as CM in first placeMay be an asset for her but for the party he has been only a liability. Not the top brass,but his own greed pulled him and the party down pic.twitter.com/Lnf6vJgRzF— Sunil Jakhar (@sunilkjakhar) March 14, 2022
KV Thomas, on the other hand, had attended a seminar organised by the CPI(M) in Kannur on April 9, ignoring the party's reservations about his participation.The Congress leaders from Kerala have been seeking Thomas's immediate removal following his participation in the seminar. According to Congress, the CPM should have informed the party to send leaders and not have gone directly to the leaders.The CPI(M) invited Shashi Tharoor and KV Thomas to a seminar as part of the CPI(M)'s 23rd party Congress in Kannur in Kerala.Kerala Congress chief K Sudhakaran immediately informed both leaders not to participate, and even party president Sonia Gandhi intervened in the matter and told the leaders not to participate. While Shashi Tharoor declined to attend the seminar, KV Thomas decided to go ahead with it. This came at a time when Congress and CPM are in loggerheads over the proposed K-Rail project.Responding to the notice, Thomas said, he will forever remain a 'Congress man'.(With agency input)READ | Sonia Gandhi must clarify her stand on Sunil Jakhar’s anti-Dalit remark: AAP","['Sunil Jakhar', ' KV Thomas', ' Congress', ' show-cause notice', ' Congress', ' Congress disciplinary committee meeting']",https://www.indiatoday.in/india/story/congress-issues-showcause-notices-to-sunil-jakhar-kv-thomas-1936120-2022-04-11
