SN,category,headline,date,content,keywords,link
1,india,"Bengal Guv seeks report from chief secretary on Nadia gangrape case, violence on Ram Navami","(11, 4, 2022)","West Bengal Governor Jagdeep Dhankar asked the Chief Secretary of the state to send him a report on the Ram Navami clash and the alleged gangrape of a 14-yr-old girl in Nadia.

The governor sought reports on both the cases by April 13.Suvendhu Adhikari meets Guv Jagdeep DhankarThe Bharatiya Janata Party leader and Leader of Opposition in West Bengal Assembly Suvendu Adhikari met the governor today and sought a probe order on the alleged gangrape of a 14-year-old girl in Nadia district and a violent clash that took place during the Ram Navami procession.LOP @SuvenduWB has sought probe on alleged gangrape death of 14-year-old girl in Nadia as also atrocities on Ram Bhakats #RamNavami.Both highlight worrisome state of crime against women & nose diving law & order scenario.Guv has sought urgent report from CS on both counts. pic.twitter.com/7CjDg2cja6— Governor West Bengal Jagdeep Dhankhar (@jdhankhar1) April 11, 2022
""Suvendu WB has sought probe on alleged gangrape death of 14-year-old girl in Nadia as also atrocities on Ram Bhakats on RamNavami. Both highlight worrisome state of crime against women and nose diving law and order scenario. Guv has sought urgent report from CS on both counts"" wrote Dhankar on Twitter.pic.twitter.com/ObYjG3go8P— Governor West Bengal Jagdeep Dhankhar (@jdhankhar1) April 11, 2022
Gangrape of 14-year-old in NadiaA minor girl died after she was allegedly gangraped in Nadia district of West Bengal. The son of a gram panchayat member, who has allegiance to the Trinamool Congress (TMC), was arrested on Sunday for the alleged rape of 14-year-old girl that led to her death on April 5.Ram Navami clashA Ram Navami procession in West Bengal’s Howrah was allegedly attacked on Sunday. A police investigation into the incident has been initiated and a large deployment of security forces has been stationed.The opposition BJP has alleged that the Ram Navami procession was attacked by the police. The police have asked residents in Howrah to exercise restraint when posting information about the incident on social media.ALSO WATCH: Communal clashes in four states on Ram Navami; 1 dead many injuredALSO READ: Communal clashes erupt during Ram Navami rallies in 4 states, 1 dead in Gujarat","['West Bengal Governor Jagdeep Dhankar', ' West Bengal', ' Jagdeep Dhankar', ' Ram Navami procession', ' Ram Navami procession violence', ' Nadia gangrape case']",https://www.indiatoday.in/india/story/bengal-governor-jagdeep-dhankar-chief-secretary-nadia-gangrape-case-violence-ram-navami-1936200-2022-04-11
2,india,Here is why former Punjab Congress chief Sunil Jakhar is facing party action,"(11, 4, 2022)","The All India Congress committee (AICC) on Monday issued a show cause notice to the former Punjab Congress chief Sunil Jakhar on the basis of a complaint filed by AICC in-charge of Punjab and Chandigarh Harish Chaudhary alleging anti-party activities. Jakhar has been given a week's time to file his reply.

According to reports, Sunil Jakhar was allegedly miffed after he was denied a Chief Minister's post after Captain Amarinder Singh's removal. Jakhar first targeted senior Congress leader Ambika Soni for allegedly objecting to his candidature, saying only a Sikh can become a Chief Minister in Punjab. Jakhar bagged the highest number of votes after the party high command had sought the opinion of the then MLAs on a new CM face.Read | Sonia Gandhi must clarify her stand on Sunil Jakhar’s anti-Dalit remark: AAPJakhar's anger against the party high command was also clearly visible in the television interviews, particularly after the party's shameful defeat in the assembly elections.""The person (Charanjit Channi) who was given the responsibility on the basis of the feedback given by Harish Rawat and the person who was made the chief minister was not accepted as a leader.This led to anarchy in the Congress. There may be hundreds of complaints against Captain Amarinder Singh but he was an undisputed leader,"" Jakhar said in a recent interview.Jakhar has also openly criticised Charanjit Singh Channi for posing as a common man, saying 'whatever trait was presented before the high command proved to be an eyewash'. ""He is a Jalimal (fake) and has a fake degree of poverty and honesty. I had told Rahul Gandhi that I cannot work with him and know who he is. There is nothing in him. He is nothing except his religious identity,"" Jakhar said in an interview.Jakhar had also cited the alleged MeToo incidents and the ED crackdown on a close relative of Channi, as a reason why he did not like Channi as a leader. ""I did not accept him as the leader on the very first day and cannot even accept him today.""The indirect comment by Jakhar which angered the Dalit communitySunil Jakhar, in an interview to a web channel, had kicked off a controversy by allegedly making an anti-dalit remark while criticising Charanjit Singh Channi.""I had warned not to give someone importance like this..if you lift someone from the ground and put on your head ..One leader had even said that he has been given so much that he cannot handle..This is a question of a status.The place of the shoes is always on the ground .Put them there.The leadership has to know where to keep everybody in their place,"" he said.Jakhar's statement had angered the Dalit community as many Congress leaders, including former Cabinet Minister Dr Raj Kumar Verka and Aruna Chaudhary had demanded action against him.The comments had also sparked protests in Ludhiana.The former Congress chief has however denied the allegations saying his statement was twisted and he has always respected the people of all communities.""My statement was twisted .What I wanted to tell the Congress High Command was that they should not entertain leaders like this (Channi).They are not only bringing down the status of the party but also the morale of the party workers. I respected all castes and religions in my entire seven-decade-long political career,"" Jakhar said in a video posted on Facebook.Meanwhile, the Congress party high command has taken serious note of the anti-party activities and statements issued by the party leaders. Former Amargarh party MLA Surjit Singh Dhiman was expelled from the party within hours after he commented against present PCC Chief Amarinder Singh Raja Warring.Live TV--- ENDS ---Read | Zero tolerance for indiscipline within party, says new Punjab Congress chief Raja Warring","['Sunil Jakhar', ' Punjab', ' Congress', ' party action ']",https://www.indiatoday.in/india/story/here-is-why-former-punjab-congress-chief-sunil-jakhar-is-facing-party-action-1936195-2022-04-11
3,india,"Terror funding case: NIA court orders to frame formal charges against Yasin Malik, others on April 18","(11, 4, 2022)","A Special NIA Court on Monday said that it will frame formal charges against Kashmiri separatist leader Yasin Malik and others on April 18 in connection with a terror funding case.

On the last date of hearing on March 19, the court had ordered framing of charges against Lashkar-e-Taiba (LeT) founder Hafiz Saeed, Hizbul Mujahideen chief Syed Salahuddin, and others for hatching criminal conspiracy, waging war against the country and other unlawful activities.Yasin Malik, Shabbir Shah, Masarat Alam, former MLA Rashid Engineer, businessman Zahoor Ahmad Shah Watali, Bitta Karate, Aftab Ahmad Shah, Avatar Ahmad Shah, Naeem Khan, Bashir Ahmed Bhat, alias Peer Saifullah, and several other Kashmiri separatist leaders have also been charged with criminal conspiracy, waging war against the country, and other unlawful activities.READ | J&K SIA conducts raids in Delhi, Haryana in terror funding caseIn the order dated March 16, the NIA special Judge Praveen Singh had said, ""The above analysis reflects that the statements of witnesses and documentary evidence have connected almost all the accused with each other and to a common object of secession, to the commonality of means they were to use, their close association to terrorist/terrorist organisations under the guiding hand and funding of Pakistani establishment.""Notably, the court has discharged three accused-- Kamran Yusuf, Javed Ahmad Bhatt and Syedah Aasiya Firdous Andrabi.The case related to the various terrorist outfits Lashkar-e-Taiba (LeT), Hizbul-Mujahideen (HM), Jammu and Kashmir Liberation Front (JKLF) and Jaish-e-Mohammed (JeM) backed by Islamic State were perpetrating terrorist and secessionist activities to disturb Jammu and Kashmir.READ | NIA conducts searches in Srinagar in connection with terror funding case","['Yasin malik', ' terror', ' terrorist', ' Jammu and Kashmir news', ' J&K', ' terror funding case', ' frame charges']",https://www.indiatoday.in/india/story/terror-funding-case-nia-court-orders-frame-formal-charges-against-yasin-malik-others-1936135-2022-04-11
4,india,Violence in Mankhurd; Maharashtra Home Minister urges for communal harmony,"(11, 4, 2022)","Unidentified miscreants damaged parked vehicles in Mankhurd's New Mhada colony on Sunday night, prompting Mumbai police to deploy heavy security.

According to police, at least 25 vehicles, including cars, two-wheelers, and automobiles, were damaged in the violent attack. An FIR has also been registered against unidentified persons in the case.“An investigation is underway to identify the accused and the reason behind the attack,” an officer said.Reacting to the incident, Maharashtra Home Minister Dilip Walse Patil said that action will be taken against those trying to give the incident a communal colour.Patil urged people of all communities to maintain peace and harmony, and help the police in maintaining law and order in the state.He said that members of some political parties have been giving “provocative” statements, which could increase enmity between communities.“Appropriate legal action will be taken against those who instigate communal tensions in the state. Please cooperate with us to maintain communal harmony in Maharashtra,"" he added.READ | In new video, Al Qaeda chief tries to incite Indian Muslims over Karnataka hijab rowWhat exactly happened?Over 40 people, suspected to be residents of a nearby locality, allegedly attacked parked vehicles - private cars, auto-rickshaws, and two-wheelers - with swords and bamboo sticks at the MHADA colony in Mankhurd on Sunday night.A person, identified as Abdullah Yakub Sheikh (32), was also injured in the incident.""A crowd had gathered in the area late at night and started vandalism. Around 25-30 vehicles were vandalised. We have CCTV footage of the incident and an investigation is underway,"" said Mahadev Koli, a senior police inspector with the Mumbai police.(With PTI Inputs)READ | What the targeting of Muslim women really means | OPINION","['Maharashtra', ' Mankhurd', ' Maharashtra Home Minister Dilip Walse Patil', ' communal harmony']",https://www.indiatoday.in/india/story/violence-mankhurd-maharashtra-home-minister-urges-for-communal-harmony-1936194-2022-04-11
5,india,'Denies equal opportunity': Tamil Nadu adopts resolution against Central University entrance test,"(11, 4, 2022)","Tamil Nadu Assembly on Monday adopted a resolution urging the Centre to withdraw the proposal to conduct the Common University Entrance Test (CUET). Earlier, University Grants Commission (UGC) had announced that admissions in Central Universities funded by UGC would be based on CUET scores from the academic year 2022 - 2023.

Speaking on the issue, Chief Minister MK Stalin stated that attack on state’s right over education is still continuing and claimed CUET will reduce the chances of Tamil Nadu students getting admission in Central universities.“A common test has been announced for Central Universities funded by UGC from 2022- 2023. Without considering the marks attained by students in 12th exams and only considering CUET scores on NCERT syllabus, admission is to be provided. Assembly is of the opinion that this would not provide equal chances for students who have studied in state board or other syllabi. 70 per cent of students in the country study state-based syllabi and so a test based on NCERT will cause harm and will massively reduce the chance of Tamil Nadu students getting admission in Central Universities”, CM Stalin said.READ | Chennai court rejects Sasikala’s plea to be AIADMK General SecretaryHe also compared CUET with NEET and claimed that it would only lead to students' dependency on coaching centers and stated that students will be pushed into depression because of such tests.“I hereby urge the union government to withdraw CUET”, stated CM Stalin, tabling the resolution.As the four BJP MLAs staged a walkout against the resolution, it was passed unanimously in the Assembly. BJP MLA Vanathi Srinivasan criticised DMK government saying that the test was only for Central Universities and that DMK is doing so, as they couldn’t keep up their promise with NEET.Former Higher Education Minister and AIAMDK MLA KP Anbazhagan stated that his party has supported the resolution as CUET is against the interest of students from poor economic backgrounds.Live TV--- ENDS ---ALSO READ | Hurts India’s unity: Tamil Nadu CM MK Stalin on Amit Shah's 'Hindi over English' remarkALSO READ | Amid Amit Shah’s Hindi remark controversy, AR Rahman shares post saying ‘Tamil is root of our existence’ALSO READ | AIADMK walks out of TN assembly over property tax hike; DMK allies raise concerns as well","['tamil nadu resolution', ' central university test', ' central university entrance test', ' cuet test', ' neet bill', ' tamil nadu education']",https://www.indiatoday.in/india/story/tamil-nadu-assembly-stalin-resolution-central-university-entrance-test-state-boards-1936185-2022-04-11
6,india,"As mercury soars in Rajasthan, people reel under acute water crisis in Jaipur","(11, 4, 2022)","Scorching heat in this blistering summer has made the lives of several people a living hell in the desert state, Rajasthan. Compounding the worries of the common man is the acute water shortage which has afflicted various parts of Rajasthan including state capital of Jaipur.

In various parts of the Pink City, such as Van Vihar, Kho Nagoriyan, Mansarovar, Mahesh Nagar. Residents have been forced to make do with limited or no water supply for long spells under scorching weather conditions. In Kota as well, people have been facing acute water shortages in these sapping heat conditions.In various parts of Rajasthan, the temperature has been hovering above 43 degrees Celsius, making lives miserable for the common people.ALSO READ: The great Indian thirst: The story of India's water crisis, solutions to tackle itMay is yet to arrive this year but common people in various parts of Jaipur city are already reeling under severe water crisis.Everyday, scores of water tankers make a beeline for narrow lanes and by lanes in various localities in Jaipur as residents jostle with another to have their fill of water.Fights and arguments often break out between people as they jostle for water whenever the tankers arrive. In the Van Vihar area of Jaipur, scenes of women jostling with one another for water are commonplace.ALSO READ: India's urban water crisis: Cities at risk of running out of water“On several occasions, physical fights have broken out between people for water. The crisis remains and it has been compounded due to the hot blistering weather conditions currently there”, a woman mentioned to India Today.Whenever water tankers arrive in this part of Jaipur, scores of residents with buckets and water carriers in their hands rush towards the tankers seeking some amount of succour and buckets full of water in this scorching heat.There have been several protests and agitations as well to get regular water supply, but the plea of residents in various parts reeling under water crisis has fallen on deaf ears.""We have been suffering from acute water shortage. Despite getting hefty bills, we have not been getting a regular supply of water"", a man in Van Vihar mentioned to India Today.ALSO READ: Private tanker owners flourish as Jaipur reels under severe water crisisALSO READ: Hot, hot, hot: Mercury hits 51 in Rajasthan, roast to continue in north, west India for 10 days","['heatwave', ' rajasthan', ' summer in rajasthan', ' rajasthan temperature', ' water crisis in Rajasthan', ' water crisis in Jaipur', ' jaipur temperature']",https://www.indiatoday.in/india/story/mercury-soars-rajasthan-water-crisis-jaipur-1936184-2022-04-11
7,india,"Politics heats up in Bengal over minor's rape, murder | What all we know so far","(11, 4, 2022)","The politics in West Bengal heated up after Chief Minister Mamata Banerjee raised questions over reports of a minor’s alleged rape in Nadia district.

A PIL has been filed in the Calcutta High Court in connection with the case of a 14-year-old girl who died after allegedly being raped by the son of a local TMC leader. Meanwhile, the BJP has called for a 12-hour bandh in Ranaghat on Monday.Here's what we know so far:-A 14-year-old girl had gone to the birthday party of local TMC leader Samar Goala's son Braj Gopal Goala (21) on April 5, where she was allegedly raped.-The victim's family have accused the TMC leader's son Braj Gopal Goala (21) of raping the minor.-Braj Gopal was arrested by the police yesterday and will be produced before the court today.-The body was cremated without an autopsy. The victim's family alleged they were under pressure from the TMC leader.-According to the victim's father, the girl and Braj Gopal were in a love relationship.-West Bengal CM Mamata Banerjee has raised questions over the reports of the incident. ""Was it a rape? Or was she pregnant? Have they enquired?"" she asked.-Mamata Banerjee said that the Child Welfare Committee will investigate the case-A police officer, on condition of anonymity, said, ""How could the body be cremated without a death certificate issued by an authorised doctor?""-The BJP called for a 12-hour bandh in Ranaghat on Monday, demanding justice for the deceased and has been holding a silent protest. BJP leader Archana Majumder also visited the victim's family.Meanwhile, Bengal Governor Jagdeep Dhankar has asked the Chief Secretary to send him a report on the Ram Navmi clash in Bengal and the alleged rape of a 14-year-old in Nadia.ALSO READ | Was she raped or was she pregnant after affair? Mamata Banerjee over 14-year-old’s rape, murder","['minor rape in WB', ' minor raped and murdered in WB', ' TMC son arrested in minor rape case', ' mamata banerjee', ' 14 year old raped in west bengal']",https://www.indiatoday.in/india/story/politics-heats-up-in-bengal-over-minor-rape-in-nadia-what-all-we-know-so-far-1936160-2022-04-11
8,india,"Missing MP girl traced in Rajasthan, staged own kidnapping to flee home","(11, 4, 2022)","More than a year since a 20-year-old girl allegedly went missing from her home under the Manasa police station in Neemuch district of Madhya Pradesh, police have made a shocking revelation in the case. Neemuch police said that the entire kidnapping of the girl was staged and she has been traced to Pratapgarh in Rajasthan. The girl, identified as Neha Joshi, is now married to another man and the couple have a two-month-old child.

After the girl went missing on January 23, 2021, her father, Rakesh Joshi, sat on a hunger strike outside the district collector’s office and demanded action in the abduction case of his daughter. Joshi and his family maintained that he and his family wanted closure and sought to know if their daughter was alive or dead. The girl's father was allegedly forcefully hospitalised by the district administration on March 31.On the basis of the call record details of Neha, the police had booked four persons for kidnapping under sections 365 and 366 of the Indian Penal Code (IPC) and sent three accused to jail. The three accused, identified as Sharukh, Sandeep Mali and Ravindra Nahat are still lodged in the Neemuch jail. A Special Investigation Team (SIT) was also formed to trace the location of the girl.Police said that the arrested accused would now be presented in court and their release would be sought and a case would be registered against her father.Neemuch SP Suraj Verma said, ""On Sunday, Neha Joshi was brought back to Neemuch and was united with her father. She told the SIT that she is happily married and wants to stay with her family in Rajasthan. Neha also told the SIT that she had fled her home on her own will as her father was very strict.""ALSO READ| Have right to know if my daughter is dead or alive, says MP man on hunger strike since March 8On January 23, 2021, the accused had picked Neha from her house and dropped her at a temple premises the same evening. During the investigation, police rounded up the four accused on the basis of Neha Joshi’s call details, but they were let off after an initial round of questioning.Police had said the four accused confessed to picking up the missing girl from her house at 4 pm on January 23. They claimed that they dropped her at a temple about 8 km from her home around 10 pm the same day. On conducting a search, cops also recovered Neha Joshi’s mobile phone from the temple premises.The family members of the girl also met the state home minister Narottam Mishra and Chief Minister Shivraj Singh Chouhan in Bhopal on March 9 last year. After failing to trace the missing girl for a year, police had applied for the Narco test of the four accused, a request rejected by the court. The SIT had claimed that it had initiated the process of polygraph test.ALSO READ| JNU violence: Delhi Police registers FIR against left students following complaints filed by ABVP activists","['neemuch', ' rajasthan neemuch', ' neemuch girl kidnapped', ' father of kidnapped neemuch girl on hunger strike', ' neemuch kidnapping case', ' father on hunger strike neemuch', ' neemuch 20 year old kidnapped', ' neemuch kidnapping 20 year old', ' neemuch girl stages kidnapping ']",https://www.indiatoday.in/india/story/missing-mp-girl-traced-in-rajasthan-staged-own-kidnapping-to-flee-home-1936176-2022-04-11
9,india,"Karnataka govt will not tolerate violence, says CM Bommai","(11, 4, 2022)","Karnataka Chief Minister Basavaj Bommai on Monday said that government will not tolerate if one takes law into one's hands or indulges in violence.

""Ours is a government formed according to the Constitution. We are working with the spirit of law, order and equality. There is no problem in spreading one's thoughts. But the government will not tolerate if one takes law into one's hands or indulges in violence,"" Bommai said in a statement.READ | Carts overturned, Muslim fruit sellers assaulted outside Hanuman temple in KarnatakaResponding to a question about 'Hindu task force' being formed in Mangaluru against Love Jihad, Bommai said,"" There are laws to deal with everything. Some of these laws were passed by previous governments. We are not formulating any new rules.""READ | Gauri Lankesh's murder case trial to begin from May 27, sister Kavitha to be first witness""Ours is a peaceful progressive state. We know how to protect this state. We will show it through our deeds,"" Bommai added, refuting Congress' charge of government ignoring state's development.Replying to a question about Siddaramaiah's statement, Bommai said, ""Many Hindu youth were killed during his tenure as the chief minister. He withdrew the cases against the outfits which were accused of having a role in them. Had he lost his senses then?""Siddaramaiah had alleged that the government was behind the recent issue of the halal meat ban and the ban on loudspeakers in masjids during prayers.ALSO READ | Probe possible link between al-Qaeda and Muslim student who protested against hijab ban: BJP MP ""You will see it in the coming days,"" Bommai added when asked if such outfits would be banned by the government.Earlier, Karnataka minister Madhuswamy called for action against those who allegedly assaulted Muslim fruit vendors outside a temple in Dharwad district. The vendors were reportedly assaulted by members of Sri Ram Sene group.Since March 18, several groups have been demanding a ban on Muslim traders near temples, in what appears to be a pushback against the Muslim community, who shut their shops in protest against the Karnataka hijab verdict.Live TV--- ENDS ---ALSO READ | FIR against ES Eshwarappa, BJP leader Channabasappa for provocative speechALSO READ | After halal, loudspeaker ban, Karnataka outfits call for end of 'Muslim monopoly' in fruit business","['karnataka halal controversy', ' karnataka muslim fruit vendor', ' karnataka muslim vendors', ' karnataka halal issue', ' karnataka hijab issue', ' karnataka bommai violence']",https://www.indiatoday.in/india/story/karnataka-cm-bommai-law-violence-halal-hijab-row-muslim-fruit-vendors-1936167-2022-04-11
10,india,JNU violence: Delhi Police registers FIR against left students following complaints filed by ABVP activists,"(11, 4, 2022)","The Delhi Police have registered an FIR against unidentified left students on behalf of complaints filed by ABVP activist students on Monday. Three complaints filed by ABVP students were merged into one single FIR.

“We received a complaint from a group of students who are members of ABVP, today afternoon, against unknown JNUSU, SFI , DSF students. Accordingly, we have registered an FIR under section -323/341/506/509/34 IPC,” said the Delhi Police.“Further investigation is on to collect factual/ scientific evidence and identify the culprits,” the Delhi Police added.ALSO READ: JNU violence: FIR lodged against ABVP students, Left to gherao Delhi Police HQ | LatestFIR against ABVP membersEarlier, the police registered an FIR against unidentified ABVP members on the complaint of some students. The police confirmed that a case has been registered against unidentified ABVP students under sections 323, 341, 509, 506 and 34 of the Indian Penal Code. The complaint was lodged by members of the JNU students’ union and some Left groups.What had happened? Clashes were reported from JNU on Sunday after students of the Akhil Bharatiya Vidyarthi Parishad (ABVP) allegedly stopped other students from eating non-vegetarian food on the occasion of Ram Navami. ABVP students were also accused of assaulting the mess staff of the Kaveri Hostel on campus and stopping them from supplying chicken. The ABVP, on the other hand, alleged that left-wing students interrupted Ram Navami prayers at the Kaveri Hostel.In the ensuing violence, Left outfits claimed about 50 of their members were injured while ABVP said around ten of its people were hurt.ALSO READ: ABVP vs Left: What we know about the Ram Navami clash on JNU campusALSO READ: JNU warns students over violence on Ram Navami, appeals for peace on campus","['JNU violence', ' JNU violence on Ram navami', ' JNU clash', ' Delhi police', ' FIR']",https://www.indiatoday.in/india/delhi/story/delhi-police-fir-left-students-abvp-jnu-violence-1936170-2022-04-11
11,india,"Encounter breaks out between militants, security forces in J&K's Kulgam","(11, 4, 2022)","An encounter is underway between security forces and militants in the Kulgam district of Jammu and Kashmir, police said Monday evening.

A police official said security forces launched a cordon and search operation in the Khurbatpora area of Kulgam in south Kashmir following inputs about the presence of militants there.He said the search operation turned into an encounter after the militants fired upon the forces, who retaliated.The exchange of fire is going on and further details are awaited.(With Inputs from Jitendra)READ | Under cover of Pakistan turmoil, terrorists step up infiltration bids across LoC in KashmirREAD | 2 militants killed, 3 cops injured in encounter in J&K’s Srinagar","['Encounter breaks out between militants', "" security forces in J&K's Kulgam""]",https://www.indiatoday.in/india/story/encounter-breaks-out-militants-security-forces-kulgam-1936169-2022-04-11
12,india,India carries out successful flight-test of Anti-Tank Guided Missile Helina in Pokhran,"(11, 4, 2022)","India on Monday successfully flight-tested the Anti-Tank Guided Missile (ATGM) ‘HELINA’ at high-altitude ranges in Pokhran.

The ATGM was launched from an indigenously-developed helicopter. The flight-test was jointly conducted by a team of scientists from Defence Research and Development Organisation (DRDO), the Indian Army and the Indian Air Force, as part of the user validation trials.The flight trials were conducted from an Advanced Light Helicopter (ALH) and the missile was fired successfully engaging simulated tank target.The missile is guided by an Infrared Imaging Seeker (IIR) operating in the Lock on Before Launch mode. It is one of the most advanced Anti-Tank weapons in the world.The trials were witnessed by senior Army commanders and senior scientists of DRDO. The Defence Minister Rajnath Singh also congratulated DRDO and the Indian Army for the maiden achievement through joint work.Live TV--- ENDS ---Read | Rajnath Singh arrives in Washington to attend India-US 2+2 dialogue","['Ministry of Defence', ' Indian Army', ' Air force', ' DRDO', ' HELINA ']",https://www.indiatoday.in/india/story/india-flight-test-anti-tank-guided-missile-helina-pokhran-drdo-indian-army-indian-air-force-1936162-2022-04-11
