SN,category,headline,date,content,keywords,link
1,world,Zelenskyy says situation in second Ukraine town 'more dreadful' than Bucha,"(8, 4, 2022)","Ukrainian President Volodymyr Zelenskyy said on the Thursday that the situation in the town of Borodyanka was ""significantly more dreadful"" than in nearby Bucha, where Russian forces' suspected killings of civilians have been broadly condemned.

Local officials have said more than 300 people were killed by Russian forces in Bucha, 35 kilometres northwest of the capital Kyiv, and around 50 of them were executed. Read full storyMoscow has denied targeting civilians and says images of bodies in Bucha were staged by the Ukrainian government to justify more sanctions against Moscow and derail peace negotiations.FOLLOW RUSSIA-UKRAINE LIVE UPDATES HERE""The work to clear the rubble in Borodyanka has begun ... It's significantly more dreadful there. Even more victims from the Russian occupiers,"" Zelenskyy said in a video posted on the Telegram messaging service.The town is about 25 km from Bucha.He did not provide any further detail or evidence that Russia was responsible for civilian deaths in the town.The killing of civilians in the town of Bucha have been widely condemned by the West as war crimes, building pressure for stricter sanctions against Russia.""And what will happen when the world learns the whole truth about what the Russian military did in Mariupol?"" Zelenskyy asked.""There, on almost every street, is what the world saw in Bucha and other towns in the Kyiv region after the withdrawal of Russian troops.""Moscow says one of the aims of its military campaign is to ""liberate"" largely Russian-speaking places such as the southern port of Mariupol from the threat of genocide by Ukrainian nationalists, who it says have used civilians as human shields.Zelenskyy has rejected those claims, saying they are a baseless pretext for Russia's invasion.","['Russia Ukraine war', ' Russia Ukraine', ' zelenskyy']",https://www.indiatoday.in/world/russia-ukraine-war/story/zelenskyy-situation-second-ukraine-town-more-dreadful-than-bucha-1934890-2022-04-08
2,world,"Novaya Gazeta editor attacked on train in Russia, smeared in paint, oil","(8, 4, 2022)","The editor-in-chief of Novaya Gazeta, Nobel laureate Dmitry Muratov, was attacked on a train from Moscow to Samara in Russia and doused with oil paint and acetone.

""They poured oil paint with acetone in the compartment. My eyes are burning terribly. [I was on] A train from Moscow to Samara. Oil smell all over the carriage. I'll try to wash myself. He [the attacker] shouted: ‘Muratov, here's one for our boys’,” the head of Novaya Gazeta said.Novaya Gazeta is an independent Russian newspaper known for its critical and investigative coverage of Russian political and social affairs. Earlier, several journalists of the publication were murdered for their reporting on certain issues.Muratov was awarded the Nobel Prize for the protection of the freedom of expression of people.Live TV--- ENDS ---ALSO READ | Russia threatens Wikipedia with fine of 4 million rubles for articles on Ukraine invasion",['Novaya Gazeta editor Dmitry Muratov attacked '],https://www.indiatoday.in/world/story/novaya-gazeta-editor-dmitry-muratov-attacked-on-train-in-russia-1934886-2022-04-08
3,world,Cargo plane breaks in two during emergency landing in Costa Rica | VIDEO,"(8, 4, 2022)","A cargo airplane broke up during an emergency landing in Costa Rica on Thursday, in an accident that provoked the temporary closure of the international airport in San Jose.

Smoke was billowing from the bright yellow plane of German logistics giant DHL as it ground to a halt, having slid off the runway when it spun and broke up around the rear wheels.Video footage of the DHL Boeing 757 Freighter just as it skidded off the runway at SJO.Read more at AviationSource!https://t.co/63ONa6oRCDSource: Unknown#DHL #JuanSantamariaAirport #AvGeek #Crash #Accident pic.twitter.com/EI9ew6YVXN— AviationSource (@AvSourceNews) April 7, 2022
Two crew members aboard were ""in a good condition,"" said the chief of Costa Rica's firefighters, Hector Chaves. (Image: AFP)Nonetheless, the Guatemalan pair were sent to hospital as a precaution ""for a medical check-up,"" according to Guido Vasquez, a Red Cross worker.The pilot was shaken up but both crew were conscious and ""remember everything vividly,"" added Vasquez.ALSO READ | China plane crash: Second black box recovered, says state mediaThe accident happened just before 10:30 am (1630 GMT) after the Boeing-757 plane, which had taken off from the Juan Santamaria international airport outside San Jose, was forced to return 25 minutes later for an emergency landing due to a mechanical failure.ALSO READ | Billowing smoke, broken pieces: Videos of Chinese plane crash emergeThe crew apparently had alerted local authorities to a hydraulic problem.The airport was closed until 6:00 pm.Live TV--- ENDS ---ALSO READ | No survivors found in wreckage of Chinese plane after crash, says state mediaALSO READ | Thought I'd lost my hands: Air India plane crash survivor recounts final moments before crash",['Cargo plane breaks in two during emergency landing in Costa Rica | VIDEO'],https://www.indiatoday.in/world/story/cargo-plane-breaks-two-emergency-landing-costa-rica-san-jose-1934885-2022-04-08
4,world,"Russia admits significant troop losses in Ukraine war, laments 'huge tragedy'","(8, 4, 2022)","Faced with tough resistance in major Ukrainian cities, Russia gave the most sombre assessment so far of its invasion, describing the ""huge tragedy"" of mounting troop losses. Kremlin spokesperson Dmitry Peskov lamented the rising death toll. ""We have significant losses of troops,"" he told Sky News. ""It's a huge tragedy for us.""

Moscow's six-week-long incursion has seen more than 4 million people flee abroad, killed or injured thousands, turned cities into rubble and led to sweeping sanctions on Russian leaders and companies.Read: UNGA suspends Russia from Human Rights Council, India abstains from votingIn a symbolic move, the United Nations General Assembly suspended Russia from the UN Human Rights Council, expressing ""grave concern at the ongoing human rights and humanitarian crisis."" Russia then quit the council.Moscow has previously acknowledged its attack has not progressed as quickly as it wanted.Russia is facing its most difficult economic situation for three decades due to unprecedented Western sanctions, Prime Minister Mikhail Mishustin said. The US Congress removed its ""most favored nation"" trade status in a further blow.Read: Russia-Ukraine War: Donetsk has its own version of McDonald’s called DonMCRussia says it launched what it calls a ""special military operation"" on Feb. 24 to demilitarise and ""denazify"" Ukraine. Kyiv and its Western allies reject that as a false pretext.Following new restrictions after the killing of civilians in the town of Bucha that were widely condemned by the West as war crimes, Ukraine called on allies to stop buying Russian oil and gas, amid divisions in Europe, and to boost it militarily.","['Russia admits significant troop losses', ' huge tragedy ukraine war']",https://www.indiatoday.in/world/russia-ukraine-war/story/russia-admits-significant-troop-losses-huge-tragedy-ukraine-war-1934884-2022-04-08
5,world,Pak Opposition leaders celebrate apex court’s landmark ruling,"(8, 4, 2022)","Pakistan’s jubilant Opposition leaders on Thursday welcomed the Supreme Court’s landmark verdict that set aside the deputy speaker’s ruling to dismiss the no-trust motion against embattled Prime Minister Imran Khan, terming it an “epoch-making” day for the supremacy of the Constitution and a ruling against the “most incompetent and failed” government.

Pakistan’s Supreme Court struck down National Assembly Deputy Speaker Qasim Suri’s controversial move to dismiss a no-confidence motion against Prime Minister Khan, in a major blow to the cricketer-turned-politician who is now likely to face a no-trust vote on Saturday in Parliament after the ruling.The court, in its short order, ruled that the deputy speaker’s ruling was “contrary to the Constitution and the law and of no legal effect, and the same are hereby set aside”.ALSO READ | Rejection of no-confidence motion against Imran Khan an attack on Parliament, democracy: Pakistan's OppositionThe apex court ruled that President Dr Arif Alvi’s decision to dissolve the National Assembly was also “contrary to the Constitution and the law and of no legal effect”, noting that the prime minister could not have advised the president to dissolve the assembly as he continues to remain under the bar imposed under clause (1) of Article 58 of the Constitution.“An epoch-making day! Mubarak to all who supported, defended & campaigned for the supremacy of the Constitution. Today, politics of lies, deceit & allegations has been buried. The people of Pakistan have won! God bless Pakistan,” Leader of the Opposition in National Assembly Shehbaz Sharif said in a tweet.Daughter of former prime minister of Pakistan Nawaz Sharif and Pakistan Muslim League-Nawaz (PML-N) Vice President Maryam Nawaz said the verdict was against the violators of the Constitution.ALSO READ | Pakistan’s Opposition leader rejects retired justice’s nomination as caretaker PM“Congratulations to the nation on the supremacy of the Constitution. The work of the violators of the constitution is done forever. May Allah keep Pakistan shining brightly. Prime Minister Shahbaz Sharif, God willing,” she said in a tweet.“Congratulations to Pakistan on getting rid of the enemy of the people, the most incompetent, the most inefficient and the most failed government,” she said.“Democracy is the best revenge! Jiya Bhutto! Jiya Awam! Pakistan Zindabad,” wrote Bilawal Bhutto, Chairman Pakistan Peoples Party.ALSO READ | How ‘Diesel’ became speed-breaker for Imran Khan in PakistanThe chief justice said the verdict was announced with a unanimous agreement of 5-0 after the judges consulted each other. “The current issues are done away with,” he said, the Dawn newspaper reported.The verdict said that the government could not interfere in the participation of any MNA in the assembly session.A five-member bench headed by Chief Justice of Pakistan Umar Ata Bandial and comprising Justice Ijazul Ahsan, Justice Mazhar Alam Miankhel, Justice Munib Akhtar and Justice Jamal Khan Mandokhail finished hearing the case earlier in the day.","['imran khan', ' pakistan news', ' islamabad news', ' pakistan government', ' pakistan prime minister']",https://www.indiatoday.in/world/story/pak-opposition-leaders-celebrate-apex-court-s-landmark-ruling-1934878-2022-04-08
6,world,"2+2 dialogue will reaffirm importance of India-US global strategic partnership in ensuring international peace, security: US","(8, 4, 2022)","The US on Thursday said its 2+2 dialogue with India will reaffirm the importance of the comprehensive and global strategic partnership between the two countries in ensuring international peace and security and the shared commitment to a free, open, and prosperous Indo-Pacific region.

Defence Minister Rajnath Singh and External Affairs Minister S Jaishankar will hold the fourth edition of the dialogue with US Defence Secretary Llyod Austin and Secretary of State Anthony Blinken on April 11 in Washington, the Office of the US State Department Spokesperson said.“This year’s event will celebrate 75 years of diplomatic relations and reaffirm the importance of the US-India Comprehensive and Global Strategic Partnership in ensuring international peace and security. It will reaffirm our shared commitment to a free, open, and prosperous Indo-Pacific region,” the spokesperson said in a release.ALSO READ | It is not in India's interest to 'accelerate or increase' imports of Russian energy: White House“The 2+2 Ministerial is an important opportunity to advance our shared objectives across the breadth of the US-India Strategic Partnership, including enhancing our people-to-people ties and education cooperation, building diverse, resilient supply chains for critical and emerging technology, scaling up our climate action and public health cooperation, and developing a trade and investment partnership to increase prosperity for working families in both countries,” it said.The dialogue is also a chance to highlight the growing major defense partnership between the United States and India, the statement said.ALSO READ | China used compromised cameras to snoop into India's power grids, says US-based group“The relationship between the world’s largest democracies is built on a foundation of common values and resilient democratic institutions, and the shared Indo-Pacific interests of a rules-based international order that safeguards sovereignty and territorial integrity, upholds human rights, and expands regional and global peace and prosperity,” it said, in an apparent reference to China which has been acting aggressively in the region.In New Delhi, Arindam Bagchi, the Spokesperson of the Ministry of External Affairs (MEA), during a media briefing said the dialogue will provide an opportunity to exchange views on important regional and global developments and how both sides can work together to address common interests and concerns.The unfolding situation in Ukraine is expected to be discussed in the fourth edition of the dialogue.ALSO READ | Ahead of UNGA vote on Ukraine, India says need to stabilise economic ties with RussiaThe MEA spokesperson said Jaishankar will visit the US from April 11 to 12.As part of an ongoing and regular dialogue, the Minister of External Affairs will separately meet his US counterpart, Secretary Blinken.He said Jaishankar is also scheduled to meet senior members of the US administration to further advance the India-US Comprehensive Global Strategic Partnership.Jaishankar and Blinken held a telephonic conversation on Tuesday, focusing on the latest developments in Ukraine and bilateral ties.Last week, US Deputy National Security Adviser for International Economics Daleep Singh visited India.ALSO READ | Meet Daleep Singh, US official who said Russia won't come to India's defence if China violates LACTalking to reporters, Singh had cautioned that there will be consequences for countries actively attempting to “circumvent or backfill” American sanctions against Moscow and that Washington would not like to see a “rapid” acceleration in India’s import of energy and other commodities from Russia.At the media briefing, Bagchi said India has established economic relations with Russia and the focus has been to stabilise these ties in the current circumstances.","['india US relation', ' India US talks', ' diplomatic talks', ' dialogue', ' russia ukraine']",https://www.indiatoday.in/world/story/2-2-dialogue-will-reaffirm-importance-of-india-us-global-strategic-partnership-1934877-2022-04-08
7,world,NA,NA,NA,NA,https://www.indiatoday.in/world/russia-ukraine-war/story/russia-ukraine-live-russia-rejects-suspension-from-un-rights-council-1934860-2022-04-07
8,world, Sri Lanka appoints advisory committee to address worsening debt crisis,"(7, 4, 2022)","The Sri Lankan government has appointed an advisory committee comprising eminent economic and fiscal experts to provide guidance on addressing the current debt crisis and engaging with the IMF and other lenders as the island nation struggles to combat the unprecedented shortage of foreign reserves.

The Presidential Advisory Group on Multilateral Engagement and Debt Sustainability includes Indrajit Coomaraswamy, former governor of the Central Bank of Sri Lanka and former director of the Economic Affairs Division of the Commonwealth Secretariat, according to a statement issued by the President Media Division on Wednesday.ALSO READ | Sri Lankan crisis puts spotlight on debt, freebie culture in IndiaThe other members are Shanta Devarajan, Professor of the Practice of Development, Georgetown University and former chief economist of World Bank; and Sharmini Coorey, former director of the Institute of Capacity Development of the IMF Institute, and former deputy director of the Africa Department, IMF.“Among the responsibilities that the Presidential Advisory Group will undertake are to engage in discussions with relevant Sri Lankan institutions and officials engaging with the IMF, and to provide guidance that will address the present debt crisis and lead towards sustainable and inclusive recovery for Sri Lanka,” the statement said.Meanwhile, the President Office on Thursday announced Nandalal Weerasinghe was appointed as the Governor of the Central Bank of Sri Lanka, replacing Ajith Nivard Cabraal, who resigned earlier this week just seven months after taking charge in September 2021.K M M Siriwardena was appointed as the Secretary to the Treasury, replacing S R Attygalle.Rajapaksa is yet to appoint a new minister of finance. The country’s Finance Minister Ali Sabry on Tuesday resigned, a day after President Gotabaya Rajapaksa appointed him after sacking his brother Basil Rajapaksa amidst the island nation’s worst economic crisis.Basil Rajapaksa was fired as he was planning to visit Washington to hold negotiations with the International Monetary Fund (IMF).A government parliamentary group met with Prime Minister Mahinda Rajapaksa on Wednesday to discuss urgent steps that must be taken to improve the situation so that citizens would no longer need to stand in long queues for fuel, gas and essentials, Shehan Semasinghe, a state minister, said.He asserted that the government has not lost its parliamentary majority despite 42 of its members saying they would remain independent of the ruling SLPP coalition in parliament.“Our majority is solid,” Semasinghe said. Speaking in Parliament on Wednesday, Chief Government Whip Johnston Fernando said the government will face this problem and there is no reason for President Gotabaya Rajapaksa to resign as he was elected to office.“As a responsible Government, we state that President Gotabaya Rajapaksa will not resign from his post under any circumstances,” Fernando said.Sri Lankans have protested for weeks over lengthy power cuts and shortages of gas, food and other basic goods. The public anger has prompted nearly all Cabinet ministers to quit, and scores of lawmakers to leave Rajapaksa’s government.Police said they are planning to deploy a special security arrangement for key locations such as the President’s House, Presidential Secretariat, Prime minister’s residence-cum-office and Parliament in view of the growing public protests over the country’s worst economic crisis.Sri Lanka is facing its worst economic crisis since gaining independence from the UK in 1948. An Indian credit line in a special economic relief package has only provided a temporary solution.India had recently announced to extend a USD 1 billion line of credit to Sri Lanka as part of its financial assistance to the country to deal with the economic crisis following a previous USD 500 billion line of credit in February to help it purchase petroleum products.The Indian High Commission on Wednesday announced the arrival of two more shipments of fuel to Colombo under the Indian credit line.“Total supply of various types of fuel under Indian assistance now stands at more than 270,000 MT,” it said.ALSO READ | New head of Sri Lanka’s central bank calls monetary policy meet amid economic crisis","['Sri Lanka', ' economic crisis', ' advisory committee', ' economics', ' debt']",https://www.indiatoday.in/world/story/sri-lanka-appoints-advisory-committee-to-address-worsening-economic-crisis-1934861-2022-04-07
9,world,NA,NA,NA,NA,https://www.indiatoday.in/world/russia-ukraine-war/video/un-general-assembly-suspends-russia-from-human-rights-council-1934856-2022-04-07
10,world,NA,NA,NA,NA,https://www.indiatoday.in/world/video/pak-sc-stumps-imran-khan-is-this-a-moment-of-hope-for-pakistan-1934853-2022-04-07
11,world,NA,NA,NA,NA,https://www.indiatoday.in/world/video/president-putin-is-not-ready-to-retreat-he-is-regrouping-says-rebekah-koffler-1934846-2022-04-07
12,world,US House Speaker Nancy Pelosi tests positive for Covid,"(7, 4, 2022)","House Speaker Nancy Pelosi has tested positive for COVID-19, a day after appearing unmasked at a White House event with President Joe Biden.

Pelosi received a positive test result for COVID-19 and is currently asymptomatic, her spokesman Drew Hammill said Thursday in a tweet. He said she had tested negative earlier in the week.“The Speaker is fully vaccinated and boosted, and is thankful for the robust protection the vaccine has provided,” Hammill said. Pelosi, he said, will “quarantine consistent with CDC guidance, and encourages everyone to get vaccinated, boosted and test regularly.”The White House said Biden and Pelosi had only “brief interactions over the course of the last two days” and that the president was not considered a close contact of the speaker by CDC guidance — sustained unmasked contact within 6 feet for more than 15 minutes over a 24-hour period.“Last night as a part of his regular testing cadence, the President tested negative,” the White House said in a statement. “He will continue to be tested regularly. The President wishes Speaker Pelosi a speedy recovery.”The 82-year-old Democratic leader’s announcement came ahead of her weekly press appearance on Capitol Hill, which was abruptly called off. The House is set to start a two week spring recess.Pelosi also postponed a planned congressional delegation trip to Asia she was scheduled to lead.Washington has experienced a rush of new COVID-19 cases as restrictions have lifted and more events and gatherings are happening across Washington, D.C.On Wednesday, Attorney General Merrick Garland and Commerce Secretary Gina Raimondo announced positive tests. The officials were among more than a dozen attendees of the Saturday night Gridiron Club dinner to test positive for the virus. Pelosi did not attend the dinner, her spokesman said.Washington D.C. Mayor Muriel Bowser also announced Thursday that she tested positive for COVID-19 and would “work at home while following isolation protocols.”Several lawmakers have announced positive test results and are isolating.The Capitol reopened last week to some public tours for the first time since it was shuttered two years ago with the onset of the pandemic.Live TV--- ENDS ---Also Read | XE variant of Covid-19 'detected' in Mumbai: Here's all about this highly transmissible virus","['covid 19', ' positive', ' US', ' Nancy Pelosi', ' Biden', ' safety ']",https://www.indiatoday.in/world/story/us-house-speaker-nancy-pelosi-tests-positive-for-covid-1934844-2022-04-07
