SN,category,headline,date,content,keywords,link
1,world,NA,NA,NA,NA,https://www.indiatoday.in/world/video/pti-pushes-shah-mahmood-qureshi-new-candidate-pak-pm-imran-khan-1935803-2022-04-10
2,world,NA,NA,NA,NA,https://www.indiatoday.in/world/video/watch-imran-khan-first-reaction-sacked-pak-pm-1935795-2022-04-10
3,world,NA,NA,NA,NA,https://www.indiatoday.in/world/video/former-pakistan-minister-fawad-chaudhry-resign-assembly-shehbaz-nomination-allowed-prime-minister-imran-khan-1935786-2022-04-10
4,world,Ousted Pakistan PM Imran Khan chairs core committee meet to decide next move,"(10, 4, 2022)","Pakistan's ousted prime minister Imran Khan will preside over a meeting of his party's core committee on Sunday to announce his party's next move after his unceremonious removal from office.Khan, 69, was removed from office through a no-confidence vote held early Sunday morning, becoming the first premier in the country's history to be sent home after losing the trust of the lower house of Parliament.Taking to Twitter, Senator Faisal Javed Khan said, ""Chairman Pakistan Tehreek-e-Insaf Imran Khan will chair the core committee meeting of the party today insha'Allah.""

ALSO READ | Imran Khan leaves behind tough challenges for Pakistan's next leader""Imran Khan will announce the future course of action.""Pakistan's joint Opposition - a rainbow of socialist, liberal and radically religious parties - secured the support of 174 members in the 342-member National Assembly, more than the needed strength of 172 to oust the prime minister on a day full of drama and multiple adjournments of the House.Khan is the first Pakistani prime minister whose fate was decided through a trust vote. Earlier, two separate no-trust motions failed respectively against former premiers Benazir Bhutto in 1989 and Shaukat Aziz in 2006.Top leaders of Imran Khan's party have vowed to fight along with him.Former finance and health minister Taimur Khan Jhagra said that losing the battle is insignificant.""Winning the war for Pakistan that we desire is what matters. That fight will go on as long as it takes. Insha'Allah,"" he said.Former energy minister Hammad Azhar said that on the call of ""brave"" leader Khan, a peaceful protest will be held across Pakistan after the Isha prayer (one of the five mandatory Islamic prayers).Khan has been claiming that the Opposition’s no-confidence motion against him was the result of a “foreign conspiracy” because of his independent foreign policy and funds were being channelled from abroad to oust him from power.In an address to the nation on Friday, he reiterated his allegations that a senior US diplomat threatened regime change in Pakistan.Khan has alleged that Donald Lu, Assistant Secretary, Bureau of South and Central Asian Affairs in the Department of State was involved in the ‘foreign conspiracy’ to topple his government.Khan lost the majority last month after some of the coalition partners decided to part ways while several dissidents openly defied his authority.A special session was convened in the light of the verdict by the Supreme Court which on April 7 declared as unconstitutional a ruling by the deputy speaker to reject the no-trust move against Khan. The apex court also revoked the dissolution of the House.Live TV--- ENDS ---Read | Freedom struggle begins again: Imran Khan’s first tweet after being voted out","['Pakistan', ' Imran Khan', ' no trust vote', ' opposition', ' no-confidence motion']",https://www.indiatoday.in/world/story/ousted-pakistan-pm-imran-khan-chairs-core-committee-meet-decide-next-move-1935781-2022-04-10
5,world,NA,NA,NA,NA,https://www.indiatoday.in/world/video/need-solution-kashmir-issue-pak-pm-candidate-shehbaz-sharif-1935771-2022-04-10
6,world,NA,NA,NA,NA,https://www.indiatoday.in/world/video/shehbaz-sharif-shah-qureshi-nomination-papers-pm-pakistan-1935766-2022-04-10
7,world,NA,NA,NA,NA,https://www.indiatoday.in/world/story/pakistan-no-trust-vote-imran-khan-live-updates-parliament-supreme-court-shahbaz-sharif-1935757-2022-04-10
8,world,"We want peace with India, but it's not possible without resolution of Kashmir issue: Shahbaz Sharif","(10, 4, 2022)","My first priority is national harmony. We want peace with India, but peace is not possible without resolution of the Kashmir issue, Prime Minister-designate Shahbaz Sharif was quoted as saying by Pakistani media.

Talking to Geo News in Islamabad, Shahbaz Sharif also said that the new cabinet would be formed in consultation with the opposition leaders.""I would start a new era in the country and promote mutual respect,"" Shahbaz Sharif said, adding that he would try to give relief to the people by improving the economy of the country, Pakistani media reported.On the question of Nawaz Sharif's return and case, Shahbaz Sharif said that his case would be dealt with according to law.ALSO READ | Pakistan political crisis explained in Gifs | An India Today infographic","['Shahbaz sharif', ' pakistan', ' imran khan', ' no confidence', ' pak PM', ' imran khan pakistan']",https://www.indiatoday.in/world/story/we-want-peace-with-india-but-it-is-not-possible-without-resolution-to-kashmir-issue-shahbaz-sharif-1935760-2022-04-10
9,world,Freedom struggle begins again: Imran Khan’s first tweet after being voted out,"(10, 4, 2022)","Pakistan's embattled Prime Minister Imran Khan was voted out of power as 174 members in the country's National Assembly went against him during the voting for no-confidence motion.

Imran Khan took to Twitter and said, “Pakistan became an independent state in 1947; but the freedom struggle begins again today against a foreign conspiracy of regime change. It is always the people of the country who defend their sovereignty and democracy”.Pakistan became an independent state in 1947; but the freedom struggle begins again today against a foreign conspiracy of regime change. It is always the people of the country who defend their sovereignty & democracy.— Imran Khan (@ImranKhanPTI) April 10, 2022
This was Khan’s first comment after losing the no-confidence motion.Imran Khan, the cricketer-turned-politician, has become the first sitting prime minister in the history of Pakistan to be removed from office through a no-confidence motion.The no-trust vote was mandated after Pakistan's Supreme Court on Thursday unanimously struck down the ruling by Deputy Speaker Qasim Suri on the rejection of the no-confidence motion against Imran Khan.With Imran Khan's departure as Pakistan PM, the stage is clear for Leader of the Opposition and Pakistan Muslim League-N (PML-N) president Shehbaz Sharif to be the country's next prime minister. The National Assembly will reconvene at 2 pm (Pakistan time) on Sunday to officially elect the new prime minister.ALSO READ: Pakistan PM Imran Khan ousted in no-trust vote: What has happened so far and what's next?ALSO READ: Imran Khan leaves behind tough challenges for Pakistan's next leader","['imran khan', ' imran khan pakistan', ' imran khan trust vote', ' imran khan resignation', ' imran khan news', ' pakistan prime minister imran khan', ' pm imran khan', ' imran khan no confidence', ' pakistan news', ' pakistan imran khan news', ' imran khan no confidence motion', ' no confidence motion', ' imran khan latest news', ' pakistan pm imran khan', '']",https://www.indiatoday.in/world/story/freedom-struggle-in-pakistan-begins-again-says-imran-khan-after-being-voted-out-of-power-1935754-2022-04-10
10,world,Ukraine announces 'complete termination' of imports from Russia,"(10, 4, 2022)","Ukraine has banned all imports from Russia, one of its key trading partners before the war with annual imports valued at about $6 billion, and called on other countries to follow and impose harsher economic sanctions on Moscow.

""Today we officially announced a complete termination of trade in goods with the aggressor state,"" Economy Minister Yulia Svyrydenko wrote on her Facebook page on Saturday.""From now on, no Russian Federation's products will be able to be imported into the territory of our state.""Since the start of Russia's invasion of Ukraine on Feb. 24, exchange of goods and services between the two neighbouring countries has been virtually non-existent, but Saturday's move makes the termination of imports a law.READ | Will stifle Russia’s ability to grow, says Biden as US hits Moscow with ‘war crimes’ sanctions""The enemy's budget will not receive these funds, which will reduce its potential to finance the war,"" Svyrydenko said.""Such a step of Ukraine can serve as an example for our Western partners and stimulate them to strengthen sanctions against Russia, including the implementation of the energy embargo and isolation of all Russian banks.""Ukraine's President Volodymyr Zelenskyy has repeatedly called on the West to boycott Russian oil and other exports and halt exports to Russia over its military assault.The West has imposed numerous measures on Russia that have already isolated Moscow to a degree never before experienced by such a large economy and on Saturday British Prime Premier Boris Johnson said more sanctions are to come.Live TV--- ENDS ---READ | How sanctions on Russia have affected banking, shopping | Exclusive ground reportALSO READ | How the Russian ruble is defying sanctions","[""Ukraine announces 'complete termination' of imports from Russia""]",https://www.indiatoday.in/world/russia-ukraine-war/story/ukraine-announces-complete-termination-of-imports-from-russia-1935737-2022-04-10
11,world,"Russia targeting all of Europe with Ukraine invasion, says Zelenskyy","(10, 4, 2022)","Russia is targeting all of Europe with its invasion of Ukraine, and stopping Moscow’s aggression is essential for the security of all democracies, Ukrainian President Volodymyr Zelenskyy said as Russian forces prepared for battle in the east of his country.

Addressing the “free people of a brave country,” Zelenskyy said in a late night video message to Ukrainians that Russia’s war aim “was not intended to be limited to Ukraine alone” and the “entire European project is a target.”“That is why it is not just the moral duty of all democracies, all the forces of Europe, to support Ukraine’s desire for peace,” he said. ”This is, in fact, a strategy of defence for every civilized state.”His address came as civilians continued to flee eastern parts of the country before an expected onslaught and emergency workers searched for survivors in towns north of Ukraine’s capital, Kyiv, that are no longer occupied by Russian forces.READ | We are furious: Volunteers mourn death, destruction in Ukraine’s Bucha | Ground reportRussia has pulled its troops from the northern part of the country and refocused on the eastern Donbas region, where Moscow-backed separatists have fought Ukrainian troops for eight years and controlled some territory before the war, now in its 46th day.Western military analysts said an arc of territory in eastern Ukraine was under assault, from Kharkiv — Ukraine’s second-largest city — in the north to Kherson in the south. Newly released Maxar Technologies satellite imagery collected Friday showed a 13-kilometer convoy of military vehicles headed south to the Donbas through the town of Velykyi Burluk.However, Western assessments expressed increasing confidence in the ability of Ukraine’s defenders to repel Russian assaults, portraying Russia’s troops as suffering from low morale and mounting casualties.Britain’s Defence Ministry said Sunday that the Russian military was seeking to respond to mounting losses by boosting troop numbers with personnel who have been discharged from military service since 2012.In an update on Twitter, the ministry also said that the Russian military’s efforts to “generate more fighting power” also include trying to recruit from Trans-Dniester, a breakaway region in Moldova that borders Ukraine.READ | West won't stop at destroying Russia; India will be next: Donetsk representative on Russia-Ukraine warRussia-backed separatists in eastern Moldova took up arms in 1992 to establish Trans-Dniester, which is not internationally recognized and where Russia maintains some 1,500 troops.Several European leaders have made efforts to show solidarity with battle-scarred Ukraine. In his video address, Zelenskyy thanked the leaders of Britain and Austria for their visits to Kyiv on Saturday and pledges of further support.He also thanked the European Commission president and Canada’s prime minister for a global fundraising event that brought in more than 10 billion euros ($11 billion) for the millions of Ukrainians who have fled their homes.Zelenskyy repeated his call for a complete embargo on Russian oil and gas, which he called the sources of Russia’s “self-confidence and impunity.” Some European countries depend heavily on imported Russian energy.“Freedom does not have time to wait,” Zelenskyy said. “When tyranny begins its aggression against everything that keeps the peace in Europe, action must be taken immediately.”In an interview with The Associated Press inside his heavily guarded presidential office complex, Zelenskyy said he was committed to negotiating a diplomatic end to the war even though Russia has “tortured” Ukraine.He also acknowledged that peace likely will not come quickly. Talks so far have not included Russian President Vladimir Putin or other top officials.READ | Wagner mercenaries, Russian soldiers involved in massacre in Ukraine's Bucha: Report“We have to fight, but fight for life. You can’t fight for dust when there is nothing and no people. That’s why it is important to stop this war,” the president said.Ukrainian authorities have accused Russia forces of committing war crimes against thousands of civilians during the invasion, including airstrikes on hospitals, a missile attack that killed 52 people at a train station Friday and shooting residents of towns in the north at close range.Graphic evidence of civilian slayings emerged after Russian forces withdrew from Bucha, and firefighters were searching buildings in Borodyanka, another settlement outside Kyiv. Russia has denied engaging in war crimes and falsely claimed that the scenes in Bucha were staged.Ukrainian authorities have said they expect to find more mass killings once they reach the southern port city of Mariupol, which is also in the Donbas and has been subjected to a month-long blockade and intense fighting. The city’s location on the Sea of Azov is critical to establishing a land bridge from the Crimean Peninsula, which Russia seized from Ukraine eight years ago.Ukrainian officials have pleaded with Western powers almost daily to send more arms and further punish Moscow with sanctions, including the exclusion of Russian banks from the global financial system and a total EU embargo on Russian gas and oil.READ | Zelenskyy says situation in second Ukraine town 'more dreadful' than BuchaDuring his visit Saturday, Austrian Chancellor Karl Nehammer said he expects more EU sanctions against Russia, but defended his country’s opposition so far to cutting off deliveries of Russian gas.A package of sanctions imposed this week “won’t be the last one,” the chancellor said, acknowledging that “as long as people are dying, every sanction is still insufficient.” Austria is militarily neutral and not a member of Nato.British Prime Minister Boris Johnson’s visit came a day after the UK pledged an additional 100 million pounds ($130 million) in high-grade military equipment. Johnson also confirmed further economic support, guaranteeing an additional $500 million in World Bank lending to Ukraine, taking Britain’s total loan guarantee to up to $1 billion.In the interview with AP, Zelenskyy noted the increased support but expressed frustration when asked if weapons and equipment Ukraine has received from the West is sufficient to shift the war’s outcome.“Not yet,” he said, switching to English for emphasis. “Of course it’s not enough.”Live TV--- ENDS ---WATCH | Russia-Ukraine War: Over 300 Ukrainian villagers near Kyiv trapped in basement for weeks, say residents","['Russia targeting all of Europe with Ukraine invasion', ' says Zelenskyy']",https://www.indiatoday.in/world/russia-ukraine-war/story/russia-targeting-all-of-europe-ukraine-invasion-zelenskyy-sanctions-1935735-2022-04-10
12,world,NA,NA,NA,NA,https://www.indiatoday.in/world/video/pakistan-opposition-shehbaz-sharif-as-pm-1935731-2022-04-10
