SN,category,headline,date,content,keywords,link
1,world,"Japan, Philippines to step up security ties amid China worry","(7, 4, 2022)","The defense ministers of Japan and the Philippines agreed Thursday to bolster security cooperation and expand joint drills between their forces as they shared concerns about China’s increasingly assertive military actions in the region.

Japanese Defense Minister Nobuo Kishi and his Philippine counterpart, Delfin Lorenzana, also shared concern about Russia’s invasion of Ukraine and its impact in the Indo-Pacific, and noted that any attempts to change the status quo by force is unacceptable, Japan’s Defense Ministry said in a statement that avoided identifying China by name.Japan has significantly expanded joint drills with the United States and other partners, including Australia, India, France, Britain and Germany, that share its concerns about China’s assertion of its territorial claims in the region, which has some of the world’s busiest sea lanes.Japan is especially concerned about Chinese military and coast guard activity in the East China Sea near the Japanese-controlled Senkaku islands, which China also claims and calls Diaoyu.On Thursday, Japan’s Defense Ministry said it spotted a Chinese Y-9 electronic warfare aircraft flying over the Sakishima islands, although it did not violate Japanese airspace.Kishi and Lorenzana also agreed to increase cooperation in defense equipment and technology transfer between the two countries. Tokyo and Manila agreed in 2020 on the Japanese export of air radar systems to the Philippine military.For Japan, the Philippines is geopolitically important as China increases its influence in the region.China, the Philippines, Vietnam, Taiwan, Malaysia and Brunei have been locked in an increasingly tense territorial standoff in the busy waterway for decades.The defense ministers will be joined by foreign ministers from each country on Saturday for the first “two plus two” security talks between the two countries.Live TV--- ENDS ---Read | China used compromised cameras to snoop into India's power grids, says US-based groupAlso Read | Sri Lanka and beyond, a Chinese hand that feeds crisis","['Japan', ' Philippines', ' Indo Pacific', ' East China sea', ' military drill', ' defence ']",https://www.indiatoday.in/world/story/japan-philippines-security-china-indo-pacific-east-china-sea-military-drills-1934840-2022-04-07
2,world,"Russia suspended from Human Rights Council, India abstains from voting at UNGA","(7, 4, 2022)","United Nations General Assembly on Thursday adopted a resolution suspending Russia from the Human Rights Council over its war in Ukraine.

The 197-member UN body voted on a resolution brought by the US. The resolution was adopted with 93 votes in favour, 24 against and 58 abstentions, including India.READ | Dead bodies on road, no water, power, gas for residents in Ukraine's Bucha | Ground reportIndia's representative at the UN, Ambassador TS Tirumurti, explained the reasons why India abstained from the vote.In a statement, he said, ""Since the inception of the Ukrainian conflict, India has stood for peace, dialogue and diplomacy. We believe that no solution can be arrived at by shedding blood and at the cost of innocent lives. If India has chosen any side, it is the side of peace and it is for an immediate end to violence. We continue to remain deeply concerned at the worsening situation and reiterate our call for end to all hostilities. When innocent human lives are at stake, diplomacy must prevail as the only viable option.""""India has been at the forefront of protecting human rights, right from the drafting of the Universal Declaration of Human Rights. We firmly believe that all decisions should be taken fully respecting due process, as all our democratic polity and structures enjoin us to do. This applies to international organisations as well, particularly the United Nations,"" he added.The Human Rights Council consists of 47 Member States, elected directly and individually by secret ballot by the majority of the members of the General Assembly. The General Assembly, by a two-thirds majority of the members present and voting, ""may suspend the rights of membership in the Council of a member of the Council that commits gross and systematic violations of human rights.""Live TV--- ENDS ---ALSO READ | India has chosen side of peace, disturbed by Bucha killings: Jaishankar on war in Ukraine","['russia ukraine war', ' un vote on russia', ' human rights council']",https://www.indiatoday.in/world/russia-ukraine-war/story/united-nations-suspends-russia-human-rights-council-ukraine-war-india-abstains-vote-1934824-2022-04-07
3,world,"Pakistan SC overturns Imran Khan govt's actions, calls for no-trust vote on April 9","(7, 4, 2022)","A five-judge bench of Pakistan's Supreme Court has delivered a unanimous verdict on the dismissal of a no-confidence vote brought against the Imran Khan government in the National Assembly. In its order, the judges also declared President Arif Alvi's decision to dissolve the National Assembly and provincial assemblies as ""null and void"".

While ordering the reinstatement of the National Assembly and immediate implementation of court orders, the bench stated that the opposition would be allowed to move a no-confidence vote against the Imran Khan government in the lower house at 10 am on April 9.Members of the National Assembly will be able to cast their votes for the no-confidence motion, the court said, adding that if the no-confidence motion is successful, Pakistan will get a new prime minister.READ: Supreme Court of Pakistan must call Imran Khan's bluff | OPINIONThe five-judge bench stated that the Speaker of the National Assembly cannot adjourn the session till the vote of no-confidence is moved on the floor of the house.Pakistan's Supreme Court further clarified that its decision will in no way impact Article 63A of the country's Constitution.Prime Minister Imran Khan was bound by the Constitution, which is why he could not advise President Arif Alvi to dissolve the provincial assemblies, the judges said in their order.The Supreme Court's verdict spells trouble for the Imran Khan government, which effectively fell short of the majority mark of 172 in the country's 342-member National Assembly last week. As per reports, opposition parties have the support of 199 legislators, while Imran Khan's Pakistan Tehreek-e-Insaf has the support of merely 144 legislators.Imran Khan took to Twitter to say that he has called a meeting of his Cabinet and the PTI Parliamentary Party on Friday. ""Tomorrow evening I will address the nation. My message to our nation is I have always & will continue to fight for Pak till the last ball,"" he wrote.Live TV--- ENDS ---READ | How ‘Diesel’ became speed-breaker for Imran Khan in PakistanALSO READ | Shehbaz Sharif rejects retired justice’s nomination as caretaker PMWATCH | Should India be concerned over Pakistan's political upheaval?","['Pakistan news', ' imran khan news', ' pakistan latest', ' pakistan politics', ' pakistan supreme court', ' pakistan court verdict', ' pakistan elections']",https://www.indiatoday.in/world/story/pakistan-supreme-court-imran-khan-national-assembly-vote-verdict-1934822-2022-04-07
4,world,Russia-Ukraine War: Donetsk has its own version of McDonald’s called DonMC,"(7, 4, 2022)","McDonald’s has got a new name in Ukraine’s Donetsk DonMC, and it looks and tastes absolutely the same. Donetsk is one of Ukraine’s areas controlled by Russia-backed rebels.

Everything at DonMC from the logo to the internal architecture is the same. India Today/Geeta MohanIndia Today, while speaking to the residents of the city, found that the food available at the fast-food restaurant, such as burgers, French fries, nuggets and cola, all have the exact same taste as McDonald’s.READ | Ukrainian troops target Russian military camp in Donetsk | Exclusive ground reportThe south-eastern Ukrainian regions of Donetsk and Luhansk, collectively known as the Donbas region controlled by the Moscow-backed rebels were recognised by Russian President Vladimir Putin on February 21, three days before he ordered a full-scale invasion of Ukraine.Since coming under the control of Russia, many international food outlets in Donetsk have been renamed by home-based companies.American companies such as McDonald’s, Coca-Cola, Starbucks and Burger King joined other international outlets last month in temporarily closing all their operations in Russia after the country attacked Ukraine on February 24.Live TV--- ENDS ---Read | West won't stop at destroying Russia; India will be next: Donetsk representative on Russia-Ukraine war","['Ukraine', ' Russia', ' Ukraine-Russia war', ' Kharkiv', ' Belarus', ' EU', ' military']",https://www.indiatoday.in/world/russia-ukraine-war/story/russia-ukraine-war-donetsk-version-mcdonald-donmc-donbas-rebel-areas-luhansk-1934763-2022-04-07
5,world,Russian embassy in Delhi terms deaths of Ukrainians in Bucha 'cynical false flag operation',"(7, 4, 2022)","The Russian Embassy in New Delhi on Thursday issued a statement on the killings of civilians in the Ukrainian city of Bucha by Russian forces.

""The heinous attack in Bucha brings back the nightmares of Nazi crimes during the Second World War. It raised revulsion and condemnation in Russia and India and globally,"" the statement read.It went on to add, ""Russia firmly stands for bringing to justice those involved in this outrageous war crime act. The main challenge is to ensure a genuinely independent and unbiased investigation.READ: We are furious: Volunteers mourn death, destruction in Ukraine’s Bucha | Ground report""Regrettably, there have been so far widespread hollow allegations against Moscow while there is evidence that it was in fact a cynical false flag operation, perpetrated by Kyiv itself. It is vitally important to take this evidence into account as we seek justice.""The statement issued by Russia's diplomatic mission in India comes days after India's permanent representative to the United Nations condemned the ""deeply disturbing"" reports of civilian killings in Bucha.""The situation in Ukraine has not shown any significant improvement since the Council last discussed the issue. The security situation has only deteriorated, as well as its humanitarian consequences,"" Ambassador TS Tirumurti had said during a meeting on Ukraine at the UN Security Council.While Ukraine has demanded Russia's expulsion from the UN Security Council, Moscow maintains that reports coming out of Bucha are part of an 'elaborate hoax'.Ukrainian President Volodymyr Zelenskyy, addressing the UN Security Council earlier this week, had compared the actions of Russian troops in Bucha to those of Islamic State extremists.""Yesterday I returned from our city of Bucha, recently liberated from Russian troops not far from Kyiv. There is not a single crime that they would not commit there. The Russian military searched for and purposefully killed anyone who served our country,"" Zelenskyy said in his maiden address to the UN Security Council.Live TV--- ENDS ---READ | Hope in the midst of horror: People in Bucha search for missing loved onesALSO READ | India has chosen side of peace, disturbed by Bucha killings: Jaishankar on war in UkraineWATCH | Will truth of the Bucha massacre ever be known?","['Russian embassy delhi', ' russian embassy india', ' russian embassy bucha', ' bucha killings ukraine', ' india unsc bucha']",https://www.indiatoday.in/world/russia-ukraine-war/story/russian-embassy-delhi-deaths-ukrainians-bucha-cynical-false-flag-operation-1934737-2022-04-07
6,world,NA,NA,NA,NA,https://www.indiatoday.in/world/video/pakistan-sc-to-pronounce-verdict-on-national-assembly-dissolution-at-8-pm-1934730-2022-04-07
7,world," Age old weapons are shaping Russia-Ukraine war, here is the list","(7, 4, 2022)","Over 100-year-old machine guns, rifles from World War I, and Sub Machine Guns (SMGs) from World War II, all these are being used in the first war of 20th century in Europe between Russia and Ukraine. Accessed through open source intelligence, it has been found that Maxim watercooled machine guns, invented in year 1884, six years after invention of light bulb, are being used by both sides, some are even modified with modern equipments.

Some really old weapons are making a comeback, Maxim machine gun.#UkraineWar #Ukraine #UkraineRussiaWar pic.twitter.com/DHDrdBJVmt— Based (@Based_FIN) March 21, 2022
Old and new. Maxim machineguns and NLAWs. These are the weapons that #Ukraine uses. pic.twitter.com/kz9aJ8bGZp— Heuvelrug Intelligence (@HillridgeOSINT) March 30, 2022
Maxim machine gunChambered in .303 British rounds, Maxim machine gun is known as world's first automatic firearm. Widely used in many conflicts and wars, such machine guns can be easily found in museums in India. Two of such are installed as a prop infront of Garhwal Regimental Center at Lansdowne in Uttarakhand.Mosin-NagantMosin-Nagant, the iconic rifle of the famous movie Enemy at The Gates on Stalingrad and many other war movies, was built in year 1891. This weapon, a simple bolt action rifle, was last used by the Russian forces in World War II. The gun was then supplied to the communist Vietnam, and was used by Viet Cong guerrillas. Since then, such weapons are hardly used in any conflict. Nagant was, however, spotted in the hands of Ukranian soldiers.Old weapons for modern wars #guns #weapon #Syriawar #Ukraine #tactical #tacticool pic.twitter.com/7MABUXs7r5— julio / Caronte (@jmscaronte) March 4, 2020
Maschinenpistole 40 (MP40)A pinnacle of German engineering, the notorious weapons of the Nazi soldiers, the legendary Maschinenpistole 40 (MP40) is also out of the box and it's being used in the war from Ukrainian side. Chambered in 9 mm parabellum, the weapon gained popularity due to its durability and precision. It was undoubtedly the best SMG of World War II but went obsolete long back. We can still find such weapons in army museums in India as well.PPS 43PPS 43, the successor of iconic Russian SMG PPSH, is also being used by both sides. Images accessed through OSINT confirmed their active usage in the war. PPS 43 was commissioned to the Soviet Russia forces in year 1942-43. The weapon went obsolete since development of modern firearms. The weapon was shelved from almost all countries, barring some, during 60s and 70s.In Pics | Bloodbath in Bucha: Rows of body bags as Russia unleashes unrelenting violence | PicsALSO READ | 60 Russian paratroopers refuse to fight in Ukraine, face prison sentences","[' weapons', ' weapons used in Russia ukraine war', ' Russia-ukraine war', ' Russian President Vladimir Putin', ' Russia ukraine crisis', ' Russia-Ukraine war attack', ' Russia-Ukraine war', ' Russia-Ukraine war live', ' Russia-Ukraine war live updates', ' Russia-Ukraine war photos', ' Russia-Ukraine war images', ' Russia-Ukraine war videos', ' Russia Attacks Ukraine', ' Vladimir Putin', ' russia ukraine war 2022', ' russia ukraine crisis highlights', ' russia ukraine war news today', ' russia ukraine war live updates', ' russia ukraine war latest news', ' russia ukraine war update', ' russia ukraine crisis', ' ukraine crisis', ' russia ukraine crisis updates', ' russia ukraine war news', ' russia ukraine war latest updates', ' ukraine emergency news', '']",https://www.indiatoday.in/world/russia-ukraine-war/story/age-old-weapons-shaping-russia-ukraine-war-here-is-the-list-1934704-2022-04-07
8,world,'She was so scared': Man who fled Ukraine's Mariupol fears granddaughter will be taken to Russian city,"(7, 4, 2022)","Alexsandr Obedinsky had lost contact with his 12-year-old grandaughter after he fled the besieged city of Mariupol amid the Russian assault. Weeks later, he received a video-call from her. She was in a hospital, with wounds around her ear and face and legs. During the conversation, she told her grandfather that it is likely that she would be taken to a Russian city.

""She was in a hospital bed, she had shrapnel wounds around her ear and face and her legs, but she seemed OK. I was so relieved. But she told me she's in Donetsk, and it seems like she's on her own. She told me they're taking her to a Russian city,"" the 67-year-old was quoted by the Guardian as saying.Twelve-year-old Kira's father was shot dead on the balcony of an apartment in Mariupol by a Russian sniper on March 17. With the death of her father, Kira was left an orphan as her mother had died two weeks after she was born.ALSO SEE | Bloodbath in Bucha: Rows of body bags as Russia unleashes unrelenting violence | PicsAnya, the partner of Kira's father, then tried to take the girl and her own children on foot out of the city. From what Kira told her grandfather, it looked like the family and a group of neighbours walked for around two days before coming across a minefield, which killed a little boy and injured Kira, the report said.The report further suggested that the girl might have been picked up by Russian soldiers and taken to a hospital in Donetsk. At the hospital, doctors said they'd take care of her, allow her access to her phone to call Obedinsky and eventually send her to a new home in Russia.""She is so scared. She doesn't know where or why she is going,"" the grandfather said.""I can't say for sure what she understands about what's going on and the war...She's seen people killed in front of her, explosions and shelling. She just wants to come back to her family and come back home,"" Obedinsky was quoted as saying.BESEIGED CITY OF MARIUPOLThe besieged city of Mariupol has witnessed some of the worst scenarios amid the Russia-Ukraine conflict. Corpses dumped in mass graves, damaged buildings, shortage of critical resources -- Mariupol continues to be one of the worst affected by the war.The city mayor said last week up to 170,000 civilians were trapped in Mariupol with no power and dwindling supplies, while 5,000 civilians were killed.Several reports claimed that Russia is sending Ukrainian citizens from Mariupol to ""filtration camps"" in Russian-controlled areas. A BBC report published on March 27 said, ""Russia is housing an estimated 5,000 at a temporary camp in Bezimenne, east of Mariupol, seen in satellite images.""WHY MARIUPOL IS IMPORTANTMariupol remains one of the important cities for Russia because of its location. It sits between Donetsk in the Donbas region and Crimea. In fact, three critical cities make up for Russia's strategic objective in the east to secure the region and create the 'land bridge' between Donbas and Crimea - Mariupol, Melitopol, Kherson.Mariupol also has Ilyich Iron and Steel Works, the second-largest metallurgical enterprise in Ukraine, and the Azovstal iron and steelworks, one of the biggest steel rolling companies in the country.ALSO READ | Why the US is targeting Putin's daughters Katerina and MariaLaunching a full-scale invasion of Ukraine on February 24, Russia said its ""special military operation"" is aimed at ""demilitarising"" and ""denazifying"" Ukraine. The Kremlin's position is rejected by Ukraine and the West as a pretext for an unprovoked invasion.Live TV--- ENDS ---ALSO READ | Russia has completed withdrawal from around Kyiv: US defence officialALSO READ | Hope in the midst of horror: People in Bucha search for missing loved onesALSO WATCH | Ukraine launches offensive on Russian camp in Donetsk | Ground Report","['Mariupol', ' Mariupol shelling', 's ukrainians in Mariupol ']",https://www.indiatoday.in/world/russia-ukraine-war/story/man-fled-ukraine-mariupol-fears-granddaughter-donetsk-russian-city-1934658-2022-04-07
9,world,"60 Russian paratroopers refuse to fight in Ukraine, face prison sentences","(7, 4, 2022)","Nearly 60 Russian paratroopers staged a mutiny and refused to fight during the war with Ukraine, as per local reports. The men, who were from the key airborne forces headquarters of Pskov in northern Russia, may face jail sentences for insubordination, a report by The Mirror said.

The troops had been moved to Belarus to mount the invasion in Ukraine, but were sent back to their base in Pskov in disgrace after their mutiny.Some have been dismissed and branded 'cowards' while others are set to face the Russian equivalent of a court martial with likely jail sentences.For LIVE updates on the Russia-Ukraine war, click here.It is reported that Defence minister Sergei Shoigu sent one of his deputies to Pskov to handle the insubordination.Russian outlet Pskovskaya Guberniya cited sources in its report, saying: 'About 60 servicemen from Pskov refused to go to war on Ukrainian territory.'After the first days of the war, they were first brought to the Republic of Belarus, and then they returned to their base in Pskov.Ukraine claimed that the troops were elite paratroopers, but this has not yet been confirmed, even though Pskov is one of the key headquarters of Russia's most elite airborne forces.READ | West won't stop at destroying Russia; India will be next: Donetsk on Russia-Ukraine warALSO READ | Why the US is targeting Putin's daughters Katerina and Maria","['russia ukraine news', ' russia news', ' russia and ukraine', ' russia ukraine war', ' russia ukraine latest news', ' russia ukraine live', ' russia and ukraine news', ' india russia', ' russia ukraine india', ' russia and ukraine war', ' russia vs ukraine', ' live news russia ukraine', ' russia ukraine news in hindi', ' news on russia ukraine', ' russia ukraine update', ' russia ukraine crisis', ' latest news russia and ukraine', ' russia ukraine news india', ' Russia-Ukraine war news LIVE updates', ' Russia-Ukraine war news LIVE updates', ' Russia invades Ukraine', ' US on Russia assault on Ukraines', ' UKaine news', ' Kiyve news', ' Ukraine news updates']",https://www.indiatoday.in/world/russia-ukraine-war/story/russia-ukraine-war-russian-soldiers-mutiny-1934645-2022-04-07
10,world,NA,NA,NA,NA,https://www.indiatoday.in/world/photo/brazil-indigenous-people-begin-10-day-protest-to-protect-their-land-rights-pics-1934655-2022-04-07
11,world,NA,NA,NA,NA,https://www.indiatoday.in/world/russia-ukraine-war/photo/bloodbath-in-bucha-rows-of-body-bags-as-russia-unleashes-unrelenting-violence-pics-1934649-2022-04-07
12,world,"After failed Kyiv blitz, Russia focuses on east Ukraine","(7, 4, 2022)","With Russian hopes of storming Kyiv and other major cities in northern Ukraine dashed by stiff resistance, Moscow has refocused its efforts on the country’s east, seeking to make gains there and use them to dictate its terms in talks on ending the conflict.

The Russian troops are preparing for a massive offensive in Ukraine’s eastern industrial heartland known as the Donbas, and the coming weeks could determine the outcome of the war.Read: Ukrainian troops target Russian military camp in Donetsk | Exclusive ground reportA look at the shift in Russian strategy and its possible consequences.A STALLED BLITZWhen Russian forces invaded Ukraine from the north, east and south on Feb. 24. President Vladimir Putin counted on a quick victory, similar to its 2014 annexation of Ukraine’s Crimean Peninsula.The Russian troops that pushed into Ukraine from Moscow’s ally Belarus quickly reached the outskirts of Kyiv, only 75 kilometres (47 miles) south of the border, but they got bogged down facing Ukrainian defences.After the failed attempts to storm the capital and other big cities in the north, Russian forces tried to encircle and pummel them with artillery and airstrikes. The relentless barrages led to massive civilian casualties and damaged infrastructure but didn’t weaken Ukraine’s resolve. Ukrainian forces, meanwhile, successfully used artillery and drones against Russian convoys that stretched for dozens of kilometres (miles) along highways outside Kyiv. That created massive logistical problems for the Russians.Read: US sanctions Putin's daughters and more Russian banksA SHIFT IN STRATEGYOn March 29, Russia announced a drastic change in strategy, saying it would scale down military activities around Kyiv and Chernihiv, focusing instead on the “liberation” of Donbas.A quick withdrawal from areas in the north and northeast followed, with forces pulling back to Belarus and Russia for rest and resupply.Moscow sought to put a positive spin on what Ukrainian and Western officials described as the failure of the offensive. Russia said the action in the north was intended to tie down and weaken Ukrainian forces there and prevent them from joining troops engaged in the fighting in the east.REDEPLOYMENT AND REGROUPINGObservers said it could take Russian troops several weeks for the troops to rest, resupply and regroup before they could launch a new attack in the east.Read: Our response will follow: Russia warns EU over expulsion of diplomats“Many Russian units withdrawing from northern Ukraine are likely to require significant re-equipping and refurbishment before being available to redeploy for operations in eastern Ukraine,” a tweet from the British Ministry of Defence said.Some Western estimates said nearly a quarter of Russian units involved in the fighting had been rendered unfit for further action and would need long reequipment and resupply before being sent back into combat.“They will be remanned because they have lost a lot of troops in the different units,” NATO Secretary-General Jens Stoltenberg said. “They will be rearmed because they have used a lot of ammunition and they will be resupplied ... to launch a new big offensive.”FORTRESS EASTThe separatist conflict in eastern Ukraine, home to a mostly Russian-speaking population, began in 2014 shortly after the annexation of Crimea and has killed over 14,000 people. The fighting has tempered Ukrainian forces, which have gained ample combat experience and built multilayered defences along the line of contact.Those efforts paid off at the start of the Russian invasion, preventing the separatist forces and Russian troops from making any significant gains there despite far superior firepower.Read: India has chosen side of peace, disturbed by Bucha killings: Jaishankar on war in UkraineFrom the start of the invasion, Moscow’s key goal was to capture the Sea of Azov port of Mariupol to secure a coastal corridor to Crimea. Russian troops have besieged Mariupol for a month, reducing much of the city to rubble with artillery and air raids that killed thousands. So far, however, they have failed to win full control.RUSSIAN PINCER MOVEMENTUkrainian and Western officials say the Russian plan is to encircle tens of thousands of Ukrainian troops in Donbas by moving from Izyum, near Kharkiv in the north, and from Mariupol in the south.The timing for the offensive depends on how quickly the Russians wrap up the battle for Mariupol and free those forces for the offensive. It also will depend on how much time is needed to resupply and regroup the troops that were pulled back from Kyiv and other areas in the north.Read: From citizens to refugees, exodus from Ukraine continues amid Russian invasion | PicsThe Washington-based Institute for the Study of War said in an analysis that the Russian troops will likely try to advance from Izyum to capture the strategic city of Slovyansk and link up with other Russian forces in Donbas in what it said: “will likely prove to be the next pivotal battle of the war in Ukraine.”Stoltenberg warned that such an eastward shift by Russia marks a “crucial phase of the war,” saying a further push in eastern and southern Ukraine is expected ”to try to take the entire Donbas and to create a land bridge to occupied Crimea.”MOSCOW’S VULNERABILITIESDuring an eastern offensive, Russian forces will face the same problems that hampered their attack in the north.Maintaining supply lines over long distances under constant Ukrainian attacks was a key challenge that eventually doomed the blitz on Kyiv and forced Moscow’s retreat. Such an operation in the east could prove just as hard.The lack of proper cohesion among different forces, the failure to fully suppress Ukrainian air defenses, and the growing popular resistance to the invasion would likely make it difficult for quick Russian gains in the east. As they seek to encircle Ukrainian troops in Donbas, Russian forces could also face attacks on their flanks.CONDITIONS FOR PEACEMilitary success in the east could offer Putin a face-saving exit from the conflict, allowing him to claim that Moscow’s main goals were fulfilled. He could argue that Russia has destroyed the bulk of the Ukrainian military, liquidated the “neo-Nazi nationalist” forces and “liberated” Donbas.Read: World divided but India firm on its neutral stance for its interests: PM Modi on Russia-Ukraine warPutin’s conditions for peace, however, include a demand for Ukraine to acknowledge Russia’s sovereignty over Crimea and to recognize the independence of the eastern separatist regions, something that Ukrainian President Volodymyr Zelenskyy has rejected. Zelenskyy said the issues of Crimea and Donbas could be put on hold, but Moscow wants to make them part of a deal now.TIME AS A FACTORPutin badly needs a quick success in the east to find a way out of the conflict that increasingly looks like a quagmire for Moscow. Time is working against Russia, with each day of war worsening the massive economic damage from Western sanctions and draining its limited resources.A protracted conflict could force the Kremlin to broadly engage in the use of poorly trained conscripts, something it has tried to avoid, claiming that it relies squarely on volunteer soldiers. Sending fresh draftees into battle would be highly unpopular and likely to fuel public discontent.Putin’s goal of freeing Ukraine from purported “neo-Nazis” has led some observers to predict that he hopes for quick gains in the east so he can announce a successful end to the campaign by May 9. That’s when Russia celebrates its victory over Nazi Germany in World War II, its most important public holiday.","['russia focus east ukraine', ' failed attempt', ' kyiv', ' ukraine war']",https://www.indiatoday.in/world/russia-ukraine-war/story/russia-focus-east-ukraine-war-failed-attempt-kyiv-1934636-2022-04-07
