SN,category,headline,date,content,keywords,link
1,world,NA,NA,NA,NA,https://www.indiatoday.in/world/russia-ukraine-war/photo/destroyed-tanks-and-dead-bodies-russia-s-military-suffers-toll-from-its-ukraine-invasion-pics-1934991-2022-04-08
2,world,NA,NA,NA,NA,https://www.indiatoday.in/world/photo/smuggled-sketches-offer-glimpses-into-harsh-life-of-myanmar-prisoners-pics-1934962-2022-04-08
3,world,Living amidst corpses outside Chernihiv: Horrors from Russia-Ukraine war,"(8, 4, 2022)","In Yahidne, just outside the Ukrainian city of Chernihiv, 130 people were crammed into a room of roughly 700 sq ft in the basement of a school. The area was occupied by the Russians for nearly a month. The period spent in the basement was most traumatic for the villagers who were forced to share space with the dead. Many recalled how people they knew died and their corpses were not allowed to be removed by the Russians. One said the deaths were mostly caused by suffocation.

The BBC reported from the basement where 60-year-old Mykola Klymchuk guided them around.Read: Russian embassy in Delhi terms deaths of Ukrainians in Bucha 'cynical false flag operation'""As we climbed down a short flight of stairs, we began to smell the stench of disease and decay. The room was dirty - some mattresses, clothes, shoes and books were strewn on the floor, there were four small cots in the centre and a stash of utensils in one corner,"" the BBC reported.An emotional Mykola recalled how the lack of space forced him to sleep while standing. ""This was my half a metre of space. I was sleeping standing up. I tied myself to the railing here with my scarf so I wouldn't fall over. I spent 25 nights like this,"" he said.He said there were around 40 to 50 children among those who were held captive and people did not move around much, afraid they would step on others.LIVING WITH THE DEADThe people in the basement, including children, were forced to stay with the corpses as the Russian soldiers did not allow the removal of bodies for days. Also, mortar shelling, explosions and gunfire made it difficult for others to step out.Read: Age old weapons are shaping Russia-Ukraine war, here is the listFifteen-year-old Anastasiia was in the basement along with her father and grandmother. She said, ""It was very scary. I knew the people who died. They treated us very kindly. I felt so sad, they just died here for no reason.""""In normal conditions, they would not have died. Putin is a war criminal,"" said Mykola.He said the soldiers did not even allow the people to use the toilet and asked them to use a bucket.When the Russians left on April 3, volunteers started burying the dead. The area was left in ruins with a damaged football stadium, a giant crater from the bombing and a fresh graveyard.","['Living dead bodies chernihiv', ' russia ukraine war']",https://www.indiatoday.in/world/russia-ukraine-war/story/living-dead-bodies-chernihiv-russia-ukraine-war-1934958-2022-04-08
4,world,Gunmen shoot deputy governor of Myanmar Central Bank,"(8, 4, 2022)","A deputy governor of Myanmar's Central Bank was shot at her home, less than a week after tough new regulations were issued ordering that foreign money held in bank accounts in the military-ruled nation must be exchanged for the local currency.

There were conflicting accounts of whether Than Than Swe, appointed to her post after the military seized power, survived the attack on Thursday.She is believed to be the most senior official associated with the military-run administration to be shot since February last year, when the army ousted the elected government of Aung San Suu Kyi. The takeover triggered widespread peaceful protests that were quashed with lethal force, triggering armed resistance that some UN experts now characterize as civil war.ALSO READ | 1 killed, 5 wounded in Baltimore shooting; gunmen at largeThan Than Swe was shot by two men when she opened the door to her apartment in Bahan township in Yangon, the country's biggest city, said Thet Oo, a local official. He said she was taken to a military hospital where she was confirmed dead, but a report by the US government-backed Radio Free Asia cited a military spokesman as saying she was being treated for her wounds.""Two men came to her apartment and fired three shots. I also heard the gunfire,"" Thet Oo told The Associated Press. ""Shortly after the gunfire, security forces arrived at the housing.""ALSO READ | 14 shot at Vegas hookah parlor, 1 dead and 2 critically hurtThe Home Affairs Ministry confirmed in a text message to journalists that the 55-year-old banker had been attacked.A militant group called the Yangon Region Military Command, which pledges allegiance to the National Unity Government, the main opposition organisation, posted a statement on its Facebook page taking responsibility for the attack on Than Than Swe.It claimed to have carried out 1,128 attacks from last September, when the NUG announced it was launching offensive attacks on the military. It said its attacks resulted in 253 deaths and 300 injuries.ALSO READ | US: 2 dead, 4 wounded in shooting at Idaho shopping mall; gunman in custodyIts claim of responsibility for shooting Than Than Swe was unusual because the NUG - which did not immediately comment on the incident - has tended to distance itself from attacks on civilians that could be characterized as terrorism. It also has only loose control over the network of armed resistance groups that are collectively called the People's Defence Force.In addition to combat in the countryside, urban guerrillas opposed to military rule have carried out targeted killings, sabotage, arson and small bombings. Officials and members of the military have been targeted, as well as people believed to be informers or military collaborators.Last year, Thein Aung, chief finance officer of Myanmar's military-linked Mytel Telecommunications Co, was fatally shot by three men in front of his house in Yangon, but no clear claims of responsibility were made.More than 1,730 civilians have been killed by the security forces since last year's military takeover, according to a detailed tally assembled by the Assistance Association for Political Prisoners, a watchdog organisation.The Central Bank on Sunday issued a notice ordering businesses and individuals to convert dollars and other foreign currency into kyats within one day or face legal consequences.It also said that foreign currency can only be sent overseas with government approval.The order suggests the authorities may be running short of hard currency needed to pay debts and purchase key supplies such as oil, gas and weapons. In addition to having economic output clobbered by the coronavirus pandemic, Myanmar's military leaders were hit with sanctions by Western powers protesting their takeover.Live TV--- ENDS ---","['Myanmar Central Bank', ' Myanmar Central Bank Gunmen']",https://www.indiatoday.in/world/story/gunmen-shoot-deputy-governor-myanmar-central-bank-1934954-2022-04-08
5,world,NA,NA,NA,NA,https://www.indiatoday.in/world/video/economic-crisis-sri-lanka-colombo-food-fuel-medicine-shortage-1934952-2022-04-08
6,world,NA,NA,NA,NA,https://www.indiatoday.in/world/russia-ukraine-war/video/us-provides-ukraine-switchblade-drones-details-1934949-2022-04-08
7,world,US sends suicide drones to Ukraine: What are these Kamikaze or Switchblade drones?,"(8, 4, 2022)","Both Russia and Ukraine have turned towards deadly airstrikes and high-technology weapons amid the raging war in Europe's second-largest country. After ‘vacuum bombs’, there has been chatter around killer ‘Kamikaze drones’ sent by the United States to war-torn Ukraine.

In a major military aid, the United States has shipped 100 Switchblade loitering munitions to Ukraine, a US official was quoted by a report by Russian media as saying on Wednesday. These are also known as Kamikaze drones or suicide drones.Pentagon spokesperson John Kirby, without specifying the type of Switchblade drone, mentioned that ""the US may send drones designed for the elimination of tanks and armoured vehicles"".The acquisition of killer ""Switchblade"" drones is expected to boost the Ukrainian military as it continues its fight against thousand of Russian troops, massive Russian tanks, rampant shelling and airstrikes.What are these Switchblade or Kamikaze drones? Are they more effective in their attacks? How do they work? Here are the details about the suicide drone that hit the headlines last month.ABOUT SWITCHBLADE/KAMIKAZE DRONESSwitchblade drones are single-use weapons that fly into their targets and detonate on impact.According to analysts, they are relatively easy to use and could be highly effective in attacking Russian ground forces.The drones, which have a range of 40 km (25 miles), can be used against vehicles — including trucks, tanks, and armoured personnel carriers.WATCH: EVERYTHING YOU NEED TO KNOW ABOUT SWITCHBLADE DRONESThese drones are made by AeroVironment IncAVAV.O.Last month, the White House had referred to the weapons in a fact sheet on the aid package as ""100 Tactical Unmanned Aerial Systems.""WHY NAMED KAMIKAZEThe Cambridge dictionary describes ""Kamikaze attack"" as: "" a sudden violent attack on an enemy, especially one in which the person or people attacking know that they will be killed"".ALSO READ |  Vladimir Putin's daughters sanctioned by US: All about themThe history of ""Kamikaze"" dates back to the World War-II era when suicide missions were frequently carried out. It is more associated with Japanese special attacks, in which Japanese pilots made suicidal crashes into enemy targets. (Credit Wikipedia)TYPES OF SWITCHBLADE DRONESThere are two variants of the switchblade drones — the Switchblade 300 and the 600.The 300 is designed for strikes on personnel, and the 600, which is larger than the 300 variant, is meant to destroy tanks and other armoured vehicles, the BC news said in one of its reports published last month.ALSO READ | Age old weapons are shaping Russia-Ukraine war, here is the list""The Switchblade 600 and 300 will move as quickly as they possibly can,"" Defence Secretary Lloyd Austin told the House of Representatives Armed Services Committee.MAIN CHARACTERISTICSUnlike massive military drones, loitering munitions are small slow and disposable. For example, the Switchblade 300 weighs less than 6 pounds (2.7 kg) and can be carried in a backpack, CNN reported.It can be launched quickly and easily.These Switchblade drones are equipped with cameras, guidance systems and explosives. They are essentially robotic smart bombs, another report said.ALSO READ | Amid outcry over atrocities, Ukrainian villagers say Russians used them as shieldsThe drones can be programmed to fly to a target. It can also be steered around the target till the time is right to pinpoint the strikes. (Credit: AeroVironment) Both the variants also have a ""wave-off"" feature -- using which their operators can abort an attack even after sending it off.As per the NBC report, the Switchblade 300 can cost as little as $6,000.HOW DO SWITCHBLADE DRONES WORKThe killer drone will cruise at around 60 miles an hour for 15 minutes, while onboard cameras and GPS hunt for nearby enemy assets, a report explained.ALSO READ |  Russia suspended from Human Rights Council, India abstains from voting at UNGAOnce the target is spotted, then the command is given, and the drone can run at the speed of up to 100 miles an hour. It will then dive and explode on impact.A new battlefield threat has emerged in Ukraine. @tomforemancnn reports on the use of loitering munition drones, also known as ""kamikaze"" drones. pic.twitter.com/h6EW9CSZsq— CNN (@CNN) March 31, 2022
These weapons are hard to detect and can penetrate positions miles away.Analysts say the Switchblade orKamakazi drones fit perfectly with the small and fast-moving squad usually favoured by UkraineWHAT MAKES THEM MORE DESTRUCTIVE?Speaking to CNN, a military analyst said the terror aspect of these weapons is ""a significant psychological factor on the battlefield"".Retired Brig Gen Steve Anderson was quoted as saying, ""They [Ukraine] need to have these Kamikaze drones...the ones that can kill tanks, not the ones that can kill personnel.""But will Ukraine benefit from these drones?WHAT UKRAINE SAYSUkraine has raised questions over the said capabilities of the ""deadly"" Kamikaze drones.""Kamikaze drones are designed to destroy targets on the ground and also cannot defend against Ukraine aircraft and missiles,"" the Ukrainian Air Force said on April 1 in a tweet.Debunking ""myths"", the Ukrainian Air Force also said, ""To date, our allies have not answered our call for air defence support (fighter jets and surface-to-air missiles).""Live TV--- ENDS ---",['US sends suicide drones to Ukraine: What are these Kamikaze or Switchblade drones?'],https://www.indiatoday.in/world/russia-ukraine-war/story/us-biden-sends-suicide-drones-ukraine-what-kamikaze-switchblade-drones-explained-1934946-2022-04-08
8,world,NA,NA,NA,NA,https://www.indiatoday.in/world/russia-ukraine-war/video/situation-borodyanka-significantly-dreadful-bucha-zelenskyy-1934938-2022-04-08
9,world,Vladimir Putin's daughters sanctioned by US: All about them,"(8, 4, 2022)","The United States imposed sanctions on Russian President Vladimir Putin’s daughters. But there is little information about the Putin family. Here is all that we know about the elusive sisters — Maria and Katerina — who are allegedly hiding Putin’s wealth.

The two women — Maria Vladimirovna Vorontsova and Katerina Vladimirovna Tikhonova — are in their mid-thirties. Both are daughters of Putin’s first wife, Lyudmila Putina.ALSO READ | Why the US is targeting Putin's daughters Katerina and MariaMaria Vladimirovna Vorontsova (36), the elder sister, is a paediatric endocrinologist. She studied biology at St Petersburg University and medicine at Moscow State University, according to a Reuters investigation. She is involved in genetics research, which Putin has in the past described as a field that will ""determine the future of the whole world”.Maria is the co-owner of Nomenko, a multi-million dollar medical firm. She specialises in rare diseases in children. She married Dutch businessman Joost Faassen but the current status of this relationship is unknown.Katerina Vladimirovna Tikhonova is a 35-year-old tech executive. She used to be an acrobatic dancer and participated in several contests. Her net worth is reported to be USD 2 billion. In 2020, she was appointed to run an artificial intelligence institute at Moscow State University.ALSO READ | Mariupol’s dead put at 5,000 as Ukraine braces for Russian attacks in the eastHer work supports the Russian defence industry and she currently heads Inno Practica, the development initiative funded by oligarchs in Putin's inner circle.A Reuters investigation in 2015 revealed that Katerina is married to Kirill Shamalov, son of Nikolai Shamalov, a long-time friend of President Putin. The report said Shamalov senior is a shareholder in Bank Rossiya, which US officials have described as the personal bank of the Russian elite.(With inputs from Reuters)ALSO READ | Poland arrests two Belarusians suspected of spying for Minsk",['Maria and Katerina vladimir Putin daughters'],https://www.indiatoday.in/world/russia-ukraine-war/story/maria-katerina-putin-daughters-sanctioned-by-us-1934917-2022-04-08
10,world,"Brutal, cruel, trusted by Putin: Who are the Kadyrovites that are fighting alongside Russians in Ukraine?","(8, 4, 2022)","The Kadyrovites, known for being especially cruel, are troops from the republic of Chechnya who have joined Russia’s war against Ukraine.

According to Ukrainians, the Chechens have been among the most brutal of the invading forces.Chechen leader Ramzan Kadyrov, a Putin ally who has been accused of human rights abuses such as torture and executions, regularly posts videos of his men fighting in Ukraine on Telegram. In the videos, the Kadyrovites can be seen shooting in all directions while Ukrainian victims are dragged between corpses.FOLLOW LIVE UPDATES ON RUSSIA-UKRAINE WARWHO IS KADYROV?Ramzan Kadyrov is the son of a Chechen independence leader who switched sides to join the Russians. He is President Vladimir Putin's protégé, according to an AFP report. When Vladimir Putin announced the invasion of Ukraine, he immediately said he would send forces. He said his men would fight the “Nazis of Kyiv”, speaking the same language as Russia. He is taking part in the Ukraine operation to show his loyalty to Putin, as per political expert Konstantin Kalachev.The 45-year-old leader said last month that he had travelled to the besieged Ukrainian port city of Mariupol. He claimed he had found and ‘punished’ with his own hands a Ukrainian soldier who allegedly tortured a Russian.However, not everything he says can be taken at face value. He had announced that his men had captured Mariupol’s city hall; when he posted a video, it was revealed that he was actually referring to a different building.BRUTALITY OF KADYROVITESIn Russia’s previous conflicts including in Chechnya, Ukraine in 2014 and Syria, the Kadyrovites earned a particularly sinister reputation.In the current Ukraine war, the Kadyrovites often say they have ‘taken’ wounded Ukrainian soldiers, in line with their reputation of cruelty.HOW MANY?According to Kadyrov, about a thousand of his men are fighting in Ukraine. This figure is unverified. It is not even known where the Chechens are deployed in Ukraine.Meanwhile, other Chechens who oppose Kadyrov have joined Ukrainian forces to fight Russia.‘PSYCHOLOGICAL WAR’According to political expert Aurelie Campana, the deployment of the Kadyrovites is part of Russia’s ‘psychological war’ on Ukraine.""The announcement of the entry into the war of Kadyrov's troops and the propaganda that surrounds it are part of this effort to destabilise the enemy,"" she was quoted in an AFP report.""Involving Chechen troops serves to fuel fear within the Ukrainian population,” she added.Towards the beginning of the war, rumour had it that Putin had sent the Chechens to kill Ukrainian President Zelenskyy. Kadyrov had himself said that Zelenskyy would soon be the ""the former president of Ukraine"".However, President Zelenskyy often mocks the Kadyrovites in his daily addresses to his nation.‘DISCIPLINING RUSSIANS’The Kadyrovites may also be serving the purpose of disciplining Russian soldiers, as per some commentators. They had done so with pro-Moscow separatists in the 2014 war.""The experience of Kadyrov's troops could not only be an asset to overcome local Ukrainian resistance, but also for disciplining Russian troops and their cronies,"" Campana said.""Putin trusts them completely,"" as per Russian political expert Alexei Malashenko.(With inputs from AFP)Live TV--- ENDS ---ALSO READ | Who is actually winning the Russia-Ukraine war?","['russia ukraine war news', ' kadyrovites', ' putin', ' zelenskyy', ' chechens ']",https://www.indiatoday.in/world/russia-ukraine-war/story/brutal-kadyrovites-russia-ukraine-war-putin-chechens-1934909-2022-04-08
11,world,"Amid outcry over atrocities, Ukrainian villagers say Russians used them as shields","(8, 4, 2022)","Amid allegations of war atrocities against Russia, Ukrainian villagers have now said Russian forces used them as human shields to discourage counter-attacks by Ukrainian armed forces.

""They dug the trenches to put the vehicles in and used us as a shield,"" said 35-year-old Yulia Piankova. The boundary wall of her property is marked with white paint reading ""children"" in the Russian language. She has five children, one of whom is disabled.Read: Russia admits significant troop losses in Ukraine war, laments 'huge tragedy'""It's bad that they didn't go onto the field to fight, but they came to where they knew that many people were,"" she said.""It's a central street and they went around and checked who was there. They took us from the cellar, counted us, and then started to dig the next day.""Locals in the village -- 70 kilometres northwest of Kyiv -- said they were used by a variety of Russian army vehicles from mid-March until their withdrawal at the end of the month. Homes on the street are also hemmed in by foxholes and semi-permanent camps, crammed up against civilian addresses despite the wide-open countryside in all directions.The villagers said tanks, communication vehicles and armoured troop carriers were parked there. Piankova said artillery was also stationed in the park.""We think they were trying to protect themselves by putting the vehicles in between houses,"" said 75-year-old Zhenya Babenko. ""They knew that our guys wouldn't shell residential housing.""""They were using people as a shield,"" she said.CRIME IN CONFLICTThe use of human shields is forbidden under the Geneva Conventions, the international code of humanitarian conduct during wartime.Read: UNGA suspends Russia from Human Rights Council, India abstains from votingA 1977 protocol of the conventions dictates that ""civilians shall not be used to render certain points or areas immune from military operations, in particular in attempts to shield military objectives from attacks"".Since President Vladimir Putin ordered the invasion of Ukraine on 24 February, there have been numerous allegations of war crimes against his troops, their commanders and Putin himself.The United Nations has said Russia's widespread and indiscriminate attacks are of ""immense concern"". The discovery of bodies wearing civilian clothing in the Kyiv commuter town of Bucha has piled further pressure on Putin.Some of the dead had their hands tied behind their backs, with Ukraine alleging they were executed. The Kremlin has denied any role in the deaths and suggested photos of the corpses are ""fakes"".However, what appears to be strong evidence of atrocities has been mounting by the day as Ukrainian authorities access ground occupied by Russia before soldiers withdrew to regroup for an attack in the east.(With inputs on AFP)","[' Ukrainian villagers human shields', ' russian forces human shields war']",https://www.indiatoday.in/world/russia-ukraine-war/story/ukrainian-villagers-russian-forces-human-shields-war-1934902-2022-04-08
12,world,"Two killed, eight injured in Tel Aviv shooting in Israel","(8, 4, 2022)","At least two persons were killed and eight injured in a shooting in Israel’s Tel Aviv on Thursday night. The reasons for the attack, which was carried out in a crowded area with several bars and restaurants, were not immediately clear.

Palestinian Islamist group Hamas praised the attack. The incident came amid rising tensions, following recent attacks by Palestinians that killed 11 people in Israel.ALSO READ | Israel-Palestine conflict: What is two-state solution India spoke about at UNSC?Israel's Magen David Adom emergency service said it received reports of a shooting at “several scenes” around downtown Tel Aviv. It said it had evacuated six people to a nearby hospital, three of whom were in serious or critical condition.Among the areas targeted was Dizengoff Street, a popular weekend hangout spot. Police have urged people to avoid the area.ALSO READ | Israel launches airstrikes in Gaza in response to attack by ‘incendiary balloons’Prime Minister Naftali Bennett was monitoring the situation from the Israeli military headquarters, which is also in downtown Tel Aviv, his office said.Protests and clashes during Ramzan last year sparked an 11-day Gaza war.US Ambassador Tom Nides tweeted: ""Horrified to see another cowardly terror attack on innocent civilians, this time in Tel Aviv. Praying for peace, and sending condolences to the victims and their families. This has to stop!""(With inputs from AP and Reuters)Live TV--- ENDS ---ALSO READ | Tel Aviv emerges as most expensive city to live in; Paris, Singapore share second place","['Tel Aviv shooting', ' Israel palestine attack', ' naftali bennett']",https://www.indiatoday.in/world/story/tel-aviv-shooting-israel-palestine-attack-naftali-1934893-2022-04-08
