SN,category,headline,date,content,keywords,link
1,world,NA,NA,NA,NA,https://www.indiatoday.in/world/video/russia-ukraine-war-26-bodies-found-under-debris-of-2-ruined-buildings-in-borodyanka-1935181-2022-04-08
2,world,NA,NA,NA,NA,https://www.indiatoday.in/world/russia-ukraine-war/photo/trading-suit-and-tie-for-combat-gear-how-zelenskyy-dressed-to-lead-a-war-pics-1935176-2022-04-08
3,world,NA,NA,NA,NA,https://www.indiatoday.in/world/russia-ukraine-war/video/30-killed-100-injured-in-russian-attack-on-kramatorsk-railway-station-1935173-2022-04-08
4,world,Russia or die: Residents of Mariupol left with no choice as war rages on,"(8, 4, 2022)","Russia-Ukraine war has left thousands dead, millions displaced and multiple cities such as Mariupol wrecked. Many Ukrainians fled the war and others spent weeks in damp basements waiting for the humanitarian corridors to open, to exit the city they once loved. In the midst of all this, Ukrainians were given a choice by Russian troops - go to Russia or die.

According to reports, more than one lakh people are still stranded in Mariupol, a strategic port city, without food, water and power. Since communication to the city has been cut off, it's nearly impossible for residents to know when it might be safe to come out of bomb shelters or how to catch evacuation buses.RUSSIA OR DIEAccording to a CNN report, rather than allowing safe passage out of the city, Russian and separatist troops are taking tens of thousands of civilians to""filtration centers"" in Donetsk People's Republic (DPR) in eastern Ukraine, which Russia recognised as independent, before starting its invasion of Ukraine.""A man with a weapon comes in at night and says it's an evacuation. People who have been in the shelter for about 20 days get out, they are put in the car and sent somewhere. In the morning, they saw that this was not Ukraine,"" a resident told CNN.READ | 'She was so scared': Man who fled Ukraine's Mariupol fears granddaughter will be taken to Russian cityAndrey, a 45-year-old, said that residents were not given an option to stay in Ukraine. Andrey along with his neighbours were transported to Dokuchaevsk, a region in Donetsk. Two days later, he was driven back south to Novoazovsk and then across the border to Russia. Andrey is not alone, hundreds of civilians were allegedly sent to Russia under the pretext of 'evacuation'.Anna, another resident, claimed that 90 women and children were directed to a ""registration camp"" in Ukraine's Bezimenne, along with several others. She said they were questioned by Russian troops and all details were recorded before being bused out to Russia.""They came in and said, it is an order: women and children have to leave. Some of those who asked to stay were told no,"" Anna was quoted as saying.According to Ukrainian officials, residents were not given a choice before they were forced out.""They [Ukrainian refugees] were told, you have an option to stay and die, or to go to Russia,"" a Ukrainian civil rights activist told CNN.Russian authorities have, however, denied all reports on 'filtration centres' and alleged that Ukraine is hindering all efforts to evacuate residents from conflict zones.Mariupol remains one of the important cities for Russia because of its location. It sits between Donetsk in the Donbas region and Crimea.In fact, three critical cities make up for Russia's strategic objective in the east to secure the region and create the 'land bridge' between Donbas and Crimea - Mariupol, Melitopol, Kherson.Mariupol also has Ilyich Iron and Steel Works, the second-largest metallurgical enterprise in Ukraine, and the Azovstal iron and steelworks, one of the biggest steel rolling companies in the country.Live TV--- ENDS ---ALSO READ | The broken streets of Mariupol: Ground Report from a city under siegeALSO READ | Mariupol’s dead put at 5,000 as Ukraine braces for Russian attacks in the east","['russia or die', ' urkaine resident russia', ' mariupol or die', ' russia ukraine war', ' ukraine war', ' russia war', ' un on russia', ' un on ukraine war', ' bucha killings ukraine', ' ukraine live updates', ' russia ukraine talk update', 'russia ukraine talks', 'russia ukraine talk result', 'russia ukraine talks today', 'russia ukraine talks live', 'russia ukraine talks latest news', 'russia ukraine conflict latest news', 'russia ukraine conflict update', 'russia ukraine peace talks', 'russia ukraine peace talks result', 'russia ukraine war update', ' russia ukraine war latest updates', ' putin peace talks', ' ukraine peace talks', ' zelenskyy peace talks']",https://www.indiatoday.in/world/russia-ukraine-war/story/mariupol-residents-russia-or-death-registration-camps-evacuation-ukraine-war-1935142-2022-04-08
5,world,NA,NA,NA,NA,https://www.indiatoday.in/world/story/pakistan-live-news-updates-prime-minister-imran-khan-no-confidence-vote-1935126-2022-04-08
6,world,Video shows Ukrainian forces shooting at injured Russian prisoner,"(8, 4, 2022)","As Moscow escalates its military assault on the east of Ukraine, a video has now emerged on social media which claimed that a Russian prisoner was executed by Ukrainian armed forces. This comes days after the horrific Bucha killings. The video, which was first verified by the New York Times, showed a group of soldiers wearing Ukrainian patches and blue armbands on the road.

(IndiaToday.in is not using the video for its sensitive content.)Four injured men in Russian uniform were lying on the pavement in a pool of blood. ""Three of them have head wounds and blood is pooled around the body of a fourth, who has a jacket pulled over his head and seems to be rasping. 'He's still alive,' says one man, in Russian. 'He's gasping,' CNN reported.Read: Civilian killings in Ukraine’s Bucha deeply disturbing, need independent probe: India at UNSCA soldier then pointed a rifle and fired two shots at the body. He paused and fired again until the body started moving.The person who was narrating to the camera also turned to film a Russian infantry fighting vehicle with a ""V"" marking similar to that seen on Russian military hardware operated by many units in Ukraine. A man could be heard saying, ""A little trophy,"" while another said ""Slava Ukrayini!"" [glory to Ukraine].This came after images and videos of people lying dead on the streets of Bucha, some with their hands tied behind them, emerged after the Russian pullout from the outskirts of Kyiv. The grisly images of battered bodies left out in the open or hastily buried drew global condemnation and calls for investigation and tougher actions against Russia.Reuters journalists who visited Bucha on Saturday saw bodies lying on the streets of the town, 37 km (23 miles) northwest of the capital Kyiv. A mass grave at one church was still open, with hands and feet poking through the red clay heaped on top.Ukraine accused Russian forces on Sunday of carrying out a ""massacre"" in the town, one of many recaptured by Ukrainian troops as Russia regrouped for battles in eastern Ukraine. Russia denied the allegations, calling them a ""provocation"" by Ukraine.Read: Satellite images show long trench at mass grave site in Ukraine's Bucha","['Video shows Ukrainian forces shooting', ' injured Russian prisoner']",https://www.indiatoday.in/world/russia-ukraine-war/story/video-shows-ukrainian-forces-shooting-injured-russian-prisoner-1935107-2022-04-08
7,world,"Wagner mercenaries, Russian soldiers involved in massacre in Ukraine's Bucha: Report","(8, 4, 2022)","Mercenary group Wagner allegedly played a key role in the Bucha killings, a report by BBC has indicated. Russian soldiers also appeared to have played a significant role in the killings, which the Kremlin denied having played a role in. The report was based on Russian messages reportedly intercepted by the Federal Intelligence Service of Germany.

According to German media, the country’s intelligence heard Russian troops discussing the killing of civilians in Ukraine’s Bucha.ASLO READ | Destroyed tanks and dead bodies: Russia's military suffers toll from its Ukraine invasion | PICSGerman magazine Der Spiegel reported that some of the radio traffic tracked by the Federal Intelligence Service (BND) of Germany appeared to match the locations of the bodies found just outside Kyiv.However, the Federal Intelligence Service is yet to comment on the issue. The Ukraine administration has said that more than 300 civilians were killed in Bucha by Russians. Ukrainian President Volodymyr Zelenskyy alleged that Russia committed genocide. But Russian President Putin has denied all charges.Photos of the streets of Bucha that showed bodies strewn all around shocked the international community. Some of the visuals suggested that the victims’ hands were tied and they were shot in the back of the head.The Ukrainian town of Bucha was seized by Russian troops soon after Putin’s troops invaded Ukraine on February 24. The Russians withdrew from Bucha after over a month, and Ukrainian forces entered the town.ASLO READ | Russia leaves UN Human Rights Council after suspension over 'atrocities' in UkraineThe BND shared its data with German parliamentarians on Wednesday.The German magazine said that in one intercepted radio message, Russian soldiers seemed to be talking about questioning people and then shooting them. In another, a Russian soldier spoke about shooting someone on a bike. This appeared to match the description of a dead cyclist seen in a photo from Bucha.Der Spiegel reported that Germany’s intercepts also appeared to indicate that mercenaries from Russia's Wagner group played a key role in the massacre. A security officer told news agency Reuters: ""It's true that the [German] federal government has indications of Russian perpetration in Bucha. However, these findings on Bucha refer to satellite images. The radio transmissions cannot be clearly assigned to Bucha.""The Russian administration said that its forces withdrew from Bucha on March 30. But the Ukraine government said that the massacre occurred early on March 31.A video surfaced on April 1 that showed bodies on either side of a road. Reacting to it, Russia said that the footage showed ""fake bodies"" and it was ""staged"".However, a satellite image by Maxar Technologies from March 19 contradicted Russia’s claim.The photo showed objects that appeared to be corpses in the exact locations where they were later found by Ukrainian forces when they gained back control of Bucha.(With inputs from BBC)ALSO READ | Vladimir Putin's daughters sanctioned by US: All about them","['Wagner mercenaries', ' Russian soldiers', ' Bucha civilian massacre', ' Russia-Ukraine war']",https://www.indiatoday.in/world/russia-ukraine-war/story/wagner-mercenaries-russian-soldiers-involved-in-bucha-massacre-ukraine-1935077-2022-04-08
8,world,"2 rockets hit train station in east Ukraine, over 30 dead","(8, 4, 2022)","More than 30 people are feared to have been killed and over 100 injured after two rockets hit a train station in the eastern Ukraine city of Kramatorsk on Friday. The station was being used for the evacuation of residents amid the raging Russian-Ukraine war, news agency AFP reported.

The attack occurred when civilians were trying to evacuate to safer parts of the country, the state railway company was quoted by Reuters as saying. It said two Russian rockets had struck a station in Kramatorsk, which is used for the evacuation of civilians from areas under bombardment by Russian forces.SEE PICS | Guns and roses: Ukrainian reservists marry amid war""Two rockets hit Kramatorsk railway station,"" Ukrainian Railways said in a statement. ""According to operational data, more than 30 people were killed and more than 100 were wounded in the rocket attack on Kramatorsk railway station,"" it said.Russia did not immediately comment on the reports of the attack and the casualty. Moscow has denied targeting civilians since invading Ukraine on February 24.Live TV--- ENDS ---(With inputs from Reuters, AFP)ALSO READ | Living amidst corpses outside Chernihiv: Horrors from Russia-Ukraine warALSO READ | US sends suicide drones to Ukraine: What are these Kamikaze or Switchblade drones?ALSO WATCH | Situation in Borodyanka 'significantly more dreadful' than Bucha: Zelenskyy","['2 rockets hit train station in east Ukraine', ' over 30 dead']",https://www.indiatoday.in/world/russia-ukraine-war/story/dead-injured-rocket-strike-kramatorsk-train-station-in-ukraine-evacuations-1935073-2022-04-08
9,world,NA,NA,NA,NA,https://www.indiatoday.in/world/russia-ukraine-war/photo/guns-and-roses-ukrainian-reservists-marry-amid-war-pics-1935063-2022-04-08
10,world,Russia withdraws from UN Human Rights Council after suspension over 'war crimes' in Ukraine,"(8, 4, 2022)","After the United Nations General Assembly voted to suspend Russia from the UN Human Rights Council (UNHRC) after allegations of atrocities committed by Russian forces in the war with Ukraine, Moscow has decided to end its membership in the human rights body.

In Russia’s view, the resolution adopted by the UN General Assembly in New York on April 7 on suspending the membership of the Russian Federation in the UN Human Rights Council (UNHRC) is an unlawful and politically motivated act of punishment designed to make an example of a sovereign UN member pursuing independent domestic and foreign policies.""Our decision to end our membership in the UNHRC effective immediately does not mean Russia is retreating from its international human rights commitments. The Russian Federation intends to continue helping to facilitate a constructive dialogue on human rights and engaging all stakeholders in collective decision-making in the interests of all groups of states.""","[""Russia withdraws from UN Human Rights Council after suspension over 'war crimes' in Ukraine""]",https://www.indiatoday.in/world/russia-ukraine-war/story/russia-ends-membership-un-human-rights-council-ukraine-war-1935053-2022-04-08
11,world,Israel police shoot dead gunman who killed 2 people in Tel Aviv,"(8, 4, 2022)","Israeli police on Friday shot dead the gunman who had fled after killing two persons and injuring 13 others, including four critically, in the central Tel Aviv area when it was packed with people enjoying the start of the weekend and shopping ahead of the Passover holiday in the Jewish nation.

The shooting incident happened on Thursday evening at a time when Israel is struggling with a string of terror attacks over the past three weeks that has killed 13 people so far.The assailant, identified as 29-year-old Ra’ad Fathi Zaydan from the Jenin area in the West Bank, was shot dead in Jaffa area early on Friday morning after Israel launched a massive manhunt deploying over a thousand police officers, including elite police and military units.The two men killed in the shooting incident were aged 27 and 28 years old, security officials said.The assailant, who according to witnesses was armed with a pistol, opened fire toward Ilka bar on Dizengoff Street.Four of the wounded, including two men aged 38 and 20, and a 28-year-old woman, remain in serious condition, medical sources said.ALSO READ | Two killed, eight injured in Tel Aviv shooting in IsraelPolice said a preliminary investigation suggested that shortly before the shooting, the assailant was walking around Dizengoff Street, apparently looking for a crowded area.A security official said he was documented sitting on a bench near the Ilka bar for 15 minutes before he launched the attack.Speaking after the attack, Prime Minister Naftali Bennett vowed to make everyone involved in the attack “pay the price”.“This was a very difficult night. My condolences are with the families of the murdered, and I pray for the full recovery of the injured,” he said.“Security forces are searching for the terrorist who committed tonight’s murderous rampage in Tel Aviv. Wherever the terrorist is, we will find him. And every person who aided him in his mission will pay the price,” Bennett asserted.The Prime Minister’s Office in a statement said Bennett was briefed throughout the night on efforts to find the Tel Aviv terrorist.The statement came after news that the gunman was found and killed by security forces.Meanwhile, the Islamic Jihad and Hamas praised the attack and said that it was a natural response to Israeli escalation against the Palestinian people and the damage being inflicted on holy sites, particularly Al Aqsa Mosque.Islamist Hamas that controls the Gaza Strip issued a statement with Hamas spokesman Abdelatif Al-Qanou saying that “the heroic attack in the heart of the (Israeli) entity has struck the Zionist security system and proved our people’s ability to hurt the occupation”.Israel has faced a wave of terror attacks over the past month. On March 22, four Israelis were killed in a stabbing attack in Beersheba, on March 27 two border police officers were killed in a shooting attack in Hadera, on March 30 two Israeli civilians, two Ukrainian nationals and a police officer were killed in a shooting attack in Bnei Brak.Bennett on Tuesday claimed that Israel has thwarted over 15 terror attacks over the past two weeks, calling the wave of attacks that have killed 11 people “a wake-up call”.Tensions have been high since the start of the holiday of Ramadan earlier this month.In 2016, a shooting attack had taken place in the same area.Live TV--- ENDS ---ALSO READ | Arab gunman kills 5 in Israel's Tel Aviv","['Israel Police', ' Israle shooting', ' Israel gunman', ' Tel Aviv shooting']",https://www.indiatoday.in/world/story/israel-police-shoot-down-gunman-tel-aviv-1935044-2022-04-08
12,world,NA,NA,NA,NA,https://www.indiatoday.in/world/photo/cargo-plane-breaks-in-two-during-emergency-landing-in-costa-rica-pics-1934999-2022-04-08
