SN,category,headline,date,content,keywords,link
1,trending-news,"Kili Paul lip-syncs to ‘Violence Violence’ dialogue from Yash’s KGF Chapter 2 in viral video. On-point, says Internet","(14, 4, 2022)","Internet sensation Kili Paul always keeps his 3.5 million followers on Instagram entertained with dance and lip-sync videos. The Tanzanian social media star loves Bollywood as well as Tollywood movies and shares videos of himself dancing to popular songs.

Kili Paul generally shares his videos dressed in traditional Maasai clothing, but in his latest share he wore formals and acted out a popular dialogue from the movie KGF Chapter 2. Kili Paul nailed Yash’s dialogue, “Violence..Violence..Violence! I don’t like it. I avoid, but, violence likes me!” perfectly.In the video, Kili is seen lip-syncing to the dialogue while mock-punching a person and standing in a pose just like Yash from the movie.Take a look:View this post on InstagramA post shared by Kili Paul (@kili_paul)
Take a look at a snippet of the dialogue:The video has garnered over 130k likes and tons of reactions. People loved Kili’s acting skit and asked him to share more of such videos. Many people pointed out that he would be a perfect pick for Indian movies.  What are your thoughts on this video?Live TV--- ENDS ---Also Read | If you love Akshay Kumar's Dhadkan songs, you must watch Kili Paul singing Dil Ne Yeh Kaha Hai Dil Se. Viral video","['kili paul', ' violence violence', ' kgf chapter 2', ' yash', ' kannada']",https://www.indiatoday.in/trending-news/story/kili-paul-lip-syncs-to-violence-violence-dialogue-from-yash-s-kgf-chapter-2-in-viral-video-on-point-says-internet-1937531-2022-04-14
2,trending-news,"Imran Khan, Shehbaz Sharif supporters get into a fight at Iftaar party. Video goes viral","(14, 4, 2022)","The current situation in Pakistan is quite volatile ever since former Pakistan Prime Minister Imran Khan was replaced by Shehbaz Sharif. Now, in a shocking incident, some supporters of Khan as well as Sharif were seen engaging in a fist fight at a private party.

The video was posted on Twitter and has now gone viral. It shows members of Pakistan Tehreek-e-Insaf (PTI) and Pakistan Muslim League (Nawaz) (PML-N) shouting and abusing each other. The incident was shot at a private iftaar party and senators and members of the Parliament were also present.In the video, food and chairs were thrown at each other and people were punched and slapped as well.Take a look: pic.twitter.com/W9SrPbYG6A— Waseem Abbasi (@Wabbasi007) April 12, 2022
The video has been viewed over 162k times and received several reactions. People were shocked to see such unruly behavior during iftaar.Welcome to purana Pakistan#__ pic.twitter.com/7XgB0dYUm9— Chaudhry Ataur Rehman (@AtaurRehmanCh81) April 12, 2022
These our representative??#__ https://t.co/hQqUaLBLJD— Ali Sufian (@alisufian27) April 13, 2022
Shameless people https://t.co/bLLDn5zmHJ— CH Itzaz Bagri(Adv) (@ItzazBagri) April 12, 2022
70-year-old Shehbaz Sharif is the younger brother of former Pakistan Prime Minister Nawaz Sharif. He was elected uncontested as the Prime Minister of Pakistan after the no-trust motion against Imran Khan.Live TV--- ENDS ---Also Read | Imran Khan out, Shehbaz Sharif in: What it means for India-Pakistan relations","['imran khan. shehbaz sharif', ' PTI', ' PMLN', ' viral video', ' iftaar', '']",https://www.indiatoday.in/trending-news/story/imran-khan-shehbaz-sharif-supporters-get-into-a-fight-at-iftaar-party-video-goes-viral-1937501-2022-04-14
3,trending-news,Amul celebrates Ranbir Kapoor and Alia Bhatt’s most-awaited wedding with a quirky doodle. See post,"(14, 4, 2022)","There has been so much hullabaloo around Alia Bhatt and Ranbir Kapoor’s wedding. From their wedding venue, to the date, everything has been a matter of speculation on social media. The lovely couple are finally tying the knot today and now, the only thing that we are waiting for with bated breath is to see them dressed as bride and groom. While that might take a bit of time, you can satiate your curiosity of seeing the couple’s wedding pictures with this doodle that Amul posted to celebrate their much-awaited wedding.

Amul shared a quirky doodle on their social media handles which feature the animated versions of Alia Bhatt and Ranbir Kapoor dressed in lehenga and sherwani, respectively. Ranbir can be seen feeding Alia a slice of bread smeared with Amul butter. You can also see the Amul girl standing next to them with a plate full of bread and butter. “Patt magni, Bhatt byah. Star butter,” are the words inscribed on the doodle.Take a look at the post here:View this post on InstagramA post shared by Amul - The Taste of India (@amul_india)
This is how the netizens reacted: Meanwhile, Ranbir Kapoor and Alia Bhatt’s pre-wedding festivities commenced on Wednesday with the mehendi ceremony at Vastu, the apartment complex in Mumbai where the couple live. Several stars, including Ranbir’s cousin sisters Karisma and Kareena Kapoor attended the ceremony, all decked up in beautiful ensembles.Ahead of the mehendi, a Ganesh pooja was held as well. As for their haldi, the ceremony began at 9am today, and was followed by the chooda ceremony.Live TV--- ENDS ---ALSO READ| Neetu Kapoor in exquisite multicoloured lehenga arrives for Ranbir Kapoor and Alia Bhatt's wedding","['amul doodle', ' alia bhatt weddingm ranbir kapoor wedding', ' ralia wedding']",https://www.indiatoday.in/trending-news/story/amul-celebrates-ranbir-kapoor-and-alia-bhatt-s-most-awaited-wedding-with-a-quirky-doodle-see-post-1937443-2022-04-14
4,trending-news,German surfer rides 115-feet wave. Mind is blown | Watch,"(14, 4, 2022)","The internet never fails to amaze us with its treasure trove of amazing videos. One such video of a German surfer scaling a massive wave is bound to make your jaw drop. The old video has once again gone viral after being shared on Twitter.

Sebastian Steudtner from Nuremberg, Germany wowed onlookers after surfing along a Brobdingnagian wave with a height of 115 feet. The video recorded back in 2018 was from the World Surf League held at Praia de Norte, Nazaré, Portugal.The awe-inspiring clip shows Steudtner surfing smoothly along the waves.Take a look and be prepared to be amazed:German surfer Sebastian Steudtner rode a wave that was over 115 feet tall  Nazare, Portugal@alvinfoopic.twitter.com/FY2b4ohTTG— (@sportingnews) April 13, 2022
The video has garnered over 3.8 million views and tons of reactions. People were stunned to see Steudtner’s amazing skill and showered many compliments in the comments section.Where did homie even come from, & how do u plan for/time something like this?— Stark Thanos (@StarkThanos7) April 13, 2022
pic.twitter.com/GBaUo2I31j— KT (@KTGamer01) April 14, 2022
Reminds me of this legendary episode of Pokemon pic.twitter.com/hgV49MXXgr— Devin Engle (@theherewegoshow) April 14, 2022
I'd be scared just watching from the beach.— Dan (@realDan203) April 14, 2022
pic.twitter.com/lUellHNGMF— Kinging Of Lagos 3.0 (@iamadekinging) April 14, 2022
The video was also shared on the YouTube page of the World Surf League. “Sebastian Steudtner (Nuremberg, Germany) tows in well outside and streaks past the amassed onlookers on the iconic lighthouse fort at Praia de Norte, Nazaré, Portugal on January 18, 2018,” informed the caption.What are your thoughts on this video?Live TV--- ENDS ---Also Read | Ice Age’s ‘unlucky squirrel’ finally gets his acorn in a happy farewell video. Watch","['german', ' surfer', ' portugal', ' surfing video', ' viral video', ' twitter', '']",https://www.indiatoday.in/trending-news/story/german-surfer-rides-115-feet-wave-mind-is-blown-watch-1937401-2022-04-14
5,trending-news,Ranbir Kapoor and Alia Bhatt to tie the knot today. Here’s how Twitter is reacting to their wedding,"(14, 4, 2022)","We know, all of you are currently waiting for Ranbir Kapoor and Alia Bhatt’s wedding pictures but before we get hold of the official photos, let’s take a look at how Twitter is reacting to their wedding. The couple has been dating for quite some time now and after some major speculations, it was finally confirmed by Neetu Kapoor and her daughter Riddhima Kapoor Sahni that the couple will be tying the knot today in Mumbai in the presence of close friends and family members. Well, netizens could barely keep calm. Some reacted to the news with utmost joy, others churned out some hilarious memes.

Take a look at some of them here:Me while waiting for #RanbirAliaWedding pics .. pic.twitter.com/KmoDVIPqiK— S (@Sweety_speaks) April 14, 2022
Where’s the groom #RanbirAliaWedding #RanbirKapoor pic.twitter.com/ZOPnMMs79Q— (@R96RK) April 14, 2022
Neutrals: What is the exact date of Ranbir Kapoor & Alia Bhatt's wedding?RKFs & Alia Stans: #RanbirAliaWedding #TheBigBollywoodWedding #RanbirKapoor #AliaBhatt pic.twitter.com/KDSOuTIT5F— Team Supreme Groom (@anomittroshah) April 14, 2022
I'm sure I am going to cry a river tomorrow #RanbirAliaWedding pic.twitter.com/xy4RAXx6ND— Team Bride (@surkhrooh_) April 13, 2022
All the boys having Crush on Alia right now #AliaBhatt #aliaranbirwedding #RanbirAlia #RanbirKapoor #RanbirKapoorAliaBhattWedding #Memes #bollywoodwedding #Trending pic.twitter.com/DImRk7ZbdI— Priyanka Banubakode (@PriyaBanubakode) April 13, 2022
Rk fangirls rnPs. Found this on yt shorts#RanbirAliaWedding pic.twitter.com/LEr90gb9KS— Kapoor's bahu (@ranbirlovesruch) April 14, 2022
#RanbirAliaWedding #AliaBhattRanbir Alia announced their weddingGirls who have crush on #RanbirKapoor be like: pic.twitter.com/9oLF3wy6iJ— Devyani Kohli (@DevyaniKohli1) April 6, 2022
Every single girl crushing on Ranbir Kapoor is like #aliaranbirwedding #AliaBhatt #RanbirAliaWedding #April17th #RanbirKapoor pic.twitter.com/uUzQMTA3lb— Tehillah Jacob (Tehi) (@tehijacob) April 10, 2022
Alia Bhatt and Ranbir Kapoor will be married in a matter of a few hours now! Alia Bhatt and Ranbir Kapoor’s wedding is totally the shaadi of the year. About their ‘big day’ today, a source had shared exclusively with IndiaToday.in, “Both the families have decided the wedding will happen around the second week of April. This decision was taken given Ranbir and Aalia’s impending work commitments and also a date that was picked by the family pandit.” The duo will have an intimate wedding with only family and close friends in attendance.Live TV--- ENDS ---ALSO READ| Alia Bhatt's BFF Anushka Ranjan Kapoor dazzles in saree for RaAlia ki shaadi. See pic","['ranbir alia memes', ' ranbir kapoor alia bhatt wedding', ' ranbir kapoor', ' alia bhatt']",https://www.indiatoday.in/trending-news/story/ranbir-kapoor-and-alia-bhatt-to-tie-the-knot-today-here-s-how-twitter-is-reacting-to-their-wedding-1937370-2022-04-14
6,trending-news,Ice Age’s ‘unlucky squirrel’ finally gets his acorn in a happy farewell video. Watch,"(14, 4, 2022)","Remember Scrat the saber-toothed squirrel from the Ice Age movies? The poor animal always had difficulties while holding onto his precious acorn. At the beginning or during every Ice Age movie, Scrat used to make an appearance and leave us giggling at his stupid antics.

Now, Blue Sky Studios, the animation company behind the Ice Age franchise, has shared a sweet farewell video for the ill-fated squirrel. After the studio was shut down by Disney in 2021 due to Covid-19, the makers of Ice Age decided to finally give Scrat the only thing he wanted of all- an acorn!“In the final days of Blue Sky Studios, a small team of artists came together to do one final shot. This shot is a farewell, a send-off on our own terms,” read the caption.Check out the sweet video:In an official statement, the studio thanked people for supporting them during the 34-year-long journey.View this post on InstagramA post shared by Blue Sky Studios (@blueskystudios)
Netizens were overjoyed at the sweet ending. Many pointed out how Scrat’s character had been their favourite since childhood.  Bye Scrat! Hope you find many more acorns.Live TV--- ENDS ---Also Read | Trevor Noah says BTS is the nicest band after meeting them at the Grammys. Watch video","['ice age', ' squirrel', ' disney', ' blue sky studio', ' acorn', ' viral video', ' youtube', ' ']",https://www.indiatoday.in/trending-news/story/ice-age-s-unlucky-squirrel-finally-gets-his-acorn-in-a-happy-farewell-video-watch-1937384-2022-04-14
7,trending-news,Little boy offers water to elderly couple on the street. Viral pic leaves Internet emotional,"(14, 4, 2022)","There is no substitute for kindness and that is a fact. And, while we are on this topic, it is very safe to say that if compassion and empathy is instilled from a young age, it shows. You must be thinking why we are talking about this all of a sudden. So, IAS officer Awanish Sharan took to Twitter to share a heartwarming picture and it has gone viral online. Read on to find out about it further.

In the now-viral picture, a young boy can be seen offering water from his own bottle to an elderly couple on the street. The simple picture is worth a thousand words and it will surely move you.“Hatred is taught, kindness is natural,” reads the caption of the post.See post here:Hatred is Taught. Kindness is Natural. pic.twitter.com/plKNo1asLv— Awanish Sharan (@AwanishSharan) April 14, 2022
After being shared online, the post garnered close to 4k likes. Netizens hailed the kindness of the little boy and were touched by his gesture.“We're born with kindness. We're born to love,” a user wrote.Another user commented, “Innocent child’s awesome thought and admirable gesture.”See the comments here:Beautiful message— Raj (@Raj_bhy) April 14, 2022
We're born with kindness.. We're born to love, with love— (@houseofcrappp) April 14, 2022
Innocent child’s awesome thought and admirable gesture.— Rajendra prasad Vemana (@vemana_prasad) April 14, 2022
Well said— pradeep kumar jha (@pradeepkumarjh8) April 14, 2022
Very true https://t.co/0gVfql30KR— Hardeep khurana (@Hardeepkhurana2) April 14, 2022
So wholesome, isn’t it?Live TV--- ENDS ---ALSO READ | Teacher saves 9-year-old student’s life who choked on a bottle cap during class. Video is viral","['awanish sharan', ' viral', ' picture', ' post', ' twitter', ' little boy', ' offers', ' water', ' elderly couple', ' street']",https://www.indiatoday.in/trending-news/story/little-boy-offers-water-to-elderly-couple-on-the-street-viral-pic-leaves-internet-emotional-1937368-2022-04-14
8,trending-news,Twitter flooded with hilarious jokes as Oyo Rooms's 'thappad se darr nahi lagta sahab' post goes viral. Best ones,"(14, 4, 2022)","Some dialogues delivered by actors in films have a special place in our hearts, don’t you think? Some of them are so iconic that they get etched into the minds of people. Among them is Sonakshi Sinha’s popular dialogue from the 2010 film Dabangg. It goes like this: “Thappad se darr nahi lagta sahab, pyaar se lagta hai (I am scared of love, not a slap).”

So when Oyo Rooms decided to share a post with a twist to the iconic dialogue on Twitter, it obviously went viral online. “Thappad se darr nahi lagta sahab, mere boss ke ‘typing...se lagta hai,” the viral post read.See post here:Thappad se darr nahi lagta sahab, mere boss ke ‘typing’ se lagta hai— OYO (@oyorooms) April 12, 2022
The tweet shared on April 12 swiftly went viral online, triggering a wave of responses from netizens. Users churned out hilarious jokes and listed the plethora of things or situations they are scared of. They even gave their own special twists to the dialogue.Take a look:Thappad se darr nahi lagta sahab, Monday ko face karne se lagta hai https://t.co/CFld6yGO5t— fiza (@yoursfiza) April 12, 2022
Thappad se darr nahi lagta sahab, kisi holiday ka sunday par padne se lagta hai https://t.co/oweCKJ0pOf— Dolly attri (@dollyattrii) April 12, 2022
Thappad se darr nahi lagta sahab, mujhe mummi ke ' 5 missed calls' se darr lagta hai— Srishti Shukla (@dusky_drone) April 12, 2022
Thappad se darr nahi lagta sahab, mujhe papa ke '2 missed calls' se darr lagta hai— Om Chudasama (@yeah_omm) April 12, 2022
Thappad se darr nahi lagta sahab, Lemon & petrol price badhne se lagta hai— Ankita (@Memeswalimulagi) April 12, 2022
Thappad se darr nahi lagta saheb, mere pappa ki belt se lagta hai https://t.co/zChZbOeaSH— kashif (@thatangryhead_) April 12, 2022
Thappad se darr nhi lagta sahab, SBI ke lunch time se lagta hai https://t.co/jIuFvybtAo— Suhail (@isuhailsaifi) April 12, 2022
Thappad se darr nhi lagta sahab, mere professor ki 'syllabus khatam karne ki speed' se lagta hai https://t.co/VoIeWyYtke— Aman Singh (@theamantweets) April 12, 2022
Thappad se dar nahi lagta sahab, 90% data used ki warning se lagta hai https://t.co/WE8Ia1H2LM— Mayur (@thehumourholic) April 12, 2022
The 2010 film Dabangg was Sonakshi Sinha’s debut film and also starred Salman Khan in the lead role. The movie was directed by Abhinav Kashyap.Hilarious, right?Live TV--- ENDS ---ALSO READ | Ranu Mondal sings Kacha Badam dressed as a bride. Video goes viral","['sonakshi sinha', ' dabanng', ' dialogue', ' thappad se darr nahi lagta', ' oyo rooms', ' viral', ' post', ' twitter']",https://www.indiatoday.in/trending-news/story/twitter-flooded-with-hilarious-jokes-as-oyo-rooms-s-thappad-se-darr-nahi-lagta-sahab-post-goes-viral-best-ones-1937360-2022-04-14
9,trending-news,Trevor Noah says BTS is the nicest band after meeting them at the Grammys. Watch video,"(14, 4, 2022)","Talk show host Trevor Noah was the presenter for this year’s Grammy awards. His one-liners and witty remarks made the event highly enjoyable and fun. During the awards show, Noah was seen sitting with K-pop boy band BTS. He went ahead to show them his Korean speaking skills and made the members laugh out loud.

However, that was not the only interaction Noah had with the global K-pop stars. During an episode on his talk show, Noah opened up about his meeting with BTS. “One thing I love about BTS is they are the nicest group of people you’ll ever meet. They are just nice in every interaction with people & what they do,” he told a woman sitting in the audience in response to her question about the boy band.The official Twitter profile of The Daily Show also shared the behind-the-scenes video with the caption, “Trevor Noah: newest member of the #BTSArmy”.Take a look:Trevor Noah: newest member of the #BTSArmy. #BetweenTheScenes pic.twitter.com/DIY9MKXXmk— The Daily Show (@TheDailyShow) April 13, 2022
The video has gone viral with over 771k views and tons of reactions. ARMYs flocked to the comments section to show their love for the septet. Many shared snippets of their favourite things about BTS as well.I'm glad you love @BTS_twt, if you love their Grammy performance, definitely suggest their MMA and MAMA Korean stages to check out. And I agree they're one of the nicest & down to earth people you'll know @Trevornoah @TheDailyShow pic.twitter.com/0rUD28qaEM— Vivi (@My7DeadlySins) April 13, 2022
Thank you @Trevornoah for being so kind with them and for making them comfortable during the grammys. @BTS_twt are really the humblest and nicest people to exist they are super talented and passionate about their music. pic.twitter.com/XAAxwrP4cS— (@winterbeartaete) April 14, 2022
Thank you so much for your honest and kind words. They are, indeed, the most genuine, humble, kind-hearted, professional, and talented human beings who made it big in the entertainment industry and I'm so proud to be one of their #BTSARMY @BTS_twtpic.twitter.com/V7GyYG38qF— Superbunny (@strawberryNtae) April 13, 2022
They are indeed a nice group of artists and sadly not everyone is like this. That's why a lot of people love them so much. Sincere , hardworking , funny and really beautiful human beings.— Paula BTS LOCKDOWN (@NiKlSpain) April 13, 2022
BTS is more than just their English pop songs, as some of the people that criticize them think. Other people tend to be close-minded because of the language barrier but if you give them a chance, you will definitely understand why they are loved by ARMYs pic.twitter.com/zF307KauB8— (@seokjinius7) April 13, 2022
Man, a full in-depth interview between Trever and BTS would be amazing! Talking about the intricate and sometimes dark themes of their music, the cultural impact of being a non-American group topping the American entertainment industryit would be a dream to see!— SabieKay (@SabieKay) April 13, 2022
Previously, Noah had shared a picture with the septet. “At my funeral, please don’t use words. Just show this pic. Well, I mean, if you have other angles of this moment feel free to use those as well,” he wrote in the caption.Check it out:At my funeral, please don’t use words. Just show this pic. Well, I mean, if you have other angles of this moment feel free to use those as well. #BTS #BestNightEver #GRAMMYs @bts_bighit @BTS_twt : @GettyImages pic.twitter.com/gxXOGY0YhB— Trevor Noah (@Trevornoah) April 6, 2022
Looks like Trevor Noah has joined the ARMY fandom! What do you think?Live TV--- ENDS ---Also Read | Fans have found this connection between BTS’s Jungkook and Princess Diana. Viral post","['trevor noah', ' grammys 2022', ' bts', ' kpop', ' viral video', ' twitter', '']",https://www.indiatoday.in/trending-news/story/trevor-noah-says-bts-is-the-nicest-band-after-meeting-them-at-the-grammys-watch-video-1937347-2022-04-14
10,trending-news,Teacher saves 9-year-old student’s life who choked on a bottle cap during class. Video is viral,"(14, 4, 2022)","A dramatic footage that has surfaced online showed a teacher’s heroic act which ended up saving her 9-year-old student’s life. The little boy was in class when he attempted to open a water bottle with his mouth and choked on the cap. The teacher came to his rescue and performed the Heimlich maneuver and saved his life. The video of the incident has gone viral on social media. Goodnews Movement’s Instagram handle shared the video on Wednesday and it has over 3 million views.

Robert, a third grader at East Orange Community Charter School in New Jersey, was about to drink water from the bottle but instead of opening the cap with his hands, he used his mouth and it went terribly wrong for him. He immediately began choking on the cap and he couldn’t force it out of his throat. He got up and ran towards his teacher for help. JaNeice Jenkins, his teacher, jumped into action and performed the Heimlich maneuver technique to push out the bottle cap.View this post on InstagramA post shared by Good News Movement (@goodnews_movement)
“I started it with my teeth and then I was squeezing it a little and then the water pushed the cap to my throat,” Robert told WABC, Daily Mail reported.Jenkins, who has taught at the school for five years, was trained in CPR and basic first aid when she was a preschool teacher and recently took a refresher course.“He ran to me and couldn't talk so he was pointing to his throat,” Jenkins said. “Then I just went to deliver the Heimlich maneuver and luckily it popped out and he was okay.”Netizens lauded the teacher for her timely action. See some of the comments below: Kudos to JaNeice Jenkins!Live TV--- ENDS ---ALSO READ| US cop rescues owl hit by vehicle in Virginia. Thank you, says Internet","['teacher saves life', "" teacher saves student's life"", ' teacher helps student', ' student chokes on bottle cap']",https://www.indiatoday.in/trending-news/story/teacher-saves-9-year-old-student-s-life-who-choked-on-a-bottle-cap-during-class-video-is-viral-1937273-2022-04-14
11,trending-news,Ranu Mondal sings Kacha Badam dressed as a bride. Video goes viral,"(14, 4, 2022)","A video of internet sensation Ranu Mondal has surfaced on social media where she is seen dressed as a bride. Yes, you heard that right. A video that has surfaced on Facebook and YouTube features Ranu Mondal decked up as a Bengali bride in a red saree and jewellery. Also, she is seen singing the viral Bengali song Kacha Badam.

The song by Bhuban Badyakar, a peanut seller from West Bengal, was trending furiously online a few days ago. The video on Facebook has over 9,000 likes and over 13k shares.In the viral video, Ranu Mondal sings Kacha Badam dressed as a bride. It is still not clear who has recorded this video. However, it has managed to garner a lot of attention online.Watch the video here:In January, another video of Ranu Mondal singing Kacha Badam had surfaced on social media. Watch the video here:Who is Ranu Mondal, you ask? Well, she is the same woman who became an overnight star after a video of her singing the 1972 song Ek Pyaar Ka Nagma Hai went crazy viral in August 2019. She was spotted by Atindra Chakraborty, a young engineer at the Ranaghat Railway Station in West Bengal. She shot to instant fame and even sang a couple of songs for Himesh Reshammiya’s film Happy Hardy and Heer.Live TV--- ENDS ---ALSO READ| Internet sensation Ranu Mondal sings trending Bengali song Kacha Badam in viral video, gets trolled","['ranu mondal', ' ranu mondal bride', ' internet sensation ranu mindal', ' ranu mondal kacha badam']",https://www.indiatoday.in/trending-news/story/ranu-mondal-sings-kacha-badam-dressed-as-a-bride-video-goes-viral-1937237-2022-04-14
12,trending-news,"Wordle 299 word of the day, April 14. Check out hints and solution here","(14, 4, 2022)","Are you having a hard time-solving today’s Wordle? Well, fret not, we are here to help you with hints. Today’s word is easy but if you are finding it difficult to crack the code, we have got you covered. The meaning of today’s word is to cut up or grind into very small pieces, typically in a machine with revolving blades. Have you got it now? If not, read on for more clues.

HOW TO PLAY WORDLE?Wordle is a simple word-guessing game and requires the player to guess a five-letter word in six tries. The game is available on a website and you can play it from your mobile as well as laptop or computer. There is a grid and a keyboard on the Wordle website and you can choose your letters from it.To start, you have to type your first five-letter word guess. That forms the top row of the grid. If you get one of the letters correct in the grid, that box will turn green. If the letter that you guessed is in the word but not in the correct box, that space will turn yellow. If the player guesses anything else, the tile’s colour remains unchanged.STRATEGIES TO PLAY WORDLE BETTERTip #1: While playing Wordle, try to use letters that are common. The most common letters in the English language are e, t, a, i, o, n, s, h, and r. Try using these in the first few attempts.Tip #2: Don't waste your attempts on words that have a letter you've already eliminated, or letters in a position that they cannot be in.Tip #3: During your initial attempts, if a letter is marked yellow, it cannot be in the same position in any of the following guesses. It will also not be in any position that has already turned green. This means that you do not have to try all four remaining slots for a yellow letter.Tip #4: Think of words with common letters and give it a shot.WORDLE AND ITS INDIA CONNECTWordle was invented by Josh Wardle, a software engineer from Brooklyn, for his Indian partner, Palak Shah, who loves word games. So sweet, no? The name of the game is in line with the creator’s surname Wardle. Palak and Josh played the game for several months before its release in October 2021, The New York Times reports. Wordle has been sold to the New York Times.WORDLE 299 HINTSIt has two vowels.The first letter is a consonant.The word is a verb.THAT HINT WHICH WILL HELP YOU TO SOLVE IN A JIFFYIt starts with the letter M.It ends with the letter E.WORDLE 299 ANSWERThe answer for Wordle 299 is MINCE.Live TV--- ENDS ---ALSO READ| Wordle 298 word of the day, April 13. It refers to a thick, solid piece of something","['wordle', ' wordle 2099', ' wordle word of the day', "" today's wordle""]",https://www.indiatoday.in/trending-news/story/wordle-299-word-of-the-day-april-14-check-out-hints-and-solution-here-1937227-2022-04-14
