SN,category,headline,date,content,keywords,link
1,trending-news,Canadian couple turns resort into home for Ukrainian refugees. Full story here,"(6, 4, 2022)","The Russian invasion of Ukraine on February 24 sparked the biggest refugee crisis in Europe since World War II. Millions of people have left behind their homes and belongings. Many neighboring countries and people from all over the world have offered to help and provided shelter and a Canadian couple are among them too.

Brian and Sharon Holowaychuk, a couple based in Vancouver Island, have come up with a creative way to help the refugees. They are opening the doors to their homes, however, in a bigger way. How, you ask? Well, the couple are converting their 15,000-square-foot resort into a refugee home and are calling it the Ukrainian Safe Haven. Since Brian’s grandparents come from Ukraine, the issue is very close to their hearts.We’re in a position, in a place, in a time where we could help make a bit of a difference. And I thought, you know, it’s time to stand up and be counted,” Brian said to Global News. “My personal goal is 100 people. We’ve got 19 people booked to be coming in about two to three weeks,” he added.As per a report in Global News, The Holowaychuks bought the resort in East Sooke, known as the Grouse Nest, last year. It is built on a total of 33 hectares and is surrounded by trees, wildlife and overlooking the ocean waterfront. Initially, they thought of converting it into an art gallery and events centre and they had even started the remodeling process.The couple have also shared photos of the transformation process on Facebook. “Working on the small kitchen, the flooring is looking great, another great volunteer. It's great to have such seasoned pros helping. And the custom scaffolding build is going up so we can fix a broken window. It's a ton of work when access is so difficult,"" reads the caption of the post.See post here:Brian informed that he wants the refugees coming to Canada to feel safe and find the Ukrainian Safe Haven a place to rest for as long as they want. Moreover, the local community has shown huge support for the project. According to Global News, a Victoria-based lawyer, Stewart Johnston, decided to help by registering the project as a non-profit at no cost.“This is an extremely important cause and I’m really impressed with what they’re doing to help,” Johnston said. “I wanted to help out,” he added.Live TVALSO READ | Delivery boy breaks down after close shave with multiple accidents. Comedian Sahil Shah shares story in viral thread",NA,https://www.indiatoday.in/trending-news/story/canadian-couple-turns-resort-into-home-for-ukrainian-refugees-full-story-here-1934209-2022-04-06
2,trending-news,Delivery boy breaks down after close shave with multiple accidents. Comedian Sahil Shah shares story in viral thread,"(6, 4, 2022)","When you order your meal from food aggregators like Zomato and Swiggy and the delivery boy fails to show up at your doorstep on time, in all probability, you end up chiding him for being late. However, have you ever considered asking him the reason behind his late arrival? Was he involved in an accident? Was there any health emergency? Not everyone considers doing this. Comedian Sahil Shah posted on Twitter how a food delivery guy broke down in front of him because he almost had three accidents while delivering the food. In his post, he requested customers to be patient and nice because “a little bit of goodwill goes a long way.”

Needless to mention, Sahil Shah’s Twitter thread is viral. “Today I had a food delivery guy breakdown cause he almost had 3 accidents trying to deliver my food. I gave him water and a good tip and then apologised TO HIM cause my 500 buck dinner should NEVER be worth his life. Please be nice to your delivery people. They are doing their best (sic),” he wrote.Today I had a food delivery guy breakdown cause he almost had 3 accidents trying to deliver my food. I gave him water and a good tip and then apologised TO HIM cause my 500 buck dinner should NEVER be worth his life. Pls be nice to your delivery people.They are doing their best— Sahil Shah (@SahilBulla) April 4, 2022
“If you're food is late it's fine. I understand the anger. But they are risking their live's to get it to you and no matter how hungry you are...it should never be at the cost of someone's life (sic),” he mentioned in a subsequent tweet.If you're food is late it's fine. I understand the anger. But they are risking their live's to get it to you and no matter how hungry you are...it should never be at the cost of someone's life.— Sahil Shah (@SahilBulla) April 4, 2022
“Tip your delivery people. They don't get enough respect or money. Tip them. Be nice to them. Talk to them. Respect them. A little bit of goodwill goes a long way (sic),” Sahil Shah added.Tip your delivery people. They don't get enough respect or money. Tip them. Be nice to them. Talk to them. Respect them. A little bit of goodwill goes a long way.— Sahil Shah (@SahilBulla) April 4, 2022
He ended the Twitter thread saying, “Yeah there are bad incidents too. I agree. I've NEVER been rude to a single delivery person because I understand where they maybe coming from. The guy today said I was the first person in 10 years who spoke and understood him without complaining. Just be nice. That's all (sic).”Yeah there are bad incidents too. I agree. I've NEVER been rude to a single delivery person because I understand where they maybe coming from. The guy today said I was the first person in 10 years who spoke and understood him without complaining.Just be nice. That's all.— Sahil Shah (@SahilBulla) April 4, 2022
Of course, there were an array of reactions to Sahil Shah’s tweets. Some also looked concerned about Zomato’s newly-launched 10-minute delivery service. “Govt should come fwd regularizing this kind of speedy delivery. Hey @deepigoyal, you should stop this 10 minute instant delivery too. Learn from Dominos. They shut down their 30-minute pizza (sic),” a user wrote.Govt should come fwd regularizing this kind of speedy delivery.Hey @deepigoyal, you should stop this 10 minute instant delivery too.Learn from Dominos. They shut down their 30 minute pizza.— Sachin (@Really_sachin) April 4, 2022
“I don’t understand this, why people should be the one empathetic, providing tips, and all good gestures while the food delivery companies keep on doing promise which they can’t meet (sic),” another user wrote.I don’t understand this, why people should be the one empathetic, providing tips, and all good gestures while the food delivery companies keep on doing promise which they can’t meet.— Aditya Singh (@Singh_Iam_) April 6, 2022
See more comments below:Many a times I have experienced this.. you can't even schedule or delay the delivery.. the restaurants/ delivery crew can't help and are helpless as they are penalised for any delay!— Mukesh (@amibeingcynical) April 5, 2022
Figure out the eateries in your nearest marketOrder from thereSimple hai yaarEk aad baar swiggy zomato bhi theek hai...— Amit Kumar (@msgingamit) April 5, 2022
Once ordered some food in my clg and the Zomato app showed the delivery guy a totally wrong route. Lad was stuck at a place for 15 mins and I had to WhatsApp him my location. He felt so guilty he wouldn't even accept the tip. Told him it's alright & the tip was for his troubles.— send notes (@kotkar_kunal) April 4, 2022
I always enquire and hear them out on why the food's late. I never resort to anger because they've been through a lot. I always tip them and give them 5 star rating regardless.— Imthiaz Muhassin (@ImthiazMuhassin) April 4, 2022
The safety of food delivery partners and their working conditions has been a much-discussed issue for a very long time. On several occasions, these food aggregators have been accused of exploiting their delivery boys. Last month, after Zomato launched its 10-minute delivery service, the company received flak from a section of netizens.Live TVALSO READ| Zomato faces heat over 10-minute food delivery service, founder clarifies how it will work",NA,https://www.indiatoday.in/trending-news/story/delivery-boy-breaks-down-after-close-shave-with-multiple-accidents-comedian-sahil-shah-shares-story-in-viral-thread-1934112-2022-04-06
3,trending-news,'How to Murder Your Husband' author goes on trial for her spouse's murder. Viral story,"(6, 4, 2022)","The trial of a self-published romance writer accused of fatally shooting her chef husband started Monday.

Nancy Crampton Brophy has remained in custody since her arrest in September 2018, facing a murder charge in the death of Daniel Brophy, 63, The Oregonian/OregonLive reported.He was killed as he prepped for work at the Oregon Culinary Institute in Southwest Portland around 7:30 a.m. on June 2.Nancy Crampton Brophy is a self-published romance writer who years before her husband’s death penned an essay titled “How to Murder Your Husband.” Brophy’s death remained a mystery until his wife’s arrest, and authorities have never publicly disclosed another suspect.Investigators determined there were no signs of force or struggle and no signs of robbery. Brophy still had his wallet, cellphone, and car keys with him, documents said.Traffic cameras show Crampton Brophy’s minivan approaching and departing from city streets near the institute close to the apparent time of the shooting, court documents said.Multnomah County Senior Deputy District Attorney Shawn Overstreet told jurors Monday that Crampton Brophy was motivated by greed and a $1.4 million insurance policy.Lead defense attorney Lisa Maxfield said Crampton Brophy and her finances both deteriorated after Brophy’s death, far from the prosecution’s claim that she profited from ill-gotten gains.She previously entered not guilty plea to the charge.The trial is expected to last seven weeks.Live TVALSO READ| Little girl applies makeup to look like her pet dog. Adorable video is viral with over 8 million views",NA,https://www.indiatoday.in/trending-news/story/-how-to-murder-your-husband-author-goes-on-trial-for-her-spouse-s-murder-viral-story-1934067-2022-04-06
4,trending-news,Little girl applies makeup to look like her pet dog. Adorable video is viral with over 8 million views,"(6, 4, 2022)","If you are a fan of cute animal and kids’ videos, you must not miss this one under any circumstance. This little girl loves her pet dog very much and wants to look at him. What does she do, you ask? Well, she used makeup to look somewhat close to her pet dog. Don’t believe us? You need to watch this cute video of the toddler whose face is completely covered in makeup. The video appears to have been recorded by her mother and it is really adorable. The video was posted by Good News Movement’s Instagram account. It has close to 9 million views.

In the now-viral video, when the little girl is asked by her mother why she is applying that makeup, her response is pure gold. “Because I want to look like my dog Francisco,” pat came the answer. The camera then pans towards her pet dog and we can safely say that she sort of got the colour tones right, no kidding. The mother could barely hold back her laughter.Watch the video here:View this post on InstagramA post shared by Good News Movement (@goodnews_movement)
The internet absolutely loved this video. “She did a good job, very talented got the color scheme right and effectively put it on her face (sic),” a user wrote.See more comments below: We absolutely love this little girl’s honest attempt to look like her furry friend. What do you think?Live TVALSO READ| Telangana woman rubs chilli powder on son's eyes to punish him for ganja addiction. Viral video divides Internet",NA,https://www.indiatoday.in/trending-news/story/little-girl-applies-makeup-to-look-like-her-pet-dog-adorable-video-is-viral-with-over-8-million-views-1934058-2022-04-06
5,trending-news,"Wordle 291 word of the day, April 6. We’ll help you with clues and hints as well, by the way","(6, 4, 2022)","Were you able to solve today’s Wordle? If you haven’t been able to solve Wordle 291, fret not, because we have got you covered. This one is really easy, but if you are finding it difficult to crack the code, we will help you with hints. For starters, today’s Wordle word of the day is a punctuation mark used in sentences. It also means a pause Did you get it now? If not, read on for more clues.

HOW TO PLAY WORDLE?Wordle is a simple word-guessing game and requires the player to guess a five-letter word in six tries. The game is available on a website (https://www.nytimes.com/games/wordle/index.html) and you can play it from your mobile as well as laptop or computer. There is a grid and a keyboard on the Wordle website and you can choose your letters from it.To start, you have to type your first five-letter word guess. That forms the top row of the grid. If you get one of the letters correct in the grid, that box will turn green. If the letter that you guessed is in the word but not in the correct box, that space will turn yellow. If the player guesses anything else, the tile’s colour remains unchanged.STRATEGIES TO PLAY WORDLE BETTERTip #1: While playing Wordle, try to use letters that are common. The most common letters in the English language are e, t, a, i, o, n, s, h, and r. Try using these in the first few attempts.Tip #2: Don't waste your attempts on words that have a letter you've already eliminated, or letters in a position that they cannot be in.Tip #3: During your initial attempts, if a letter is marked yellow, it cannot be in the same position in any of the following guesses. It will also not be in any position that has already turned green. This means that you do not have to try all four remaining slots for a yellow letter.Tip #4: Think of words with common letters and give it a shot.WORDLE AND ITS INDIA CONNECTWordle was invented by Josh Wardle, a software engineer from Brooklyn, for his Indian partner, Palak Shah, who loves word games. So sweet, no? The name of the game is in line with the creator’s surname Wardle. Palak and Josh played the game for several months before its release in October 2021, The New York Times reports. Wordle has been sold to the New York Times.WORDLE 291 HINTSIt has two vowels.The first letter is a consonant.The word is a noun.THAT HINT WHICH WILL HELP YOU TO SOLVE IN A JIFFYIt starts with the letter C.It ends with the letter A.WORDLE 291 ANSWERThe answer for Wordle 291 is COMMA.Live TVALSO READ| Wordle 290 word of the day, April 5. We’ll help you with clues and hints as well, by the way",NA,https://www.indiatoday.in/trending-news/story/wordle-291-word-of-the-day-april-6-we-ll-help-you-with-clues-and-hints-as-well-by-the-way-1934051-2022-04-06
6,trending-news,Sachin Tendulkar sings Hemant Kumar's iconic Marathi song while on his way to Pune. Viral video,"(5, 4, 2022)","Sachin Tendulkar is one of the most active celebrities on social media and surely knows how to keep his fans and followers hooked. And, we do have proof. The Master Blaster took to Twitter to post a heartwarming video of himself singing a Marathi song while stuck in traffic. The clip is just too good and you should definitely check it out.

In the now-viral video, Sachin can be seen travelling to Pune with his friends. He was stuck in traffic, but that didn’t stop him from singing one of his Marathi songs. The ace cricketer sang Hemant Kumar's iconic number Mi Dolkara Daryacha Raja and even danced happily inside the car.“Stuck in traffic while heading to Pune. Thought of listening to this lovely song,” reads the caption of the post. Sachin even wrote some lyrics of the song in Marathi.Watch the viral video here:Stuck in traffic while heading to Pune.Thought of listening to this lovely song!pic.twitter.com/jyCYKqjoPK— Sachin Tendulkar (@sachin_rt) April 5, 2022
After being shared online, the video swiftly went viral with over 20k views. Netizens were simply delighted and flocked to the comments section with their sweet reactions.“Wow! You brought so many memories back. Loved these songs as we went on treks outside Mumbai. Singing and drinking and having a great time dancing in the rain,” a user wrote.Another user commented, “One of the all time favorite songs that was played in most of the schools during annual days during our time.”See the comments here:Wowww... May be inspired by old marathi koli hit song... Which was playing in this video...— santosh (@imsant27) April 5, 2022
One of the all time favorite song that was played in most of the schools during Annual days during our time— Alwin Anthony (@AlwinAnthony9) April 5, 2022
Love it sir...Lata didi would have been so happy seeing it— Aumkar Gholap (@AumkarGholap) April 5, 2022
Master enjoying music and added little dance in it means sugar in honey, full enjoyment and relaxation before training session. Master if possible u r cordially invited at my home I will be grateful if u come at my home plzzz— Amit (@Amit_srt) April 5, 2022
Wow! You brought so many memories back. Loved these songs as we went to treks outside Mumbai. Singing and drinking and having a great time dancing in the rains :)— Dun_Sar (@DunstinSarkar) April 5, 2022
What a song What a vibe,, I love youuuuuuuuuu— Sagar Shinde (@fcbsagarrrr45) April 5, 2022
Mi Dolkara Daryacha Raja’s vocals are credited to Lata Mangeshkar and Hemant Kumar. The music is composed by Pt.Hridaynath Mangeshkar.Listen to the song here:Delightful, isn’t it?Live TVALSO READ | Man saves co-worker who slipped and fell off a ladder. Viral video has over 4 million views",NA,https://www.indiatoday.in/trending-news/story/sachin-tendulkar-sings-hemant-kumar-s-iconic-marathi-song-while-on-his-way-to-pune-viral-video-1933929-2022-04-05
7,trending-news,Man saves co-worker who slipped and fell off a ladder. Viral video has over 4 million views,"(5, 4, 2022)","The internet is a haven for content that can instantly put a smile on your face and we have just the perfect video for you to demonstrate that. A clip doing the rounds of the internet shows a man saving his co-worker after he falls off a ladder. The viral video was posted on Instagram by Good News Movement and it has been viewed over 3 million times.

In the now-viral video, a man can be seen grabbing something that his co-worker on the ladder asked for. Seconds later, the ladder slips and the co-worker falls on the floor. However, the man present at the scene quickly catches him before he hits the ground and even lessens the blow by acting as a human cushion. Such reflexes, no?“The way he held on. He catches his co-worker after he falls off a ladder. Amazing news!” reads the caption of the post.Watch the viral video here:View this post on InstagramA post shared by Good News Movement (@goodnews_movement)
Amazing, right? Well, netizens thought so too and were in awe of the man’s quick thinking and superb reflexes.“Wow, this man literally used his body as an impact cushion. That is awesome. An earth angel,” a user wrote.Another user commented, “Now that's a real trust fall. Good to know who has your back. Literally.”See the comments here:  Heartwarming, isn’t it?Live TVALSO READ | Telangana woman rubs chilli powder on son's eyes to punish him for ganja addiction. Viral video divides Internet",NA,https://www.indiatoday.in/trending-news/story/man-saves-co-worker-who-slipped-and-fell-off-a-ladder-viral-video-has-over-4-million-views-1933905-2022-04-05
8,trending-news,Telangana woman rubs chilli powder on son's eyes to punish him for ganja addiction. Viral video divides Internet,"(5, 4, 2022)","A video of a mother rubbing chilli powder on her son’s face has spread on the internet like fire. The incident which happened in Telangana’s Nalgonda district has divided netizens all over social media. What happened, you ask? Well, the woman tied her 15-year-old son to a pole and rubbed chilli powder on his eyes as punishment for his addiction to ganja.

In the now-viral video, the young boy can be seen tied to a pole. He can be seen crying while his mother Ramna, who is a daily worker, thrashed him. She then proceeded to rub chilli powder on his face and eyes while another woman held the boy’s hands.Disclaimer: Trigger WarningWatch the viral video here:15 year old boy tied to a pole & chilli powder rubbed in his eyes, when mother found that he's becoming a ganja addict.#TelanganaChild abuse won't reform children, it will only traumatize.Many Insensitive folks think punishing boys mercilessly is ok & necessary.#India pic.twitter.com/qdapmWyEBp— Gender Inequal INDIA (@IndiaGender) April 4, 2022
The clip prompted a plethora of reactions from Twitter users. While a section of people supported Ramna’s way of punishing her child, some called her out for her violent behaviour.""This is not child abuse, this is a parent who is really concerned and worried about what went wrong in her upbringing. Try to differentiate,"" a user wrote.Another user commented, ""Chilli powder rubbed in eyes is nothing but a criminal offence and should be punishable whether done by mother or father.""See the comments here:What if she allowed him to be a ganja addict and later d Guy puts his own life at risk or even worse put lives of people around him at Risk?This is not child abuse, this is a parent who is really concerned and worried about what went wrong in her upbringing.try to differentiate— Pandit Dwight (@Criticism_in) April 4, 2022

@sanataniiiiiiii i support beating up children but chilli powder in eyes is too much— Shikhar (@itshikhar) April 4, 2022
Chilli pwder rubbed in eyes is nothing but a criminal offence and should be punishable whether done by Mother or Father.The same act if done by Father, would have been treated as inhuman, ruthless and merciless. But when done by Mother is called as a means to ""Discipline""— AwesomePanda (@i_awesomepanda) April 4, 2022
At this age, it leaves a scar forever, which turns into hate and anger.— (@viku_kv) April 4, 2022
It's a necessary evil.— Nishmeet (@nishmeetg) April 5, 2022
I feel the minor or any drug addict should be deported at rehabilitation centres instead of handing over to parents for course correction— - Sreekanth (@_sreekanth_) April 5, 2022
Well that was needed— Alpha Man (@Competentalpha) April 4, 2022
Shocking brutality.— MarketSimplified (@ADC9123) April 4, 2022
Well, parents beat me up and that had profoundly positive impact on me. Sometimes a beatdown is necessary.— Mohit (@sacredfigleaf) April 5, 2022
Inhuman behaviour— The Infidel (@theinfidel_) April 4, 2022
The teenager was freed only when he promised his mother to quit the 1-year addiction. Ramna had tried many times to convince her son, but in vain. She decided to severely punish him as a last resort.Live TVALSO READ | This Twitter thread explaining IPC sections with a Tom and Jerry twist is viral. Internet loves it",NA,https://www.indiatoday.in/trending-news/story/telangana-woman-rubs-chilli-powder-on-son-s-eyes-to-punish-him-for-ganja-addiction-viral-video-divides-internet-1933863-2022-04-05
9,trending-news,Woman eats cookies covered with ants thinking they were seeds. Full story here,"(5, 4, 2022)","A good chocolate chip or an oatmeal raisin cookie can instantly satiate your hunger and lift up your mood, don’t you think? However, what if you discover that the seeds on the biscuit are actually something else? Perhaps an insect? Well, a similar thing happened with a TikTok user. The woman who goes by the name Brenna was in for a bitter surprise after she realised that the “seeds” on the cookies that she was devouring were actually ants. Yes, you read that right.

She documented her whole experience in a video on TikTok that has raked in over 20 million views. Actually, she thought that the “dark spots” on the biscuit were seeds or chocolate. Brenna documented her whole experience in a video on TikTok that has raked in over 20 million viewsBrenna revealed her horrific experience after eating cookies from a packet. She realised that the dark spots on the biscuit were actually ants. “I thought they were seeds. I’ve already eaten two,"" the text on the video read.""I think it’s about time for new prescription glasses,"" read the caption of the video. She realised that the dark spots on the biscuit were actually ants.While some people found the incident hilarious, others remarked how traumatising it must have been for Brenna.“It’s funny, but it’s not. Sis, are you doing alright? I'd be traumatised,” a user wrote.Another user commented, ""This is so traumatic. I’m genuinely sorry this happened to you.”“I did the same thing with a box of Do-Si-Do cookies 10 years ago and I haven’t had one since,” a user claimed.Brenna posted another video to inform what had actually happened. “Well, I noticed that the flavour started tasting like pennies, like I was chewing on coins. And then I noticed ant dust on my mouth,” she said.Live TVALSO READ | Nigerian creators recreate scene from Ekta Kapoor's serial in viral video. Hilarious is the word",NA,https://www.indiatoday.in/trending-news/story/woman-eats-cookies-covered-with-ants-thinking-they-were-seeds-full-story-here-1933862-2022-04-05
10,trending-news,UK man buys 3-bedroom house for Ukrainian refugee family. Internet applauds his kind gesture,"(5, 4, 2022)","It has been 41 days since Russia’s invasion of Ukraine and there seems to be no sign of de-escalation. Ukrainians are fleeing the country and taking refuge in nearby border countries. Some heart-wrenching visuals have been emerging from Ukraine and it is just devastating to see families separated and how the survivors’ eyes speak of fear and despair. Amid all the grim updates emerging from the war-torn country, there’s but one story which might bring a smile on your face. In these difficult times, there have been several people who have extended help to the Ukrainian refugees and one of them is Wales resident Jamie Hughes.

In a rare instance, Hughes bought a three-bedroom property in Wrexham to house a Ukrainian family. The property cost him 100,000 pounds. He shared the update on Facebook and of course, it went viral. He was heartbroken to see how several Ukrainians had to leave their country owing to the war and how houses were destroyed by the ongoing invasion. He decided to sponsor a Ukrainian refugee family and help them in whatever way possible. He then came up with the idea of buying a 3-bedroom property.“When I started seeing the news a month ago it was heartbreaking to see people like you and me and their children running away to escape the bombs exploding over their rooftops!! I talked with Jess and we both agreed that we would do something to shelter a fleeing family. Our first though was to annexe part of our house to create a private living area for a family. When the architects looked at our plans, it would have been to cramped and would have taken 2 or 3 months to create! I thought outside of the box and last week I bought a 3 bedroom house in Wrexham. Close to all the essentials such as shops, chemists, surgeries etc (sic),” Hughes wrote.See his post here: Jamie Hughes was put in touch with Maria and her family by a woman named Renata Fox, according to BBC. Maria worked in the anesthetics department at a Ukrainian hospital. After the war broke out, Maria fled Ukraine with her three sons. The family is expected to move to Wrexham house by April 10.While some lauded Hughes for his immensely kind gesture, others also wanted to help the family or other refugees in whatever way possible. See some of the comments below: Meanwhile, Ukrainian President Volodymyr Zelenskyy said he would address the UN Security Council to shed light on the mass killing of civilians by Russian forces in Bucha and other war crimes. Russia has denied the allegations and said it would present ""empirical evidence"" at the UNSC meeting proving its forces were not involved. Meanwhile, the US and Europe are planning to slap new sanctions to punish Moscow over civilian killings in Ukraine.Live TVALSO READ| Viral video of toddler playing on a slide with puppy is too cute to miss. Watch",NA,https://www.indiatoday.in/trending-news/story/uk-man-buys-3-bedroom-house-for-ukrainian-refugee-family-internet-applauds-his-kind-gesture-1933813-2022-04-05
11,trending-news,This Twitter thread explaining IPC sections with a Tom and Jerry twist is viral. Internet loves it,"(5, 4, 2022)","Oftentimes, it can be tricky to understand rules and regulations set by the law. From the Indian Penal Code (IPC) to the Criminal Procedure Code (CrPc), there are a lot of nuances to grasp. So, a Twitter user took matters in his own hands. Confused? Well, Apurv Shaurya found a creative way to make people understand how the IPC functions. How, you ask? He used iconic cartoon characters Tom and Jerry to explain and the thread has gone viral online.

In a viral Twitter thread, Apurv listed out various sections of the IPC and explained how they would apply to individuals with a Tom and Jerry twist. For example, Tom, the cat, can be charged under Section 503, that is, criminal intimidation by Jerry, the mouse.Sec 503 - Criminal Intimidation pic.twitter.com/Iie386p8o1— (@apurv_shaurya) April 3, 2022
Moreover, he can also be indicted under Section 340 and 364 for wrongful confinement and kidnapping with the intention of murder respectively.Sec 340 - Wrongful Confinement pic.twitter.com/UqWdeNrq1G— (@apurv_shaurya) April 3, 2022
Sec 364 - Kidnapping with Intention to Murder pic.twitter.com/VADXKVvxfr— (@apurv_shaurya) April 3, 2022
However, Jerry is not far behind either. For his mischief and stealing from Tom, the mouse can be charged under Section 378, which is theft. He can also be incriminated under Section 320 for causing grievous injury.Sec 378 - Theft pic.twitter.com/t5z6oO7nte— (@apurv_shaurya) April 3, 2022
Sec 320 - Grievous Hurt pic.twitter.com/tAvIppjpKj— (@apurv_shaurya) April 3, 2022
Netizens were thoroughly impressed with Apurv’s witty way to educate the masses and flooded the comments section with their opinions.“Quality content,” a user wrote.Another user commented, “Love it.”See the comments here:Love it @samitakaur74 @ShelleyKaur1 @SheenaokaWoman @_DeepKSandhu @AvvijitDhaliwal @medusaflower @navneetchahal_ @EituVij @Ruchiragupta @rumpannu https://t.co/1fjNzDDD1g— Simran Kaur Sandhu / / (@SSsandhu1) April 4, 2022
Quality Content https://t.co/VnzN8RMpGR— Abheer (@0x415350) April 4, 2022
Creative Learning https://t.co/OZi84EQaTA— Anjali Gupta (@anjaligupta246) April 5, 2022
Hilarious https://t.co/6I5JuLnOR7— Divyanshi Soni (@iamdivyanshi_) April 4, 2022
Best and a must read! https://t.co/3fUKSCgEt4— Rahul Hans Chaudhary (@hans_chaudhary) April 4, 2022
This explained IPC better than my criminal law faculty https://t.co/HD1TGhtFCR— Kavya Tahiliani (@kavyatahiliani) April 4, 2022
Tell us your thoughts in the comments section below.Live TVALSO READ | This viral pic of BTS member V smoking at the Grammys has divided the Internet. What's your take?",NA,https://www.indiatoday.in/trending-news/story/this-twitter-thread-explaining-ipc-sections-with-a-tom-and-jerry-twist-is-viral-internet-loves-it-1933818-2022-04-05
12,trending-news,This viral pic of BTS member V smoking at the Grammys has divided the Internet. What's your take?,"(5, 4, 2022)","South Korean band BTS enjoys global popularity as their fans, fondly called ARMY, are spread all across the world. The ARMY is known for following each and every step of the boy-band religiously. However, a picture of one of the band members' smoking has grabbed eyeballs and has divided the internet.

So, Kim Taehyung aka V was snapped smoking outside the Grammys 2022 venue and the viral picture has prompted a wave of responses from netizens.In the now-viral picture, V can be seen smoking outside the Grammys 2022 venue. He was dressed in a purple shirt and a pair of brown pants and was photographed with an attendant.The snap triggered a plethora of reactions online. While some people defended V, others flatly criticized him for smoking.Take a look:i never expected taehyung to smokei mean it’s his life and all but as someone who’s father is a chronic smoker, learning abt him smoking is justtragic— bee (@miyabear_) April 5, 2022
They thought smoking is scandal and they would make it hard for himMan the Kim Taehyung isn't a ordinary personality, he is the most powerful Idol in the world https://t.co/FmgFfobEZ7 pic.twitter.com/BJh6KcbiLP— Ashu (@KingTaehyungii) April 5, 2022
taehyung smoking is none of our business. he never meant for us to see it and he is a GROWN ADULT. yeah, it’s not good for his health but it’s his choice what he wants to put in his body. and idc if you think smoking “isn’t attractive”. his job isn’t to be attractive to everyone.— just saw epik high and woosung (@be0mcuti3) April 5, 2022
This pic of Taehyung smoking is more iconic that the Oscars slap pic.twitter.com/mUrh8g4eJX— chanel elizabeth (@gongyooniverse) April 5, 2022
not wanting taehyung to smoke cause you’re genuinely worried for his health is different from hating on him for smoking..— (@jamaisvuhobi) April 4, 2022
HELLO PEOPLE KIM TAEHYUNG IS 26 YEARS OLD GROWN-UP MAN. HE'S NOT A MINOR ANYMORE SO WHAT THE FUSE? SEEING HIM SMOKING? GET A LIFE TO THOSE WHO SAY BAD THINGS ABOUT HIM!!! AND PLEASE DELETE THAT PHOTO.— Ai by V (@iwuvtaehyungV) April 4, 2022
your idol kim taehyung ambassador of good will for the youth and sing songs about loving yourself yet here he is smoking cigarettes at the grammy!!! pic.twitter.com/DBhYcLIZmB— sus (@sugarofbts) April 4, 2022
kim taehyung smoking after the performance. from juuling to real cigarette good luck with your health please dont come near the boys when you are smoking! pic.twitter.com/OjmYJzyfxe— - (@leavebts_v) April 4, 2022
there’s clearly nothing wrong with taehyung smoking because he’s a grown up already, but the photo is clearly taken without his consent, that is what’s wrong, so please delete the photos and respect taehyung.— moon (@jjkslovekth) April 4, 2022
Y'all so quick to defend Taehyung with this. I wonder if it's the same if Jimin was in his place? Pretty sure you'd condemn him and make him leave the group. Yes, they're adults. But smoking destroys your pipes. He's a singer ffs. pic.twitter.com/zJOjgIdHfU— (@BLenthusiast010) April 4, 2022
Apart from this, V charmed the audience and his fans at the 64th Annual Grammy Awards. Even Lady Gaga gave a sweet kiss on V’s cheek while posing with him on the red carpet. Moreover, his “flirty” moment with Olivia Rodrigo during the K-Pop band’s smashing performance also went insanely viral online.BTS was nominated for the Best pop duo/group at the Grammys. However, the award went to Doja Cat and SZA for Kiss Me More.ALSO READ | Olivia Rodrigo drops and breaks one of her Grammy Awards. Her reaction is now a viral videoLive TV",NA,https://www.indiatoday.in/trending-news/story/this-viral-pic-of-bts-member-v-smoking-at-the-grammys-has-divided-the-internet-what-s-your-take-1933760-2022-04-05
