SN,category,headline,date,content,keywords,link
1,trending-news,Ricky Gervais says Jada Pinkett Smith's alopecia is 'not a disability'. Internet has a lot to say,"(7, 4, 2022)","Only if you are living under a rock, might you not know about Will Smith and Chris Rock’s slapgate at the 94th Academy Awards. The actor actually slapped the comedian on the Oscar stage after he made a joke at Jada Pinkett Smith. The whole incident sparked a huge debate on social media and created quite a stir among netizens. Now, actor Ricky Gervais has slammed people who are referring to Jada’s alopecia as a disability in a live Q&A session on Twitter.

The After Life actor has been quite vocal about criticising Will for the infamous slap. What happened, you ask? Well, Chris Rock made a joke about Jade’s shaved head and compared her to G.I. Jane. Talking about the controversy, Ricky defended Chris’s joke and mocked social media users for calling the auto-immune disorder a disability.“Someone said it was joking about her (Jada's) disability. Well, I'm getting a bit thin, so I'm disabled. That means I can park right up next to Tescos now, “ Ricky said.Ricky also said that the 57-year-old comedian’s comment was not “bad” as he condemned Will’s decision to smack him. “You don't hit people over a joke, however bad it is. And it wasn't bad,” he added. “That was like the tamest joke I would ever have told,” he quoted further.Fans and followers of Ricky had a lot to say about his comment. ""I agree Will shouldn't have slapped Chris but you need to understand how emotionally important a woman's hair is, it is devastating to lose it,"" a user wrote.Another user commented, ""I have alopecia and it is not a disability. At the same time, it shouldn't really be joked about, because you never know how it will impact the person.""Meanwhile, a third person remarked, ""I have alopecia & if someone said it was a disability to me that would offend me more than a G.I Jane joke.""This isn’t the first time Ricky has commented about the Will-Chris incident. He claimed that instead of making a joke about Jada’s hair loss, he would have joked about her “boyfriend”. “I would not have made a joke about his wife's hair. I would have made a joke about her boyfriend,” Ricky remarked.Live TV--- ENDS ---ALSO READ | Twitter lashes out at the wrong Will Smith after actor punches Chris Rock at Oscars 2022. His response is viral","['RICKY GERVAIS', ' DISABILITY', ' WILL SMITHY', ' JADA PINKETT', ' ALOPECIA', ' SLAMS', ' MOCKS', ' CHRIS ROCK']",https://www.indiatoday.in/trending-news/story/ricky-gervais-says-jada-pinkett-smith-s-alopecia-is-not-a-disability-internet-has-a-lot-to-say-1934768-2022-04-07
2,trending-news,Pic of Sonia Gandhi meeting PM Modi has caught the Internet's attention. See post,"(7, 4, 2022)","The Budget session of Parliament was adjourned sine die on Thursday and now, an interesting picture is going viral. Shared on his official Twitter profile by Lok Sabha Speaker Om Birla, the picture features Prime Minister Narendra Modi, Defence Minister Rajnath Singh and Congress chief Sonia Gandhi, among leaders of other parliamentary parties.

Om Birla shared several other photos of PM Modi and Rajnath Singh meeting MPs inside the Parliament complex in New Delhi. Among those present at the meeting were former Jammu and Kashmir chief minister Farooq Abdullah and former Uttar Pradesh chief minister Mulayam Singh Yadav.“After Lok Sabha was adjourned sine die, I urged Hon'ble leaders of parties that collective efforts in raising the level of discussions & dialogue further is necessary in order to enhance the dignity of the House. It's my sincere hope that all parties will actively co-operate in this endeavour,” reads the caption.Take a look:After Lok Sabha was adjourned sine die, I urged Hon'ble leaders of parties that collective efforts in raising level of discussions&dialogue further is necessary in order to enhance dignity of House. It's my sincere hope that all parties will actively co-operate in this endeavour. pic.twitter.com/zCtPDEmaLs— Lok Sabha Speaker (@loksabhaspeaker) April 7, 2022
The picture of Sonia Gandhi greeting Rajnath Singh, PM Modi and Om Birla is swiftly going viral as it has been shared by several other social media accounts as well. In fact, this picture holds significance because it is one of the rare occasions in recent months when PM Modi and cabinet ministers met Congress President Sonia Gandhi and other opposition leaders.Lok Sabha was adjourned sine die, a day ahead of schedule.Live TV--- ENDS ---Also Read | Restart mid-day meals in schools, says Sonia Gandhi in Lok Sabha","['PM Modi', ' narendra modi', ' sonia gandhi', ' congress', ' rajnath singh', ' om birla', ' parliament', ' lok sabha', '']",https://www.indiatoday.in/trending-news/story/pic-of-sonia-gandhi-meeting-pm-modi-has-caught-the-internet-s-attention-see-post-1934754-2022-04-07
3,trending-news,10-year-old boy who never saw a limousine got the sweetest present from his aunt on birthday. Watch viral video,"(7, 4, 2022)","This 10-year-old boy had the best birthday ever because of the million-dollar gift that he received from his aunt. The little one had never seen a limousine in real life so his aunty decided to surprise him with a limo ride on his birthday. Now, that’s what we call a grand birthday present, no? His aunt came to pick him up from school on his birthday in a limousine and oh boy, was he surprised. The video was initially uploaded on Twitter on January 28. It has over 2 million views. Several other Instagram accounts shared it up later. Netizens on the internet gave her the “auntie of the year award”.

The birthday boy was on his way back from school when he was startled to see his aunt seated in a black limousine. She wished him and he just couldn’t believe that his aunt was there. His aunt Nita shared the video on Twitter and wrote, “My nephew said he never saw a limo in real life, so i surprised him & pulled up to his school in one for his birthday (sic).”Watch the video here:my nephew said he never saw a limo in real life, so i surprised him & pulled up to his school in one for his birthday pic.twitter.com/wmSKzTrSQf— nita (@nitaa_applebomb) January 28, 2022
View this post on InstagramA post shared by Upworthy (@upworthy)
Netizens took to the comments section and lauded the aunt for the sweetest birthday gift ever. “The befuddled look on his faceworth whatever that limo cost (sic),” a user wrote.See more comments below:This gotta be that drivers best pick up. He looked like shit was just made for him in that moment— boorishburgos (@boorishburgos) January 30, 2022
The befuddled look on his faceworth whatever that limo cost!— Cliff Pulliam (@flixbiz) January 30, 2022
This is everything!!!— Ariel Upshaw® (@UpshawAriel) January 29, 2022
auntie making mom and paps look bad— birdmanhandrub (@notjay305) January 29, 2022
Winning pic.twitter.com/ehJxCEgkYC— Gemini Clone (@RAllen18122159) January 29, 2022
What do you think about this video? Tell us in the comments section below.Live TV--- ENDS ---ALSO READ| Twitter simply can't get over Pat Cummins's fastest IPL half-century in KKR vs MI match. These fabulous memes are proof","['birthday gift', ' limo ride', ' limousine', ' birthday present', ' birthday video']",https://www.indiatoday.in/trending-news/story/10-year-old-boy-who-never-saw-a-limousine-got-the-sweetest-present-from-his-aunt-on-birthday-watch-viral-video-1934752-2022-04-07
4,trending-news,Courteney Cox tried the Friends face filter on Instagram and fans can’t get enough of it. Viral video,"(7, 4, 2022)","American sitcom Friends has enjoyed global popularity and the love for it still refuses to die down. The series might have released in 1994, but it's still a source of entertainment. So, when Courteney Cox, who played Monica in the show, posted a video featuring other characters, it obviously went viral.

In the now-viral video, Courteney tried a filter on Instagram that can turn you into your favourite Friends character. First, the quirky filter turned her into Ross, played by David Schwimmer. “Really? I don’t look anything like (David) Schwimmer,” she said. She even said “Hi” in his voice. She copied Joey, who was played by Matt LeBlanc's iconic pickup line. “Hi! How you doin;?” chirped Courteney.However, she got confused between Monica and Jennifer Aniston’s character Rachel. “Oh hello. Who is that? Is that Monica? Not sure. Rachel?” she added.“Is that me? Okay, I think my eyebrows are a little different. Rachel? Hmm, I don’t buy it,” Courteney remarked.Interestingly, Courteney did not like the app at all and called it the worst she had ever seen.“Um, FRIENDS?” reads the caption of the post.Watch the viral video here:View this post on InstagramA post shared by Courteney Cox (@courteneycoxofficial)
After being shared online, the video garnered 4 million views. The clip triggered a ton of reactions from netizens, who took to the comments section to express them.“You are spot on,” a user wrote.Another user commented, “I don't know whether to laugh or be scared.”See the comments here:  Friends starring Jennifer Aniston, Courteney Cox, Lisa Kudrow, David Schwimmer, Matt LeBlanc and Matthew Perry released on September 22, 1994. Its final episode aired on May 6, 2004.Live TV--- ENDS ---ALSO READ | Vinod Kapri shares video of visually-impaired man singing Mohammed Rafi's Jaane Walon Zara. Rekha Bhardwaj reacts","['courteney cox', ' instagram', ' face', ' filter', ' friends', ' fans', ' viral', ' video']",https://www.indiatoday.in/trending-news/story/courteney-cox-tried-the-friends-face-filter-on-instagram-and-fans-can-t-get-enough-of-it-viral-video-1934741-2022-04-07
5,trending-news,"From Fanta maggi to vegetarian fish, 5 times food bloggers approved of bizarre viral dishes. Watch videos","(7, 4, 2022)","Restaurants and eateries will go up to any extent to pull the crowd to their doorstep. They keep no stone unturned to churn out new and innovative dishes on a continual basis. Some dishes manage to hit the right spot whereas others are massive duds and often get disapproved by patrons. These days, eateries have resorted to innovating dishes with weird combinations. However, quite contrary to our expectations, food bloggers who visited these outlets were not just surprised but also seemed to like the weird concoctions. Here, in this article, we take a look at 5 times food bloggers approved of some weird food combinations.

VEGETARIAN FISHA food blogger from Delhi went to try out this innovative dish which had been added to the menu of an East Delhi food joint. He loved this dish and recommended everyone to try it. Amar Sirohi of YouTube channel Foodie Incarnate visited this shop called Khanna Tandoori Junction in East Delhi and tried their one of kind dish - vegetarian fish fry. ""Overall, jo taste aa raha hai who beyhaad badhiya hai. Pichle kuch mahino ki khai hui best dish hai ( The overall taste of the dish is very good. It is one of the best dishes I have tried out in a few months),” he said in the video.FANTA MAGGIIf you think Fanta and Maggi together is a weird combination, think twice because Amar Sirohi of YouTube channel Foodie Incarnate visited an eatery in Ghaziabad and loved their innovative dish Fanta Maggi. First, the vendor fried some vegetables and then poured some Fanta into the pan. Then he crushed and added Maggi along with some masalas. He finished it off with a dab of lime juice and some chaat masala. “Main hairaan hoon ki iska itna accha taste kaise aa sakta hai (I am surprised how this can taste so good),” Amar Sirohi says in the video.FANTA WALI PANIPURIAfter Fanta Maggi, here’s Fanta panipuri for all the food lovers. If you are skeptical about trying this weird concoction, here’s someone who already did the taste test for you and Fanta panipuri has passed with flying colours. A food blogger who visited this golgappa stall in Meerut seemed to like the taste. Fanta panipuri costs Rs 10 per piece.BUTTER CHAIDid that combination surprise you? Well, butter chai is very popular in Agra and a quaint tea stall sells this bizarre drink. If you are still skeptical, well you should watch this video where the food blogger just can’t stop talking about how good this chai is.CHOWMEIN BURGERView this post on InstagramA post shared by Ashima Kakkar (@foodxdelhi)
If you want to try something toofani, start with chowmein burger for starters. The ingredients are pretty much the same, just the patty is replaced with some noodles. Food blogger Ashima Kakkar tried it and she swears by the taste and quality. An unusual combination for sure but it seems to have hit the right spot.Live TV--- ENDS ---ALSO READ| This shop in Surat is selling Kulhad Pizza. Internet reacts to viral video","['fanta maggi', ' fanta panipuri', ' vegetarian fish', ' weird street food', ' weird indian street food']",https://www.indiatoday.in/trending-news/story/from-fanta-maggi-to-vegetarian-fish-5-times-food-bloggers-approved-of-bizarre-viral-dishes-watch-videos-1934734-2022-04-07
6,trending-news,Vinod Kapri shares video of visually-impaired man singing Mohammed Rafi's Jaane Walon Zara. Rekha Bhardwaj reacts,"(7, 4, 2022)","Filmmaker Vinod Kapri is quite an avid social media user and his Twitter account is filled with million-dollar videos and pictures featuring aam janta. On 6th April, he shared a delightful video of a visually-impaired man singing Mohammed Rafi’s iconic song Jaane Walon Zara. The clip has obviously gone viral online and netizens are absolutely loving it.

In the now-viral video, Sundar Bafila, a visually-impaired man from Baret village in Pithoragarh sang the superhit song from the 1964 film Dosti. His melodious voice and his on-point rhythm impressed the filmmaker and would definitely amaze you too. Moreover, Sundar’s soothing voice will kill your blues, just like ours.“Sundar Bafila, a man from Baret village in Pithoragarh, is visually-impaired from birth. He sent this video with his number in the hope that social media would recognise his talent and will give him due respect,” Vinod Kapri captioned the post and also tagged singers Vishal Dadlani and Rekha Bhardwaj.Watch the video here:# #SundarBafila - 8449773191@VishalDadlani @rekha_bhardwaj @TSeries pic.twitter.com/58Y8N2etnc— Vinod Kapri (@vinodkapri) April 6, 2022
The video garnered over 16k views after being shared online. Netizens flooded the comments section with appreciation and praise for Sundar.“He is a very talented person. Professional recording will enhance his talent,” a user wrote.Another user commented, “Wonderful singing.”See the comments here:He is very talented person.Professional recording will enhance his talent.— Babboo Pahelwan Allahabadi (@BabbooPahelwan) April 6, 2022
Wonderful singing wah— Anand Jayaraman (@AnandJayaraman9) April 7, 2022
Beautiful voice..— Abhinandan Abhi's (@AbhinandanAbhis) April 6, 2022
his voice or Jo gana wo GAa Rhe hai wakey me unke dil ke drd Ko bya krta hai.. #sundarBafila #voice #uttarakhand #PROUD https://t.co/C6W8qtkHfw— Kalpna_thapliyal (@KalpnaThapliyal) April 6, 2022
https://t.co/cb9ODP7roH— Raj (@rajkesar07) April 6, 2022
Even singer Rekha Bhardwaj reacted to Sundar's video.Take a look: https://t.co/O9BDjcBLoC— rekha bhardwaj (@rekha_bhardwaj) April 7, 2022

Jaane Walon Zara’s vocals are given by Mohammed Rafi. The music is composed by Laxmikant-Pyarelal.Listen to the song here:Did you like this video? Tell us in the comments section below.Live TV--- ENDS ---ALSO READ | Lemon price hike memes and jokes are trending online. Best ones","['vinod kapri', ' rekha bhardwaj', ' sings', ' viral', ' video', ' shares', ' visually-impaired', ' man', ' sings', ' jaane walon zara', ' mohammed rafi']",https://www.indiatoday.in/trending-news/story/vinod-kapri-shares-viral-video-of-visually-impaired-man-singing-mohammed-rafi-s-jaane-walon-zara-rekha-bhardwaj-reacts-1934714-2022-04-07
7,trending-news,Lemon price hike memes and jokes are trending online. Best ones,"(7, 4, 2022)","Summers are here and so is the season to enjoy some refreshing drinks that cool your mind and body. And, the humble lemon instantly comes to mind whenever we talk about something rejuvenating. From lemonade to fresh lime soda, lemon is a saviour in this scorching heat and you know it.

However, the prices of the fruit increased manifold earlier this week. It is being sold for Rs 70 to Rs 90 per kg in Azadpur Mandi, the largest wholesale market in the national capital. Moreover, the price skyrocketed to Rs 240 per kg in Gujarat and Rs 160 a kg in Karnataka. In fact, a finer quality of lemon was being sold for Rs 15 per piece in Andhra Pradesh and Telangana, according to reports.Twitter users couldn’t contain their reactions after the surge in prices was announced. The microblogging site was flooded with a plethora of opinions from netizens. While some people churned out hilarious memes, others posted jokes that are bound to tickle your funny bone.So, in this article, we have compiled some of the best posts for you and it is just too good to miss out on.Take a look:Drink less nimbu paani.... Save the world ... #SAVEWATERANDNIMbooooo pic.twitter.com/h6JEAw6bib— RickyDggd (@rickychinadggd) April 7, 2022
Nimbu so expensive that Indian bikes will now have stickers of— Robin Stanley (@StanRobin) April 7, 2022
When life gives you lemons, Sell Them. #nimbu— Amit (@a__mit) April 7, 2022
Nimbu paani wala shop bnd kr diya ,Bolta hai ki itne paise me nimbu paani kyoun pina , naariyal paani piyo— Aman (@A_manSays) April 7, 2022
Nimbu 350kg aaj se shikaji band pic.twitter.com/PL1Ctn6gG2— Ritesh (@Ritesh34557696) April 7, 2022
Nimbu pic.twitter.com/loebECtWrS— Roshan Rai (@Roshan_Kr_Rai) April 7, 2022
Is this any new breed of nimbu......?— shUbm__xix (@sHuBmZoNe) April 7, 2022
So nowNimbu paani is costlier than entire meal at some dabha https://t.co/slqmCrh9v7 pic.twitter.com/GRn0jr7jSX— Bayek (@monk7222) April 2, 2022
Are the chaat waale bhaiya charging extra for nimbu in the chaat?— Shivaani Dhar Sen (@mcshivanisen) April 5, 2022
,#NimbuPrice pic.twitter.com/E2mkPr7PiQ— Mohd Shokeen (@MohdSokeen) April 3, 2022
What are your thoughts?Live TV--- ENDS ---ALSO READ | BTS’s Taehyung reveals what he actually whispered to Olivia Rodrigo during Grammys performance. Viral story","['lemon', ' price', ' hike', ' surge', ' lime', ' soda', ' lemonade', ' viral', ' memes', ' jokes', ' twitter']",https://www.indiatoday.in/trending-news/story/lemon-price-hike-memes-and-jokes-are-trending-online-best-ones-1934668-2022-04-07
8,trending-news,BTS’s Taehyung reveals what he actually whispered to Olivia Rodrigo during Grammys performance. Viral story,"(7, 4, 2022)","Fans were taken aback when BTS heartthrob Kim Taehyung shared a ‘flirty moment’ with singer Olivia Rodrigo during BTS’ power-packed performance during Grammys 2022. The dramatic clip showing Taehyung whispering something to Olivia as her jaw drops went viral in a jiffy and invited mixed reactions from ARMY.

Now, in a candid Q&A session with fans on Weverse, Taehyung has answered the much-anticipated question of what he actually whispered to Olivia.A fan asked Taehyung about the interaction in an indirect way on Weverse. “Taehyung, what did you whisper to Ms Rodrigo? Just curious,” read the question. To which Taehyung answered, “I just said it was an important business proposal. I didn’t even speak English”. It was no doubt that fans were surprised at Olivia Rodrigo’s acting skills. Some even wrote how they loved the chemistry between the two.However, that’s not all. One Weverse user jokingly asked Taehyung if he whispered that Kim Namjoon doesn’t have a license to Olivia, which made her gasp like that. For those who are unaware, BTS leader Kim Namjoon is the only member of the septet who doesn’t have a driver’s license.Here’s what Taehyung replied: One fan even asked about how the members felt after Doja Cat and SZA won the Grammys. Here’s what Taehyung commented: A bonus treat for the ARMYs, here’s a glimpse of Taehyung’s quirky side during an interaction with a fan. Also, don't forget to check out how he could stop being a fanboy in front of Lady Gaga.  BTS is all set to perform in Las Vegas for their PTD on-stage concert next week.Live TV--- ENDS ---Also Read | BTS wows Twitter with suave performance to Butter at Grammys 2022. Trending now","['bts', ' taehyung', ' v', ' olivia rodrigo', ' grammys 2022', ' butter', ' viral post', '']",https://www.indiatoday.in/trending-news/story/bts-s-taehyung-reveals-what-he-actually-whispered-to-olivia-rodrigo-during-grammys-performance-viral-story-1934684-2022-04-07
9,trending-news,Young boy buys flowers from elderly woman at metro station. What he did next will melt your heart,"(7, 4, 2022)","There is no substitute for kindness and even one small compassionate act goes a long way. You must be thinking about why we are talking about this all of a sudden. So, a heartwarming video of a young boy buying flowers from an elderly woman at a metro station has surfaced. However, what the boy did after buying the flowers is winning hearts online and will surely put a smile on your face.

The now-viral video was posted on Twitter by IAS officer Awanish Sharan. In the short video, a young boy buys flowers from an elderly lady standing at a metro station. He gave her the money and pointed at a bunch of white flowers that he wanted to buy. However, instead of taking them away with him, the boy gifted them to the woman. Her reaction is so priceless and will surely touch your hearts.“Kindness is the best form of humanity,” reads the caption of the post.Watch the viral video here:Kindness is the best form of Humanity. pic.twitter.com/9HQrVU4GBV— Awanish Sharan (@AwanishSharan) April 7, 2022
The clip amassed more than 40k views after being shared online. Netizens hailed the kindness of the young boy in the comments section.“Remember there’s no such thing as a small act of kindness. Every act creates a ripple with no logical end,” a user wrote.Another user commented, “If you give happiness to someone for a moment, then at the same time a thousand moments of happiness become for you in this world.”See the comments here:Remember there’s no such thing as a small act of kindness. Every act creates a ripple with no logical end.— Roshan Singh (@hercules7706) April 7, 2022
If you give happiness to someone for a moment, then at the same time a thousand moments of happiness becomes for you in this world.— piyushinnovation (@piyushinnovati1) April 7, 2022
Really respect is more important— Neha Dubey (@NehaDub05671194) April 7, 2022
Happy faces and heart— Shubham Rathore (@Shubham88406622) April 7, 2022
Dil chhu gaya !— Raj Kishore Pandeya (@KishorePandeya) April 7, 2022
Heart touching video— Mukesh Kumar (@MukeshSinghARS) April 7, 2022
So precious!Live TV--- ENDS ---ALSO READ | Smriti Irani is missing her grandparents after watching this heartwarming viral video. Seen yet?","['viral', ' video', ' young', ' boy', ' buys', ' flowers', ' elderly', ' woman', ' melt', ' hearts', ' heartwarming']",https://www.indiatoday.in/trending-news/story/young-boy-buys-flowers-from-elderly-woman-at-metro-station-in-viral-video-what-he-did-next-will-melt-your-heart-1934637-2022-04-07
10,trending-news,Mother deer dies while saving her baby from crocodile attack. Heartbreaking video,"(7, 4, 2022)","A mother will fight all odds to protect her child from any danger, even if it means sacrificing herself. The video you are about to watch is proof. IAS officer Sonal Goel shared a video of a crocodile about to attack a fawn but the mother deer jumps to its rescue. She sacrifices herself to save her baby. The video is heartbreaking and also a reminder of a mother’s unconditional love for her child. The video was posted on Twitter on April 6 and has 111.8k views so far.

In the now-viral video, a fawn can be seen swimming across a river when a crocodile catches sight of the prey. It swiftly moves towards the deer to catch it. The mother deer sees the incoming danger and to protect her baby she comes in between. Instead of the fawn, the mother ends up becoming the crocodile’s prey.“No words can describe the power, beauty and heroism of mother's love. Heartbreaking video of a mother deer sacrificing herself to save her baby. It reminds us to never ignore your parents and family. Respect them and take care of them when it's your turn (sic),” the video caption reads.Watch the video here:No words can describe the power, beauty and heroism of mother's loveHeartbreaking video of a mother deer sacrificing herself for saving her babyIt reminds us to Never ignore your parents and family.Respect them and take care of them when it's your turn(VC : SM ) pic.twitter.com/e8K9WQiqIc— Sonal Goel IAS (@sonalgoelias) April 6, 2022
Netizens in the comments section also talked about a mother’s numerous selfless sacrifices.See some of the comments below:Madam nice video or i must say reality..love and sacrifice beyond imagination— MEHUL M SUTARIA (@SutariaMehul) April 6, 2022
Mother is the heartbeat in the home and without her, there seems to be no heartthrobNo any one palace full of her— MATALABKHAN7429 (@MATALABKHAN7421) April 6, 2022
Animal also have feeling....No word to describe that ...— MONESH NISHAD (@monesh_ishd) April 6, 2022
getting emotional!!! true lesson.... Maa To Maa hoti hai..— Sunil Sihag (@SunilSihagMiran) April 6, 2022
Mother= God— SHANKAR BEHERA (@Sankarsana_) April 6, 2022
Yes, That's True.— Tarun Maheshwari (@tmaheshwari) April 6, 2022
What do you think about this video? Tell us in the comments section below.Live TV--- ENDS ---ALSO READ| Smriti Irani is missing her grandparents after watching this heartwarming viral video. Seen yet?","['deer saves baby', ' crocodile attacks deer video', ' viral video']",https://www.indiatoday.in/trending-news/story/mother-deer-dies-while-saving-her-baby-from-crocodile-attack-heartbreaking-viral-video-1934621-2022-04-07
11,trending-news,Shashi Tharoor chats with Supriya Sule as Farooq Abdullah gives a speech. Memes explode on Twitter,"(7, 4, 2022)","Congress MP Shashi Tharoor once again caught the attention of eagle-eyed netizens during a session at the Lok Sabha. In a video shared by a Twitter user named Farrago Abdullah, Tharoor was spotted speaking to Baramati MP Supriya Sule.

In the short clip, shared on the micro-blogging site, Tharoor was seen leaning over his designated chair to talk to Sule. While this was happening in the background, senior leader and former Jammu and Kashmir chief minister Farooq Abdullah was seen delivering his speech. However, instead of the original audio, the chartbuster track Srivalli from the Allu arjun-starrer movie Pushpa was added to the video.Take a look:It was a great speech by Farooq Abdullah. Must listen for everyone. @ShashiTharoor pic.twitter.com/STQe0yulxG— Farrago Abdullah (@abdullah_0mar) April 6, 2022
The video was shot while the Parliament was in discussion regarding the issue of the Russia-Ukraine war and NK Premachandran was in the chair. Tharoor’s smiling face and leaning posture towards Sule sparked a flurry of reactions.Netizens also made some hilarious memes regarding the video.Here’s what people had to say:That admiring look pic.twitter.com/TObf3m09D5— Loka samastha sukhino bhavantu (@SunithaKarthik8) April 6, 2022
Achaaa betaa, will see you outside. pic.twitter.com/Td0oKEtNCq— Sarcartistic (@tweetotsav) April 6, 2022
pic.twitter.com/HXNQ70IkUr— Raju Sarkar (@infinite_raju) April 6, 2022
pic.twitter.com/yiSIpacxvx— Shailendra Singh (@anpadhmaster) April 6, 2022
Shashi Tharoor teaching us that work life balance is important pic.twitter.com/yDflm544OF— AIl India Memes (@allindiamemes) April 6, 2022
pic.twitter.com/k9Pp03iFSF— ihsiv (@ihsiv) April 6, 2022
Shashi Tharoor found himself at the receiving end of criticism last year in November, when one of his posts featuring a selfie with some women MPs went viral on Twitter. Tharoor captioned the post with, “Who says the Lok Sabha isn’t an attractive place to work? With six of my fellow MPs this morning (sic)”. The selfie had Baramati MP Supriya Sule, Patiala MP Preneet Kaur, South Chennai MP Thamizhachi Thangapandian, Jadavpur MP Mimi Chakraborty, Basirhat MP Nushrat Jahan, Karur MP S Jothimani and was snapped during the Winter session of the Parliament.Live TV--- ENDS ---Also Read | Shashi Tharoor shares pic with women MPs, says Lok Sabha attractive place to work. Internet blasts himNOW READ:China used compromised cameras to snoop into India's power grids, says reportWest won't stop at destroying Russia; India will be next: Donetsk on Russia-Ukraine warCentre to announce 3-year Agnipath entry scheme for youngsters to join defence forcesRobin Uthappa opens up about friendship with MS DhoniJo shuru kiya hai, use khatam toh karna hi hai, Javed Akhtar on legal battle with Kangana Ranaut","['supriya sule', ' shashi tharoor', ' lok sabha', ' parliament', ' farooq abdullah', ' memes', ' viral video', ' twitter', '']",https://www.indiatoday.in/trending-news/story/shashi-tharoor-chats-with-supriya-sule-as-farooq-abdullah-gives-a-speech-memes-explode-on-twitter-1934605-2022-04-07
12,trending-news,Smriti Irani is missing her grandparents after watching this heartwarming viral video. Seen yet?,"(7, 4, 2022)","Union Minister Smriti Irani is missing her grandparents very much and she shared a viral Instagram video remembering them. No matter how old you are, you can never be too old to miss your grandparents who unconditionally loved you. Smriti Irani came across this video of a grandfather running to say goodbye to his granddaughter, a usual thing whenever she leaves after visiting him. This made the union minister very nostalgic. She shared the video on Instagram stories. The video was initially shared on Worthfeed and has close to 12 million views.

The video Smriti Irani shared is a montage of clips that shows the grandfather running every time to say goodbye to his granddaughter as she leaves home in a car after visiting him each time. “Who is missing their grandparents right now? I am. Never too old to miss the ones who loved you unconditionally,” she wrote sharing the video. See the Instagram post here:View this post on InstagramA post shared by Worth Feed (@worthfeed)
The comments section of the post is replete with social media users either missing their grandparents or feeling nostalgic about the time they spent with them. “My grandparents and my aunt will wave goodbye at us until our bus were completely out of their sight. My grandpa would be upset for a few hours and I will cry the entire journey home (4 hours straight). They are my favourite people in the whole wide world and thank God for them in my life. Truly are angels on earth (sic),” a user wrote.See more commeys below:  Did this video make you nostalgic too? Tell us in the comments section below.Live TV--- ENDS ---ALSO READ| Twitter simply can't get over Pat Cummins's fastest IPL half-century in KKR vs MI match. These fabulous memes are proof","['smriti irani', ' smriti irani instagram', ' smriti irani video']",https://www.indiatoday.in/trending-news/story/smriti-irani-is-missing-her-grandparents-after-watching-this-heartwarming-viral-video-seen-yet-1934575-2022-04-07
