SN,category,headline,date,content,keywords,link
1,trending-news,Dog reunites with owner in war-torn city of Bucha in Ukraine. Viral video will leave you teary-eyed,"(8, 4, 2022)","It has been 44 days since Russian President Vladimir Putin declared war on Ukraine. Every now and then, horrifying visuals of the war-ravaged country have been flooding all social media platforms. But, some heartwarming stories are keeping the flicker of hope alive among people.

Case in point is this video of a dog reuniting with its owner after being separated for a long period of time. Shared by Battalion of Kastus Kalinouski, the volunteer organisation from Belarus working to help the people stuck in Ukraine, the video is simply a tear-jerker.In the clip, the dog named Nessie can be seen running towards its owner instantly after seeing him. Nessie’s infectious happiness is bound to put a smile on one’s face.Take a look:View this post on InstagramA post shared by (@belwarriors)
The video has garnered over 40k views and thousands of comments. People loved the sweet reunion video and didn’t hold back while showering all their love for Nessie. What are your thoughts on this video?Live TV--- ENDS ---Also Read | Metallica launches new t-shirt to collect funds for Ukraine. Internet hails gesture","['husky', ' dog', ' ukraine', ' bucha', ' war', ' russia', ' vladimir putin', ' reunion', ' heartwarming', ' viral video', '']",https://www.indiatoday.in/trending-news/story/dog-reunites-with-owner-in-war-torn-city-of-bucha-in-ukraine-viral-video-will-leave-you-teary-eyed-1935143-2022-04-08
2,trending-news,"After Allu Arjun’s Pushpa, here’s David Warner killing it as Salman Khan in new viral video. Watch","(8, 4, 2022)","Australia cricketer David Warner always makes sure to keep his fans entertained with his lip-sync and dance videos. Warner often shares videos where he is seen dancing to popular Bollywood as well as Tollywood songs along with his kids and wife. Remember the numerous videos he shared on Instagram where he was seen lip-syncing Allu Arjun’s Pushpa dialogues? The Australian cricketer once again dropped a dance video. This time, he was seen doing the hook step of Salman Khan’s song Seeti Maar.

If you’re a regular follower of David Warner’s Instagram profile, you have probably seen his multiple videos and you can clearly get an idea about the cricketer's love for Indian films. In the new video he shared from the film Radhe, Warner’s face was morphed on the face of Salman Khan. He also wanted to try the hook step of the song for real in another video.“Should I try this one #dance #fast #actor new reel coming soon (sic),” the video caption read.Watch the video here:View this post on InstagramA post shared by David Warner (@davidwarner31)
Fans absolutely loved the video. The comments section is replete with heart and love-struck emojis.See some of the comments below: Do you love David Warner’s new video? Tell us in the comments section below.Live TV--- ENDS ---ALSO READ| David Warner nails the hook step of Maar Khayega song from Akshay Kumar’s Bachchhan Pandey. Viral video","['David Warner', ' pushpa', ' salman khan', ' allu arjun']",https://www.indiatoday.in/trending-news/story/after-allu-arjun-s-pushpa-here-s-david-warner-killing-it-as-salman-khan-in-new-viral-video-watch-1935121-2022-04-08
3,trending-news,BTS members dance to Zingaat during concert in fan-made video. Desi fans are elated,"(8, 4, 2022)","South Korean boy band BTS may not have grabbed the Grammys this year, but it has not decreased their popularity by one inch. Fans also known as ARMYs still love the septet the same and share clips featuring the amazing choreography of the boy band. Desi fans are not that behind while showing their love for the Bangtan boys and this video shared on Instagram proves that.

The video, that has now gone viral, shows the members dancing to the popular song Zingaat from the Ishaan Khatter and Janhvi Kapoor starrer Dhadak. Although the original video is a glimpse of the sold-out Permission to Dance on stage concert in Seoul, it is truly surprising how well the beats match the choreography.And how can we not mention the adorable goofiness of the members!Take a look:View this post on InstagramA post shared by (@saranghae_bts______)
The video has been viewed over 213k times and received many reactions. Netizens were delighted with the adorable video. Many couldn't stop pointing out how cute Jin looked with his plush white RJ hat.  Check out the portion of the BTS concert in Seoul here:The song Zingaat was sung by Ajay-Atul and written by Amitabh Bhattacharya. It stars Janhvi Kapoor and Ishaan Khatter in the lead roles.Listen to the song here:What are your thoughts on this video?Live TV--- ENDS ---Also Read | This fan-made video of BTS dancing to Thalapathy Vijay's viral song Halmithi Habibo is a treat for fans. Don't miss","['bts', ' zingaat', ' viral video', ' janhvi kapoor', ' instagram', ' concert', ' seoul', ' las vegas', '']",https://www.indiatoday.in/trending-news/story/bts-members-dance-to-zingaat-during-concert-in-fan-made-video-desi-fans-are-elated-1935089-2022-04-08
4,trending-news,"Top 5 viral videos of the week, BTS’s Taehyung gets ‘flirty’ with Olivia Rodrigo to Shashi Tharoor-Supriya Sule’s meme moment","(8, 4, 2022)","Are Alia Bhatt and Ranbir Kapoor really getting married this month? This was pretty much on everybody’s mind this week. All that speculation around the next big Bollywood wedding kept most of us busy. However, there were a few other noteworthy moments that garnered immense traction online. For instance, a video of BTS’s Kim Taehyung and Olivia Rodrigo getting ‘flirty’ during Grammys. Also, a viral clip of Congress MP Shashi Tharoor and Supriya Sule from a session at the Lok Sabha became the fodder for memes.

Here we have compiled some of the videos which trended furiously this week. Watch the top 5 viral videos of the week here:KIM TAEHYUNG’S ‘FLIRTY’ MOMENT WITH OLIVIA RODRIGOKim Taehyung and Olivia Rodrigo’s skit during BTS Butter performance at Grammys #GRAMMYs pic.twitter.com/uNEnLT3TQ4— TTP (@thetaeprint) April 4, 2022
Fans were taken aback when BTS heartthrob Kim Taehyung shared a ‘flirty moment’ with singer Olivia Rodrigo during BTS’ power-packed performance at the Grammys 2022. The clip showed Taehyung whispering something to Olivia and after hearing it, she had a jaw-dropping reaction, literally. Fans, of course, were very curious to know what Taehyung actually told Olivia that led to such a reaction.SHASHI THAROOR AND SUPRIYA SULE’S MEME MOMENTIt was a great speech by Farooq Abdullah. Must listen for everyone. @ShashiTharoor pic.twitter.com/STQe0yulxG— Farrago Abdullah (@abdullah_0mar) April 6, 2022
Congress MP Shashi Tharoor became the fodder for memes once again after a clip of him speaking to Baramati MP Supriya Sule during a session at the Lok Sabha went viral on social media. In the short clip shared on social media, Tharoor was seen leaning over his designated chair to talk to Sule. While this was happening in the background, senior leader and former Jammu and Kashmir chief minister Farooq Abdullah was seen delivering his speech. Tharoor’s smiling face and leaning posture towards Sule sparked a flurry of reactions.BOY SELLS CHAAT, GOLGAPPA DRESSED IN SUITA 22-year-old boy from Punjab took the internet by storm for a very special reason. He has a roadside eatery where he sells an array of chaats - papri chaat, golgappa and dahi bhalla. While his eatery sells some delectable food, he garnered a lot of attention online for his dress code. The young boy sells golgappa and chaat wearing a business suit.TODDLER APPLIES MAKEUP TO LOOK LIKE HER PET DOGView this post on InstagramA post shared by Good News Movement (@goodnews_movement)
This little girl loves her dog so much that she wanted to look like him. What she did left the internet laughing. The toddler applied makeup to look like her pet dog. The video was recorded by her mother and it is really hilarious.VISUALLY IMPAIRED MAN SINGS JAANE WALON ZARA# #SundarBafila - 8449773191@VishalDadlani @rekha_bhardwaj @TSeries pic.twitter.com/58Y8N2etnc— Vinod Kapri (@vinodkapri) April 6, 2022
Vinod Kapri shared a delightful video of a visually-impaired man singing Mohammed Rafi’s iconic song Jaane Walon Zara. The clip has obviously gone viral online and netizens absolutely loved it.Live TV--- ENDS ---ALSO READ| Shashi Tharoor chats with Supriya Sule as Farooq Abdullah gives a speech. Memes explode on Twitter","['BTS', ' kim Taehyung', ' olivia rodrigo', ' shashi tharoor', ' supriya sule']",https://www.indiatoday.in/trending-news/story/top-5-viral-videos-of-the-week-bts-s-taehyung-gets-flirty-with-olivia-rodrigo-to-shashi-tharoor-supriya-sule-s-meme-moment-1935058-2022-04-08
5,trending-news,Video of horse travelling via local train in West Bengal goes viral. Watch,"(8, 4, 2022)","There is no dearth of bizarre and mindboggling content on the internet and we have the perfect example to demonstrate that. So, a video of a horse travelling via a crowded local train has surfaced on social media. The incident happened in West Bengal and the clip is reportedly from a Sealdah-Diamond Harbour Down local train. The owner of the animal was present onboard too.

While it is quite common to spot small cattle travelling by local trains in West Bengal., a fully grown horse is a rare sight. A few pictures of the whole incident have also surfaced online. They feature the horse standing among the crowd in the local train with its owner.Take a look:According to reports, the Eastern Railway has ordered an investigation to verify the authenticity of the viral pictures.(With inputs from Prosenjit Saha)Live TV--- ENDS ---ALSO READ | Shashi Tharoor says 'kuch toh log kahenge' after his memes with Supriya Sule go viral","['horse', ' train', ' via', ' local', ' train', ' viral', ' video', ' west bengal']",https://www.indiatoday.in/trending-news/story/video-of-horse-travelling-via-local-train-in-west-bengal-goes-viral-watch-1935052-2022-04-08
6,trending-news,Manipur minister meets 10-year-old girl who attended class while babysitting sister. See pics,"(8, 4, 2022)","Remember the 10-year-old Manipur girl who went viral after a picture of her attending class while babysitting her sister was shared online? The little one not only received a shoutout from Manipur’s Minister for Power and Forest Biswajit Thongam, but he also assured her family that the child's education expenses would be taken care of until she graduates.

The Manipur minister recently met Meiningsinliu Pamei and her family after a picture of her and her baby sister garnered massive attention online. Biswajit Thongam shared pictures from their meeting and wrote, “The Brave Girl #MeiningsinliuPamei visited my home today along with her parents. We have decided to assist her #Education through a Boarding School & promised her parents that I will be looking after all her expenses till she graduates.”See photos here:The Brave Girl #MeiningsinliuPamei visited my home today along with her parents.We have decided to assist her #Education through a Boarding School & promised her parents that I will be looking after all her expenses till she Graduates.#BetiBachaoBetiPadhao pic.twitter.com/AYnGPjKi3q— Th.Biswajit Singh (@BiswajitThongam) April 6, 2022
The minister’s initiative was lauded by netizens on Twitter. “I feel great and inspired by your valuable steps for them. Always pray for your good health and happiness all throughout your abilities towards in needs for the peoples (sic),” a user wrote.See more comments below:I feel great and inspiration by your valuable steps for them.Always pray for your good health and happiness all throughout your abilities towards in needs for the peoples.Jai Hind Jai Bharat— Aruyan Rupini Official (@AruyanRupini) April 7, 2022
I loved the power of social media. Saw her pic few days back and thought if some generous soul support her. She has a strong future— abhijeet (@abhijeetsomani) April 6, 2022
Needed gesture! However there are other struggles impacting people's life in Tamenglong. If you look towards them also!!!— abhishek pandey (@abhi150) April 7, 2022
Really appreciate for your noble work to help the needy people. More power to you. God Bless— Linda Newmai (@lindanewmai) April 6, 2022
We filled proud of u, hon'ble sir— Sumojit Nameirakpam (@SumojitNameira1) April 6, 2022
In the viral picture, 10-year-old Meiningsinliu Pamei from Tamenglong, Manipur was seen attending school while babysitting her sister. Actually, her parents were out farming and Meiningsinliu attended her class while her baby sister was cradled in her arms. Biswajit Thongam was moved by the dedication shown by the little girl and shared the picture on his official Twitter handle.Her dedication for education is what left me amazed!This 10-year-old girl named Meiningsinliu Pamei from Tamenglong, Manipur attends school babysitting her sister, as her parents were out for farming & studies while keeping her younger sister in her lap. pic.twitter.com/OUIwQ6fUQR— Th.Biswajit Singh (@BiswajitThongam) April 2, 2022
We wish little Meiningsinliu Pamei all the very best for her future.Live TV--- ENDS ---ALSO READ| 10-yr-old girl from Manipur attends class while babysitting sister. Viral pic leaves Internet emotional","['Biswajit Thongam', ' manipur girl', ' manipur girl viral picture']",https://www.indiatoday.in/trending-news/story/manipur-minister-meets-10-year-old-girl-who-attended-class-while-babysitting-sister-see-pics-1934986-2022-04-08
7,trending-news,Shashi Tharoor says 'kuch toh log kahenge' after his memes with Supriya Sule go viral,"(8, 4, 2022)","Congress MP Shashi Tharoor became the fodder for memes once again after a clip of him speaking to Baramati MP Supriya Sule during a session at the Lok Sabha went viral on social media. As the video went crazy viral on Twitter, netizens were eager to know what was the topic of conversation between Tharoor and Sule. Later, the Thiruvananthapuram MP put an end to online speculation as he shared details of his discussion with Sule in a post on Twitter. In a subsequent tweet, Tharoor also posted lyrics of Kishore Kumar’s evergreen song Kuch To Log Kahenge and tagged Supriya Sule.

,, !,, ,, ! @supriya_sule https://t.co/X69vWB7j3u— Shashi Tharoor (@ShashiTharoor) April 7, 2022
Earlier on Thursday, Shashi Tharoor took to Twitter and wrote, “For all those who've been enjoying themselves at Supriya Sule and my expense over our brief exchange in the Lok Sabha, she was asking me a policy question because she was about to speak next. She was speaking softly so as not to disturb Farooq Sahib, so I leaned over to hear her (sic).”For all those who've been enjoying themselves at @supriyaSule's &my expense over our brief exchange in the Lok Sabha, she was asking me a policy question because she was about to speak next. She was speaking softly so as not to disturb FarooqSahib, so i leaned over to hear her.— Shashi Tharoor (@ShashiTharoor) April 7, 2022
In the short clip, shared on the micro-blogging site, Tharoor was seen leaning over his designated chair to talk to Sule. While this was happening in the background, senior leader and former Jammu and Kashmir chief minister Farooq Abdullah was seen delivering his speech. Tharoor’s smiling face and leaning posture towards Sule sparked a flurry of reactions.It was a great speech by Farooq Abdullah. Must listen for everyone. @ShashiTharoor pic.twitter.com/STQe0yulxG— Farrago Abdullah (@abdullah_0mar) April 6, 2022
The video clip is from Tuesday when a short-duration discussion was held in the Lower House on 'Situation in Ukraine'.Live TV--- ENDS ---ALSO READ| Shashi Tharoor reveals what his conversation with Supriya Sule was about after memes go viral","['shashi tharoor', ' shashi throor memes', ' supriya sule', ' shashi tharoor viral memes']",https://www.indiatoday.in/trending-news/story/shashi-tharoor-tweets-lyrics-of-kishore-kumar-s-kuch-to-log-kahenge-after-his-memes-with-supriya-sule-go-viral-1934961-2022-04-08
8,trending-news,"Wordle 293 word of the day, April 8. Check out hints here and solve the puzzle in a jiffy","(8, 4, 2022)","Are you having a hard time solving today’s Wordle? Well, fret not, we are here to help you with hints. Today’s word is easy but if you are finding it difficult to crack the code, we have got you covered. For starters, today’s 5-letter word is a reaction to something frightening. Have you got it now? If not, read on for more clues.

HOW TO PLAY WORDLE?Wordle is a simple word-guessing game and requires the player to guess a five-letter word in six tries. The game is available on a website (https://www.nytimes.com/games/wordle/index.html) and you can play it from your mobile as well as laptop or computer. There is a grid and a keyboard on the Wordle website and you can choose your letters from it.To start, you have to type your first five-letter word guess. That forms the top row of the grid. If you get one of the letters correct in the grid, that box will turn green. If the letter that you guessed is in the word but not in the correct box, that space will turn yellow. If the player guesses anything else, the tile’s colour remains unchanged.STRATEGIES TO PLAY WORDLE BETTERTip #1: While playing Wordle, try to use letters that are common. The most common letters in the English language are e, t, a, i, o, n, s, h, and r. Try using these in the first few attempts.Tip #2: Don't waste your attempts on words that have a letter you've already eliminated, or letters in a position that they cannot be in.Tip #3: During your initial attempts, if a letter is marked yellow, it cannot be in the same position in any of the following guesses. It will also not be in any position that has already turned green. This means that you do not have to try all four remaining slots for a yellow letter.Tip #4: Think of words with common letters and give it a shot.WORDLE AND ITS INDIA CONNECTWordle was invented by Josh Wardle, a software engineer from Brooklyn, for his Indian partner, Palak Shah, who loves word games. So sweet, no? The name of the game is in line with the creator’s surname Wardle. Palak and Josh played the game for several months before its release in October 2021, The New York Times reports. Wordle has been sold to the New York Times.WORDLE 293 HINTSIt has two vowels.The first letter is a consonant.The word is a verbTHAT HINT WHICH WILL HELP YOU TO SOLVE IN A JIFFYIt starts with the letter S.It ends with the letter E.WORDLE 293 ANSWERThe answer for Wordle 293 is SCARE.Live TV--- ENDS ---ALSO READ| Wordle 292 word of the day, April 7. Check out clues and hints and solve the puzzle in a jiffy","['wordle', ' wordle word', ' wordle word of the day', ' wordle 293']",https://www.indiatoday.in/trending-news/story/wordle-293-word-of-the-day-april-8-check-out-hints-here-and-solve-the-puzzle-in-a-jiffy-1934911-2022-04-08
9,trending-news,Metallica launches new t-shirt to collect funds for Ukraine. Internet hails gesture,"(8, 4, 2022)","The Russia-Ukraine war has entered the 43rd day and the situation is much more horrifying than one can imagine. With thousands of people homeless, several celebrities across the globe are doing their part to provide a smidge of relief for the war-ravaged country and its residents.

Popular heavy metal band Metallica has come forth with one such initiative. The band has released a new t-shirt on their official merchandise page for sale to collect money for Ukraine. Designed by Andrew Cremeans, the t-shirt is priced at approximately Rs 3,000 (USD 39.99). All the money collected from the sale is set to be donated to the #ChefsforUkraine initiative started by Spanish-American chef Jose Andres. “Our friend @Andrew_Cremeans has donated a new, incredible design for the @AWMHFoundation’s #MonthsOfGiving2022 t-shirt! Proceeds from the sale of this shirt go to @WCKitchen’s #ChefsForUkraine campaign,” read the post declaring the t-shirt’s launch.Take a look:Our friend @Andrew_Cremeans has donated a new, incredible design for the @AWMHFoundation’s #MonthsOfGiving2022 t-shirt! Proceeds from the sale of this shirt go to @WCKitchen’s #ChefsForUkraine campaign.Pre-order yours https://t.co/zdIbL3sDtN#AWMH #MetallicaGivesBack #WCK pic.twitter.com/GZE0NJVk6U— Metallica (@Metallica) April 4, 2022
People loved the design of the t-shirt and lauded the band’s gesture to extend help towards the people of Ukraine. The comments section was flooded with prayers for peace as well.OMG this is AWESOME!! It’s so amazing that you all did this to help the chefs helping Ukraine. It’s really very wonderful. You are all hero’s, and I LOVE the design!— Tabbycat72 (@Dragondreams72) April 6, 2022
I got to buy 4 for all my family! And ssuport @WCKitchen @chefjoseandres and @ZelenskyyUa pic.twitter.com/XONbtx50DO— chef @joseandres tnks. (@Cristy52840233) April 6, 2022
Bravo Metallica— Angeles Perez (@linessanchez) April 5, 2022
Thanks for supporting a wonderful cause!— Gone sailling (@awaysailling) April 6, 2022
You all are Awesome!!! — Carebear (@COnmyown02) April 6, 2022
What a noble gesture!Live TV--- ENDS ---Also Read | 10-year-old boy who never saw a limousine got the sweetest present from his aunt on birthday. Watch viral video","['metallica', ' heavy metal', ' ukraine', ' russia', ' war', ' donations', ' chefsforukraine', ' funds', ' ']",https://www.indiatoday.in/trending-news/story/metallica-launches-new-t-shirt-to-collect-funds-for-ukraine-internet-hails-gesture-1934870-2022-04-08
10,trending-news,Man makes mini garden in his rickshaw to beat the heat. Internet loves the idea,"(7, 4, 2022)","The internet is a treasure trove of innovative pictures and videos that can make one's jaw drop in awe. It is quite interesting how people around us can make their livelihood interesting and this picture shared on Twitter is just the content we are talking about.

Posted by Erik Solheim, the image shows a man sitting in his rickshaw. But the vehicle is simply not like the rickshaws you see every day. It is covered with a lush layer of grass! Also, several small potted plants can be seen placed all over the rickshaw. ""This man grew grass on his rickshaw to stay cool even in the heat. Pretty cool indeed!"" read the caption.Don't believe us? See for yourself!This Indian man grew grass on his rickshaw to stay cool even in the heat. Pretty cool indeed! pic.twitter.com/YnjLdh2rX2— Erik Solheim (@ErikSolheim) April 4, 2022
The post has garnered over 20,800 likes and tons of reactions. People loved the idea and shared their thoughts regarding the green rickshaw.Indians are one of the most innovative people, it's just that our talents often go unrecognised, at times even claimed as their own by foreigners ;) .— Nishchay (@NKP4_20) April 4, 2022
We need more rickshaws, roads, streets and even colonies like this. 50 Degrees temperature is a #Newnormal now. We need to take more steps like this to stop it.— Karuna Tiwari (@SDKaruna2603) April 5, 2022
Innovation needs no degreesInfact he has made a superb effort to reduce the degree -inside the rickshawKudos to the gentleman— Swaminathan Erulappan (@esamtwits) April 4, 2022
That's actually very innovative, other rickshaw drivers should also do that cause its April and temperature is already above 42 degrees— Arun (@hqtrivia18) April 4, 2022
What are your thoughts on this post?Live TV--- ENDS ---Also Read | Leopard cubs reunite with their mother after rescue mission in Maharashtra. Watch video","['mini garden', ' ricksaw', ' innovative', ' erik solheim', ' twitterm', ' viral', '']",https://www.indiatoday.in/trending-news/story/man-makes-mini-garden-in-his-rickshaw-to-beat-the-heat-internet-loves-the-idea-1934868-2022-04-07
11,trending-news,Leopard cubs reunite with their mother after rescue mission in Maharashtra. Watch video,"(7, 4, 2022)","Animal rescue videos not only make the day happier, but they also induce hope and positiveness at the end of the day if you really work hard throughout. This video of four tiny leopard cubs being rescued from a field in Maharashtra by the villagers is just the perfect story for the said genre. We can assure you that you won't be disappointed after watching the wonderful clip.

A video shared on Twitter by Wildlife SOS, shows the rescue video of four leopard cubs from a village in Maharashtra. The clip elaborates the rescue operation and shows how the volunteers carefully brought out the cubs to safety and placed them in a vicinity close enough for the mother leopard to come and take them away.""Recently, farmers welcomed a few unusual guests while harvesting sugarcane in Kabadwadi village in Junnar, #Maharashtra. Much to their surprise, four 2-month-old #leopard cubs were found huddled amidst the dense thicket! Watch the heartwarming video of the #rescue & reunion!"" read the caption.Take a look:Recently, farmers welcomed a few unusual guests while harvesting sugarcane in Kabadwadi village in Junnar, #Maharashtra. Much to their surprise, four 2-month-old #leopard cubs were found huddled amidst the dense thicket!Watch the heartwarming video of the #rescue & reunion! pic.twitter.com/l408Ybg5mQ— Wildlife SOS (@WildlifeSOS) April 6, 2022
The video has garnered many views and reactions. People were delighted to see the cute cubs and lauded the volunteers for their incredible job.Beautiful cubs and happy mama! Heartwarming when people care for wildlife. for the rescue and reunion!— Swati C (@ChatSwati) April 6, 2022
Beautiful Thank you WILDLIFE SOS— Essy McCahan (@essy_mccahan) April 6, 2022
M so happy my india is heading back towards the same old days of glorious wildlife as Corbett experienced n Learnt from.— satish shah (@sats45) April 7, 2022
Amazing work @AUThackeray wildlife team https://t.co/1xQJ2W7dsz— Maulik Doshi (@maulikadoshi) April 7, 2022
What do you think of this video?Live TV--- ENDS ---Also Read | Shashi Tharoor reveals what his conversation with Supriya Sule was about after memes go viral","['leopard', ' baby leopard', ' cute video', ' rescue video', ' maharashtra', ' village', ' twitter', '']",https://www.indiatoday.in/trending-news/story/leopard-cubs-reunite-with-their-mother-after-rescue-mission-in-maharashtra-watch-video-1934855-2022-04-07
12,trending-news,Shashi Tharoor reveals what his conversation with Supriya Sule was about after memes go viral,"(7, 4, 2022)","Twitter has been buzzing since this morning after a video of Congress MP Shashi Tharoor and Nationalist Congress Party's Supriya Sule chatting in Lok Sabha went viral. The short clip showed the duo engaged in conversation during former Jammu and Kashmir chief minister Farooq Abdullah’s speech on Ukraine.

As the video went crazy viral on Twitter, netizens were eager to know what exactly the topic of conversation was between Tharoor and Sule. Now, the Thiruvananthapuram MP has put an end to online speculation as he shared details of his discussion with Sule in a post on Twitter.“For all those who've been enjoying themselves at Supriya Sule and my expense over our brief exchange in the Lok Sabha, she was asking me a policy question because she was about to speak next. She was speaking softly so as not to disturb Farooq Sahib, so I leaned over to hear her,” Tharoor wrote.Take a look:For all those who've been enjoying themselves at @supriyaSule's &my expense over our brief exchange in the Lok Sabha, she was asking me a policy question because she was about to speak next. She was speaking softly so as not to disturb FarooqSahib, so i leaned over to hear her.— Shashi Tharoor (@ShashiTharoor) April 7, 2022
Shared half an hour ago, the tweet has already gone viral with over 5,800 likes and tons of comments. While some lauded Tharoor for taking the issue so sportingly, others had a hearty laugh over the tweet.Just have a laugh, sirReminded everyone of their time in the sun as backbenchers..when someone was droning on..from the first benchhttps://t.co/zKlakwfk5b— Lakshmi Prashanth (@lakshmiprashan7) April 7, 2022
That's fine sir, it's normal, Don't justify yourself.People knows you very well, right?— ADV. ASHUTOSH J. DUBEY (@AdvAshutoshBJP) April 7, 2022
pic.twitter.com/1lpGIOIV4h— azad kumar (@azadkumarazad) April 7, 2022
The video was shot while the Parliament was in discussion over the Russia-Ukraine war. Take a look at some of the memes that went viral.Shashi Tharoor teaching us that work life balance is important pic.twitter.com/yDflm544OF— AIl India Memes (@allindiamemes) April 6, 2022
Farooq Abdullah, pic.twitter.com/N2F82XDnHw— Samanya Nagarika (@SamanyaNagarika) April 7, 2022
Okay, then!Live TV--- ENDS ---Also Read | Shashi Tharoor chats with Supriya Sule as Farooq Abdullah gives a speech. Memes explode on Twitter","['shashi tharoor', ' supriya sule', ' parliament', ' lok sabha', ' farooq abdullah', ' twitter', ' viral video', '']",https://www.indiatoday.in/trending-news/story/shashi-tharoor-reveals-what-his-conversation-with-supriya-sule-was-about-after-memes-go-viral-1934797-2022-04-07
