SN,category,headline,date,content,keywords,link
1,trending-news,Did Hardik Pandya's 50 against SRH just cost this man his job? Twitter has questions,"(12, 4, 2022)","A spectator watching the Indian Premier League (IPL) match between SunRisers Hyderabad (SRH) and Gujarat Titans (GT) match in Navi Mumbai has caught the eyes of netizens. The reason, you may ask? Well, it has got something to do with the placard that he was holding during the match. He stood in the stands of the Dr DY Patil Sports Academy with a banner that read, “If Hardik hits a 50, I’ll resign from my job.” Now, on Monday’s match, Pandya did stitch a vital 50 against SunRisers Hyderabad though it happened to be the slowest half-century in the history of IPL. Nevertheless, since Hardik put up a half-century on the scoreboard, netizens had a few questions to the man who promised he would quit his job.

SunRisers Hyderabad played against Gujarat Titans on Monday’s match. GT did not have the most wonderful start as they lost an early wicket in the form of Shubman Gill. SRH had managed to keep up their dominance until Pandya and David Miller took their sides. Pandya smashed 50 runs of 42 balls. Meanwhile, this man with a fun banner had already caught the cameraman’s attention. His quirky banner did grab attention online as well, especially after Pandya did hit a half-century.Watch the video here:How do we think this guy is doing now? pic.twitter.com/q5fmUSonAn— Sky Sports Cricket (@SkyCricket) April 11, 2022
Gujarat Titans couldn’t win the match, but Hardik Pandya’s half-century put this man with the quirky banner in a bit of a fix. Twitter users wanted to know if he is actually planning to quit his job. Others wanted to know more about this anonymous spectator. See some of the comments below:Hardik pandya is second Gujarati who Snatch people's Job. pic.twitter.com/5b6SgqOANc— Nimittt (@sarcasticnimitt) April 12, 2022
Reason behind unemployment increasing #IPL2022 #IPL #job #India #CricketTwitter #Cricket #HardikPandya #GTvsSRH #gujrattitans pic.twitter.com/pi7AjCiv6j— Sridhar Nagar (@iamSridharnagar) April 12, 2022
Finally an idealistic use of this meme pic.twitter.com/4vLP5dMfGo— Vinesh Prabhu (@vlp1994) April 11, 2022
Hardik is such a good human, he always helps the needy— Ritesh S Wankhade (@riteshswankhade) April 12, 2022
His boss: pic.twitter.com/Nf9nnUavBb— Akshay kumar (@akshaykumar_twi) April 11, 2022
Scenes when Boss asks for his resignation tomorrow. pic.twitter.com/BeagVkq6vJ— Aditya Mantry (@aditya_mantry) April 11, 2022
Hardik Pandya has certainly made a mark with his leadership skills in IPL 2022. Giving the captain's armband for the first time in the league, Hardik led newbies Gujarat Titans to 3 successive wins before the winning run was snapped by SunRisers Hyderabad on Monday.Live TV--- ENDS ---ALSO READ| SRH vs GT: Shouldn't say Hardik Pandya is not a good captain just because he lost his cool, says Graeme Swann","['hardik pandya', ' ipl', ' ipl memes', ' ipl jokes', ' SRH', ' GT']",https://www.indiatoday.in/trending-news/story/did-hardik-pandya-s-50-against-srh-just-cost-this-man-his-job-twitter-has-questions-1936519-2022-04-12
2,trending-news,US law professor criticises Indian immigrants during interview on TV. Internet lashes out,"(12, 4, 2022)","The issue of racism has been prevalent in the US for a long time. With continued protests and demonstrations, some leaders were successful in introducing important changes in society that favored people of diverse races. However, after decades, the situation seems to be standing on the same step that it was 10 years ago.

If you’re thinking about how worse the situation could be, we want to present you this video of a tenured professor from University of Pennsylvania in the US. Two videos of Professor Amy Wax speaking about immigrants and people of other races at the Tucker Carlson talk show have gone viral.In one of the videos, Wax can be seen speaking about immigrant Indians. She was heard saying, “Here’s the problem. They (Brahmin women from India) are taught that they are better than everybody else because they are Brahmin elites and yet, on some level, their country is a shit hole.""In another video, she was heard saying how the black and Asian people harbor ""resentment, shame, and envy"" against western people for their ""outsized achievements and contributions.""Take a look:Wax then attacks Indian immigrants for criticizing things in the US when ""their country is a shithole"" and goes on to say that ""the role of envy and shame in the way that the third world regards the first world [...] creates ingratitude of the most monstrous kind."" pic.twitter.com/dUL9coinS9— nikki mccann ramírez (@NikkiMcR) April 11, 2022
The outrageous interview left people fuming. Netizens didn’t hesitate to call out Amy Wax for her ‘white elitism propaganda’. Some even pointed out how such ideas from a college professor is a contributing reason for increasing hate crime in the States.Here’s how people reacted:A tenured law school professor is on TV, claiming whites are ""oppressed,"" Black people ""feel shame"" for their failings, & pitting ""wealthy"" Asians against Black people. Does @pennlaw support this white nationalist propaganda?Wax Contact Info:215-898-5638awax@law.upenn.edu— Qasim Rashid, Esq. (@QasimRashid) April 11, 2022
.@pennlawNo one wants to apply to a school where racism like this is open and tolerated. Your shame for not dealing with this ""law professor"" Amy Wax is going to be spread far and wide.#Racismhttps://t.co/81oDGS0JP4— KrisS Your Vote, Your Voice (@MplsMe) April 11, 2022
If this is her stance why is she still allowed to teach. I hope Penn university is listening and fires her. Think of the young minds she is influencing.— Chris Montrose I Stand With Ukraine (@Cali3416) April 11, 2022
If the majority of your ""accomplishments"" argument rests on things gained through slavery, racism, bigotry, colonialism, imperialism... you aren't superior, you are morally reprehensible.— Forsetti-You're So Misinformed, It's Extraordinary (@ForsettisCreed) April 11, 2022
Wax made racist remarks in past. 2006: faculty members at Penn Law condemned her stance against same-sex marriage. 2017: Wax said I don’t think I’ve seen a Black student graduate in the top quarter of the class, and rarely in the top half.She was barred from teaching law class— P Friedman (@drpaulrfriedman) April 12, 2022
Wait, what? Is she seriously a professor ?— Aaron J. Fentress (@AaronJFentress) April 12, 2022
What are your thoughts on this incident?Live TV--- ENDS ---Also Read | Man dressed in kurta and skirt dances on the streets of US. Viral video has over 17 million views","['law professor', ' pennsylvania', ' USA', ' racist', ' immigrant', ' india', ' black hate', ' asian hate', '']",https://www.indiatoday.in/trending-news/story/us-law-professor-criticises-indian-immigrants-during-interview-on-tv-internet-lashes-out-1936501-2022-04-12
3,trending-news,Man dressed in kurta and skirt dances on the streets of US. Viral video has over 17 million views,"(12, 4, 2022)","A video that has gone viral on social media features a man dancing on the streets of the US. While his dancing skills are just wonderful, without a doubt, the video has managed to draw netizens’ attention because of the outfit that the man is wearing. Meet choreographer Jainil Mehta, who is wooing his fans and followers with his superb dancing skills. Jainil dancing dressed in a skirt in several videos has garnered a lot of attention on social media. In this video posted on Instagram last month, he is seen wearing a shirt with a skirt and dancing to Jhume Re Gori from the film Gangubai Kathiawadi. The video has over 17 million views.

In the now-viral video, Jainil can be seen performing Garba to the song from Gangubai Kathiawadi. Jhume Re Gori is a song picturised on Alia Bhatt. He is just flawless and you won’t be able to take your eyes off this superb dancer.“For me it’s not even the choreography, it’s the vibe of dancing on streets & interacting with people! For me this song was not about how well I can dance & choreograph but how well I can express & bring the right essence of the music! #meninskirts Let me know what you think (sic),” the video caption reads.Watch the video here:View this post on InstagramA post shared by Jainil Mehta (@jainil_dreamtodance)
Netizens absolutely loved this dance video. “This is so beautiful i am ACTUALLY getting emotional (sic),” a user wrote. “Enjoyed the performance thoroughly!! What energy (sic),” another comment read.See more comments below: See more videos of Jainil Mehta here:View this post on InstagramA post shared by Jainil Mehta (@jainil_dreamtodance)
View this post on InstagramA post shared by Jainil Mehta (@jainil_dreamtodance)
View this post on InstagramA post shared by Jainil Mehta (@jainil_dreamtodance)
View this post on InstagramA post shared by Jainil Mehta (@jainil_dreamtodance)
What do you think about this video? Tell us in the comments section below.Live TV--- ENDS ---ALSO READ| Dog reunites with owner 5 years after it went missing. Viral video will leave you in tears","['man in skirt', ' man dances in skirt', ' alia bhatt', ' gangubai kathiawadi', ' waral video 17 million views']",https://www.indiatoday.in/trending-news/story/man-dressed-in-kurta-and-skirt-dances-on-the-streets-of-us-viral-video-has-over-17-million-views-1936446-2022-04-12
4,trending-news,Dog reunites with owner 5 years after it went missing. Viral video will leave you in tears,"(12, 4, 2022)","If you are a dog parent, the well-being of your pet is of utmost importance to you. Even the mere thought of losing it is nothing short of a nightmare for you. A video that has gone viral recently clearly sums up a dog mother’s sentiments. The video shows a dog reuniting with its owner 5 years after it went missing. The video posted by Goodnews Movement will make you cry. It has over 5 lakh views.

In the now-viral video, a dog can be seen meeting its owner after 5 years. It was stolen a few years back and the family had lost all hopes of seeing it again. However, he was found and rescued and the moment the owner and the dog met, it was perfectly endearing.“Dog and owners have reunited after 5 years apart. This dog was stolen and the family thought they'd never see the dog again (sic),” the video caption reads.Watch the video here:Dog and owners are reunited after 5 years apart. This dog was stolen and family thought they'd never see dog again. pic.twitter.com/MBYZz52uCN— GoodNewsMovement (@GoodNewsMoveme3) April 11, 2022
The video left the internet teary-eyed. See some of the comments below:Holy shit, that brought a tear to the eye— Rich Baker Sculptor (@richcraftiron) April 11, 2022
: Even when things aren’t going well in our lives, we have reasons to be grateful. Today, let me take the time to appreciate the gift of life and all its wonders while counting my blessings and cherishing what i already have. #brahmakumarisus— Neo Neal Botvinik (@NBotvinik) April 11, 2022
What breed of dog is this?— Naught Followers (@naughtfollowers) April 11, 2022
What do you think about this video? Tell us in the comments section below.Live TV--- ENDS ---ALSO READ| This adorable video of a panda lazing around will make you crave for the weekend already. Viral","['dog reunites with owner', ' dog video', ' dog owner video']",https://www.indiatoday.in/trending-news/story/dog-reunites-with-owner-5-years-after-it-went-missing-viral-video-will-leave-you-in-tears-1936363-2022-04-12
5,trending-news,"Wordle 297 word of the day, April 12. Struggling to get the right answer? Check out solution here","(12, 4, 2022)","Are you having a hard time solving today’s Wordle? Well, fret not, we are here to help you with hints. Today’s word is easy but if you are finding it difficult to crack the code, we have got you covered. A person is referred to as this 5-letter word if he/she is a member of the king or queen’s family. Have you got it now? If not, read on for more clues.

HOW TO PLAY WORDLE?Wordle is a simple word-guessing game and requires the player to guess a five-letter word in six tries. The game is available on a website and you can play it from your mobile as well as laptop or computer. There is a grid and a keyboard on the Wordle website and you can choose your letters from it.To start, you have to type your first five-letter word guess. That forms the top row of the grid. If you get one of the letters correct in the grid, that box will turn green. If the letter that you guessed is in the word but not in the correct box, that space will turn yellow. If the player guesses anything else, the tile’s colour remains unchanged.STRATEGIES TO PLAY WORDLE BETTERTip #1: While playing Wordle, try to use letters that are common. The most common letters in the English language are e, t, a, i, o, n, s, h, and r. Try using these in the first few attempts.Tip #2: Don't waste your attempts on words that have a letter you've already eliminated, or letters in a position that they cannot be in.Tip #3: During your initial attempts, if a letter is marked yellow, it cannot be in the same position in any of the following guesses. It will also not be in any position that has already turned green. This means that you do not have to try all four remaining slots for a yellow letter.Tip #4: Think of words with common letters and give it a shot.WORDLE AND ITS INDIA CONNECTWordle was invented by Josh Wardle, a software engineer from Brooklyn, for his Indian partner, Palak Shah, who loves word games. So sweet, no? The name of the game is in line with the creator’s surname Wardle. Palak and Josh played the game for several months before its release in October 2021, The New York Times reports. Wordle has been sold to the New York Times.WORDLE 297 HINTSIt has two vowels.The first letter is a consonant.The word is an adjective.THAT HINT WHICH WILL HELP YOU TO SOLVE IN A JIFFYIt starts with the letter R.It ends with the letter L.WORDLE 297 ANSWERThe answer for Wordle 297 is ROYAL.Live TV--- ENDS ---ALSO READ| Wordle 296 word of the day, April 11. Struggling to get the right answer? Check out solution here","['wordle', ' wordle word of the day', ' wordle word']",https://www.indiatoday.in/trending-news/story/wordle-297-word-of-the-day-april-12-struggling-to-get-the-right-answer-check-out-solution-here-1936334-2022-04-12
6,trending-news,Lemonade seller's hatke jingle is amusing netizens. Video goes viral,"(11, 4, 2022)","Street vendors in India use unique ways to sell their goods and there are multiple examples on the internet. If you’re a regular on social media, you have definitely come across the guava seller whose way of selling fruit went viral. And who can forget Bhuban Badyakar’s Kacha Badam song?

Now, a man selling lemon soda has gone viral for his unique way. Shared on Instagram, the video shows the man surrounded by customers while he prepares the drinks. The man starts by pressing some lemons into glasses. He then adds soda and black salt while describing the process in rhymes. He ends the drink with an amusing “Thanda paa” that leaves the onlookers giggling.Take a look:View this post on InstagramA post shared by Gourav Sagar (@13_gouravsagar05)
The video has garnered over 9 lakh likes and tons of comments. People thoroughly enjoyed the vendor’s hatke style of selling lemonade. Many expressed that they would like to have his special drink.  What do you think of this video?Live TV--- ENDS ---Also Read | Dog reunites with owner in war-torn city of Bucha in Ukraine. Viral video will leave you teary-eyed","['lemonade', ' street vendor', ' jingle', ' hatke', ' quirky', ' funny', ' viral video', ' instagram', '']",https://www.indiatoday.in/trending-news/story/lemonade-seller-s-hatke-jingle-is-amusing-netizens-video-goes-virallemonade-seller-s-hatke-jingle-is-amusing-netizens-video-goes-viral-1936203-2022-04-11
7,trending-news,This adorable video of a panda lazing around will make you crave for the weekend already. Viral,"(11, 4, 2022)","Let’s just say pandas are unarguably the cutest creatures alive. Don’t you think? There isn’t one panda video on the internet that you would want to skip. They are such adorable creatures. Now, a video that has gone viral on social media features a panda lazing around without any care. The video will make you crave for the weekend already. The clip was posted by Buitengebieden and has over 2 million views.

In the now-viral video, the panda can be seen flipping from one place to the other. “Wondering how does this species survive in the wild (sic),” the video caption reads.Watch the video here:Wondering how does this species survive in the wild.. pic.twitter.com/ONgk2qeL56— Buitengebieden (@buitengebieden_) April 10, 2022
The internet absolutely loved the viral video. “The panda videos made my day (sic),” a user wrote.See some of the comments below:The panda videos make my day— Sam MacNamara (@manfy90) April 11, 2022
I just love— Anita Cawley (@anita11091) April 10, 2022
Looks like me getting out of bed in the morning— (@Mikki_RN_) April 11, 2022
and they may use the world as a playground— Christa Wölfel (@Violine_Dreamer) April 10, 2022
You should watch Kung Fu Panda!— Metal Monkey (@MetalMonkeyThe7) April 11, 2022
I watched an excellent doco on Pandas years ago, narrated by David Attenborough, they followed one male panda and all he did was eat and sleep, a female would come on heat and he’d be like “oh yeah, but wait, food, sleep, more food”. It was hilarious— Tank Girl (@TankVaxxed) April 11, 2022
What do you think about this video? Tell us in the comments section below.Live TV--- ENDS ---ALSO READ| Twitter blasts tourists who drove their Audi through Ladakh’s Pangong Lake. Video goes viral","['panda', ' panda video', ' panda viral video']",https://www.indiatoday.in/trending-news/story/this-adorable-video-of-a-panda-lazing-around-will-make-you-crave-for-the-weekend-already-viral-1936198-2022-04-11
8,trending-news,9-yr-old girl’s heartbreaking letter to mother who died during Russia-Ukraine war leaves Internet teary-eyed,"(11, 4, 2022)","The brutal Russian invasion has ravaged several cities of Ukraine and the terrible visuals and photos prove that. Many people were forced to leave their homes, jobs and even their loved ones behind to seek refuge elsewhere. Many children were orphaned and the list of atrocities is too long to describe.

Amid such horrifying tales, a heartbreaking letter written by a 9-year-old girl from Borodyanka in Ukraine has left netizens teary-eyed. Shared on Twitter by Anton Gerashchenko, the Adviser to the Minister of Internal Affairs of Ukraine, the post shows the hand-written letter.“Here's the letter from a 9-year-old girl to her mom who died in #Borodianka. ‘Mom! You're the best mom in the whole world. I'll never forget you. I wish you'll get in Heaven and be happy there. I'll do my best to be a good person and get in Heaven too. See you in Heaven! Galia xx’,” read the caption.Take a look:Here's the letter from 9-old girl to her mom who died in #Borodianka.""Mom!You're the best mom in the whole world. I'll never forget you. I wish you'll get in Heaven and be happy there. I'll do my best to be a good person and get in Heaven too. See you in Heaven!Galia xx"". pic.twitter.com/07l7vfQxM4— Anton Gerashchenko (@Gerashchenko_en) April 8, 2022
The post has received several reactions from netizens. People shared messages of condolence for the little girl. It is bound to make your eyes misty as well.This poor baby. I wish her the very best. God be with her. Very heartbreaking. The results of how many families and lives are destroyed for one man's desire.— Lisa Morris. (@lisamorris218) April 10, 2022
Very painful to read such emotions of nine year kid.— Dharmbir singh (@Dharmbi57335931) April 10, 2022
Heartbreaking, no words, utmost painful,— AKG (@AKG39334214) April 10, 2022
Gut wrenching— Lynda Deutsch Eisenstein (@LyndaEisenstein) April 10, 2022
Stay strong Ukraine.Live TV--- ENDS ---Also Read | Internet hails Ukraine government for adopting cat rescued from a bombed city","['ukraine', ' russia', ' war', ' heartwarmin letter', ' viral post', ' ministry of internal affairs', ' ']",https://www.indiatoday.in/trending-news/story/9-yr-old-girl-s-heartbreaking-letter-to-mother-who-died-during-russia-ukraine-war-leaves-internet-teary-eyed-1936174-2022-04-11
9,trending-news,"Mumbai Police band plays cover of Egyptian song Ya Mustafa in viral video. Excellent, says Internet","(11, 4, 2022)","Mumbai Police band Khaki Studio started the week on a melodious note by sharing the instrumental cover of the Egyptian song Ya Mustafa. Mumbai Police’s official social media handles shared the video of their band performing a rendition of the famous song.

The band’s cover was also posted on Mumbai Police’s YouTube channel. The Khaki Studio members can be seen playing several musical instruments, including clarinet, saxophone, trumpet and flute.“'Ya Mustafa', is a well-known multilingual song from Egypt, composed by famous Egyptian Musician Mohamed Fawzi to feature in an Egyptian movie, and which has then been recorded in many different languages for its unique and catchy tunes. Several different versions, including parodies, have been recorded. The song first became popular in Europe with the help of singer Bob Azzam, who released it in 1960 in France (sic),” the video caption reads.Watch the video here:The internet absolutely loved the viral video. The comments section is replete with words like “excellent”, “awesome” and “melodious”.See some of the comments below: Earlier, Khaki Studio had shared a video of the band members playing the famous song Srivalli from the film Pushpa.Watch the video here:#KhakiStudio Rukhega Nahi!We noticed Mumbaikars swaying to the tunes of ‘Srivalli’ and decided to join in!#MusicalMonday#MumbaiPoliceBand#Pushpahttps://t.co/MhFLOTgl84— Mumbai Police (@MumbaiPolice) March 14, 2022
Did you like the video? Tell us in the comments section below.Live TV--- ENDS ---ALSO READ| Internet hails Ukraine government for adopting cat rescued from a bombed city","['Mumbai police', ' mumbai police band', ' Ya Mustafa', ' egyptian song']",https://www.indiatoday.in/trending-news/story/mumbai-police-band-plays-cover-of-egyptian-song-ya-mustafa-in-viral-video-excellent-says-internet-1936119-2022-04-11
10,trending-news,"Pakistani YouTuber sings Ramzan song in viral Kacha Badam tune, gets trolled","(11, 4, 2022)","The craze regarding the viral Bengali song Kacha Badam has refused to die down. Even now, if you scroll through Instagram reels or Facebook, numerous videos featuring netizens dancing to the peppy track by peanut seller Bhuban Badyakar will pop up. The popularity of the song had reached far and beyond and netizens from Korea and the US also participated in the viral dance challenge.

Now, a Pakistani YouTuber, Yasir Soharwardi, has shared a music video based on the popular tune of Kacha Badam. Titled Roza Rakhunga, the song is about keeping fast during Ramzan.In the song, Yasir can be seen holding a bird and a cat and singing how everyone should keep Roza for Ramzan.Take a look:The video has gone viral with over 110k views and the numbers are steadily increasing. The video was shared on Twitter as well. While some enjoyed the song and wrote about how music can bridge the gap between nations, others had a lot of funny things to share about the track.Many were not at all impressed with the use of animals to promote Roza.Take a look:They took Kacha badams tune to the next level— Omar Khan (@OmarKhan70) April 8, 2022
pic.twitter.com/SlhMjG6rks— Kinza Tariq (@Kinnzayyy) April 8, 2022
pic.twitter.com/iAPlASzZmx— (@Aneesnabii) April 9, 2022
Animals were hurt during the making of this. https://t.co/1vXGueasK9— Tea. (@chadoorgirl) April 9, 2022
The song Kacha Badam was composed by Bhuban Badyakar, a peanut seller from West Bengal. The song went viral with over millions of views and Badyakar became a celebrity with multiple appearances at events.Listen to the song here:What are your thoughts on the Pakistani singer’s track?Live TV--- ENDS ---Also Read | The viral Kacha Badam song is trending again. Here's everything you need to know about it","['pakistani', ' youtuber', ' ramzan', ' kacha badam', ' bhuban badyakar', ' west bengal', ' karachi', ' twitter', ' trolled', '']",https://www.indiatoday.in/trending-news/story/pakistani-youtuber-sings-ramzan-song-in-viral-kacha-badam-tune-gets-trolled-1936130-2022-04-11
11,trending-news,Internet hails Ukraine government for adopting cat rescued from a bombed city,"(11, 4, 2022)","It has been 46 days since Russian President Vladimir Putin declared war on Ukraine. Since then, horrifying stories of people losing their loved ones, pets and homes have surfaced on the internet. However, some heartwarming stories of animal rescues have restored people’s faith in humanity and the story of this cat from Borodyanka in Ukraine is a wonderful example.

The cat was rescued from the rubble of a bombed building in the ill-fated city. And it has indeed proved that felines have the blessing of nine lives. According to a Twitter post by Anton Gerashchenko, the Adviser to the Minister of Internal Affairs of Ukraine, the brave cat has been adopted by the government.“Remember the survivor cat from #Borodianka? I was sent a happy sequel to his story! He now lives in the Ministry of Internal affairs, fed, bathed, and loved. He will participate in all important meetings, of course,” read the caption.Take a look:Remember the survivor cat from #Borodianka? I was sent a happy sequel to his story! He now lives in the Ministry of Internal affairs, fed, bathed, and loved. He will participate in all important meetings, of course.#UkraineUnderAttack #StandWithUkraine pic.twitter.com/yvQYy6QljC— Anton Gerashchenko (@Gerashchenko_en) April 9, 2022
The post has garnered over 32k likes and reactions. While some couldn’t stop thanking the government regarding the adoption, others lauded the cat’s bravery during the shocking situation.He might want to serve & protect, like that book, ""A Cat's Revenge"" by Claude Balls...— Zora's Turn (@ZoTurn) April 9, 2022
Thanks to all the people who do not leave animals in this horror— Katrin (@oberlo11) April 9, 2022
 pic.twitter.com/L5hJGWLORf— Ukrainian Border (@BorderUkrainian) April 9, 2022
 poor baby..so glad he's safe for now..I only wish the whole country could have the same..fed, safe & warm #StandWithUkraine #StandUpForUkraine— NY Graciela Blue (@GracielaBerton4) April 9, 2022
The best Caturday post ever! Thank you, sir.— Lorenzo The Cat (@LorenzoTheCat) April 9, 2022
Did this story warm your heart as well?Live TV--- ENDS ---Also Read | Dog reunites with owner in war-torn city of Bucha in Ukraine. Viral video will leave you teary-eyed","['ukraine', ' cat', ' animal rescue', ' ministry of internal affairs', ' viral story', ' heartwarming', '']",https://www.indiatoday.in/trending-news/story/internet-hails-ukraine-government-for-adopting-cat-rescued-from-a-bombed-city-1936104-2022-04-11
12,trending-news,Twitter blasts tourists who drove their Audi through Ladakh’s Pangong Lake. Video goes viral,"(11, 4, 2022)","When we as tourists visit ecologically sensitive areas in India or across the world, it is our foremost duty to preserve it. Creating a ruckus or putting the habitat at risk under the pretext of enjoying is the last thing expected of us. A video from Ladakh which has surfaced online shows a group of tourists showing irresponsible behavior. A Twitter user named Jigmat Ladakhi shared a video of a few men driving their car through the pristine Pangong Lake in Ladakh. The video has shocked social media users who demanded strict actions against the perpetrators.

In the now-viral video, three men can be seen in an Audi and driving through Pangong Lake. You can also see a foldable table and chair placed right in the lake with bottles of alcohol atop. While it is certain that the video has been captured in Ladakh, the exact date of this incident cannot be determined. Nevertheless, it is indeed a careless tourist behaviour.“I am sharing again another shameful video. Such irresponsible tourists are killing Ladakh . Do you know? Ladakh has more than 350 bird species and lakes like Pangong are the home of many bird species. Such an act may have risked the habitat of many bird species (sic),” the video caption reads.Watch the video here:I am sharing again an another shameful video . Such irresponsible tourists are killing ladakh . Do you know? Ladakh have a more than 350 birds species and lakes like pangong are the home of many bird species. Such act may have risked the habitat of many bird species. pic.twitter.com/ZuSExXovjp— Jigmat Ladakhi (@nontsay) April 9, 2022
The internet criticised this behavior shown by a group of tourists in Ladakh. “Hon. Minister, this shameful behaviour by so-called tourists should not go unpunished. Or else, it will spoil the natural beauty of the destination (sic),” a user wrote.“Environment is no one's property to destroy it's everyone's responsibility to protect (sic),” another user wrote.See some of the comments below:@kishanreddybjp @tourismgoi Hon. Minister, this shameful behaviour by so called tourists should not go unpunished. Or else, it will spoil the natural beauty of the destination.— Narayan Mallapur (@mallapur123) April 10, 2022
Environment is no one's property to destroy it's everyone's responsibility to protect.— Jigmat Ladakhi (@nontsay) April 10, 2022
SHAME.https://t.co/8JtSV9VOyA— (@Unapolo84225325) April 10, 2022
Most of the tourism revenue comes from visitors from HR,Del as they visit HP,UK,Ladakh.Yes we should respect nature,but all plots,land masses,infrastructure have been built after capturing land from wildlife,flora-fauna has been destroyed.All constructions in UK are on river beds— Surender S Shekhawat (@surender_sandy) April 10, 2022
Blaming locals, police, government and all but not the tourists.It's a basic common sense & civility that's lacking in these newly rich quick money his, who got it without earning— ... I'm the devine power... (@nikkyrachit) April 10, 2022
Mr Jigmat having lived for 3 years in the region I'm well aware how fragile the unique ecosystem is & already stressed with excessive militarization. Post 2019 it has become a central dominion & your MP doesn't give a hoot. Please save it if you can— Harsaran Singh | (@Harsarans) April 10, 2022
Pangong Lake is situated at an altitude of 14,100 ft in the Eastern sector of Ladakh, at a distance of 150 km from Leh across Changla pass (17,000ft). This lake is one of the largest and most beautiful natural brackish lakes in the country.Live TV--- ENDS ---ALSO READ| Anand Mahindra's Monday Motivation post includes a powerful message. Don't miss","['Pangong Lake', ' Pangong Lake viral video', ' audi in ladakh', ' audi in pangong lake']",https://www.indiatoday.in/trending-news/story/twitter-blasts-tourists-who-drove-their-audi-into-ladakh-s-pangong-lake-video-goes-viral-1936089-2022-04-11
