SN,category,headline,date,content,keywords,link
1,trending-news,Smriti Irani says pause and count your blessings in new Instagram post. BFF Ekta Kapoor reacts,"(13, 4, 2022)","Union Minister Smriti Irani is an avid social media user and her Instagram account is filled with million-dollar videos and pictures that go viral in no time. On April 13, the politician shared a thought-provoking post on the app and it has obviously gone viral online. The post talks about counting your blessings every day and is just too good to miss out on.

In the now-viral post, Smriti Irani can be seen with a copper pot in her hand while a child’s hand was on her head. The picture seemed to be from a temple and it looked like the child was blessing her.“Pause and count your blessings everyday,” Smriti Irani captioned the post.See post here:View this post on InstagramA post shared by Smriti Irani (@smritiiraniofficial)
The post swiftly went viral after being shared online. Fans and followers flooded the comments section with their thoughts and opinions.“So true,” a user said.Another user commented, “Simple and sweet.”See the comments here:  Even BFF Ekta Kapoor reacted to Smriti Irani’s inspirational post with heart emojis.Take a look: Smriti Irani is the Union Cabinet Minister for Women and Child Development.Live TV--- ENDS ---ALSO READ | Smriti Irani reveals how her mom cleaned her aura in hilarious Instagram post. Don't miss","['smriti irani', ' ekta kapoor', ' reacts', ' thought-provoking', ' post', ' viral', ' instagram', ' pause', ' count', ' blessings']",https://www.indiatoday.in/trending-news/story/smriti-irani-says-pause-and-count-your-blessings-in-new-instagram-post-bff-ekta-kapoor-reacts-1936894-2022-04-13
2,trending-news,Rajasthan boy who helped Zomato delivery executive buy a bike thanks Internet with new video. Watch,"(13, 4, 2022)","If used for the right reasons, the internet has the capability to do wonders. Case in point, this Zomato delivery executive from Rajasthan who purchased a bike, all with the help of the internet. 18-year-old Aditya Sharma shared delivery executive Durga Meena’s story on Twitter and how he longed to purchase a bike so that he could commute faster and easily. Of course, his post blew up on the internet and people pitched in to help Durga Meena through crowdfunding. Now, Aditya has shared a new video in which the two of them can be seen at the motorbike showroom. He used this video to thank the internet for the help.

In the now-viral video, the Zomato delivery executive can be seen discussing with Aditya and the sales executive of the bike showroom about which bike to purchase depending on the mileage. Aditya revealed Durga almost broke down in the showroom. “All thanks to you guys. He was emotional while buying bike (sic),” he captioned the new video.Watch the video here:All thanks to you guys.He was emotional during buying bike pic.twitter.com/XTgu17byOm— Aditya Sharma (@Adityaaa_Sharma) April 12, 2022
Durga Meena was a teacher for 12 years but due to Covid he lost his job and was forced to deliver food to make ends meet.Aditya Sharma tweeted the post on April 11 and the incident blew up within hours. “Today my order got delivered to me on time and to my surprise, this time the delivery boy was on a bicycle. Today my city temperature is around 42 °C in this scorching heat of Rajasthan. He delivered my order on time,” he explained. Sharma even shared a picture of the delivery person with his bicycle.Today my order got delivered to me on time and to my surprise, this time the delivery boy was on a bicycle. today my city temperature is around 42 °C in this scorching heat of Rajasthan he delivered my order on timeI asked for some information about him so 1/ pic.twitter.com/wZjHdIzI8z— Aditya Sharma (@Adityaaa_Sharma) April 11, 2022
Aditya started a crowdfunding campaign to raise Rs 75,000, the down payment for Meena’s bike. The response was so massive that the money was raised within a day!he has done his bachelor's in BCOM and wants to pursue MCOM but due to his financial condition, he started to work with zomato .He knows everything about the internet Durga told me he wants to have his own laptop with good wifi so he can teach students online because 3/— Aditya Sharma (@Adityaaa_Sharma) April 11, 2022
guys, I want to raise crowdfunding of 75k I know its a huge amount but if this reaches 75k people and each person gives 1 rs we can fulfill his wish of having a bikeeven he said he will return all the money of downpayment SUCH AN HARDWORKING PERSONDETAILS BELOW. 6/— Aditya Sharma (@Adityaaa_Sharma) April 11, 2022
Humanity still exists, this story is proof!Live TV--- ENDS ---ALSO READ| Zomato delivery executive buys a bike after Rajasthan man posts his story online. Viral","['zomato man', ' zomato delivery executive', ' zomato man buys bike']",https://www.indiatoday.in/trending-news/story/rajasthan-boy-who-helped-zomato-delivery-executive-buy-a-bike-thanks-internet-with-new-video-watch-1936861-2022-04-13
3,trending-news,Man dressed in kurta and skirt dances to Pushpa song Saami Saami on the streets of NYC in viral video. Watch,"(13, 4, 2022)","A video that has gone viral on social media shows a man dancing on the streets of NYC dressed in a kurta and skirt. Jainil Mehta, a choreographer, grooved to Pushpa song Saami Saami on NYC streets. His dancing skills are superb and what also drew the netizens’ attention was his attire. He wore a kurta and skirt as he showcased his performance. The video has over 3 lakh views and was posted on Instagram over the weekend.

In the now-viral video, Jainil can be seen doing the hook step of the song Saami Saami dressed in a skirt. The Manhattan Bridge can be seen in the background of his video. “SAAMI SAAMI IS OUT FINALLY!!! Doing #meninskirts in DUMBO, Brooklyn was totally a vibe - especially in front of hundreds of people who were taking photographs and videos (sic),” the video caption reads.Watch the video here:View this post on InstagramA post shared by Jainil Mehta (@jainil_dreamtodance)
Of course, netizens absolutely loved this video. “You have lachak, grace, aadaein, nazakat everything...complete performer...60 sec is not enough seriously (sic),” a user wrote.See more comments below: The original music video is picturised on Rashmika Mandanna and Allu Arjun. Watch the video here:What do you think about this video? Tell us in the comments section below.Live TV--- ENDS ---ALSO READ| Man dressed in kurta and skirt dances on the streets of US. Viral video has over 17 million views","['saami saami', ' man in skirt', ' manhattan bridge', ' NYC streets', ' man dances on nyc streets']",https://www.indiatoday.in/trending-news/story/man-dressed-in-kurta-and-skirt-dances-to-pushpa-song-saami-saami-on-the-streets-of-nyc-in-viral-video-watch-1936819-2022-04-13
4,trending-news,"Wordle 298 word of the day, April 13. It refers to a thick, solid piece of something","(13, 4, 2022)","Are you having a hard time-solving today’s Wordle? Well, fret not, we are here to help you with hints. Today’s word is easy but if you are finding it difficult to crack the code, we have got you covered. The word refers to a thick, solid piece of something. Have you got it now? If not, read on for more clues.

HOW TO PLAY WORDLE?Wordle is a simple word-guessing game and requires the player to guess a five-letter word in six tries. The game is available on a website and you can play it from your mobile as well as laptop or computer. There is a grid and a keyboard on the Wordle website and you can choose your letters from it.To start, you have to type your first five-letter word guess. That forms the top row of the grid. If you get one of the letters correct in the grid, that box will turn green. If the letter that you guessed is in the word but not in the correct box, that space will turn yellow. If the player guesses anything else, the tile’s colour remains unchanged.STRATEGIES TO PLAY WORDLE BETTERTip #1: While playing Wordle, try to use letters that are common. The most common letters in the English language are e, t, a, i, o, n, s, h, and r. Try using these in the first few attempts.Tip #2: Don't waste your attempts on words that have a letter you've already eliminated, or letters in a position that they cannot be in.Tip #3: During your initial attempts, if a letter is marked yellow, it cannot be in the same position in any of the following guesses. It will also not be in any position that has already turned green. This means that you do not have to try all four remaining slots for a yellow letter.Tip #4: Think of words with common letters and give it a shot.WORDLE AND ITS INDIA CONNECTWordle was invented by Josh Wardle, a software engineer from Brooklyn, for his Indian partner, Palak Shah, who loves word games. So sweet, no? The name of the game is in line with the creator’s surname Wardle. Palak and Josh played the game for several months before its release in October 2021, The New York Times reports. Wordle has been sold to the New York Times.WORDLE 298 HINTSIt has one vowel.The first letter is a consonant.The word is a noun.THAT HINT WHICH WILL HELP YOU TO SOLVE IN A JIFFYIt starts with the letter C.It ends with the letter K.WORDLE 298 ANSWERThe answer for Wordle 298 is CHUNK.Live TV--- ENDS ---ALSO READ| Wordle 297 word of the day, April 12. Struggling to get the right answer? Check out solution here","['wordle', ' wordle word of the day', ' wordle 298']",https://www.indiatoday.in/trending-news/story/wordle-298-word-of-the-day-april-13-it-refers-to-a-thick-solid-piece-of-something-1936798-2022-04-13
5,trending-news,Fox cubs play with a ball in adorable viral video. Internet hearts it,"(12, 4, 2022)","Videos of baby animals are always the best medicine to cure fatigue after a hectic day at work. So, in today's episode of adorable clips, let this video of two fox cubs playing with a ball make you smile.

Shared on Twitter, the video shows two fox cubs playing a ball. The shot in someone's backyard shows the two baby animals curiously playing with the ball. Prancing and jumping like cats, the cubs keep on playing with the ball. One even rolls over while catching the ball.""Fox cubs playing with a ball in the garden,"" read the caption.Take a look:Fox cubs playing with a ball in the garden. pic.twitter.com/cyXA1AGxDB— og (@Yoda4ever) April 12, 2022
The video has garnered over 114k views and tons of reactions. Netizens were bowled over by the cuteness of the fox cubs. While some expressed their wish to pet the babies, others simply requested a longer version of the video.Haha he’s sure leaping around like one— Cyndi in SoCal (@QView32) April 12, 2022
A little more practice and they manage to control the ball well. Team foxes to the finals!— Pedro (@Pedropj1079) April 12, 2022
Still a puppy at heart— Papa Dino (@PapaDino6) April 12, 2022
And it's a goal!! Paw's of God.— KVaidya (@KapsV9) April 12, 2022
The jumping...— Susyboo (@Susyboo5) April 12, 2022
Did the video make you smile too?Live TV--- ENDS ---Also Read | Woman talks about ‘progressive’ marriage ceremony with kunwardaan, gets trolled after video goes viral","['baby animals', ' animal video', ' viral video', ' cute', ' fox', ' twitter', '']",https://www.indiatoday.in/trending-news/story/fox-cubs-play-with-a-ball-in-adorable-viral-video-internet-hearts-it-1936684-2022-04-12
6,trending-news,Ed Sheeran spotted singing and dancing at British pub in viral video. Fans love it,"(12, 4, 2022)","Ed Sheeran is on cloud nine after his victory in the plagiarism case involving his hit track Shape of You. The 31-year-old singer was spotted partying in different pubs in Birmingham, England after winning the copyrights case. In a video that has now gone viral, the singer can be seen singing and dancing along with people in a pub.

Shared on Twitter, the video shows Sheeran dancing with a pool table cue in one hand and a bottle of beer in the other. Along with other people, the Shape of You singer was seen dancing and singing No Games by Serani at The Roost Pub in Small Heath, Birmingham.Take a look:My dads pal with Ed Sheeran in the roost only blues pic.twitter.com/ZGgWnu2nty— SHA (@NorthBSHA) April 11, 2022
The video has gone viral with over 2.4 million views and many comments. People loved the clip and shared how down-to-earth Sheeran is.pic.twitter.com/qH6IRT1U4D— david moulton (@dingdangdoo87) April 11, 2022
A man of the people right there. Our Ed— Kofi Josephs (@Keezus4) April 11, 2022
Oh what an amazing guy he is they look like they are having a great old time cheers— KristinaKarrington (@debbie_kristina) April 11, 2022
According to DailyMail, the pub owner, Ian Connors, didn’t even know that Ed Sheeran was in the place. “All of a sudden, this guy walks in and everybody starts going, ‘Is that Ed Sheeran?’. We were thinking surely not. We couldn't understand what a megastar like him would be doing in a pub in Small Heath. But he was brilliant, really laid back and he mingled with customers. He was just a gentleman. Really down-to-earth and was having a good laugh. You can see in the footage he was having a brilliant time, he even had a game of pool and then I invited him behind the bar,” Ian told DailyMail.What do you think of this video?Live TV--- ENDS ---Also Read | Woman talks about ‘progressive’ marriage ceremony with kunwardaan, gets trolled after video goes viral","['ed sheeran', ' shape of you', ' british pub', ' viral video', ' twitter', '']",https://www.indiatoday.in/trending-news/story/ed-sheeran-spotted-singing-and-dancing-at-british-pub-in-viral-video-fans-love-it-1936672-2022-04-12
7,trending-news,#RunBTS trends on Twitter after fans miss reality show starring BTS members,"(12, 4, 2022)","Even if you’re not a fan, you probably have heard of the K-pop boy band BTS. Consisting of seven members, the band is currently in Las Vegas for their four-day Permission To Dance on-stage concert. But, did you know that BTS had their own reality show that used to air on TV every Tuesday?

If you’re unaware, we have all the details for you. Titled Run BTS, the first episode of the Korean reality show aired in 2015. Starring all the seven members, the show is all about them doing activities, challenges, games and lots more.However, due to busy schedules, Covid-19 lockdown and concerts, Run BTS stopped airing on October 2021 with a promise to come back soon. But as it is Tuesday today, fans are missing the hilarious reality show a bit too much. Many fans took to Twitter to share snippets of their favourite episodes of Run BTS, resulting in the trending hashtag #RunBTS.From Jin’s goofy behavior to Jungkook’s cute antics, the posts will take you down memory lane if you are an ARMY. Even if you aren’t, you may just fall in love with the Bangtan boys.Check out the tweets:run bts : a funny and chaotic thread bcz it's tuesday and we all missing our happiness pill pic.twitter.com/duMLdouWtw— Pingu check pinned (@btsgaybar) April 12, 2022
you guys miss run BTS ? , me too I badly miss their episodes. pic.twitter.com/3bZ6EqBk7V— SUGARTAES (@dtlsfthv) April 12, 2022
26 weeks since we got Jungkook asking jimin to go home and lift his right butt to see if the left one goes along 26 WEEKS SINCE THE LAST RUN BTS EPISODE IM SAS pic.twitter.com/tL3K1SBI5x— - (@runbtsjikook) April 12, 2022
me every tuesday night realizing there's no run bts episode: pic.twitter.com/INaDhgl54j— hanchyy (@bearkthv_) April 12, 2022
And it's been 6 months since this last episode of run BTS it's so emotional pic.twitter.com/RhEV1kC2Rb— Shru (@bangtinyboyys) April 11, 2022
ONE OF THE FUNNIEST RUN BTS EPISODES, I'M CACKLING SO HARD. pic.twitter.com/Z9PLdYPeH6— sab (@N0CHUSM0CHI) April 7, 2022
V on Weverse!!!: Run BTS.... i want to see it : that .. even i want to do that !LIFE FEELS SOO EMPTY WITHOUT RUN BTS pic.twitter.com/EJfViX6FVh— - BackUp (@BTSArmy_47) April 6, 2022
BTS consists of 7 members- RM, Jin, Suga, J-Hope, Jimin, V and Jungkook. The band’s song Butter was nominated for the Best pop duo/ group performance category in Grammys 2022.Live TV--- ENDS ---Also Read | BTS’s Taehyung gives a special gift to fan during Las Vegas concert. Video goes viral","['bts', ' twitter', ' army', ' run bts', ' reality show', ' korea', ' trending', ' viral', '']",https://www.indiatoday.in/trending-news/story/-runbts-trends-on-twitter-after-fans-miss-reality-show-starring-bts-members-1936651-2022-04-12
8,trending-news,"Woman talks about ‘progressive’ marriage ceremony with kunwardaan, gets trolled after video goes viral","(12, 4, 2022)","The institution of marriage has changed at great levels over the years. While some couples prefer to keep it simple and intimate, others want to celebrate their big day with full taam-jhaam. The same goes for the ceremony.

All of us have been to numerous marriage ceremonies and have a more or less clear idea about the rituals. However, there are many who like pushing boundaries and coming up with their own versions of rituals.A video of a woman talking about one such different version of marriage has gone viral online. Shared on Twitter, the video shows her describing the changes she made at her wedding. She talked about how she wants to keep her marriage progressive and spoke about the changes in rituals. From putting sindoor on her husband’s forehead to doing “kunwardaan”, the video shows the changed rituals.Take a look:In order to not be a TYPICAL BRIDE, she became a BRIDE. pic.twitter.com/As4aOKS3bA— Diksha (@BrahmaandKiMaa) April 12, 2022
Although the clip has received over 27k views, people were confused about the “progressiveness” shown in it. Many pointed out how the woman was going about changing gender roles while wearing a chooda (ceremonial bangles) herself. Some also wrote how the gender equality in the wedding was half-done.What's the compulsion to observe Hindu rituals. Boycott the Hindu traditional wedding & opt for a court marriage. As an aside, such a shameful misinterpretation of ancient customs grounded in equity, respect & reverence.— Priyansha | (@_Priyansha__) April 12, 2022
Launda daanSaare rishi muni ki aatma mar gayi ye sunke— Vicky (@Tendulkrar) April 12, 2022
Didi works in ""gender""?!! Ye kon sa naya profession aaya h market me— Oye Golgappe (@Khayaalii) April 12, 2022
Pandit Ji be like pic.twitter.com/xm9zWiZhcG— Ravish (@1982ravish) April 12, 2022
A court marriage is so much simpler. Bride, groom, two witnesses & four Aadhar cards.Fifteen minutes & you are out of there unless of course you enjoy theatre & some social media fame.— Nandini (@NAN_DINI_) April 12, 2022
What do you think of this video?Live TV--- ENDS ---Also Read | Desi bride's father burns the dance floor with his epic thumkas on Pushpa song Oo Antava. Viral video","['marriage ceremony', ' kunwar daan', ' kanya daan', ' wedding', ' hindu marriage', ' gender role reversal', ' woke', ' instagram', ' twitter', ' trending', ' viral', '']",https://www.indiatoday.in/trending-news/story/woman-talks-about-progressive-marriage-ceremony-with-kunwardaan-gets-trolled-after-video-goes-viral-1936623-2022-04-12
9,trending-news,Desi bride's father burns the dance floor with his epic thumkas on Pushpa song Oo Antava. Viral video,"(12, 4, 2022)","A video that has gone viral on social media is from the wedding festivities of a newlywed bride. It was none other than the bride's father who took away the spotlight during the wedding festivities. The bride’s father danced to Pushpa song Oo Antava. The internet can’t stop talking about the father’s killer moves. The video was posted on Instagram by Anusha Wedding Choreography and has over 4 lakh views.

In the now-viral video, the bride’s father can be seen grooving to the song Oo Antava which is picturised on Samantha Ruth Prabhu and Allu Arjun. There were other men on the dance floor but there was no one who could match up to his energy. As the bride’s father burned the dance floor, people couldn’t stop cheering and hooting for him.“When bride's father takes over the dance floor (sic),” the video caption reads.Watch the video here:View this post on InstagramA post shared by Anusha Wedding Choreography (@anushaweddingchoreography)
Of course, the internet absolutely loved the dance video. “The best thing I saw on Instagram today. Dad got some real swag,” a user wrote.See more comments below: What do you think about this video? Tell us in the comments section below.Live TV--- ENDS ---ALSO READ| Mother bird chirps out loud to stop excavator from destroying her nest. Viral video","[""bride's father dance"", ' bride dance', ' desi bride', ' desi bride viral video', ' oo antava', ' pushpa', ' samantha ruth prabhu', ' allu arjun']",https://www.indiatoday.in/trending-news/story/desi-bride-s-father-burns-the-dance-floor-with-his-epic-thumkas-on-pushpa-song-oo-antava-viral-video-1936614-2022-04-12
10,trending-news,Zomato delivery executive buys a bike after Rajasthan boy posts his story online. Viral,"(12, 4, 2022)","Every now and then, the internet churns out stories about people helping each other and they are indeed worth reading. A similar wonderful gesture was shown by a man from Rajasthan when a Zomato delivery person came to deliver his food on a bicycle.

Aditya Sharma tweeted the post on April 11 and the incident blew up within hours. “Today my order got delivered to me on time and to my surprise, this time the delivery boy was on a bicycle. Today my city temperature is around 42 °C in this scorching heat of Rajasthan. He delivered my order on time,” he explained. Sharma even shared a picture of the delivery person with his bicycle.Take a look:Today my order got delivered to me on time and to my surprise, this time the delivery boy was on a bicycle. today my city temperature is around 42 °C in this scorching heat of Rajasthan he delivered my order on timeI asked for some information about him so 1/ pic.twitter.com/wZjHdIzI8z— Aditya Sharma (@Adityaaa_Sharma) April 11, 2022
After speaking to him, the delivery person identified as Durga Meena, shared his story. The 31-year-old was a teacher for 12 years but due to Covid he lost his job and was forced to deliver food to meet his expenses.He even shared his wish to buy a bike to make his commute easier.because everything is turning towards onlinehe has taken loans and fulfilling loans from various banks. and tires to save money to purchase a bikeSo I asked about that he requires a bike to which he said ; 4/— Aditya Sharma (@Adityaaa_Sharma) April 11, 2022
Sharma didn’t waste much time and started a crowdfunding campaign to raise Rs 75,000, the down payment for Meena’s bike.guys, I want to raise crowdfunding of 75k I know its a huge amount but if this reaches 75k people and each person gives 1 rs we can fulfill his wish of having a bikeeven he said he will return all the money of downpayment SUCH AN HARDWORKING PERSONDETAILS BELOW. 6/— Aditya Sharma (@Adityaaa_Sharma) April 11, 2022
The response was so massive that the money was raised within a day! A few hours ago, Sharma shared an update on the incident and wrote that Meena was on his way to book the vehicle.Sharma shared a picture of Meena with his newly bought bike on Twitter a few minutes ago.All thanks to you guysDelivered the bike less than 24 hoursStill people are sending money requesting them not to sendFundraising closedHe is very happy now pic.twitter.com/KhQp92OmtV— Aditya Sharma (@Adityaaa_Sharma) April 12, 2022
Netizens loved the initiative and showered the comments section with praise. Many expressed their best wishes for Meena as well.THIS IS THE INDIA I BELIEVE IN,THIS IS THE INDIA I https://t.co/VnMIizI6Kw ARE A GEM @Adityaaa_Sharma .— poppy david (@PoppyMpf6666) April 12, 2022
Really appreciate your initiative and all those people donated.— Shiva (@shivi_says) April 12, 2022
Well done Aditya Keep up the good work!!— Pallavi (@Idontknowwhat08) April 12, 2022
Abhi bhi insaniyat baki hai duniya me https://t.co/jazqfabfIf— warrior1 (@sanjeevloveu1) April 12, 2022
Long live humanity!Live TV--- ENDS ---Also Read | Man dressed in kurta and skirt dances on the streets of US. Viral video has over 17 million views","['zomato', ' delivery executive', ' twitter', ' viral', ' rajasthan', '']",https://www.indiatoday.in/trending-news/story/zomato-delivery-executive-buys-a-bike-after-rajasthan-man-posts-his-story-online-viral-1936574-2022-04-12
11,trending-news,Mother bird chirps out loud to stop excavator from destroying her nest. Viral video,"(12, 4, 2022)","A mother will go up to any extent for her kids. Without really caring about herself, a mother will protect her children from everything and this video that you are about to watch is proof. A mama bird wanted to protect her eggs from an approaching excavator and she kept chirping out loud to intimate the driver about her nest. The video was shared by IAS officer Awanish Sharan on Twitter. It was posted on April 11 and has over 81,000 views.

In the now-viral video, the mother bird can be seen trying to protect her eggs from being destroyed by the excavator. Whenever it came closer to the place where the bird had laid her eggs, she chirped out loud to make the driver aware of her and her eggs’ existence.Watch the video here:Mother’s Will. pic.twitter.com/13jvq0MZKY— Awanish Sharan (@AwanishSharan) April 11, 2022
The internet talked about a mother’s unconditional love for her children in the comments section. However, some also said that the man driving the excavator was purposely trying to scare the bird to capture her reaction. See some of the comments below:Only parents are the one who is with us in the most difficult times.. they are the only one who supports you to better , they always says you can n you will .. sometimes I wonder I feel so lucky that I have most amazing parents..— Tiwari (a girl with dreams ) (@quantagirl8) April 11, 2022
The one operating this excavators did all this intentionally to made this clip... It is shamefull— ! (@ChallengerCh) April 11, 2022
Maa se sachcha iss dunya may koi nahi sir . ek maa hi hai jo hamesha apne baby ka bhala chahti hai . sad mai ne kho diya apni ammi ko— Ruman Khan (@R1_rumankhan) April 11, 2022
Mom is always a worrier , motherhood emotion , really heart touching , tears dropped unknowingly....being a human being we should never destroy innocent birds n animals family.— Priya (@mepriyadarshi5) April 11, 2022
() ,— VIRENDER MOR (@VIRENDERMORBASS) April 11, 2022
,,— Dayanand Rose (@dayanand_rose) April 11, 2022
What do you think about this video? Tell us in the comments section below.Live TV--- ENDS ---ALSO READ| Dog reunites with owner 5 years after it went missing. Viral video will leave you in tears","['mother bird', ' bird video', ' bird protects eggs', ' viral video']",https://www.indiatoday.in/trending-news/story/mother-bird-chirps-out-loud-to-stop-excavator-from-destroying-her-nest-viral-video-1936562-2022-04-12
12,trending-news,"Saudi Arabia TV mocks Joe Biden and Kamala Harris, makes fun of US administration. Viral video","(12, 4, 2022)","A parody video featuring US President Joe Biden and Vice President Kamala Harris has gone viral on Twitter. Aired on a Saudi Arabian channel named MBC TV, the short clip poked fun at Biden and Harris about their way of speaking on a public platform.

The clip was shared on Twitter by Assad Sam Hanna and shows two actors playing the roles of Biden and Harris. In the parody stint, the actors can be seen mocking Biden’s faux pas while speaking at public events. The clip also pokes fun at Vice President Harris for taking over the matter and assisting the president during his speeches.Take a look:For the first time i see the Saudi TV mocking the US administration. pic.twitter.com/8vPtU0txJ8— Asaad Sam Hanna (@AsaadHannaa) April 12, 2022
The clip has gone crazy viral with over 2.2 million views and tons of reactions. While one section of the internet found the parody humorous, others pointed out that it was exaggerated and plainly disrespectful.One Twitter user even shared a clip that showed a parody of Boris Johnson.Here he imitates the British Prime Minister pic.twitter.com/a65SlLMXCO— silent... (@ssaillnt) April 12, 2022
Here's how others reacted:Hilarious https://t.co/mNIHu59Wav— Amruta Joshi (@SjAmruta) April 12, 2022
That's the end of the world as we know it :) https://t.co/duaOFSSy5e— Vitangelo Moscarda (@1nessuno100mil2) April 12, 2022
Wow, I’m no biden supporter but this was painfully unfunny.— Positive Sean (@51_yogi) April 12, 2022
Joe Biden went viral for mistakenly addressing Kamala Harris as the First Lady of the US and Michelle Obama as the Vice president.Live TV--- ENDS ---Also Read | Joe Biden refers to Michelle Obama as ‘Vice President’ during event. Internet reacts to viral video","['joe biden', ' us president', ' kamala harris', ' vice president', ' parody', ' saudi arabia tv', ' viral video', ' trending', ' twitter', '']",https://www.indiatoday.in/trending-news/story/saudi-arabia-tv-mocks-joe-biden-and-kamala-harris-makes-fun-of-us-administration-viral-video-1936531-2022-04-12
