SN,category,headline,date,content,keywords,link
1,trending-news,SpiceJet air hostess made the most of her time on an empty flight doing this. Don't miss viral video,"(11, 4, 2022)","A video that has gone viral on social media features a SpiceJet air hostess dancing on an empty flight. Of late, you must have witnessed numerous videos of flight attendants dancing on flights. It all started when an IndiGo air hostess had shared a video of herself dancing to Manika Mage Hithe. Of course, many followed suit. Now, SpiceJet air hostess Uma Meenakshi shared a video of herself grooving to Kareena Kapoor and Saif Ali Khan’s song from the film Raabta.

In the now-viral video, the air hostess can be seen lip-syncing to the song Raabta. She breaks into a little dance in the flight while no passenger is on board.Watch the video here:View this post on InstagramA post shared by UMA MEENAKSHI (@yamtha.uma)
Watch the original music video here:Of course, netizens loved the viral video. It is replete with heart and love-struck emojis. See some of the comments here: What do you think about this video? Tell us in the comments section below.Live TV--- ENDS ---ALSO READ| Scuba diver gets teeth cleaned by shrimp in viral video. Internet is shocked","['saidf ali khan', ' kareena kapoor', ' spicejet air hostess', ' viral video']",https://www.indiatoday.in/trending-news/story/spicejet-air-hostess-made-the-most-of-her-time-on-an-empty-flight-doing-this-don-t-miss-viral-video-1936063-2022-04-11
2,trending-news,BTS’s Taehyung gives a special gift to fan during Las Vegas concert. Video goes viral,"(11, 4, 2022)","K-pop boy band BTS just wrapped up their first part of the Permission to Dance (PTD) on-stage concert at the Allegiant Stadium in Las Vegas. With both the dates fully sold out, the members gave the fans a power-packed performance and many memories to cherish.

However, one fan got a special gift from a member that will probably be the best gift of her life. BTS member Taehyung shared his ARMY bomb (the light stick used by fans to cheer for BTS during concerts) with a female fan who didn’t have one.In a video that has now gone viral, Taehyung can be seen throwing the light stick to the fan. The woman almost faints at the unexpected gift as Taehyung returns to ask her not to let the staff know about it.Take a look at the video:taehyung gave an army bomb to the girl behind me bc she didn’t have one during the army bomb wave and then came back to tell her to not tell the staff pic.twitter.com/yl4BjPvrQi— diane (@fanfanmunnie) April 10, 2022
The clip has garnered over 375k views and tons of reactions. Netizens couldn’t believe their eyes and wrote about how lucky the woman was. Many also pointed out how sweet Taehyung was to give his ARMY bomb to the fan. Some were low-key jealous of the lucky fan as well.The Twitter user who shared the video also posted a photo of herself while holding the ARMY bomb gifted to the fans.Also bless that army’s soul for letting me hold the army bomb that tae gave her LOOOOL pic.twitter.com/kKNClRuSCm— diane (@fanfanmunnie) April 10, 2022
Here's how others reacted:@myjksafespace we need to be this luckyGood for me I still don't have an Army bomb I have hopes— ShirinP (@ShIrIN_pat) April 11, 2022
Kim Taehyung's precious heart I love this man so much pic.twitter.com/03ZKcqnQD0— Winter¹¹ KTH1 IS COMING (@Areyoumybesti) April 11, 2022
I'm gonna cry like she get an Army bomb free by ""The Kim Taehyung"" himself like whhhat when my time come to go the concert but happy for her pic.twitter.com/0S86XzhdbL— ebullient_K (@ebullient_k) April 11, 2022
imagine getting a free army bomb from KIM TAEHYUNG like bro what did u do in ur past life HSJAKAKAKA URE LUCKYYY— jayy (@jayixhere) April 11, 2022
staff : we have a missing army bomb so lucky and V's little — MangHobi | TXT Memories TINGI PH GO (@MangHobi6) April 11, 2022
BTS is set to perform again in Las Vegas on April 15 and 16. The concerts held on April 8 and 9 were huge successes as fans were elated to see their favourite boy band’s performance live.Live TV--- ENDS ---Also Read | Las Vegas lights up in purple to welcome BTS before concert. Trending now","['bts', ' taehyung', ' ARMY', ' fans', ' army bomb', ' las vegas', ' on stage concert', ' viral video', '']",https://www.indiatoday.in/trending-news/story/bts-s-taehyung-gives-a-special-gift-to-fan-during-las-vegas-concert-video-goes-viral-1936064-2022-04-11
3,trending-news,Sunil Gavaskar asks British commentator about Kohinoor during IPL match. Twitter reacts,"(11, 4, 2022)","Former India cricketer Sunil Gavaskar is not someone to mince his words. Be it on the field or in the commentator’s box, Gavaskar’s words always manage to impress as well as entertain people. Keeping up with his streak of witty remarks, Gavaskar again hit the ball out of the stadium during an IPL match between Rajasthan Royals and Lucknow Super Giants.

During the match break, while the screen was showing the beautifully lit Marine Drive in Mumbai, Gavaskar had a request from his fellow British commentator Alan Wilkins. While comparing Marine Drive to the Queen’s necklace, Gavaskar told Wilkins, “We are still awaiting the Kohinoor diamond”.As the duo started laughing at the remark, Gavaskar continued to ask Wilkins if he had any special influence so that he could request the British government to give back the priceless diamond.Take a look:#SunnyGavaskar demands the Kohinoor pic.twitter.com/TyE95ZqNFT— Mohit Dinodia (@MohitDinodia) April 10, 2022
The internet was highly amused at the cheeky remark. While some lauded his humour, others wrote about how fun the interaction was.Sunil Gavaskar just asked fellow commentator @alanwilkins22 to return the Kohinoor. “If you have any influence, maybe you can ask the Queen to return it.”Gavaskar Sir ko Bharat Ratna when?— Siddharth's Echelon (@SiddharthKG7) April 10, 2022
Sunil Gavaskar ribbing Alan Wilkins about the British taking away the Kohinoor after Wilkins made a comment about Marine Drive being called the Queen’s Necklace is GOLD! #TATAIPL2022— Aniruddha Guha (@AniGuha) April 10, 2022
Oh LORD!Sunil Gavaskar just did it!!He asked Alan Wilkins to wiggle around his influence all the way up to the royalty in order secure the Kohinoor back for India while commentating live on TV in front of the millions. Casually!An Absolute Gem! #IPL2022 #LSGvsRR— Adam Rego (@mindfulprostate) April 10, 2022
What are your thoughts on this?Live TV--- ENDS ---Also Read | Scuba diver gets teeth cleaned by shrimp in viral video. Internet is shocked","['sunil gavaskar', ' alan wilkins', ' IPL', ' tata', ' commentary', ' viral video', ' twitter', ' kohinoor', ' british government', '']",https://www.indiatoday.in/trending-news/story/sunil-gavaskar-asks-british-commentator-about-kohinoor-during-ipl-match-twitter-reacts-1936025-2022-04-11
4,trending-news,Anand Mahindra's Monday Motivation post includes a powerful message. Don't miss,"(11, 4, 2022)","Industrialist Anand Mahindra is an avid social media user and often shares million-dollar videos with his followers on Twitter. His Twitter feed is a goldmine of quirky and fun videos, fun facts and so much more. The 66-year-old businessman shared a video as a part of his Monday Motivation post. He had a million-dollar message to share with all his followers struggling with one problem or the other. The video was shot in Uttarakhand’s Johar Valley. It was initially posted on Facebook account named Shubyatra in May 2020.

The viral video shows people seated on a truck and making their way to Milam in Johar Valley. The condition of the road isn’t quite favourable. However, the truck continues moving through the narrow roads. Anand Mahindra in his post said that Mondays can be precarious but he asked his followers struggling to hang in there. “Sometimes, a Monday morning can feel as precarious as this but you always make it through the week without falling off the cliff hang in there (sic),” the Mahindra Group Chairman wrote.See video here:Sometimes, a Monday morning can feel as precarious as thisBut you always make it through the week without falling off the cliffHang in there. #MondayMotivation pic.twitter.com/gnwzJ621Wk— anand mahindra (@anandmahindra) April 11, 2022
Watch the original video shared on Facebook here:Netizens shared their views after watching this video. Some called it dangerous, while others called the ride thrilling. See some of the comments below:It is so thirilling dekh kar hi pait me Jo thirll wali gudgudi hoti hain hone lagi— DD (@dabral78) April 11, 2022
— Sanjay Rathod (@SanjayR73265423) April 11, 2022
Well sir, i.looked at it like the magic carpet of Aladin. So, it is a monday motivation indeed— Krishna Kumar (@KKadyar) April 11, 2022
how do you get these kinds of videos sir...? really amazing— Muthu Bharathy (@BharathyMuthu) April 11, 2022
Hope is the key absolutely.— Vivek Rai (@vivrai21) April 11, 2022
What do you think about this video? Tell us in the comments section below.Live TV--- ENDS ---ALSO READ| Scuba diver gets teeth cleaned by shrimp in viral video. Internet is shocked","['anand mahindra', ' anand mahindra video', ' monday motivation']",https://www.indiatoday.in/trending-news/story/anand-mahindra-s-monday-motivation-post-includes-a-powerful-message-don-t-miss-1936014-2022-04-11
5,trending-news,Scuba diver gets teeth cleaned by shrimp in viral video. Internet is shocked,"(11, 4, 2022)","If you need to get your teeth cleaned, in all probability, you will visit a dentist to get your work done. However, in a video that has gone viral on social media, a scuba diver can be seen getting his teeth cleaned by a shrimp underwater. Can you believe it? If not, you need to watch this video posted on Amazing Nature’s Twitter handle. The video has over 1 lakh views.

In the now-viral video, a scuba diver can be seen underwater and suddenly he opens his mouth so that the White-banded Cleaner Shrimp can clean his teeth. The diver patiently waited as the crustacean cleaned his teeth.Watch the viral video here:Need Teeth Clean Contact me pic.twitter.com/7GSJdQjHjx— Amazing Nature (@AmazingNature00) April 8, 2022
While some were left shocked after seeing the viral video, others questioned if the shrimp was actually cleaning the diver’s teeth.See some of the comments below:What IS this? Is it really looking for food in the teeth, or something else?— Last Trade Worrier (@daelite16) April 8, 2022
These animals have a symbiotic relationship with a few sea animals. They feed on what's left on animals' teeth. In the process they clean the animals' teeth!— YAMA (@XDYAMAA) April 9, 2022
pic.twitter.com/ilxYD6juRe— Ramonchis88 (@ramonchis88) April 8, 2022
pic.twitter.com/cBSxpAyiPu— JUSTJEN (@jlf0404) April 8, 2022
pic.twitter.com/Vq0Mg4HvYK— Michard (@MichardSmichard) April 9, 2022
pic.twitter.com/kktQtGlZjp— Melissa Ptree (@thephalange) April 8, 2022
how the heck did he open his mouth under water— Harshda Puri (@HarshdaPuri) April 10, 2022
No thanks, I’ll settle for this super cool thing called toothbrush.— Harry (@__Hrry__) April 8, 2022
What do you think about this video? Tell us in the comments section below.Live TV--- ENDS ---ALSO READ| Bengal girl nails backflip in a saree. Incredible viral video","['scuba diver', ' shrimp cleans teeth', ' White-banded Cleaner Shrimp', ' viral video']",https://www.indiatoday.in/trending-news/story/scuba-diver-gets-teeth-cleaned-by-shrimp-in-viral-video-internet-is-shocked-1935968-2022-04-11
6,trending-news,Bengal girl nails backflip in a saree. Incredible viral video,"(11, 4, 2022)","Can you think of performing a backflip in a saree? Mili Sarkar from West Bengal’s Raiganj is a professional dancer and gymnast. She often posts videos of herself performing backflips and other gymnastic moves on Instagram. Her acrobatic skills often leave netizens stunned. In a recent video, the Bengal girl was seen doing backflips in a saree. The video was posted on her Instagram account on April 2 and has over 26,000 views. Mili's Instagram handle boasts of 198k followers.

In the now-viral video, Mili Sarkar in a saree can be seen performing backflips with so much ease. She also breaks out into a little dance after nailing the gymnastic pose. “Dancing in saree,” the video caption reads.Watch the video here:View this post on InstagramA post shared by Mili Sarkar (@milisarkar72)
Of course, the internet gave this viral video a big thumbs up. The comments section is replete with heart and love-struck emojis. See some of the comments below: Here are some more videos of Mili Sarkar performing cartwheels and several other gymnastic poses.View this post on InstagramA post shared by Mili Sarkar (@milisarkar72)
View this post on InstagramA post shared by Mili Sarkar (@milisarkar72)
View this post on InstagramA post shared by Mili Sarkar (@milisarkar72)
View this post on InstagramA post shared by Mili Sarkar (@milisarkar72)
View this post on InstagramA post shared by Mili Sarkar (@milisarkar72)
What do you think about these videos? Tell us in the comments section below.Live TV--- ENDS ---ALSO READ| Want to get this look of Ukraine President Volodymyr Zelenskyy? Here's your guide","['backflip in saree', ' bengal girl', ' gymnastic girl', ' viral video', ' saree yoga video']",https://www.indiatoday.in/trending-news/story/bengal-girl-nails-backflip-in-a-saree-incredible-viral-video-1935904-2022-04-11
7,trending-news,"Wordle 296 word of the day, April 11. Struggling to get the right answer? Check out solution here","(11, 4, 2022)","Are you having a hard time solving today’s Wordle? Well, fret not, we are here to help you with hints. Today’s word is easy but if you are finding it difficult to crack the code, we have got you covered. For starters, today’s 5-letter word refers to a small group of people having a particular task. Have you got it now? If not, read on for more clues.

HOW TO PLAY WORDLE?Wordle is a simple word-guessing game and requires the player to guess a five-letter word in six tries. The game is available on a website (https://www.nytimes.com/games/wordle/index.html) and you can play it from your mobile as well as laptop or computer. There is a grid and a keyboard on the Wordle website and you can choose your letters from it.To start, you have to type your first five-letter word guess. That forms the top row of the grid. If you get one of the letters correct in the grid, that box will turn green. If the letter that you guessed is in the word but not in the correct box, that space will turn yellow. If the player guesses anything else, the tile’s colour remains unchanged.STRATEGIES TO PLAY WORDLE BETTERTip #1: While playing Wordle, try to use letters that are common. The most common letters in the English language are e, t, a, i, o, n, s, h, and r. Try using these in the first few attempts.Tip #2: Don't waste your attempts on words that have a letter you've already eliminated, or letters in a position that they cannot be in.Tip #3: During your initial attempts, if a letter is marked yellow, it cannot be in the same position in any of the following guesses. It will also not be in any position that has already turned green. This means that you do not have to try all four remaining slots for a yellow letter.Tip #4: Think of words with common letters and give it a shot.WORDLE AND ITS INDIA CONNECTWordle was invented by Josh Wardle, a software engineer from Brooklyn, for his Indian partner, Palak Shah, who loves word games. So sweet, no? The name of the game is in line with the creator’s surname Wardle. Palak and Josh played the game for several months before its release in October 2021, The New York Times reports. Wordle has been sold to the New York Times.WORDLE 296 HINTSIt has two vowels.The first letter is a consonant.The word is a noun.THAT HINT WHICH WILL HELP YOU TO SOLVE IN A JIFFYIt starts with the letter S.It ends with the letter D.WORDLE 296 ANSWERThe answer for Wordle 296 is SQUAD.Live TV--- ENDS ---ALSO READ| Wordle 293 word of the day, April 8. Check out hints here and solve the puzzle in a jiffy","['wordle', ' wordle word 296', ' wordle word of the day']",https://www.indiatoday.in/trending-news/story/wordle-296-word-of-the-day-april-11-struggling-to-get-the-right-answer-check-out-solution-here-1935881-2022-04-11
8,trending-news,Want to get this look of Ukraine President Volodymyr Zelenskyy? Here's your guide,"(10, 4, 2022)","Russia has intensified its invasion of Ukraine and grim news has been pouring in from the war-ravaged country. Millions have been displaced, their homes bombed. Amid this crisis, Ukrainian President Volodymyr Zelenskyy has been a bright beacon of hope for his citizens. A hero of the people the world over, Zelenskyy’s muted look - olive green pants, jacket and shoes - can be yours too if a post doing the rounds of social media is to be believed. Yes, you read that right.

The now-viral post was shared by journalist Glenn Kates on Twitter. It featured Zelenskyy and his outfit was listed under the caption “steal his look”.While his signature dark-coloured jacket is being sold for 386 Ukrainian hryvnia, or UAH, which is approximately Rs 996, his olive green pants and t-shirt are also listed for 1010 UAH and 200 UAH respectively.One can get his sneakers for 1959 UAH, which is approximately Rs 5,056.“The Zelenskyy collection (shared on TG),” reads the caption of the post.See post here:The Zelensky collection (shared on TG) pic.twitter.com/rWO41xXGTy— Glenn Kates (@gkates) April 9, 2022
The post has swiftly gone viral with 23k likes, prompting several responses from users.“I have been curious for some time. Why does he always wear the same set of clothes? Any symbolic reason?” a user wrote.Another user commented, “President Zelenskyy’s style is absolute perfection. It expresses his total devotion to his country & says he’s fighting alongside his people for their freedom. It’s practical, functional, comfortable & highly symbolic.”See the comments here:I have been curious for some time: why he always wear the same set of clothes? any symbolic reason?— jerry.lau1897 (@JLau1897) April 10, 2022
President Zelensky’s style is absolute perfection. It expresses his total devotion to his country & says he’s fighting alongside his people for their freedom. It’s practical, functional, comfortable & highly symbolic. (Also he’s good looking in anything.)— cautiously optimistic (@BethCal84918882) April 10, 2022
Only courage and backbone you can’t buy. You have to grow it yourself. #StandUpForUkraine— Jack T. Bernhard (@jacktbernhard) April 9, 2022
Russian President Vladimir Putin launched military strikes on Ukraine in a pre-dawn attack on February 24.Live TV--- ENDS ---ALSO READ | Five generations in a frame: Twitter flooded after Anand Mahindra's viral post","['zelenskyy', ' volodymyr', ' twitter', ' viral', ' picture', ' jourmalist', ' shop', ' look', ' steal', ' ukraine', ' russia']",https://www.indiatoday.in/trending-news/story/want-to-get-this-look-of-ukraine-president-volodymyr-zelenskyy-here-s-your-guide-1935794-2022-04-10
9,trending-news,Five generations in a frame: Twitter flooded after Anand Mahindra's viral post,"(10, 4, 2022)","Mahindra Group Chairman Anand Mahindra is quite an avid social media user and his Twitter account is filled with delightful videos and pictures that go viral in no time. On April 9, the industrialist took to the microblogging site to share yet another wholesome video of five generations of men from a family getting clicked together. The clip is just too good to miss out on and you should definitely check it out.

In the now-viral video, a little boy standing on a podium calls out to his father. His father in turn calls his father and the series goes on till there are five generations of the family in one frame. So sweet, right?“What a blessing. 5 generations together. I wonder how many families around the world have this rare privilege of 5 generations, mothers or fathers, together. Would be great to see a similar video from India,” reads the caption of the post.Watch the viral video here:What a blessing. 5 generations together. I wonder how many families around the world have this rare privilege of 5 generations—mothers or fathers—together. Would be great to see a similar video from India pic.twitter.com/JZhdMQ7HVP— anand mahindra (@anandmahindra) April 9, 2022
After being shared online, the video amassed close to 5 lakh views. Netizens simply loved the heartwarming clip. The businessman’s post also triggered a wave of responses from users who shared pictures of their own families as well.Take a look:Sir come home someday and have meal with five generations at our home. Don’t mind if u give a Thar for five generations living under same roof https://t.co/2FrgrZ30c5— Sandeep Mall (@SandeepMall) April 9, 2022
Sir, this is my family, we completed 5 generations. Some local newspapers carried this news back then. The small baby in there is my neice. pic.twitter.com/5eVh906Kt6— sa (@sudeshs54494493) April 9, 2022
A real blessing to have, Priceless pic.twitter.com/BK1WeqpXtI— mukesh kumar gawhade (@azureadvocate) April 9, 2022
A blast from the past..my zooThis 5G also rocked cos it was an all women tribeMy grandmother in white,her eldest daughter next to her,her granddaughter in black,her great grand daughter in red &her great great grand daughter @neelima_devadas in the daughter's arms. pic.twitter.com/dcuHnZjYtB— Vrinda Pisharody (@vrindapisharody) April 9, 2022
@anandmahindraHere's my family picture, yes it's rare, blessed, and priceless. Happy to share. pic.twitter.com/F22aF38qlP— Hmad (@Hmad27882923) April 9, 2022
Me, my mother, grand mother, daughter and grand daughter pic.twitter.com/ghaOif0bqc— Kumar Anandaraman (@KumarAnandaram1) April 9, 2022
4 generations in one frame... My daughter.. me.. my mother n my nani pic.twitter.com/Y7IJQ3bHqv— Yogita Bhati (@yogubhati84) April 9, 2022
@anandmahindra sir not video but have this photo of our 5 generation together currently pic.twitter.com/dDhBMtQj2R— Shweta Khandelwal (@ShwetaK_SAM) April 9, 2022
So heartwarming, isn't it?Live TV--- ENDS ---ALSO READ | ICSE Class 3 social science textbook teaches students about changing gender roles. Pic goes viral","['anand mahindra', ' five', ' generations', ' family', ' viral', ' video', ' heartwarming', ' wholesome']",https://www.indiatoday.in/trending-news/story/five-generations-in-a-frame-twitter-flooded-after-anand-mahindra-s-viral-post-1935765-2022-04-10
10,trending-news,"Australian woman spots rare white kangaroo in Queensland. What an amazing sight, says Internet","(10, 4, 2022)","Nature never fails to amaze and its glory never ceases to exist. And, well, this Australian woman had an experience that is proof of that fact. Sarah Kinnon spotted a rare white kangaroo in Longreach, Queensland. She took to Facebook to post pictures of the stunning creature and they have obviously gone viral online.

The now-viral pictures that were originally posted by Sarah were reshared by Outback Pioneers. While out with her husband, she caught a glimpse of the beautiful albino kangaroo hopping away near the bushes. “I was just out with my husband, we were dropping some rams back to the paddock, and there was a white kangaroo, Sarah said to ABC News. “It was pretty incredible to see it, if you put a white sheet of paper next to it, that's how white it was,” she added.“Have you ever come across an ALBINO KANGAROO in the bush? Yesterday, Sarah Kinnon came across this rare and beautiful marsupial at Nogo Station. We're so lucky Sarah captured a couple of quick pics before he bounded off across the paddock. So, let us know if you've come across an albino roo out in the bush,” reads the caption of the post.See pics here:Netizens were simply delighted by the beautiful picture of the white kangaroo and took to the comments section to express their opinions.“What an amazing sight,” a user wrote.Another user commented, “Well done Sarah. So beautiful.”See the comments here:  “It blew me away really,” Sarah told ABC News. Incidentally, a white kangaroo was also spotted in the same area, six months ago, but Kinnon didn’t have a camera then. “I just chucked my daughter to my husband, got my camera and that's about all I had time for,"" she quoted further.Live TV--- ENDS ---ALSO READ | Brazil man creates world record with midair ropewalk between two hot air balloons. Watch viral video","['kangaroo', ' woman', ' australia', ' white', ' rare', ' albino', ' viral', ' pics ']",https://www.indiatoday.in/trending-news/story/australian-woman-spots-rare-white-kangaroo-in-queensland-what-an-amazing-sight-says-internet-1935752-2022-04-10
11,trending-news,ICSE Class 3 SST textbook includes chapter about changing gender roles. Pic goes viral,"(10, 4, 2022)","Nowadays, the world has opened up and people are discussing a variety of different topics that were less talked about. You must be thinking why we are talking about this all of a sudden. So, a picture of a textbook page featuring a lesson dedicated to challenging gender roles has surfaced on social media. The image was posted on Facebook by entrepreneur Mamta Sharma Das and has gone viral online with delighted reactions from netizens.

The now-viral picture features a page from an ICSE social science textbook for Class 3 students. The lesson titled “Changing Roles of Girls and Boys” described the different roles girls and boys are expected to play both inside and outside the house. It also explained how the roles played by men and women in a society are changing.The image along with the chapter showed a girl with coloured hair and a boy playing football outside.“In class three social science book. Sigh! The world is changing for good,” reads the caption of the post.See post here:After being shared online, the post went viral with netizens hailing the decision to teach more such gender-challenging lessons to students.“This is making me extremely happy. That’s some start for sure,” a user wrote.Another user commented, “Which school and publisher is this book from? Would love to buy a copy of that book.”See the comments here:   What are your thoughts about this?Live TV--- ENDS ---ALSO READ | Australia PM Scott Morrison cooks Khichdi to celebrate new trade agreement with India. See pics",['ICSE Class 3 SST textbook includes chapter about changing gender roles. Pic goes viral'],https://www.indiatoday.in/trending-news/story/icse-class-3-social-science-textbook-teaches-students-about-changing-gender-roles-pic-goes-viral-1935721-2022-04-10
12,trending-news,Australia PM Scott Morrison cooks Khichdi to celebrate new trade agreement with India. See pics,"(10, 4, 2022)","To celebrate Australia’s new trade agreement with India, Prime Minister Scott Morrison cooked up a feast. What did he make, you ask? Well, for curry night at his place, the politician cooked delectable dishes from Prime Minister’s Narendra Modi’s Gujarat. Morrison even made PM Modi’s favourite Khichdi and took to Instagram to post pictures that have gone viral online.

One of the viral pictures is of Scott Morrison near his stove with a pot of Khichdi and some other pans. The other snap is of the prepared dishes laid down on his dining table.“To celebrate our new trade agreement with India, the curries I chose to cook for curry night tonight are all from my dear friend Prime Minister Narendra Modi’s Gujurat province, including his favourite Khichdi,” Morrison captioned the post.“Jen, the girls and mum all approve,” he added.See post here:View this post on InstagramA post shared by Scott Morrison (@scottmorrisonmp)
India and Australia signed an economic cooperation and trade agreement earlier this week under which Canberra would provide duty-free access in its market for 95 per cent of Indian goods such as textiles, leather, furniture, jewellery and machinery. The deal was inked by Union Minister for Commerce and Industry Piyush Goyal and Australian Minister for Trade, Tourism and Investment Dan Tehan in a virtual ceremony.PM Modi and Morrison were also present during the ceremony.Live TV--- ENDS ---ALSO READ | Amid Amit Shah’s Hindi remark controversy, AR Rahman shares post saying ‘Tamil is root of our existence’","['curry', ' night', ' australian', ' pm', ' scott morrison', ' pm', ' modi', ' narendra modi', ' viral', ' pics', ' khichdi', ' trade agreement']",https://www.indiatoday.in/trending-news/story/australia-pm-scott-morrison-cooks-khichdi-to-celebrate-new-trade-agreement-with-india-see-pics-1935685-2022-04-10
