SN,category,headline,date,content,keywords,link
1,trending-news,Celebrity chef CZN Burak perfectly chops cucumber underwater. Stunning viral video has 30 million views,"(7, 4, 2022)","There is no dearth of content on the internet that can totally stun you and we have the perfect video to demonstrate that. Celebrity chef Ozdemir Burak, who is a sensation on TikTok, took to Instagram to post a video of himself chopping cucumbers underwater. Yes, you read that right. The clip has obviously gone viral online and netizens are just in awe of his talent.

In the now-viral video, Ozdemir, who is also known as CZN Burak, chopped cucumbers underwater. The chef achieved the feat with a chopping board balanced on his knees. CZN completed the whole task with his typical grin and looking at the camera all the while. The precision with which he chopped the veggie is just too good to miss out on and will surely impress you.Watch the viral video here:View this post on InstagramA post shared by Burak Ozdemir (@cznburak)
After being shared online, the video raked in a whopping 29.4 million views. Netizens were simply stunned by his skills and flooded the comments section with appreciation.“It’s amazing,” a user wrote.Another user commented, “Mesmerising.”See the comments here:  ABOUT CZN BURAKCZN Burak is a chef and a restaurateur who shot to fame after videos of him preparing super-sized portions of food in equally large dishes went viral on social media. He is also popular for his permanent grin and only looking at the camera.What are your thoughts on this video?Live TV--- ENDS ---ALSO READ | TikTok stars Khaby Lame and CZN Burak star in viral video with over 66 million views. Don't miss",['Celebrity chef CZN Burak perfectly chops cucumber underwater. Stunning viral video has 30 million views'],https://www.indiatoday.in/trending-news/story/celebrity-chef-czn-burak-perfectly-chops-cucumber-underwater-stunning-viral-video-has-30-million-views-1934579-2022-04-07
2,trending-news,Twitter simply can't get over Pat Cummins's fastest IPL half-century in KKR vs MI match. These fabulous memes are proof,"(7, 4, 2022)","It was a night to remember for all Kolkata Knight Riders fans. It was KKR’s three successive wins this season and of course, Pat Cummins’s swashbuckling performance that made the night special. Cummins launched a late assault with the bat to help Kolkata seal a 4-wicket win in the 14th match of IPL 2022 in Mumbai. KKR has now replaced Rajasthan Royals as the No 1 team in the IPL 2022 points table.

Cummins smashed a stunning 56 not out off 15 balls and this was enough boost for the team to score their third win. Of course, what followed was jubilation on social media. Fans celebrated with some fabulous memes and tweets. Netizens were all praise for the Australian fast bowler.These memes featuring Pat Cummins are pure gold and you shouldn’t miss them.The one featuring Kaleen bhaiya:#KKRvMI#PatcumminsJoint fastest 50 in history of IPL pic.twitter.com/lRHqVejOCw— Harshal Batavia (@harshalbatavia7) April 6, 2022
Well, Zomato too had something to say:and you thought 10 min delivery was FAST! #PatCummins— zomato (@zomato) April 6, 2022
This one featuring Chris Rock and Will Smith:They prepared for Russell, Cummins came out of syllabus.#KKRvMI#PatCummins pic.twitter.com/vb2qDdx6JI— (@aqqu___) April 6, 2022
See more tweets here:CHASE MODE was on!#KKRHaiTaiyaar #KKRvMI #IPL2022 #PatCummins pic.twitter.com/EhurPLpB4q— KolkataKnightRiders (@KKRiders) April 6, 2022
Whole Mi fear this manWhat a knock of fastest 50 in 14 ballsThose 6 4 6 6 6 just #PVL20222 #KKRvMI #patcummins pic.twitter.com/vtr3EhLLSQ— Rohan (@isbrohan) April 6, 2022
Patty came out of the syllabus:#KKRvMI #RohitSharma #patcummins pic.twitter.com/KYEBZL1THy— KKR (@ankit54143364) April 7, 2022
Pat Cummins scored 56 off 15 against MI and handed them third straight defeat. #MIvsKKR #Patcummins #DanielSams pic.twitter.com/8m0xKW6QY0— Dev (@Whats__________) April 6, 2022
Pat Cummins to Shreyas Iyer after Fastest 50 :- #KKRv #KKRHaiTaiyaarTake A Bow #PatCummins scored 2nd 50 in IPL against #MumbaiIndians pic.twitter.com/OlcppOYNFi— Vibhu Raj Vaibhav (@vibhurajvaibhav) April 6, 2022
Cummins, who was playing his first match of IPL 2022, paired up with Venkatesh to hand Mumbai Indians their third defeat in as many matches this season. Cummins equaled the record for the fastest half-century in IPL when he got to the milestone off only 14 balls. He now holds the record with KL Rahul.Live TV--- ENDS ---ALSO READ| KKR vs MI: Pat Cummins hits joint fastest IPL half -century, KKR storms to No.1 in points table","['pat cummins', ' pat cummins memes. pat cummins twitter', ' KKR', ' Mumbai Indians']",https://www.indiatoday.in/trending-news/story/twitter-simply-can-t-get-over-pat-cummins-s-fastest-ipl-half-century-in-kkr-vs-mi-match-these-fabulous-memes-are-proof-1934549-2022-04-07
3,trending-news,Woman plants flowers in Ukraine’s Kyiv in the hope that conflict will be over soon. Watch video,"(7, 4, 2022)","It has been 43 days since Russia invaded Ukraine but there seems to be no sign of de-escalation. Women and children in thousands have fled the war-torn country and some heartbreaking images of pain and despair have been emerging from Ukraine. More than ten million people are already thought to have fled their homes in Ukraine because of the invasion. However, a video that has emerged from the country’s capital Kyiv on social media gives people a bleak glimmer of hope.

Richard Gaisford, Chief Correspondent, Good Morning Britain, shared a video of a woman planting flowers in Kyiv. She is hopeful that things are going to get better. “’War is war, but flowers still need to be planted’ - the view of a Kyiv city gardener, bringing spring colour to the city. She’s hopeful that conflict will be over soon and wants the capital looking beautiful again,” he wrote sharing the video.Watch the video here:“War is war, but flowers still need to be planted” - the view of a Kyiv city gardener, bringing spring colour to the city. She’s hopeful that conflict will be over soon and wants the capital looking beautiful again. #Ukraine pic.twitter.com/126llfiHU0— Richard Gaisford (@richardgaisford) April 6, 2022
People on the internet lauded her optimism. “The definition of optimism. I cannot remember ever having so much admiration and respect for a country. Ukrainians are an example to us all of courage and dogged determination to save their country. We must keep giving them all the advanced weaponry they need to defeat Putin (sic),” a user wrote.The definition of optimism. I cannot remember ever having so much admiration and respect for a country. Ukrainians are an example to us all of courage and dogged determination to save their country. We must keep giving them all the advanced weaponry they need to defeat Putin.— Annie D (@AnneDevlin7) April 6, 2022
“My heart goes to them making me all emotional. I salute a fine example of courage against all odds. How they are getting on with life. They are going down history what ever happen as true warriors to be cherished and put plaque on their name (sic),” another user commented.My heart goes to them making me all emotionalI salute a fine example of courage against all oddsHow they are getting on with lifeThey are going down history what ever happen as true warriors to be cherished and put plaque on their name#MSBNM— planet.bnm (@BnmPlanet) April 6, 2022
See more comments below:Wow, never under estimate the power of nature.What brilliant brave people.— Crossingham Family (@CrossinghamFam1) April 6, 2022
Now out of all the tweets I've seen this has floored me, my heart just melted, the hope of new life in a delicate flower amongst people who have gone through so much, they're delivering a powerful message indeed.— Lisa Lund (@hollings_lisa) April 6, 2022
Brilliant just brilliant. She is planting hope because if you give up on hope there is nothing left. Love what she is doing.— Cockadoodle (@CarolCo06534473) April 6, 2022
Slava Ukraini! You will rise again stronger than ever. Your spirit is empowering and uniting people around the world— Anna J (@AnnaJ66545951) April 6, 2022
Bless them. I hope is over soon too xx— Beverley Mulready (@bevmul18) April 6, 2022
Meanwhile, Ukrainian President Volodymyr Zelenskyy warned that the Russian military continues to build up its forces in preparation for the new offensive in the east, where the Kremlin has said its goal is to “liberate” the Donbas, Ukraine’s mostly Russian-speaking industrial heartland. He said Ukraine, too, was preparing for battle.Live TV--- ENDS ---ALSO READ| Mariupol’s dead put at 5,000 as Ukraine braces for Russian attacks in the east","['ukraine', ' kyiv', ' ukraine-russia war', ' russia invasion']",https://www.indiatoday.in/trending-news/story/woman-plants-flowers-in-ukraine-s-kyiv-in-the-hope-that-conflict-will-be-over-soon-watch-video-1934510-2022-04-07
4,trending-news,"Wordle 292 word of the day, April 7. Check out clues and hints and solve the puzzle in a jiffy","(7, 4, 2022)","Were you able to solve today’s Wordle? If you haven’t been able to solve Wordle 292, fret not, because we have got you covered. This one is really easy, but if you are finding it difficult to crack the code, we will help you with hints. For starters, today’s 5-letter word refers to a sudden attack or incursion into enemy territory. Have you got it now? If not, read on for more clues.

HOW TO PLAY WORDLE?Wordle is a simple word-guessing game and requires the player to guess a five-letter word in six tries. The game is available on a website (https://www.nytimes.com/games/wordle/index.html) and you can play it from your mobile as well as laptop or computer. There is a grid and a keyboard on the Wordle website and you can choose your letters from it.To start, you have to type your first five-letter word guess. That forms the top row of the grid. If you get one of the letters correct in the grid, that box will turn green. If the letter that you guessed is in the word but not in the correct box, that space will turn yellow. If the player guesses anything else, the tile’s colour remains unchanged.STRATEGIES TO PLAY WORDLE BETTERTip #1: While playing Wordle, try to use letters that are common. The most common letters in the English language are e, t, a, i, o, n, s, h, and r. Try using these in the first few attempts.Tip #2: Don't waste your attempts on words that have a letter you've already eliminated, or letters in a position that they cannot be in.Tip #3: During your initial attempts, if a letter is marked yellow, it cannot be in the same position in any of the following guesses. It will also not be in any position that has already turned green. This means that you do not have to try all four remaining slots for a yellow letter.Tip #4: Think of words with common letters and give it a shot.WORDLE AND ITS INDIA CONNECTWordle was invented by Josh Wardle, a software engineer from Brooklyn, for his Indian partner, Palak Shah, who loves word games. So sweet, no? The name of the game is in line with the creator’s surname Wardle. Palak and Josh played the game for several months before its release in October 2021, The New York Times reports. Wordle has been sold to the New York Times.WORDLE 292 HINTSIt has two vowels.The first letter is a consonant.The word is a noun.THAT HINT WHICH WILL HELP YOU TO SOLVE IN A JIFFYIt starts with the letter F.It ends with the letter Y.WORDLE 292 ANSWERThe answer for Wordle 292 is FORAY.Live TV--- ENDS ---ALSO READ| Wordle 291 word of the day, April 6. We’ll help you with clues and hints as well, by the way","['wordle', ' wordle 292', ' wordle word of the day']",https://www.indiatoday.in/trending-news/story/wordle-292-word-of-the-day-april-7-check-out-clues-and-hints-and-solve-the-puzzle-in-a-jiffy-1934478-2022-04-07
5,trending-news,This woman pulled off a hilarious prank in her office. Co-worker's reaction is now a viral video,"(6, 4, 2022)","April Fools' Day is synonymous with hilarious jokes and harmless jibes that can tickle anyone’s funnybone in no time. A person can pull off a prank on anyone on the day and the other is not supposed to mind. Well, a woman decided to do the same to her co-workers and the video of it has gone viral online. It is just too funny and we are sure that you will absolutely love it.

So, a woman pulled off a hilarious prank on her co-workers at the office. What did she do, you ask? Well, she filled a box of doughnuts with a platter of cheese cubes, veggies and olives. She even wrote April Fools inside the package.The woman then kept the box in her office’s kitchen and put up a camera to record her co-workers’ reactions. In the short video, one woman even opened the box expecting delicious doughnuts but was disappointed soon after. Funny, right?“This is how arguments start,” reads the caption of the post on Instagram.Watch the viral video here:View this post on InstagramA post shared by Pubity (@pubity)
After being shared online, the video garnered a whopping 9.4 million views. Netizens thoroughly enjoyed the prank and were in splits after watching the clip.“The way she walked off it was definitely a problem that she was going to bring up,” a user wrote.Another user commented, “The betrayal on her face.”See the comments here:  What would you have done? Tell us in the comments section below.Live TV--- ENDS ---ALSO READ | Pic of 'are you a terrorist' question for flyers at US airport goes viral. Internet reacts","['woman', ' pulls', ' off', ' prank', "" co-worker's"", ' co-workers', ' office', ' april fools', ' doughnuts', ' box', ' viral', ' video', ' reaction']",https://www.indiatoday.in/trending-news/story/this-woman-pulled-off-a-hilarious-prank-in-her-office-co-worker-s-reaction-is-now-a-viral-video-1934353-2022-04-06
6,trending-news,Pic of 'are you a terrorist' question for flyers at US airport goes viral. Internet reacts,"(6, 4, 2022)","A post by a freelance journalist on Twitter about an “advanced level of security” at the US airport has gone viral and triggered a wave of responses from users. The post features an image of a self-check-in counter where the built-in system asks a person if they are a terrorist or not. It also offers “yes” and “no” options. However, the authenticity of the image cannot be confirmed by India Today.

Asaad Sam Hanna took to Twitter to share a screenshot of the security system at the US airport’s kiosk. The picture featured “Are you a terrorist?” in bold. Below it were the options “yes” or “no” that the person answering had to choose.“Advanced level of security at the US airport,” reads the caption of the post.See post here:Advanced level of security at the US airport. pic.twitter.com/j1AapagjbM— Asaad Sam Hanna (@AsaadHannaa) April 5, 2022
After being shared, the post went viral with close to 2k likes. It also prompted a plethora of reactions from netizens. While some people saw the hilarious side of it, others were downright confused.“Definitely don’t wanna have fat fingers and hit the wrong button,” a user wrote.Another user commented, “This has to be a joke.”See the comments here:loved when this was tweeted yesterday https://t.co/K9o61GO4Xn— legal observer (@legalobserver1) April 5, 2022
I really don't understand how, since 9/11, our airport check-in has become more computerized, w much less human to human interactions. Given past observations by agents who have noticed suspicious behavior, seems like a bad thing for security.— Kerry Troup (@kerryktroup) April 5, 2022
Wait is this really real???— cC (@CoralDiBell) April 5, 2022
there should a third option: ""Yes"" ""No"" ""It's complicated""— Andrés Spokoiny (@Spokoiny) April 5, 2022
Anyone know what happens if you press yes?— Chris Rennie (@Legsakimbo3) April 5, 2022
3rd option.I might be I don't know yet— PRJOEKTZII (@projektzii1) April 5, 2022
What a smart way— - (@hajrimt01) April 5, 2022
What are your thoughts regarding this?Live TV--- ENDS ---ALSO READ | Anand Mahindra's viral post featuring a stunning view of Mount Everest is all about looking at the bigger picture","['airport', ' us', ' are you a terrorist', ' question', ' post', ' viral', ' internet', ' reacts', ' twitter']",https://www.indiatoday.in/trending-news/story/pic-of-are-you-a-terrorist-question-for-flyers-at-us-airport-goes-viral-internet-reacts-1934287-2022-04-06
7,trending-news,Elephant charges towards bus in Kerala's Munnar. Viral video shows what happened next,"(6, 4, 2022)","Elephants are gentle animals and usually mean no harm. However, a video of an elephant charging towards a government bus has surfaced online. The clip was posted on Twitter by IAS officer Supriya Sahu and the driver’s cool behaviour during the whole situation is being applauded online.

The incident happened near the Munnar Deputy Superintendent of Police office on Tuesday, according to local media reports. In the short video, a driver of the government bus stopped after he saw an elephant walking on the road. However, seconds later, the elephant charged towards the bus while the passengers inside started shouting and panicking. The animal even cracked the windshield but the driver didn’t lose his cool. He calmly handled the whole situation and drove away after the animal retreated.“Don't know who the driver of this government bus is but he is certainly Mr Cool. The way he handled the supervision check by Mr Elephant, it was like business as usual between them,” reads the caption of the post.Watch the video here:Don't know who is the driver of this Government Bus but he is certainly Mr Cool The way he handled the supervision check by Mr Elephant it was like bussiness as usual between them. video shared by K.Vijay #elephants #noconflict pic.twitter.com/WHxQStNv7K— Supriya Sahu IAS (@supriyasahuias) April 6, 2022
The video got over 15k views after being shared online. Netizens hailed the presence of mind and courage shown by the driver.“Wonderful display of courage and presence of mind by the driver,” a user wrote.Another user commented, “Yes. He is really cool. It even broke the wind-screen, yet he maintained his cool.”See the comments here:Wonderful post Supriya. Great to see lovely Man-Animal interactions. He looked real curious.— Krsna (@narayan_krs) April 6, 2022
Driver has guts really! I wouldn’t have done this scary!! But beautiful to watch !— Prem (@Premtwt) April 6, 2022
Wonderful display of courage and presence of mind by the driver— srinivasan (@ainipala) April 6, 2022
@transport_state your driver is super cool here , nice handling of the situation. Good work!— Suresh Kumar A (@NikeSuresh25) April 6, 2022
Yes. He is really Cool. It even broke the wind screen yet he maintained his cool— SivaKumar_IND (@IndSivakumar) April 6, 2022
Hope the bus receives blessings from the elephant— Jofert Sam (@joferts) April 6, 2022
As per local media reports, the elephant is fondly called Padayappa.What are your thoughts on the driver's reaction?Live TV--- ENDS ---ALSO READ | Grandpa sings What a Wonderful World for grandson with down syndrome on his birthday. Heartwarming viral video","['ELEPHANT', ' VIRAL', ' VIDEO', ' CHARGES', ' AT BUS', ' MUNNAR', ' GOVERNMENT', ' COOL REACTION', ' DRIVER', ' SUPRIYA SAHU', ' IAS OFFICER']",https://www.indiatoday.in/trending-news/story/elephant-charges-towards-bus-in-kerala-s-munnar-viral-video-shows-what-happened-next-1934322-2022-04-06
8,trending-news,Grandpa sings What a Wonderful World for grandson with down syndrome on his birthday. Heartwarming viral video,"(6, 4, 2022)","If you are suffering from any sort of mid-week blues, we have just the perfect video that will totally brighten up your day. In a clip that has gone viral, a grandfather sang What a Wonderful World for his grandson who has down syndrome. The man gave the beautiful performance on the little boy’s birthday and we are sure the clip will tug at your heartstrings, just like ours.

The viral video was posted by the Good News Correspondent on Twitter. In the 1-minute video, the grandfather can be seen singing the beautiful song while his grandson Joseph sat on his lap. The way he performed the song will melt your heart and move you.“Grandfather sings What a Wonderful World to his grandson, Joseph, who has down syndrome. A lovely birthday gift,” reads the caption of the post.Watch the viral video here:Grandfather sings ‘What A Wonderful World’ to his grandson, Joseph, who has down syndrome. A lovely birthday gift! HAPPY BIRTHDAY . (:mysticalmeghan).pic.twitter.com/No4DbbjXoe— GoodNewsCorrespondent (@GoodNewsCorres1) April 5, 2022
After being shared online, the video amassed over 3 lakh views. Netizens simply loved the touching performance by Joseph’s grandfather and called it beautiful.“So touching when that child lays his head on his grandfather's chest. Can't beat that moment,” a user wrote.Another user commented, “I think that is just about the most beautiful thing I have seen here on Twitter in a long time.”See the comments here:If you didn't shed a tear watching this, check yourself for a pulse— Buds4life (@Buds4life2) April 5, 2022
yes , thank you Anna pic.twitter.com/pDgxiwbcV7— Eva A.Colin #WeAreTheCavalry NO DMS (@EvaColin9) April 5, 2022
""What A Wonderful World"" it is to see so much love between the two of youGreatest gift everThanks for sharingHappy Birthday Joseph— Char (@ceb1199) April 5, 2022
So touching when that child lays his head on his grandfather's chest --- love. Can't beat that moment.— Skeptical_Texan (@Skeptical_Texan) April 6, 2022
Completely undone by this video in the best way possible. I’m off to bed with a smile on my face and mascara running through it. There truly are better angels.— Dr. Fully Boosted (@makethataplattr) April 6, 2022
I think that is just about the most beautiful thing I have seen here on the Twitters in a long time.— looooool (@loooooo02942311) April 5, 2022
What a Wonderful World released in 1967 and the vocals of the song were given by Louis Asrmstrong.Listen to the song here:So precious!Live TVALSO READ | 22-year-old Punjab boy sells golgappa, chaat dressed in suit. Watch viral video to know the reason",NA,https://www.indiatoday.in/trending-news/story/grandpa-sings-what-a-wonderful-world-for-grandson-with-down-syndrome-on-his-birthday-heartwarming-viral-video-1934297-2022-04-06
9,trending-news,Anand Mahindra's viral post featuring a stunning view of Mount Everest is all about looking at the bigger picture,"(6, 4, 2022)","Mahindra Group Chairman Anand Mahindra is an avid social media user and surely knows how to keep his followers hooked. He often delights his fans and followers with million-dollar videos and pictures. Now, the industrialist took to Twitter to share a stunning 360 degrees view of Mount Everest with an inspiring caption. The post has obviously gone viral and you should definitely check it out.

Anand Mahindra took to Twitter to post a breathtaking 360 degrees view of Mount Everest. The short clip was originally shared by Amazing Nature and features the majestic beauty of the highest mountain range.“A 360 degree view from the top of Mount Everest. Sometimes, when you have to make hard decisions, it helps to imagine you’re on top of Everest with an unobstructed view of the world. It becomes easier to see the big picture,” reads the caption of the post.Watch the viral video here:360 degree view from the top of Mount Everest. Sometimes, when you have to make hard decisions, it helps to imagine you’re on top of Everest with an unobstructed view of the world. Becomes easier to see the ‘big picture.’pic.twitter.com/qciTw4L7j4— anand mahindra (@anandmahindra) April 5, 2022
After being shared online, the clip garnered over 4 lakh views. Netizens simply loved the video and the motivating caption with it.“A spectacular view from the top,” a user wrote.Another user commented, “I am right at the top of the world launging cozily on my sofa and not feeling the chills at all. The mountaineer has done the job for me. Thanks for sharing @anandmahindra.”See the comments here:Bravo https://t.co/vK2aahZvTK— Sabin (@Sabin46496104) April 6, 2022
@anandmahindra Thank you for this Amazing view, of one of the rare seen part of our Earth . https://t.co/oISOMolQQU— Health Chakra Pvt Ltd (@healthchakra1) April 6, 2022
Definitely view is changed when you are at the top.change for positive..: https://t.co/FRj98CGFvF— Pushpendra Thakkar (@pramukh999) April 6, 2022
I am benifited by this video. Guess how.I am right at the top of the world launging cozily on my sofa and not feeling the chills at all. The mountaineer has done the job for me.Thanks for sharing @anandmahindra https://t.co/bh9mKgP7z6— Mandar Dhavale (@MandarDhavale26) April 6, 2022
A spectacular view from the Top! https://t.co/00JLZNLFDh— jadav kakoti (@kakoti2011jadav) April 5, 2022
And such views also makes you realize how tiny and temporary you are in this world. There were no Himalayas before millions of years and there would be none after millions of years. Nothing is permanent. So what are we holding on to? https://t.co/koyRHom7Hy— Anukriti Sharma, IPS (@ipsanukriti14) April 5, 2022
Beautiful, isn’t it?Live TVALSO READ | Canadian couple turns resort into home for Ukrainian refugees. Full story here",NA,https://www.indiatoday.in/trending-news/story/anand-mahindra-s-viral-post-featuring-a-stunning-view-of-mount-everest-is-all-about-looking-at-the-bigger-picture-1934257-2022-04-06
10,trending-news,"22-year-old Punjab boy sells golgappa, chaat dressed in suit. Watch viral video to know the reason","(6, 4, 2022)","‘Koi kaam chhota ya bada nahi hota’ is an old aphorism often cited by our parents and elders. Likewise, it is not necessary that dress codes have to be followed by top officials and corporates in boardrooms or offices. This 22-year-old boy from Punjab is taking the internet by storm for a very special reason. He has a roadside eatery where he sells an array of chaats papri chaat, golgappa and dahi bhalla. While his eatery sells some delectable chaats, he has garnered a lot of attention online for his dress code. The young boy sells golgappe and chaat wearing a business suit. YouTuber Harry Uppal, who visited the shop recently, documented his journey in a video and also the reason why he wears a suit while attending to his customers. The clip which was uploaded on March 24 and has over 5 lakh views.

Food vlogger Harry Uppal shared this video about two brothers who run a roadside eatery in Mohali. They have been working really hard for the past few months to make their business a big success. So, why does he wear a suit while working at his food cart? Well, “ye bas hotel management ka sign hai (this is just a sign that I have done hotel management). “I have a degree in hotel management and we want people to know it and people do know our story,” the 22-year-old said.Watch the video here:Of course, netizens were all praise for the hardworking brothers. These Young Chefs are on their way to becoming Millionaires.. I'm not sure who is saying that they are not doing the right work.. I would never do the job and i'm going to be doing what these young guys are doing and their dress code just makes them more professional. Amazing and Salute to them and hope few more young people learn from these Greats (sic),” a user wrote.See more comments below: What do you think about this video? Tell us in the comments section below.Live TVALSO READ| 'How to Murder Your Husband' author goes on trial for her spouse's murder. Viral story",NA,https://www.indiatoday.in/trending-news/story/22-year-old-punjab-boy-sells-golgappa-chaat-dressed-in-suit-watch-viral-video-to-know-the-reason-1934238-2022-04-06
11,trending-news,"Zomato, Swiggy down due to technical snag. Twitter responds with hilarious memes","(6, 4, 2022)","Food delivery apps Zomato and Swiggy reported a brief nationwide technical outage. Issues were reported by a lot of users on Twitter. People were not able to order food or even refresh the app on April 6. For those who were able to place an order, their delivery was delayed. The glitch caused by Amazon Web Services is reportedly the reason behind the two apps crashing.

Zomato and Swiggy were back within a few minutes. However, soon enough, #Zomato and #Swiggy started trending online and Twitter was flooded with memes. Some of the memes are so hilarious that they will surely tickle your funny bone.In this article, we have compiled some of the best reactions and memes posted by users on Twitter and you should definitely check them out.Take a look: @zomato down for 15 mins and Janta be like...BTW zomato bro, jaldi build deploy kardo mera khaana bhee on the way..#zomato #zomatodown #down pic.twitter.com/u48bUQx0UL— Rachit (@rachitkay) April 6, 2022
As #swiggy & #zomato are down,Nearby restaurants be like - pic.twitter.com/0QpVQxPjeu— Kaagaz Apps (@KaagazS) April 6, 2022
I’m dead hungry but #swiggy and #zomato decided to not work at the same time.The app isn’t working and crashing what to do?Why @swiggy_in and whyyyyy @zomato are you killing us with hunger— Deepanshi (@indianalways02) April 6, 2022
The apple I was planning on skipping after ordering food from Zomato. @zomato@zomatocare #Zomato #zomatodown pic.twitter.com/z90y6gYgmT— Lalit Kumar (@kumarspace97) April 6, 2022
Just me leaving the comfort of my home out into the hot Chennai afternoon to eat lunch.. Thanks #Swiggy and #Zomato pic.twitter.com/az0lFEsVKJ— Sivakaminathan Muthusamy (@rsiva229) April 6, 2022
Zomato got hit by buri duas of 100s of Desi Moms. #zomato #zomatodown pic.twitter.com/OOGodQJ7Xa— Pnect (@Pnect_) April 6, 2022
That's God way of saying I need to lose few inches #zomatodown #zomato #zomatoinstant @zomato @zomatocare @ZomatoProHelp pic.twitter.com/AjxCTJYuJ6— Richi Bhatnagar (@richibhatnagar) April 6, 2022
So, which one is your favourite?Live TVALSO READ | 'How to Murder Your Husband' author goes on trial for her spouse's murder. Viral story",NA,https://www.indiatoday.in/trending-news/story/zomato-swiggy-down-due-to-technical-snag-twitter-responds-with-hilarious-memes-1934225-2022-04-06
12,trending-news,Barack Obama refers to Joe Biden as ‘vice president’ at White House event. See what happened next in viral video,"(6, 4, 2022)","Barack Obama jokingly referred to Joe Biden as 'vice-president' on his return to the White House for the first time since 2017. Obama, who served two terms as president from 2009 to 2017, was there to celebrate the passage of his signature Affordable Care Act (ACA), alongside Biden who served with him in White House for two terms. As he addressed the people at the joint event, he jokingly referred to the current US President as ‘vice president’.

“It’s good to be back in the White House. It’s been a while,” he said after Vice President Kamala Harris introduced him in the East Room. Obama opened by referring to Biden as “vice president” before acknowledging that was a “set-up” joke and embracing his former No 2. He then goes on to give the US President a hug as the audience applauded them.Obama also said he and Biden accomplished “a lot” in their eight years but “nothing made me prouder than providing better health care and more protections to millions of people across this country.”Watch the video here:Obama: Thank you Vice President Biden That was a joke pic.twitter.com/8PqMwws28M— Acyn (@Acyn) April 5, 2022
Last week, during the Commissioning Commemoration Ceremony of the USS Delaware, Biden referred to Michelle Obama as the ‘vice president’. “I’m deeply proud of the work she is doing as First Lady with the Joining Forces initiative she started with Michelle Obama when she was Vice President and now carries on”,he said in the video.Watch the video here:Does Biden think Michelle Obama was Vice President?pic.twitter.com/SyzKLsu378— Benny (@bennyjohnson) April 2, 2022
The Affordable Care Act has survived repeated repeal attempts by Republicans. Obama was last at the White House on January 20, 2017, when he left to escort Donald Trump.Live TVALSO READ| Joe Biden refers to Michelle Obama as ‘Vice President’ during event. Internet reacts to viral video",NA,https://www.indiatoday.in/trending-news/story/barack-obama-refers-to-joe-biden-as-vice-president-at-white-house-event-see-what-happened-next-in-viral-video-1934211-2022-04-06
