SN,category,headline,date,content,keywords,link
1,trending-news,"Wordle 301 word of the day, April 16. We’ll help you with tips and hints","(16, 4, 2022)","Did you solve today's Wordle? Yesterday's Wordle was a breeze to solve and today's puzzle is not that hard either! Why don’t we start with a hint? Today’s Wordle word of the day is a part of the human face.

HOW TO PLAY WORDLE?Wordle is a simple word-guessing game and requires the player to guess a five-letter word in six tries. The game is available on the website (https://www.nytimes.com/games/wordle/index.html) and you can play it from your mobile as well as laptop or computer. There is a grid and a keyboard on the Wordle website and you can choose your letters from it.To start, you have to type your first five-letter word guess. That forms the top row of the grid. If you get one of the letters correct in the grid, that box will turn green. If the letter that you guessed is in the word but not in the correct box, that space will turn yellow. If the player guesses anything else, the tile’s colour remains unchanged.STRATEGIES TO PLAY WORDLE BETTERTip #1: While playing Wordle, try to use letters that are common. The most common letters in the English language are e, t, a, i, o, n, s, h, and r. Try using these in the first few attempts.Tip #2: Don't waste your attempts on words that have a letter you've already eliminated, or letters in a position that they cannot be in.Tip #3: During your initial attempts, if a letter is marked yellow, it cannot be in the same position in any of the following guesses. It will also not be in any position that has already turned green. This means that you do not have to try all four remaining slots for a yellow letter.Tip #4: Think of words with common letters and give it a shot.WORDLE AND ITS INDIA CONNECTWordle was invented by Josh Wardle, a software engineer from Brooklyn, for his Indian partner, Palak Shah, who loves word games. So sweet, no? The name of the game is in line with the creator’s surname Wardle. Palak and Josh played the game for several months before its release in October 2021, The New York Times reports. Wordle has been sold to the New York Times.WORDLE 301 HINTSToday’s word has two vowels in it.The word starts with C and ends with K.People love caressing this part of the face, especially when it is a baby.SPOILER AHEAD!Today’s Wordle Word of the day is CHEEK.","['wordle', ' viral game', ' hints', ' twitter', ' crossword game', '']",https://www.indiatoday.in/trending-news/story/wordle-301-word-of-the-day-april-16-we-ll-help-you-with-tips-and-hints-1938151-2022-04-16
2,trending-news,Have Rihanna and ASAP Rocky broken up? Here’s what the Internet thinks,"(15, 4, 2022)","The internet can be a bizarre place sometimes and the odd rumours surrounding celebrities prove the case. Netizens woke up to surprising ‘news’ online today and Twitter has been buzzing with confused reactions and memes ever since.

Apparently, Rihanna and ASAP Rocky had parted ways! No, we are not saying that. A Twitter user shared a post about this news along with some details that has now blown up.For those who are unaware, ASAP Rocky and Rihanna were clicked in several loved-up photos and the couple is expecting a child soon. However, while Rihanna was out there slaying in her redefined savage maternity fashion, the Twitter user pointed out that Rocky was having an affair with a designer from Rihanna’s fashion label, Fenty beauty.“Rihanna & ASAP Rocky have split. Rihanna broke up with him after she caught him cheating with shoe designer Amina Muaddi,” read the post.Take a look:Amina was responsible for designing Fenty’s footwear offering and Rihanna is often seen in custom shoes from her own label.— LOUIS (@LOUIS_via_ROMA) April 14, 2022
Netizens were totally in disbelief after this ‘news’. Many took to the micro-blogging platform to express their perplexity regarding the incident. However, some netizens started sharing memes featuring Rihanna’s ex-singer and rapper Drake.Drake after hearing Rihanna and ASAP Rocky are no longer together pic.twitter.com/nsyaoqOYpc— Frenchkind (@o6inna) April 14, 2022
Me trying to find a reliable source to confirm the Rihanna and Asap Rocky drama pic.twitter.com/Jsj43JyWgg— Kate (@KateThornley3) April 14, 2022
Drake at the club tonight after hearing Rihanna and ASAP Rocky broke up pic.twitter.com/ghz1u6oc7Z— Hoodville (@Hoodville_) April 15, 2022
this rihanna and asap rocky rumor better be fake because no way asap really cheated on rihanna.. pic.twitter.com/iNSNm0BoH2— rina (@dreamglowrina) April 14, 2022
Drake running to Twitter to confirm that Rihanna and ASAP Rocky RiRi broke up.#MusicWithDMEpic.twitter.com/9jQWODFeEf— El Don (@el_dme_363) April 14, 2022
me checking tmz to see if the rihanna and asap rocky rumor true #asaprocky #Rihanna pic.twitter.com/IX7MoEhzyM— F I N E S S E (@FINESSEGTS) April 15, 2022
Drake on his way to slide into Rihanna’s DMs now that she and ASAP Rocky broke up pic.twitter.com/vZbQKlzOpY— America (@AmericaSmilez) April 14, 2022
low-key I feel the Rihanna and Asap thing is a lie. I just know— KALYJAY (@gyaigyimii) April 14, 2022
Me trying to find a reliable source to confirm the Rihanna and Asap Rocky drama #Rihanna Rocky pic.twitter.com/bP3OylUW9f— Bobbykgn (@Bobbykgn5) April 15, 2022
What do you think?Live TV--- ENDS ---Also Read | Bralettes to sheer dresses, Rihanna's maternity fashion is glam beyond words. Top 5 looks","['rihanna', ' asap rocky', ' drake', ' breakup', ' rumour', ' trending', ' viral news', ' twitter', ' memes', '']",https://www.indiatoday.in/trending-news/story/have-rihanna-and-asap-rocky-broken-up-here-s-what-the-internet-thinks-1938034-2022-04-15
3,trending-news,Alia Bhatt and Ranbir Kapoor's balcony wedding in Mumbai has left Twitter asking some curious questions,"(15, 4, 2022)","Alia Bhatt and Ranbir Kapoor tied the knot in an intimate ceremony in Mumbai on April 14. After the wedding, Alia took to Instagram to share some dreamy pictures with her hubby Ranbir. She posted the pictures along with a heartwarming note which has left Twitter pretty curious. The reason, you ask? Well, Alia mentioned in her note that they got married at their ‘favourite spot,’ the balcony, in which they have ‘spent the last 5 years of our relationship’. The fact that the couple could get married in the balcony of their home in Mumbai came as a shock to several Mumbaikars because of the space crunch in the city.

“Today, surrounded by our family and friends, at home in our favourite spot - the balcony we’ve spent the last 5 years of our relationship - we got married. With so much already behind us, we can’t wait to build more memories together memories that are full of love, laughter, comfortable silences, movie nights, silly fights, wine delights and Chinese bites. Thank you for all the love and light during this very momentous time in our lives. It has made this moment all the more special. Love, Ranbir and Alia (sic),” Alia Bhatt wrote sharing the pictures.View this post on InstagramA post shared by Alia Bhatt (@aliaabhatt)
After the post went viral, what followed was Twitter asking some curious questions online. ""Alia & Ranbir have a balcony in Mumbai large enough to get married in! The average Mumbai balcony is a strip of concrete for two house plants & 75 pigeons (sic),” wrote author Naomi Dutta.Alia & Ranbir have a balcony in Mumbai large enough to get married in!The average Mumbai balcony is a strip of concrete for two house plants & 75 pigeons— Naomi Datta (@nowme_datta) April 15, 2022
See more tweets below:Getting married in balcony in the presence of just few relatives. If a middle class family does the same thing, they'll be called ""kanjoos"" by everyone that weren't invited to the wedding. #RanbirKapoorAliaBhattWedding #aliaranbirwedding #AliaBhatt— Mufeed (@mufeed_gunner) April 14, 2022
You know you live in Mumbai when the most surprising thought after reading Alia Bhat’s wedding post is, “Wow they have a balcony!”— Sapan Verma (@sapanv) April 14, 2022
i wanna be that rich ki agar I get married in a balcony ppl say wow kya cool log hai— Aishwarya Mohanraj (@AishwaryaMrj) April 14, 2022
Not getting married yet because the house doesn't have a balcony big enough.— Trendulkar (@Trendulkar) April 15, 2022
Alia Bhatt, the top actress in the country getting married in his balcony is the Indian version of “I like shiny things, but I'd marry you with paper rings” #aliaranbirwedding #taylorswift— Deepti Hesarur (@Deeptihesarur) April 14, 2022
Ranbir Kapoor and Alia Bhatt’s wedding was held at Vastu, the apartment complex where the couple lives. The wedding was attended by Kareena Kapoor, Saif Ali Khan, Karisma Kapoor, Akash Ambani, Shloka Mehta, Rima Jain, Randhir Kapoor and other members of the Kapoor and Bhatt family. Alia’s BFF Akansha Ranjan was also part of the wedding festivities.Live TV--- ENDS ---ALSO READ|Not just Alia Bhatt’s kaleere, her mangalsutra too has Ranbir Kapoor's No 8 connection","['alia bhatt', ' ranbir kapoor', ' alia ranbir wedding']",https://www.indiatoday.in/trending-news/story/alia-bhatt-and-ranbir-kapoor-s-balcony-wedding-in-mumbai-has-left-twitter-asking-some-curious-questions-1938021-2022-04-15
4,trending-news,Joe Biden’s invisible handshake after speech confuses Internet. Watch,"(15, 4, 2022)","Things have not been going well for US President Joe Biden nowadays. Biden has found himself at the end of the internet’s ridicule after several faux pas during his public speeches. Now, another incident involving the 79-year-old president has simply added fuel to the fire.

In a video that has now gone viral, Biden was seen doing an ‘invisible handshake’ after ending a speech at North Carolina Agricultural and Technical State University in Greensboro. After that, he continued to roam around the podium looking confused.Biden spoke about the economy, inflation, manufacturing and clean energy jobs at the Alumni Event Center.Take a look: US President Joe Biden got into an akward situation by trying to shake hands with ??#JoeBiden #HandShake pic.twitter.com/ZTEPkHLAcJ— (@IcanArgue) April 15, 2022
The viral video invited a lot of criticism from netizens. While one section of the internet was sympathetic to Biden's behaviour, many pointed out that the whole incident was embarrassing.So whose hand was Joe shaking??This is my guess. #handshake#joebiden#DementiaJoe https://t.co/l2WoD6zHY3 pic.twitter.com/OkJnm4w706— @Patriot_Gains (@Patriot_Gains) April 15, 2022
That’s actually not what happened. You see what you want to see.— John Fehringer (@johnfehringer) April 14, 2022
He was probably told there would be someone up there, and looked for that person this isn’t that difficult to figure out— @NotACat__ (@NotACat___) April 14, 2022
an issue with a lack of stage management, if you notice he is simply looking for someone on the stage to tell him where to go . That’s what he was doing he is not shaking hand with Thin Air . He appears to be confused cuz no one on the stage to walk him off .see other video pic.twitter.com/FzagVnmUCY— Ashraf al hakami (@Rafy201) April 15, 2022
Nope ! He was acknowledging a few individuals in the audience, then paying a few moments of respect to the flag ... then gracefully walking off. It is amazing how the same thing can be viewed in different ways !— DaveCarter (@DaveC2468) April 14, 2022
Previously, Joe Biden mistakenly referred to Kamala Harris as the First Lady of the US and Michelle Obama as the Vice president.Live TV--- ENDS ---Also Read | Saudi Arabia TV mocks Joe Biden and Kamala Harris, makes fun of US administration. Viral video","['joe biden', ' us president', ' faux pas', ' trolled', ' twitter', ' greensboro', ' viral video', ' ']",https://www.indiatoday.in/trending-news/story/joe-biden-s-invisible-handshake-after-speech-confuses-internet-watch-1938023-2022-04-15
5,trending-news,"BTS member J-Hope clicks pics with Lady Gaga at her concert. Collab please, says Internet","(15, 4, 2022)","South Korean boy band BTS seems to have a soft corner for Lady Gaga. During the Grammys this year, BTS’s Kim Taehyung was spotted interacting with Lady Gaga. Pictures of Taehyung and Gaga embracing each other went viral on social media and left fans manifesting for a smashing collab between the biggest boy band of the world and the Oscar winning singer.

Now, another member of BTS has pledged his fandom for Lady Gaga and fans couldn’t be more excited. J-Hope aka Hobi was clicked at Lady Gaga’s concert on April 14 in Las Vegas. J-Hope clicked several pictures with the pop singer and shared a sweet caption on Instagram as well.“Today was a really glorious day. When it comes to a show, there’s none like Lady Gaga!!! It was a special day for me, since I wanted to see her performance so much. Today, on the stage, she was incredible, but off the stage she was so professional and there was so much to learn from her, and every comment from her for me will stay with me for my whole life. @ladygaga , my queen forever! Please keep making your incredible music. Thanks to you, today I discovered the beauty of jazz! I cheer you on as a fan! Love U!” read the caption.Take a look at the post:View this post on InstagramA post shared by jhope (@uarmyhope)
Fans didn’t take much time to make the photos viral. The hashtags #hobi and #JHope also climbed to the top positions on the Twitter trending list.Here’s what ARMYs had to say:Our dearest sunshine HOBI enjoying GAGA concert pic.twitter.com/38kUVGHEGL— HEAVEN TAEKOO (@heaven_tanbam) April 15, 2022
Hobi waving out from his car window ... leaving the venue after Lady Gaga's concert!!!The amount of armys gathered pic.twitter.com/sH18Z3aVxA— - BackUp (@BTSArmy_47) April 15, 2022
hobi blew some kisses to armys outside when they left lady gaga’s concert venue he’s so precious pls i hope he had sm fun! pic.twitter.com/EwlE6YNDSs— Jane (@agustdeezx_) April 15, 2022
HOBI IG STORY. HE'S ON LADY GAGA CONCERT. MY HEART pic.twitter.com/LsCkLhWmWg— Anne¹³ | JIMIN OST (@ilove5813) April 15, 2022
BTS will be seen performing at the Allegiant Stadium in Las Vegas on April 15 and 16.Live TV--- ENDS ---Also Read | Snoop Dogg confirms collaboration with K-Pop band BTS for upcoming song","['bts', ' jhope', ' lady gaga', ' las vegas', ' grammys', ' instagram', ' twitter', ' trending', '']",https://www.indiatoday.in/trending-news/story/bts-member-j-hope-clicks-pics-with-lady-gaga-at-her-concert-collab-please-says-internet-1937940-2022-04-15
6,trending-news,Ranbir Kapoor and Alia Bhatt had a Bengali wedding in Kolkata but there's a catch. Details here,"(15, 4, 2022)","What if we told you that Ranbir Kapoor and Alia Bhatt had a Bengali wedding in Kolkata? Would you believe us? Yes, we are well aware that you will show us the couple’s Mumbai wedding pictures as proof that no such thing ever happened. However, what if we showed you pictures of the couple’s Bengali wedding?

Yes, Ranbir and Alia’s wedding did take place in Kolkata but there’s a catch. The couple’s fans in Kolkata went a step ahead and dressed two figurines as quintessential Bengali bride and groom. They covered up the figurines with face cutouts of Ranbir and Alia to make the dolls look more realistic. This one-of-a-kind wedding in Kolkata did grab a lot of attention on social media.Not the ivory Sabyasachi saree, but this figurine of Alia wore a red saree with gold jewellery and of course, the typical of any Bengali bride, the shakha pola. Ranbir’s doll was dressed in a dhoti-kurta and topor. The groom reached the wedding venue in Ballygunge 21 Pally in a hand-pulled rickshaw. According to reports, all the rituals of a typical Bengali wedding were followed.See the pictures here: Ranbir and Alia’s wedding did take place in Kolkata but there’s a catch. You will have a hard time figuring out if this is for real or just two dummies dressed as bride and groom. The arrangements were made by Ranbir Kapoor and Alia Bhatt's fans in Kolkata. Isn't that cute?Thanks to crazy RaAlia fans, Kolkata got to witness this never-seen-before wedding.Meanwhile, Ranbir Kapoor and Alia Bhatt tied the knot in Mumbai on April 14 in the presence of close friends and relatives. The couple wore colour-coordinated outfits from the shelves of designer Sabyasachi for their at-home wedding. The wedding was attended by Kareena Kapoor, Saif Ali Khan, Karisma Kapoor, Akash Ambani, Shloka Mehta, Rima Jain, Randhir Kapoor and other members of the Kapoor and Bhatt family. Alia’s BFF Akansha Ranjan was also part of the wedding festivities.Live TV--- ENDS ---ALSO READ| Durex celebrates Ranbir and Alia’s wedding with a kaafi quirky post. The Channa Mereya twist is epic","['ranbir kapoor', ' alia bhatt', ' ranbir alia bengali wedding', ' ranbir alia kolkata wedding']",https://www.indiatoday.in/trending-news/story/ranbir-kapoor-and-alia-bhatt-had-a-bengali-wedding-in-kolkata-but-there-s-a-catch-details-here-1937925-2022-04-15
7,trending-news,Puppy rescued from rubble in bombed Ukraine city reunites with owner. Watch viral video,"(15, 4, 2022)","The situation in Ukraine has worsened ever since Russian president Vladimir Putin declared war on the country. Thousands of people lost their homes and were injured during the incessant shelling by the Russian army. However, a small hopeful story has literally emerged from the rubble of a bombed city in Ukraine and it is enough to instill hope.

Shared on Twitter by Anton Gerashchenko, the Adviser to the Minister of Internal Affairs of Ukraine, the video shows firefighters rescuing a puppy buried in the rubble of the bombed city of Donbas. The clip goes on to show the men digging up the area to rescue the puppy.The recording has a happy ending as the rescued animal was handed to its owner, who also escaped severe injuries from the bombing.“A village on Donbas was shelled by Russia and a puppy was under the debris. Rescuers were able to save him and give him back to the owner (who himself narrowly escaped death from shelling). Rescue services work 24/7 doing the hardest work and saving lives,” read the caption.Take a look:A village on Donbas was shelled by Russia and a puppy was under the debris. Rescuers were able to save him and give him back to the owner (who himself narrowly escaped death from shelling). Rescue services work 24/7 doing the hardest work and saving lives.#UkraineUnderAttak pic.twitter.com/skbX6I4MDg— Anton Gerashchenko (@Gerashchenko_en) April 13, 2022
The video has over 987k views and the numbers are increasing. The sweet and hopeful story prompted people to share messages of praise for the rescue workers.Ukrainians seem to love their pets.https://t.co/wa13rGbRHX— Vote Blue in 2022 (she/her) (@amyjdean) April 13, 2022
That sweet puppy . Thank you to the heroes. And praise be that the owner is alive as well. pic.twitter.com/u9g1AmSgQF— asmila jane (@AsmilaJ) April 13, 2022
My god, I love the Ukrainian people! In the face of this barbaric and inhumane behaviour by their invader’s- the most compassionate and heroic response. Glory to Ukraine!!!— Andrea Soni (@THEAndreaSoni) April 13, 2022
How beautiful to see this. A little bit of joy and happiness amongst the extreme sadness.— Lorenda Beumont (@OkavangoSunset) April 13, 2022
What do you think of this story?Live TV--- ENDS ---Also Read | https://www.indiatoday.in/trending-news/story/internet-hails-ukraine-government-for-adopting-cat-rescued-from-a-bombed-city-1936104-2022-04-11","['puppy', ' ukraine', ' donbas', ' shelling', ' russia', ' world war', ' rescue video', ' reunion video', ' twitter', '']",https://www.indiatoday.in/trending-news/story/puppy-rescued-from-rubble-in-bombed-ukraine-city-reunites-with-owner-watch-viral-video-1937890-2022-04-15
8,trending-news,Two-time Grammy winner Ricky Kej shares then and now pics with PM Narendra Modi. This is what he has to say,"(15, 4, 2022)","Prime Minister Narendra Modi met Grammy Award winner Ricky Kej on Thursday. He congratulated the musician and also shared pictures from his meeting with Ricky on Twitter. The PM applauded him for his passion and enthusiasm for music. Following their meeting, the Bengaluru-based artist also posted a collage with then and now pictures of him with the prime minister. He accompanied the collage with a short note.

For the uninitiated, this was Ricky Kej’s second Grammy win for his album Divine Tides. Earlier in 2015, he won a Grammy for the album Winds of Samsara in the Best New Age Album category. After receiving awards on both occasions, he visited PM Modi. On Friday, Ricky shared a picture of him and the prime minister from 2015 and juxtaposed it with another photo of them from their recent meeting.Ricky Kej made a careful observation which he mentioned in his Twitter post. “7 year challenge!! Pic 1: 2015 when I won my 1st Grammy. Pic 2: 2022 when I won 2nd Grammy. Hon'ble PM @narendramodi ji looks EXACTLY the same.. but I have aged a lot :-) hahahaha. What is your secret sir?? @PMOIndia (sic),” he wrote sharing the photo.7 year challenge!!Pic 1: 2015 when I won my 1st GrammyPic 2: 2022 when I won 2nd GrammyHon'ble PM @narendramodi ji looks EXACTLY the same.. but I have aged a lot :-) hahahaha.What is your secret sir?? @PMOIndia pic.twitter.com/X8Aw479rDX— Ricky Kej (@rickykej) April 15, 2022
Following Ricky Kej’s Grammy win last month, PM Narendra Modi congratulated him saying, “Congratulations for this remarkable feat and best wishes for your future endeavours.”Congratulations for this remarkable feat and best wishes for your future endeavours! https://t.co/scBToyGCjL— Narendra Modi (@narendramodi) April 4, 2022
In an exclusive interview with IndiaToday.in, Ricky Kej had said why this win is so important and special to him. “The win actually means a lot because the only kind of music that I make is about the environment, sustainability, and positive social impact around those areas. I do not do pop music; I don’t do Bollywood music. Therefore, for me, it has been quite a difficult path and awards like these always gives you a platform for not only doing bigger and better music, but also enables you to voice your concerns about various issues,” he said.Live TV--- ENDS ---ALSO READ| Grammy Award winner Ricky Kej says he wants to collaborate with AR Rahman. Interview","['PM modi', ' ricky kej', ' grammy award']",https://www.indiatoday.in/trending-news/story/two-time-grammy-winner-ricky-kej-shares-then-and-now-pics-with-pm-narendra-modi-this-is-what-he-has-to-say-1937866-2022-04-15
9,trending-news,"Netflix, Swiggy, Zomato congratulate newlyweds Alia Bhatt and Ranbir Kapoor with witty posts","(15, 4, 2022)","Alia Bhatt and Ranbir Kapoor made it official on April 14 and the internet has been buzzing with wishes ever since. Netizens loved the couple’s gorgeous Sabyasachi ensembles and shared several congratulatory messages for them. The most anticipated wedding of the year was thoroughly enjoyed by netizens and the trending hashtags on Twitter prove so.

Several brands also chipped in to the huge pool of posts with their own twists. Netflix India shared a sweet post with a sweet mention of Alia’s critically acclaimed film Dear Zindagi and Ranbir’s film Tamasha.“Dear Zindagi, When will our love life ka Tamasha end and our own shaadi begin,” read the post.Take a look:Dear Zindagi,When will our love life ka Tamasha end and our own shaadi begin— Netflix India (@NetflixIndia) April 14, 2022
Food delivery app Swiggy also took to Twitter to share a congratulatory post with some witty wordplays. “Congratulations to Ranbir and Alia on settling for dal chawal for 50 years and more,” they wrote. For those who are unaware, the dal chawal reference is from one of Ranbir’s dialogues from Yeh Jawani Hai Deewani.Check it out:congratulations to ranbir and alia on settling for dal chawal for 50 years and more— Swiggy (@swiggy_in) April 14, 2022
Zomato shared a wonderful post calling Alia ‘student of the year’ and Ranbir ‘salesman of the year’. “Congratulations Alia and Ranbir, let us know if student of the year and salesman of the year need anything from the start-up of the year,” read the post.congratulations alia and ranbir, let us know if student of the year and salesman of the year need anything from the start-up of the year— zomato (@zomato) April 14, 2022
Alia Bhatt and Ranbir Kapoor got married in an intimate ceremony at their Mumbai home, Vastu.Live TV--- ENDS ---Also Read | Alia, Ranbir Kapoor twin in red, dance to Chaiyya Chaiyya at post-wedding party. Watch","['alia bhatt', ' ranbir kapoor', ' wedding', ' netflix', ' swiggy', ' zomato', ' bollywood', ' instagram', ' sabyasachi', '']",https://www.indiatoday.in/trending-news/story/netflix-swiggy-zomato-congratulate-newlyweds-alia-bhatt-and-ranbir-kapoor-with-witty-posts-1937836-2022-04-15
10,trending-news,Durex celebrates Ranbir and Alia’s wedding with a kaafi quirky post. The Channa Mereya twist is epic,"(15, 4, 2022)","As Alia Bhatt and Ranbir Kapoor tied the knot in an at-home ceremony on April 14, best wishes from friends, relatives and fans poured in. Brands like Amul and Zomato also joined in to wish the newlyweds with the most fun posts on social media. Well, keeping up with the tradition of posting cheeky congratulatory messages for newlywed celebrity couples, Durex India did not fail to crack up the internet once again with their witty post.

The condom brand’s latest post dedicated to Alia and Ranbir for their wedding has gone viral online. There’s no denying how brilliantly the brand endorses its product through its adverts - just the right mix of humour and wit!The post also had a reference to Channa Mereya, a song from Ranbir Kapoor's 2016 film Ae Dil Hai Mushkil. The film also starred Aishwarya Rai Bachchan and Anushka Sharma. We love it!“Dear Ranbir and Alia, Mehfil mein tere hum na rahein jo, FUN toh nahi hai (sic),” reads Durex’s post dedicated to the newlyweds. What marketing strategy, take a bow!Read the post here:View this post on InstagramA post shared by Durex India (@durex.india)
The post was enough to crack up the internet. This is how everyone reacted.See some of the comments below: Ranbir Kapoor and Alia Bhatt’s wedding was held in Vastu, the apartment complex where the couple live. The wedding was attended by Kareena Kapoor, Saif Ali Khan, Karisma Kapoor, Akash Ambani, Shloka Mehta, Rima Jain, Randhir Kapoor and other members of the Kapoor and Bhatt family. Alia’s BFF Akansha Ranjan was also part of the wedding festivities.Live TV--- ENDS ---ALSO READ| Alia Bhatt is not your quintessential bride in red lehenga but a stunning Sabyasachi dulhan in ivory saree. We love!","['durex', ' alia bhatt', ' ranbir kapoor', ' condom brand', ' alia ranbir wedding']",https://www.indiatoday.in/trending-news/story/durex-celebrates-ranbir-and-alia-s-wedding-with-a-kaafi-quirky-post-the-channa-mereya-twist-is-epic-1937815-2022-04-15
11,trending-news,"Wordle 300 word of the day, April 15. Check out hints and solution here","(15, 4, 2022)","Are you having a hard time-solving today’s Wordle? Well, fret not, we are here to help you with hints. Today’s word is easy but if you are finding it difficult to crack the code, we have got you covered. Today’s word is an emotion. It is a feeling of humiliation or distress. Have you got it now? If not, read on for more clues.

HOW TO PLAY WORDLE?Wordle is a simple word-guessing game and requires the player to guess a five-letter word in six tries. The game is available on a website and you can play it from your mobile as well as laptop or computer. There is a grid and a keyboard on the Wordle website and you can choose your letters from it.To start, you have to type your first five-letter word guess. That forms the top row of the grid. If you get one of the letters correct in the grid, that box will turn green. If the letter that you guessed is in the word but not in the correct box, that space will turn yellow. If the player guesses anything else, the tile’s colour remains unchanged.STRATEGIES TO PLAY WORDLE BETTERTip #1: While playing Wordle, try to use letters that are common. The most common letters in the English language are e, t, a, i, o, n, s, h, and r. Try using these in the first few attempts.Tip #2: Don't waste your attempts on words that have a letter you've already eliminated, or letters in a position that they cannot be in.Tip #3: During your initial attempts, if a letter is marked yellow, it cannot be in the same position in any of the following guesses. It will also not be in any position that has already turned green. This means that you do not have to try all four remaining slots for a yellow letter.Tip #4: Think of words with common letters and give it a shot.WORDLE AND ITS INDIA CONNECTWordle was invented by Josh Wardle, a software engineer from Brooklyn, for his Indian partner, Palak Shah, who loves word games. So sweet, no? The name of the game is in line with the creator’s surname Wardle. Palak and Josh played the game for several months before its release in October 2021, The New York Times reports. Wordle has been sold to the New York Times.WORDLE 300 HINTSIt has two vowels.The first letter is a consonant.The word is a noun.THAT HINT WHICH WILL HELP YOU TO SOLVE IN A JIFFYIt starts with the letter S.It ends with the letter E.WORDLE 300 ANSWERThe answer for Wordle 300 is SHAME.Live TV--- ENDS ---ALSO READ| Wordle 299 word of the day, April 14. Check out hints and solution here","['wordle', ' wordle 300', ' wordle word of the day']",https://www.indiatoday.in/trending-news/story/wordle-300-word-of-the-day-april-15-check-out-hints-and-solution-here-1937703-2022-04-15
12,trending-news,French man's dance to Katrina Kaif's Tip Tip Barsa Paani is full of swag. Viral video,"(14, 4, 2022)","It is super fun to watch videos of people dancing to different Bollywood songs, right? Among them is French man Jika as well. When it comes to shaking a leg to popular Bollywood tracks, Jika is quite a natural. And, well, we have proof. So, in a video that has gone viral online, Jika can be seen grooving to Sooryavanshi’s Tip Tip Barsa Paani. It is just too good to miss out on and you should definitely check it out.

In the now-viral video, Jika can be seen grooving to the Katrina Kaif number at a basketball court. He simply nailed the hook steps of the song with his troop and their co-ordination was totally on-point.“Tip Tip vibes in @arena_futuroscope,” reads the caption of the post.Watch the viral video here:View this post on InstagramA post shared by Jika (@jikamanu)
After being shared online, the video amassed close to 2 lakh views. Netizens absolutely loved Jika’s performance and flocked to the comments section with their opinions.“Why so fabulous sir?” a user said.Another user commented, “Wonderful performance bro.”See the comments here:  Tip Tip Barsa Paani is from the 2021 film Sooryavanshi starring Akshay Kumar and Katrina Kaif. The vocals of the number are given by Udit Narayan and Alka Yagnik.Listen to the song here:What are your thoughts?Live TV--- ENDS ---ALSO READ | Little girl imitates Katrina Kaif as she dances to Tip Tip Barsa Pani in viral video. Ekdum mast, says Internet","[""French man's dance to Katrina Kaif's Tip Tip Barsa Paani is full of swag. Viral video""]",https://www.indiatoday.in/trending-news/story/french-man-s-dance-to-katrina-kaif-s-tip-tip-barsa-paani-is-full-of-swag-viral-video-1937548-2022-04-14
