SN,category,headline,date,content,keywords,link
1,world,NA,NA,NA,NA,https://www.indiatoday.in/world/photo/ready-set-go-bidens-kick-off-first-easter-egg-roll-in-two-years-pics-1939204-2022-04-19
2,world,"Western sanctions have failed, says Putin as Russian troops begin battle for Ukraine’s Donbas | Top Points","(19, 4, 2022)","Russian President Vladimir Putin has said that the sanctions imposed by the West on Moscow over its invasion of Ukraine have failed.

Putin said on Monday that the West “expected to quickly upset the financial-economic situation, provoke panic in the markets, the collapse of the banking system and shortages in stores.” He added that “the strategy of the economic blitz has failed.”Meanwhile, Ukrainian President Volodymyr Zelenskyy announced on Monday that Russia's anticipated new offensive in Ukraine's eastern Donbas region had begun.FIGHTING FOR DONBAS BEGINSRussia has been trying to take control of the Donbas region. If this is successful, Moscow will be able to link Russian fighters in Luhansk and Donetsk. This would also allow them to create a land corridor to the annexed Crimean Peninsula.President Volodymyr Zelenskyy has accused Russia of trying to""destroy"" the entire eastern area of Donbas.""We can now confirm that Russian troops have begun the battle for the Donbas, which they have been preparing for a long time,"" said Ukrainian President Volodymyr Zelenskyy.“This morning, along almost the entire front line of the (eastern) Donetsk, Luhansk and Kharkiv regions, the occupiers attempted to break through our defences,” he said.In his statement, Zelenskyy alleged that Russian troops were preparing for an offensive operation in the east and that they wanted to literally finish off and destroy the Donbas region.Ahead of this anticipated attack, Ukrainian authorities had ordered people to escape from the area and head west.OVER 205 KIDS KILLED, 367 HURT IN RUSSIAN INVASION The Prosecutor General's Office in Ukraine has issued a statement which said that Russia's war had resulted in the killing of over 205 children. They added that 367 other children had been wounded.At least five Ukrainian children have been injured in the past 24 hours. The true figures are reported to be higher since they don't include casualties in the areas where hostilities are ongoing.FOUR DEAD IN SHELLING IN DONETSKRussian shelling in Ukraine's eastern Donetsk region killed four people on Monday, regional governor Pavlo Kirilenko said on his Telegram channel.Russia has intensified attacks on several Ukrainian cities, but says it is concentrating its efforts on securing full control over eastern Ukraine's Donbass region, which is made up of Donetsk and Luhansk regions.MISSILES KILL 7 IN LVIVUkraine said that Russia had started an anticipated new offensive in the east of the country on Monday, while a Russian missile attack killed seven people in Lviv, the first civilian victims in the western city about 60 km (40 miles) from Poland.Officials said that another four people in the eastern Donetsk region were killed on Monday due to Russian shelling. A man and a woman were killed in Kharkiv, in the northeast, when shells hit a playground near a residential building.US WILL TRAIN UKRAINIANS TO USE HOWITZERSThe United States military expects to start training Ukrainians on using howitzer artillery in coming days, a senior US defense official said on Monday.Last week, US President Joe Biden announced an additional $800 million in military assistance to Ukraine, expanding the aid to include heavy artillery ahead of a wider Russian assault expected in eastern Ukraine.So far, four flights of weapons have been sent by the United States as part of the new package. The official, speaking on condition of anonymity, said the howitzer training would take place outside Ukraine.Live TV--- ENDS ---Also Read | Russia has begun eastern offensive, says Ukraine as missiles kill 7 in LvivAlso Read | Explosions rock Ukraine's Lviv, mayor says 5 powerful missiles struck city","['Ukraine', ' Russia', ' Donbas', ' sanctions', ' west', ' news', ' world ']",https://www.indiatoday.in/world/russia-ukraine-war/story/western-sanctions-failed-putin-russian-troops-battle-ukraine-donbass-top-points-1939188-2022-04-19
3,world,Sri Lankan President Gotabaya Rajapaksa admits mistakes led to economic crisis,"(19, 4, 2022)","Sri Lanka's president acknowledged Monday that he made mistakes that led to the country's worst economic crisis in decades and pledged to correct them.

President Gotabaya Rajapaksa made the admission while speaking to 17 new Cabinet ministers he appointed Monday as he and his powerful family seek to resolve a political crisis resulting from the country's dire economic state.Sri Lanka is on the brink of bankruptcy, with nearly USD 7 billion of its total USD 25 billion in foreign debt due for repayment this year. A severe shortage of foreign exchange means the country lacks money to buy imported goods.People have endured months of shortages of essentials like food, cooking gas, fuel and medicine, lining up for hours to buy the very limited stocks available.“During the last two and a half years we have had vast challenges. The COVID-19 pandemic, as well as the debt burden, and some mistakes on our part,” Rajapaksa said.“They need to be rectified. We have to correct them and move forward. We need to regain the trust of the people.”He said the government should have approached the International Monetary Fund early on for help in facing the impending debt crisis and should not have banned chemical fertilizer in an attempt to make Sri Lankan agriculture fully organic. Critics say the ban on imported fertilizer was aimed at conserving the country's declining foreign exchange holdings and badly hurt farmers.The government is also blamed for taking out large loans for infrastructure projects which have not brought in any money.“Today, people are under immense pressure due to this economic crisis. I deeply regret this situation,"" Rajapaksa said, adding that the pain, discomfort and anger displayed by people forced to wait in long lines to get essential items at high prices is justified.The Cabinet appointments follow weeks of protests over shortages of fuel and food and demands that Rajapaksa, his politically powerful family and his government resign.Much public anger has been directed at Rajapaksa and his elder brother, Prime Minister Mahinda Rajapaksa. They head an influential clan that has held power for most of the past two decades.Thousands of protesters occupied the entrance to the president's office for a 10th day on Monday.The president and prime minister remain in office, but some other relatives lost their Cabinet seats in what was seen as an attempt to pacify the protesters without giving up the family's hold on power.Many senior politicians and those facing corruption allegations were excluded from the new Cabinet in line with calls for a younger administration, though the finance and foreign affairs ministers retained their positions to assist with an economic recovery.Most of the Cabinet resigned on April 3 after protests erupted across the country and demonstrators stormed and vandalized the homes of some Cabinet ministers.Opposition parties rejected an offer by President Rajapaksa to form a unity government with him and his brother remaining in power. Opposition parties have failed, meanwhile, to gain a parliamentary majority.Last week, the government said it was suspending repayment of foreign loans pending talks with the International Monetary Fund. Finance Minister Ali Sabry and officials left for talks with the IMF on Sunday. The IMF and World Bank are holding annual meetings in Washington this week.Sri Lanka has also turned to China and India for emergency loans to buy food and fuel.",['Sri Lanka economic crisis President Gotabaya Rajapaksa '],https://www.indiatoday.in/world/story/sri-lanka-economic-crisis-president-gotabaya-rajapaksa-admits-mistakes-1939129-2022-04-19
4,world,"US will no longer enforce mask mandate on aeroplanes, trains after court ruling","(19, 4, 2022)","The Biden administration will no longer enforce a US mask mandate on public transportation, after a federal judge in Florida on Monday ruled that the 14-month-old directive was unlawful, overturning a key White House effort to reduce the spread of Covid-19.

Soon after the announcement, United Airlines (UAL.O) and Alaska Airlines (ALK.N) relaxed the restrictions effective immediately on all domestic flights.The ruling by US District Judge Kathryn Kimball Mizelle, an appointee of President Donald Trump, came in a lawsuit filed last year in Tampa, Florida, by a group called the Health Freedom Defence Fund.Judge Mizelle said the US Centres for Disease Control and Prevention (CDC) had exceeded its authority with the mandate, had not sought public comment and did not adequately explain its decisions.A US administration official said while the agencies were assessing potential next steps, the court's decision meant CDC's public transportation masking order was no longer in effect. The administration could still opt to appeal the order or seek an emergency delay in the order's enforcement.""Therefore, TSA will not enforce its Security Directives and Emergency Amendment requiring mask use on public transportation and transportation hubs at this time,"" the official said in a statement.""CDC recommends that people continue to wear masks in indoor public transportation settings.""The ruling comes as Covid-19 infections rise again in the United States, with 36,251 new infections reported on average each day, and 460 daily deaths, based on a seven-day average - the highest number of reported total Covid-19 deaths in the world.The White House called the ruling ""disappointing.""Last week, U.S. health officials extended by 15 days the mandate requiring travellers to wear masks on aeroplanes, trains, and in taxis, ride-share vehicles or transit hubs, saying they needed time to assess the impact of a recent rise in Covid-19 cases.Industry groups and Republican lawmakers had wanted the administration to end the 14-month-old mask mandate last week.United Airlines said on Monday masks are no longer required on domestic flights and select international ones, or at US airports. Alaska Airlines said face masks are now optional on its planes.The TSA and Federal Aviation Administration (FAA) declined to comment. The CDC declined to comment.The CDC first issued a public health order requiring masks for interstate transportation in February 2021. The TSA issued a security directive to enforce the CDC order.Since January 2021, there have been a record 7,060 unruly passenger incidents reported, 70% involving masking rules, according to the FAA.After the ruling, Sara Nelson, president of the Association of Flight Attendants, urged ""calm and consistency in the airports and on planes. The last thing we need for workers on the frontlines or passengers travelling today is confusion and chaos.""Airlines for America, which represents major U.S. passenger airlines, said after the announcement they are ""strong advocates for eliminating pandemic-era policies and are encouraged by the lifting of the federal transportation mask mandate.""The US Senate voted 57-40 last month to overturn the public health order requiring masks on aeroplanes and other forms of public transportation, drawing a veto threat from President Joe Biden.Live TV--- ENDS ---Also Read | US announces virtual global Covid-19 summit on May 12","['US CDC', ' Covid-19', ' masks', ' US judge', ' news', ' Coronavirus', ' World']",https://www.indiatoday.in/world/story/us-covid-coronavirus-biden-enforce-mask-mandate-aeroplanes-trains-after-court-ruling-1939108-2022-04-19
5,world,"Russia has begun eastern offensive, says Ukraine as missiles kill 7 in Lviv","(19, 4, 2022)","Ukraine said on Monday Russia had started an anticipated new offensive in the east of the country while a Russian missile attack killed seven people in Lviv, the first civilian victims in the western city about 60 km (40 miles) from Poland.

Ukrainian officials said Russian shelling killed another four people in the eastern Donetsk region on Monday, while a man and a woman were killed in Kharkiv, in the northeast, when shells hit a playground near a residential building.Ukrainian President Volodymyr Zelenskiy said Russian forces had begun the ""Battle of Donbas"" after senior officials said Moscow had begun a new offensive push along most of Ukraine's eastern flank.""A very large part of the entire Russian army is now focused on this offensive,"" Zelenskiy said in a video address, adding: ""No matter how many Russian troops they send there, we will fight. We will defend ourselves.""Ukrainian media reported a series of explosions, some powerful, along the front line in the Donetsk region, with shelling taking place in Marinka, Slavyansk and Kramatorsk. Ukrainian officials and local media also said further explosions were heard in Kharkiv, Mykolaiv in the south and Zaporizhzhia in the southeast.Reuters was not immediately able to verify the reports.Earlier, Ukraine's top security official, Oleksiy Danilov, said Russian forces attempted to break through Ukrainian defences on Monday ""along almost the entire front line of Donetsk, Luhansk and Kharkiv regions.""Zelenskiy's chief of staff Andriy Yermak called it ""the second phase of the war"" and assured Ukrainians their forces could hold off the offensive. ""Believe in our army, it is very strong,"" he said.Maksym Kozytskyy, the governor of Lviv, said preliminary reports suggested there were four strikes there, three on warehouses and another on a car service station.""It was a barbaric strike at a service station, it's a completely civilian facility,"" he told a news conference.The mayor of Lviv, Andriy Sadoviy, said the blast also wounded 11 and shattered windows of a hotel housing evacuees from elsewhere in the country.""Seven peaceful people had plans for life, but today their life stopped,"" he said.Driven back by Ukrainian resistance in the north, Moscow has refocused its ground offensive in the two eastern provinces known as the Donbas, while launching long-distance strikes at other targets including the capital, Kyiv.The regional governor of Kharkiv said authorities were continuing to evacuate people from two areas where they expect fighting to take place.Russia's defence ministry said it had hit hundreds of military targets in Ukraine overnight. It said air-launched missiles had destroyed 16 military facilities across Ukraine.It added that the Russian air force had launched strikes against 108 areas where Ukrainian forces were concentrated and Russian artillery struck 315 Ukrainian military targets.HOWITZER TRAININGWestern capitals and Kyiv accuse Russian President Vladimir Putin of unprovoked aggression.Russia denies targeting civilians in what it calls a special operation to demilitarise Ukraine and eradicate dangerous nationalists. It rejects what Ukraine says is evidence of atrocities, saying Ukraine has staged them to undermine peace talks.Last week, US President Joe Biden announced an additional $800 million in military assistance to Ukraine, expanding the aid to include heavy artillery ahead of a wider Russian assault expected in eastern Ukraine.The US military expects to start training Ukrainians on using howitzer artillery in coming days, a senior U.S. defence official said on Monday, adding the training would take place outside Ukraine.French President Emmanuel Macron said on Monday his dialogue with Putin had stalled after mass killings were discovered in Ukraine.'HELL ON EARTH'Russia has been trying to take full control of the southeastern port city of Mariupol, which has been besieged for weeks and which would be a huge strategic prize, linking territory held by pro-Russian separatists in the east with the Crimea region that Moscow annexed in 2014.Major Serhiy Volyna, commander of Ukraine's 36th marine brigade which is still fighting in Mariupol, appealed for help in a letter to Pope Francis, saying women and children were trapped among fighters in the city's steel works.""This is what hell looks like on earth ... It's time (for) help not just by prayers. Save our lives from satanic hands,"" the letter said, according to excerpts tweeted by Ukraine's ambassador to the Vatican.No fewer than 1,000 civilians were hiding in underground shelters beneath the vast Azovstal steel plant, the city council said on Monday.Video and audio footage showed explosions rumbling and smoke rising from the steelworks, which contain myriad buildings, blast furnaces and rail tracks.Azovstal is the main remaining stronghold of Ukrainian forces in Mariupol. The city's defenders include Ukrainian marines, motorised brigades, a National Guard brigade and the Azov Regiment, a militia created by far-right nationalists that was later incorporated into the National Guard.Denis Prokopenko, a lieutenant colonel of the Azov Regiment, said in a Telegram video post that while he was at the steel plant, Russian and separatist forces were dropping anti-bunker bombs and blasting the area with rockets and other weapons, including from ships, ""knowing that there are civilians here.""Russia's invasion has damaged or destroyed up to 30% of Ukraine's infrastructure at a cost of $100 billion, a Ukrainian minister said, adding reconstruction could be achieved in two years using frozen Russian assets to help finance it.The United Nations said on Monday the civilian death toll from the war had surpassed 2,000, reaching 2,072 as of midnight on April 17 from the start of the Russian invasion on Feb. 24.About 4 million Ukrainians have fled the country.Live TV--- ENDS ---Also Read | Russian forces 10 km away, Ukraine’s Orikhiv under relentless shelling | Ground ReportAlso Read | Battle for Donbas begins, Russian forces launch attack in east, says Zelenskyy","['Russia War on Ukraine', ' News', ' World', ' Attacks', ' shelling', ' bomb', ' news']",https://www.indiatoday.in/world/russia-ukraine-war/story/ukraine-russia-begins-eastern-offensive-missiles-kill-lviv-president-zelenskyy-1939106-2022-04-19
6,world,"Imran Khan's party picks new 'premier' of Pak-occupied Kashmir, India rejects elections","(19, 4, 2022)","Pakistan Tehreek-e-Insaf's regional president Sardar Tanveer Ilyas was on Monday elected as new ""premier"" of Pakistan-occupied Kashmir (PoK) in an election boycotted by the Opposition.

Khan nominated Ilyas as the party's candidate after his hand-picked ""premier"" Sardar Abdul Qayyum Niazi resigned on Thursday following a revolt in the ruling party against him. The Pakistan Peoples Party (PPP) and the Pakistan Muslim League Nawaz (PML-N) jointly fielded Chaudhry Yasin against Ilyas.The united opposition boycotted the session for the election of the prime minister, leaving no candidate in the race against Ilyas. The PTI leader secured 33 votes in his favour, the Dawn newspaper reported.Niazi had resigned on Thursday after 25 lawmakers of his party moved a resolution of no-confidence motion against him. His ouster came days after Khan lost a no-confidence vote in the National Assembly, becoming the first Pakistan prime minister to be removed unceremoniously from power.Niazi came to power last year after PTI secured 32 seats in the 53-member House.India had rejected the elections in PoK, saying the ""cosmetic exercise"" was nothing but an attempt by Pakistan to ""camouflage its illegal occupation"".READ | India will have 'whole of Kashmir' in years to come, says chief of Western Air CommandReacting strongly on the elections in the PoK, Ministry of External Affairs Spokesperson Arindam Bagchi had said that Pakistan has ""no locus standi on these Indian territories"" and it must vacate all Indian areas under its illegal occupation.""The so-called elections in Indian territory under the illegal occupation of Pakistan are nothing but an attempt by Pakistan to camouflage its illegal occupation and the material changes undertaken by it in these territories,"" he had said.""Such an exercise can neither hide the illegal occupation by Pakistan nor the grave human rights violations, exploitation, and denial of freedom to people in these occupied territories,"" Bagchi said.The ruling party lawmakers had charged Niazi with “loss of the trust of the parliamentary party, failure to highlight Kashmir issue and implement party manifesto in addition to bad governance, nepotism and violation of merit”.Ilyas is a billionaire and he was favourite for the post of the prime minister last year after the PTI won elections. But Khan appointed little-known Niazi, leaving many PTI lawmakers wondering at the choice.Many observers believe that Ilyas's wealth is more than anything that has forced Khan to change his mind after his removal through a no-confidence vote.Financial support of the party's rich leaders would be critical for PTI to make a come back at the national level through elections which may be held by the end of the year.Live TV--- ENDS ---READ | What is the story behind Pakistan occupied Kashmir? ","[""Imran Khan's party picks new 'premier' of Pak-occupied Kashmir"", ' India rejects elections']",https://www.indiatoday.in/world/story/imran-khan-pti-elects-new-premier-sardar-tanveer-ilyas-pakistan-occupied-kashmir-1939099-2022-04-19
7,world,"Russians shot us, their doctors stitched us up: Ukrainian couple’s harrowing escape | Ground Report","(19, 4, 2022)","Russian troops in the woods. Tanks in their backyards. Festering bullet wounds on their bodies. The trauma of their terrifying escape bogs down Lesya and Vitya, a married couple who only until a couple of weeks ago lived in a quaint village in Ukraine’s Zaporizhzhia Oblast. Then the Russians came.

Now, the two are ensconced in a tiny room in a hospital somewhere in Zaporizhzhia. The exact location cannot be disclosed due to security concerns. India Today visited the hospital and heard the couple recount their harrowing ordeal.‘WE WERE SHOT’Lesya says, ""The Russians came to our village and settled in the forest. They didn't touch us at first. Our power was cut off. Then the bombings started. We were in the basement when a missile struck our house. My husband and I decided to run to our neighbours with our son. After a night with our neighbours, we decided to go back and grab our documents from the basement.""It was a decision that she now bitterly regrets. Russian forces were already lying in wait.READ | EU slams ‘indiscriminate shelling’ of Ukraine civilians by Russian forces""They started shooting us. We were shot,"" said Lesya, her eyes clouded with fear at the memories. What came next was darkness, excruciating pain, and blood. She sustained multiple gunshot wounds, while husband Vitya was shot in the back.As they lay on the ground crying out for help, a Russian soldier came to them and said he could help them get treatment, but only from a Russian doctor. They had no choice but to agree. Lesya's gunshot wounds, stitched closed by the Russian surgeons, had to be treated by a doctor in her village and then again at the hospital (Photo: India Today)Lesya says she was taken to another village. There, she lay waiting in a vehicle for what felt like hours, slowly bleeding out, before the Russian surgeons arrived to operate on her. They stitched up her wounds as well as her husband’s, before letting them go.Zaporizhzhia Hospital in Ukraine stands witness to the horrors suffered by people as a result of the war. After getting shot by Russian soldiers Lesa and Rita had their wounds stitched improperly. Watch Mausami Singh's ground report.#ReporterDiary #Ukraine (@mausamii2u) pic.twitter.com/TeCBEZP2L5— IndiaToday (@IndiaToday) April 19, 2022
She adds that the Russian forces had offered her a car and a safe passage corridor, but it would have led them to Russian or occupied territories. Being locals, they knew of different roads through the fields. So they refused the Russians’ offer and made their way to the Ukrainian side.“It was very terrifying. Watching in the cinema is one thing, but when the missiles are over your heads, it's completely different. The fights were tough, very scary. We were running through the fields and got to our village, Pokrovka. There our doctors provided me with urgent medical help, gave me painkillers and called for the ambulance from the city. Now, we have been here in this hospital for three weeks,” detailed Lesya.READ: A journey from Mariupol to Zaporizhzhia in war-torn Ukraine | Ground report‘HAD MY OWN GUN POINTED AT MY HEAD’Vitya says when they finally got to their village, they discovered that Russian forces were occupying their house. There were five to 10 soldiers camping inside the ruined structure, while a tank was parked in their neighbour’s garden. He asked permission to enter his own home so he could gather some essentials like food, clothes and papers. That’s when things got hairy. Lesya’s husband Vitya was shot in the back (Photo: India Today)""I had an American carbine as I'm a hunter. They asked me: 'Is it yours? Are you the American assassin?' The soldiers put me on my knees with my hands behind my head, then they put the gun to my head and made me hold it by myself. Another soldier came out of the house and said: 'Run, run away as fast as possible!' I said that I needed to grab some clothes from the house, but he told me to run or I will be shot again. So I ran,” Vitya recounts.He also alleges that the Russian soldiers stripped their house and stole their possessions. Their mobile phones were also snatched by the soldiers.Live TV--- ENDS ---READ | Russian forces 10 km away, Ukraine’s Orikhiv under relentless shelling | Ground Report","['Russians shot us', ' their doctors stitched us up: Ukrainian couple’s harrowing escape | Ground Report']",https://www.indiatoday.in/world/russia-ukraine-war/story/russians-shot-us-their-doctors-stitched-us-up-ukrainian-couple-escape-zaporizhzhia-hospital-ground-report-1939095-2022-04-19
8,world,Pakistan cabinet swearing-in delayed as President Arif Alvi excuses himself: Report,"(19, 4, 2022)","Pakistan President Arif Alvi on Monday excused himself from administering oaths to new cabinet ministers, following which the ceremony has been postponed, a media report said, citing sources.

Senate Chairman Sadiq Sanjarani is now expected to administer the oath to the members of the federal cabinet at a ceremony which is likely to take place either on Tuesday or Wednesday, Geo News reported, citing sources in the president's house.Last week, Sanjrani administered the oath of office to Prime Minister Shehbaz Sharif after President Alvi, a member of ousted premier Imran Khan's Pakistan Tehreek-e-Insaf party, went on 'sick' leave ahead of the Pakistan Muslim League-Nawaz (PML-N) leader's inauguration.The federal cabinet was scheduled to take oath tonight at 8:30pm (local time) on Monday; however, when the prime minister's office contacted the president's office, Alvi refused to administer oaths, the channel said.His move has further delayed the formation of the new Cabinet, a week after Sharif was sworn-in.Pakistan political crisis explained in Gifs | An India Today infographicMeanwhile, Pakistan Peoples Party (PPP) leader Khurshid Shah said that the PML-N will have the majority in the cabinet with 14 ministries. The PPP will have 11, and the Jamiat Ulema-i-Islam-Fazl (JUI-F) will be given four ministries. Meanwhile, the rest of the seven positions will be allotted to other allies.PML-N leader Marriyum Aurangzeb, who is likely to become information minister, had said on Sunday that members of the federal Cabinet ""are taking oath tomorrow (Monday).""Marriyum had said that the PML-N would get 14 ministries followed by the Pakistan Peoples Party (PPP) with 11 ministries.She said that all allied parties were being accommodated in the Cabinet, including JUI-F and Muttahida Qaumi Movement (MQM).On Sunday, Prime Minister Sharif consulted the ruling coalition parties and met delegations of the Balochistan Awami Party (BAP) and the Balochistan National Party (BNP).READ | Pakistan PM Shehbaz Sharif bats for meaningful engagement with IndiaOn the other hand, PPP co-chairman Asif Ali Zardari, being the “guarantor” in the ruling alliance, vowed to fulfil his commitments with coalition parties on the distribution of ministries.Marriyum said a marathon meeting of a joint committee of the alliance on forming the Cabinet took place on Sunday in which grievances of parties over the distribution of portfolios and key positions were resolved.She said the PML-N would bag the ministries of defence, finance, interior, law and justice, railways, information, energy, planning, communication, etc.PML-N leader Rana Sanaullah said that a joint committee of all allied parties in the government had finalised the formation of the new Cabinet in which almost all parties had been accommodated.He said that the ministry of foreign affairs will most likely be handed over to the PPP, while the party's chairman Bilawal Bhutto-Zardari is deliberating over the decision to head the ministry, Geo News reported.""I cannot ascertain whether Bilawal Bhutto will become part of Shahbaz Sharif's Cabinet,"" the news channel quoted him as saying.Sanaullah further said that the ministry of finance, the ministry of planning and development, the ministry of energy, and the ministry of defence will be led by PML-N.""The ministry of maritime affairs and the ministry of overseas Pakistanis and human resource development will be given to MQM and PPP, respectively,"" he said.A source in the PPP said Prime Minister Sharif had given all-out authority to Zardari to distribute ministries to any party according to its due share.He said distributing ministries and prized positions among allied parties of the new government was not an easy task as every party was hoping for lucrative and key positions.Some of the possible ministers in the new cabinet are Bilawal Bhutto-Zardari, Marriyum Aurangzeb, Khawaja Asif, Miftah Ismail, Zahid Hamid, Ahsan Iqbal, Rana Sanaullah, Rana Tanvir, Shahid Khaqan Abbasi, Khawaja Saad Rafique, Hina Rabbani Khar and Shazia Marri.Live TV--- ENDS ---READ | I wasn’t dangerous when I was in power, but will be now, says ex-Pakistan PM Imran Khan",['Pakistan cabinet swearing-in delayed as President Arif Alvi excuses himself: Report'],https://www.indiatoday.in/world/story/pakistan-president-excuses-himself-from-administering-oaths-to-new-cabinet-report-1939092-2022-04-19
9,world,"Battle for Donbas begins, Russian forces launch attack in east, says Zelenskyy","(19, 4, 2022)","Russian forces launched a new offensive push along most of Ukraine's eastern flank on Monday and the ""Battle of Donbas"" has now begun, Ukrainian President Volodymr Zelenskyy and senior officials said.

Ukraine's army has been bracing for a new Russian assault on its eastern flank since Moscow withdrew its forces from near Kyiv and from Ukraine's north late last month in order to focus on an assault in the Ukrainian region of Donbas.""We can now say that Russian forces have started the battle of the Donbas, for which they have long prepared,"" Zelenskyy said in a video address.Ukraine Security Council Secretary Oleksiy Danilov said in televised comments: ""They (Russian forces) began their attempt to start the active phase this morning.READ: As Russia shifts focus from Kyiv, Ukraine fights on a new front outside Donbas | Ground Report""This morning, along almost the entire front line of the (eastern) Donetsk, Luhansk and Kharkiv regions, the occupiers attempted to break through our defences,"" he said.Russia has been bulking up its forces in the east of Ukraine using troops that it pulled out of Ukraine's north and neighbouring Belarus, a close Russian ally.In a post on Facebook, the Ukrainian armed forces command said that Russia's main military force was concentrating on taking control of the entirety of the Donetsk and Luhansk regions that make up the swathe of land known as the Donbas.""The second phase of the war has begun... Believe in our army, it is very strong,"" the Ukrainian president's chief of staff, Andriy Yermak, wrote on the Telegram messaging app.Russia's reinforcements have set the stage for a protracted battle that military analysts say is certain to inflict heavy losses on both sides as the Russians try to encircle Ukraine's fighters dug in to defend the Donbas region.Live TV--- ENDS ---READ | Why Donbas is a crucial buffer for Russia | ExplainedWATCH | Ukraine under attack: What's happening in Donetsk?","['Battle for Donbas begins', ' Russian forces launch attack in east', ' says Zelenskyy']",https://www.indiatoday.in/world/russia-ukraine-war/story/battle-for-donbas-begins-russian-forces-launch-attack-zelenskyy-ukraine-donetsk-luhansk-1939090-2022-04-19
10,world,EU slams ‘indiscriminate shelling’ of Ukraine civilians by Russian forces,"(19, 4, 2022)","The European Union (EU) on Monday condemned the ""indiscriminate"" bombing of civilians by Russian forces in Ukraine, after deadly strikes hit the western city of Lviv.

""The EU condemns the continued indiscriminate and illegal shelling of civilians and civilian infrastructure by Russian armed forces,"" said a statement by EU foreign policy chief Josep Borrell.He noted ""particularly heavy attacks"" in the east and south of Ukraine and the ongoing offensive against the country's second city, Kharkiv.""Attacks on Lviv and other cities in western Ukraine show that no part of the country is spared from the Kremlin's senseless onslaught,"" the statement added.Air strikes on Lviv killed at least seven people, officials said. The city had become a refuge for Ukrainians fleeing the conflict in areas further east and for foreign diplomats.Borrell said the EU supported measures to prosecute those suspected of atrocities in the invasion.""There can be no impunity for war crimes,"" his statement said.Ukrainian President Volodymyr Zelenskyy earlier accused Moscow of wanting to ""destroy"" the entire eastern region of Donbas bordering Russia.He said on Monday that he expected Ukraine would acquire EU member candidate-status within weeks.But the complex process typically takes years and EU member states are divided on Ukraine's application.Live TV--- ENDS ---READ | Nuclear-armed Russian bombers entered EU airspace amid Ukraine war: ReportALSO READ | Ukraine signs agreement with European Union: Powers, role and functions of EU",['EU slams ‘indiscriminate shelling’ of Ukraine civilians by Russian forces'],https://www.indiatoday.in/world/russia-ukraine-war/story/eu-slams-indiscriminate-shelling-bombing-ukraine-civilians-russia-lviv-1939080-2022-04-19
11,world,NA,NA,NA,NA,https://www.indiatoday.in/world/video/russia-ukraine-war-nuclear-nightmare-near-1938931-2022-04-18
12,world,Pakistan PM requests China's support in reviving Karachi Circular Railway,"(18, 4, 2022)","Pakistan Prime Minister Shehbaz Sharif on Monday requested China to support the planned revival of the Karachi Circular Railway (KCR) project to end the woes of hundreds of thousands of commuters in the country's largest metropolis.

Stressing that KCR would be a ""gift for the people of Karachi"" and bring great dividends, Shehbaz took the opportunity of the inauguration of a mass transit bus project here to convey his request to Chinese President Xi Jinping to ""reconsider supporting KCR for Karachi"".Sharif, in his request to Beijing, underlined that the project's completion would create great feelings for China among the people of Karachi as well as the rest of Pakistan, the Dawn newspaper quoted him as saying.READ | Islamabad HC rejects plea against issuing diplomatic passport to ex- Pak PM Nawaz SharifThe original KCR was commissioned in 1964 to help Pakistan Railways employees commute from their homes in the east of the city to the city and cantonment railway stations.It was expanded over time and eventually evolved into a 44km loop connecting the Karachi port and commercial areas around the city centre. The revived KCR project is expected to revamp the public transportation system of the metropolitan city of Karachi.Sharif, who was appointed Prime Minister a week ago, also expressed gratitude towards its ""all-weather friend"" China for ""strengthening Pakistan's economy"" and supporting it on all international forums.Islamabad Metro Bus Service project on a stretch of 11 kilometres from Peshawar Morr to Islamabad International Airport will benefit nearly 50,000 commuters every day. The project was supposed to be launched in 2018 but was delayed.Sharif was, however, quick to blame the delay of the launch of the project on the previous government led by Imran Khan's Pakistan Tehreek-e-Insaf party and its ""lack of will to serve people.""He recalled various mass transit projects launched in Lahore, Rawalpindi and Multan during Pakistan Muslim League-Nawaz's (PML-N) previous tenure.Sharif also promised the people that his government will ensure the quick implementation of all the projects of public importance.Live TV--- ENDS ---ALSO READ | Pakistan PM Shehbaz Sharif bats for meaningful engagement with IndiaALSO READ | Imran Khan out, Shehbaz Sharif in: What it means for India-Pakistan relations","['karachi railway project', ' china pakistan railway project', ' sharif pakistan railway project', ' sharif pakistan railway project']",https://www.indiatoday.in/world/story/pakistan-pm-shehbaz-sharif-china-support-karachi-circular-railway-project-1939056-2022-04-18
