SN,category,headline,date,content,keywords,link
1,world,"1 dead, 12 injured in Sri Lanka as police open fire at anti-government protesters","(19, 4, 2022)","Live TV--- ENDS ---The residents of Rambukkana, some 90 kilometers northeast of Colombo, were protesting at the latest fuel price hike when they clashed with the police.Scores of protesters thronged the streets and public places of Rambukkana town on Monday. The demonstration went late into the night.

On Tuesday, the protesters blocked the railway track at Rambukkana. When they were asked to clear the rail line, they hurled stones at security personnel, police said.Police Spokesperson Nihal Thalduwa said police issued warnings to the protestors to leave the area. However, the protestors attempted to set fire to a fuel bowser, as well as a three-wheeler, causing damage to property, Thalduwa was quoted as saying by News 1st channel.Also Read: | Sri Lankan President Gotabaya Rajapaksa admits mistakes led to economic crisisThalduwa said that the police had opened fire after initially using tear gas to disperse the crowd and bring the situation under control.One person was killed and 12 others injured in the firing, police said.The injured were admitted to Kegalle hospital. Four of them are in critical condition, police said.This was the first death due to clashes during the ongoing anti-government protests. Earlier, a rap musician died of a heart attack while attending the protest.A curfew was imposed in the area following the violence, police said, adding that a number of policemen were also injured in the incident.The Police Special Task Force (STF) was deployed in the area to control the situation.The Human Rights Commission of Sri Lanka (HRCSL) has appointed a three-member team to investigate the incident in Rambukkana. The commission has also called for an emergency meeting on Wednesday.Also Read: | Sri Lankan delegation heads to US to seek USD 4 bn bailout package from IMFUnited Nations Resident coordinator for Sri Lanka Hanaa-Singer Hamdy said she was deeply concerned over the incident in Rambukkana.""Deeply concerned by reports of harm to protestors in #Rambukkana. Violence by any party involved hinders the rights of all peaceful protestors. Restricting use of force to the minimum extent necessary is vital to protect citizens and their right to exercise fundamental freedoms,"" she tweeted.US Ambassador to Sri Lanka Julie Chung also condemned the violence and called for a full, transparent investigation into the Rambukkana incident.""I am deeply saddened by the horrible news coming out of Rambukkana. I condemn any violence - whether against protesters or police - and call for restraint & calm from all sides. A full, transparent investigation is essential & the people’s right to peaceful protest must be upheld,"" she tweeted.Sri Lanka has been grappling with unprecedented economic turmoil since independence from Britain in 1948. The crisis is caused in part by a lack of foreign currency, which has meant that the country cannot afford to pay for imports of staple foods and fuel, leading to acute shortages and very high prices.The island nation is witnessing large-scale protests against the government's handling of the debt-ridden economy - the worst-ever economic crisis in the country's history.Protests demanding the resignation of President Gotabaya Rajapaksa and his Sri Lanka Podujana (Peramuna)-led government have intensified as shortages continued and prices soared.Meanwhile, Minister of Transport Dilum Amunugama said public bus fares have been hiked by 35 per cent.The minimum bus fare has been raised to Rs 27 from Rs 20. The high fuel cost has also caused a hike in bread prices. The 450 gm loaf has been raised by Rs 30, a bakery association statement read.The stock exchange has also been suspended for a week with effect from Monday amidst the economic turmoil.Moody’s Investors Service on Tuesday downgraded Sri Lanka’s sovereign rating to Ca from Caa2 with a stable outlook, following a decision by the island to suspend debt payments.Moody’s said the suspension would lead to “will lead to a series of defaults with the first coupon payments for the government’s international bonds coming due today, 18 April 2022.”“..Moody’s assesses that private sector creditor losses stemming from the eventual debt restructuring is likely to be material and exceed the limited levels of loss consistent with the previous Caa2 rating.”Last week, the Sri Lankan government said it would temporarily default on $35.5 billion in foreign debt as the pandemic and the war in Ukraine made it impossible to make payments to overseas creditors.Also Read: | Sri Lanka and beyond, a Chinese hand that feeds crisis","['1 dead', ' 12 injured in Sri Lanka as police open fire at anti-government protesters']",https://www.indiatoday.in/world/story/1-dead-12-injured-in-sri-lanka-as-police-open-fire-at-anti-government-protesters-1939474-2022-04-19
2,world,Boris Johnson offers 'wholehearted' apology over partygate,"(19, 4, 2022)","British Prime Minister Boris Johnson on Tuesday offered a ”wholehearted” apology for attending an illegal party during lockdown - but insisted he didn't knowingly break rules or mislead Parliament.

Johnson told lawmakers in the House of Commons “it did not occur to me” that the birthday gathering, complete with a cake, was a party.Last week, Johnson was fined 50 pounds ($66) for attending his own surprise birthday party at 10 Downing St. in June 2020, making him the first British prime minister ever found to have broken the law while in office.Police are still investigating several other parties in government buildings that Johnson is alleged to have attended.Speaking as the House of Commons returned from an 11-day Easter break, Johnson said sorry for what he insists was a minor slip-up - but brushed off opposition calls to resign for flouting the restrictions that he imposed on the country during the pandemic.Johnson acknowledged people's “hurt and anger” but added that “it did not occur to me then or subsequently that a gathering in the Cabinet Room, just before a vital meeting on COVID strategy, could amount to a breach of the rules.”The opposition Labour Party is trying to get lawmakers to censure Johnson over the “partygate” scandal. The Speaker of the House of Commons, Lindsay Hoyle, said he would allow Labour to hold a Commons debate and vote on whether Johnson should be investigated for allegedly misleading Parliament. Ministers found to have done that are generally expected to resign.Also Read: | UK PM Johnson facing new ‘partygate’ claims ahead of India visitThe vote is scheduled for Thursday. Before that, Johnson is expected to sound contrite, but argue that it would be wrong to change leaders while Britain faces crises including the war in Ukraine and a cost-of-living squeeze driven by surging energy and goods prices.Johnson and his Conservative government have faced growing outrage since allegations surfaced late last year that he and his staff held office parties in 2020 and 2021 when millions in the country were barred from meeting with friends and family - or even attending funerals for their loved ones.The fine followed a police investigation and a civil service probe into the gatherings. Johnson tried to bat away questions, first by saying there were no parties and then by insisting that he believed no rules were broken.Cabinet Minister Brandon Lewis insisted Johnson wasn't a liar and had always stated “what he believes to be the truth.”“What he said to Parliament he believed to be true at the time,” Lewis said.Also Read: | Will UK PM quit? The many li(v)es of Boris JohnsonJohnson's grip on power had appeared to be on a knife-edge earlier this year because of the scandal and the departure of several top aides. Allies feared “partygate” could become a tipping point for a leader who has weathered a series of other storms over his expenses and his moral judgment. Some Conservative lawmakers were openly calling for a no-confidence vote in their leader.But Johnson has hung on, partly because Russia's invasion of Ukraine distracted public and political attention.Johnson's international image, battered by Britain's messy exit from the European Union under his leadership, has been revived by his firm military, political and moral support for Ukraine. Johnson traveled to Kyiv earlier this month to meet with President Volodymyr Zelenskyy.Johnson could still face more fines. London's Metropolitan Police force is investigating a dozen events, including “bring your own booze” office parties and “wine time Fridays,” organized by Johnson's staff. So far at least 50 tickets have been handed out, including those to Johnson, his wife Carrie and Treasury chief Rishi Sunak.If Johnson is sanctioned again, calls for a no-confidence vote could grow among Conservatives. For now, Conservative lawmaker Geoffrey Clifton-Brown said his colleagues were “withholding their judgment and waiting to see what happens.”But fellow Conservative Tobias Ellwood, who heads the Commons Defense Committee, said the government “shouldn't use the fig leaf of our involvement with Ukraine to somehow say this is not a time to address those difficult challenges.”He said the party should hold a no-confidence vote to determine whether “the prime minister has support and we march forward, or it is time for change.”Live TV--- ENDS ---Also Read: | British PM Boris Johnson, FM Rishi Sunak to be fined for violating Covid lockdown rules","[""Boris Johnson offers 'wholehearted' apology over partygate""]",https://www.indiatoday.in/world/story/boris-johnson-offers-wholehearted-apology-over-partygate-1939472-2022-04-19
3,world,Boys' club no more: Pakistan's new Cabinet has women in key positions,"(19, 4, 2022)","After much ado, Pakistan's new 37-member strong federal Cabinet took oath earlier on Tuesday. The delay in formation of the Cabinet had given rise to speculation about differences within the coalition government, which have now been put to rest.

The new federal Cabinet of Prime Minister Shehbaz Sharif has 31 federal ministers, three ministers of state and as many advisers to the prime minister. With five women in important positions, the new team of ministers is a refreshing respite from the previous Cabinet of Pakistan Tehreek-e-Insaf (PTI) which was largely male-dominated.Hina Rabbani Khar of Pakistan People's Party (PPP) has been made the minister of state for foreign affairs. Earlier, reports suggesting that PPP chairperson Bilawal Bhutto Zardari will be named as the foreign minister had been doing the rounds. But Bhutto's name was not included in the final list of ministers. It is unclear as to why the PPP chairperson did not get a ministry in the new government.Bilawal's ExclusionReservations within the party about Bilawal working under Shehbaz Sharif may well be the reason for his exclusion. But the foreign affairs ministry has been left vacant (with Hina Rabbani leading it as the minister of state for now), so the possibility of Bilawal becoming the foreign minister following resolution of differences within his party over the matter cannot be ruled out.ALSO READ: Pakistan PM requests China's support in reviving Karachi Circular RailwaySherry Rehman, former Pakistan ambassador to the US, has been made the minister for climate change. The previous government appeared least interested in handling the menace of climate change, which is why this ministry was given to PTI leader Zartaj Gul who had little or no expertise on the matter. Gul took the Internet by storm in 2019 when she claimed that pleasant weather is a sign of honest rulers and later when she said the term 'Covid-19' meant the virus has '19 points'. The minister's absurd statements further revealed how an individual with no knowledge on the subject was in charge of Pakistan's climate change policy.With Sherry Rehman at the helm of affairs, the climate change ministry will certainly get a new direction. Rehman enjoys an excellent reputation and her services to the country as Pakistan's envoy to the US and earlier as the information minister (a position from which she resigned in 2019 after developing differences with her own government over media censorship) are acknowledged even by PPP's rivals. The transition from Zartaj Gul to Sherry Rehman is therefore a sign of better days to come.ALSO READ: 'Mera tohfa, meri marzi', says former Pakistan PM on Toshakhana controversyMarriyum Aurangzeb, Pakistan Muslim League-N (PML-N)'s outspoken leader, is the new information minister. Two first-timers are PPP's Shazia Marri and PML-N's Aisha Ghaus Pasha who will serve as Benazir Income Support Programme (BISP) minister and state minister for finance respectively.Waziristan Passed OverWhile the inclusion of more women in the Cabinet is good news, representative of Waziristan, MNA Mohsin Dawar, who was earlier tipped as the human rights minister did not make it to the Cabinet. According to reports, the establishment had objected to his inclusion in the Cabinet -- in which case the claim of 'neutrality' becomes questionable.Jamiat Ulema-e-Islam (JUI-F) chief Maulana Fazlur Rehman who appears to consider Dawar his arch-rival due to their differences over Khyber Paktunkhwa's (KP) issues did not reportedly want him in the Cabinet either. A ministry to MNA Mohsin Dawar would have sent out a powerful message about the government's aim to heal the wounds inflicted to the ethnic minorities and a departure from the practice of declaring representatives of smaller provinces 'traitor' for seeking rights from the federation.Meanwhile, the absence of a full-fledged foreign minister is likely to generate speculation about whether the PM deliberately kept the portfolio to himself and what this means for the future trajectory of Pakistan's relations with its allies and neighbours. Considering that former PM Imran Khan had accused the US of hatching a ""conspiracy"" aimed at a regime change in Pakistan, the new team at the foreign ministry faces a crucial challenge of restoring the country's diplomatic ties with the US.(Ailia Zehra is a Pakistani journalist who serves as the Managing Editor of news outlet Naya Daur Media-Friday Times)ALSO READ: Pakistan PM Shehbaz Sharif bats for meaningful engagement with India","['Pakistan', ' Shehbaz Sharif', ' Pakistan federal cabinet', ' women ministers Paksitan cabinet']",https://www.indiatoday.in/world/story/pakistan-new-cabinet-has-women-in-key-positions-1939461-2022-04-19
4,world,Zaporizhzhia military head appeals for release of son kidnapped by Russian army | Exclusive,"(19, 4, 2022)","The Russian invasion of Ukraine is an international crisis. But it is also the world’s fastest-growing humanitarian crisis. People have been killed, maimed, uprooted, displaced and abducted in the war that is raging in the country since February 24 when Russia launched a pre-dawn attack on its neighbour.

Since the beginning of the war, dozens have been kidnapped by the Russian military and many are government officials. It is being alleged that the Russians are blackmailing Ukraine into surrendering in exchange for family members.Mykolaivich is a man in charge,working as a military head. Holding his kidnapped son's photo,standing in f Zaporizhzhya,Ukraine, he hopes that his son won't be used to exact revenge.#ReporterDiary #news #Ukraine #Russia (@mausamii2u) pic.twitter.com/A722XkSnD3— IndiaToday (@IndiaToday) April 19, 2022
One such heartbreaking story comes from Zaporizhzhia, where the military head of the regional state administration, Oleg Buryak, is a helpless father waiting for the return of his teen son Vladislav, kidnapped by the Russian military.Buryak Oleg Mikolaevich constantly checks his phone. He is no ordinary man. He has been charged with protecting the sovereignty of Ziporisia Oblast as the military commander of a unit.Also Read: | Ukraine war rooted in desire of US, West to rule world: Russian foreign minister | ExclusiveBut he is no longer just occupied with devising ways to stall the Russian soldiers. He is a troubled father with a message for his enemies.“I don't know what to do. I don’t know how to bring my son back. What should I give? I can offer myself instead of him. Take me. I will come for the exchange if it helps the situation somehow,” the desperate father says.However, he has hope. “Of course my son will be back. My son did nothing. What did he do? What should be the excuse for hurting a child? I can't understand. There is no excuse for anybody's actions. There are no excuses for violence against children. This is taboo.”Buryak says his son’s kidnapping has not been “connected with blackmail yet”. “They haven't asked for anything. But the point is, Vlad was taken because he is my son. When the soldiers understood whose son he was, they took him. I haven't got any demands from their side. I'm an official, a public person and I will not disappear,” he told India Today TV.“Everybody knew about the accident the same day it happened. At first, I didn't want to make the situation public. But later I decided to talk about it because I ran out of options to deal with it. I decided to go public. There is a negotiation process which I can't tell you in detail. But it hasn't resulted in anything yet,” he added.The commander of an army that has been putting up a stiff defense in the face of a Russian onslaught has just one appeal as a father: he hopes that the Russian’s will not exact revenge from his son because of him.Live TV--- ENDS ---Also Read: | Learning from the past: Ukraine war will leave commoners struggling for basics for many years",['Zaporizhzhia military head appeals for release of son kidnapped by Russian army | Exclusive'],https://www.indiatoday.in/world/story/zaporizhzhia-military-head-oleg-buryak-mikolaevich-appeals-for-release-of-son-vladislav-kidnapped-by-russian-army-exclusive-1939449-2022-04-19
5,world,Learning from the past: Ukraine war will leave commoners struggling for basics for many years,"(19, 4, 2022)","The mayhem caused by war does not begin with a gunshot fired and does not end with a bullet injury thus caused. Collateral damages hit civilisations more than material losses. Thousands are rendered homeless and left without food, water, and other basic amenities.

Unfortunately for Ukraine, even before it could recover from the annexation of Crimea eight years ago, it was thrust into war again.Ukraine was struggling with poverty even before the ongoing war startedAccording to UNICEF, “The economic crisis and the war that began in 2014 had a dramatically adverse impact on the poverty situation, which only began to improve in 2018 and 2019.”Families with chronically low incomes that lost homes and other property due to the war struggled to survive. Families with small savings and steady jobs with moderate pay lost everything due to the recent hostilities and were pushed into poverty, the UNICEF noted.During those tough times, only five to ten per cent of the population of the Donetsk and Luhansk oblasts could be classified as a safe group — financially stable with no risk of becoming poor. Overall, the country’s absolute poverty rate for households with children more than doubled from 29 per cent in 2013 to 67 per cent in 2015. Poverty in Ukraine is on the verge of worsening much more now. United Nations Secretary-General Antonio Guterres warned that the Ukraine crisis could potentially tip around 1.7 billion people — over one-fifth of the global population — into poverty, destitution, and hunger.Economic damages take years to healIn 2020, six years after the 2014 war, Ukraine’s economy could not reach its pre-war levels. The per capita GDP of Ukraine in 2013 was USD 4,188, which remained lower at USD 3,725 in 2020. In the same duration, Russia’s per capita GDP also fell by USD 5,848.While the per capita GDP of Russia and Ukraine decreased, the same rose for neighbouring countries such as Hungary, Poland, and Romania in the 2013-2020 period. Social damages Russia and Ukraine have suffered not only on the economic front, happiness and prosperity nosedived in both countries in the last decade. Among more than 140 countries, Russia ranked 68 on that front in 2010-2012. In 2019-2021, however, that rank came down to 80. In the same period, Ukraine’s position deteriorated from 87 to 98, after falling to 123 during 2013-2015.On the contrary, the happiness ranking of the neighbouring countries — Hungary, Poland and Romania — improved during the decade. Surviving without basic facilities — food, water, electricityThe present Russia-Ukraine war is already more intense than the 2014 annexation of Crimea. Consequently, the expected damages are also poised to be higher. After eight weeks of the war, the future looks unpredictable.Nearly 60 lakh Ukrainians are struggling for both water and electricity, of which 14 lakh people do not have access to safe water in the eastern part of the country. Since the start of the war on February 24, at least 20 separate incidents of damage to water infrastructure were recorded in east Ukraine alone.As per the Office of the Humanitarian Coordinator for Ukraine, “The most recent intensification of fighting in the Donbas region and the widespread use of explosive weapons in populated areas threatens to push the water system — already impacted by the previous eight years of conflict — to the edge of a complete collapse.”Global spilloverWhile the war will leave Russia and Ukraine devastated, the headwinds will spread across the globe. There are broadly three ways how the war could impact the world.For one, higher commodity prices may push up inflation further. This, in turn, will erode the value of incomes and weigh on demand. Two, neighbouring economies may suffer from disrupted trade, supply chains, and remittances. There will also be a historic surge in refugee flows. And three, according to the IMF, reduced business confidence and higher investor uncertainty may weigh on asset prices, tightening financial conditions and potentially spurring capital outflows from emerging markets.Taking cues from these factors, the World Bank lowered its annual global growth forecast for 2022 from 4.1 per cent to 3.2 per cent.Mykola Soskyi, the Ukrainian Minister of Agriculture, said that even if the fighting ended tomorrow, inflation in prices for basic food commodities would still affect the world for the next three to five years.","['russia ukraine war news live updates', ' vladimir putin', ' volodymyr zelenskyy', ' joe biden russia ukraine crisis']",https://www.indiatoday.in/world/russia-ukraine-war/story/learning-from-the-past-ukraine-war-will-leave-commoners-struggling-for-basics-for-many-years-1939409-2022-04-19
6,world,NA,NA,NA,NA,https://www.indiatoday.in/world/russia-ukraine-war/video/russian-foreign-minister-sergey-lavrov-denies-war-crimes-in-ukraine-says-russia-not-targeting-civilians-1939323-2022-04-19
7,world,"Ukraine war rooted in desire of US, West to rule world: Russian foreign minister | Exclusive","(19, 4, 2022)","According to Russian foreign minister Sergey Lavrov, the current situation in Ukraine is a direct result of the US and West's desire to rule and dominate the world.

In an exclusive interview with India Today, he said, ""The current events are rooted in the US and West's desire to rule the world. They wanted to show the world there would be no multipolarity, only unipolarity, and created a springboard [Ukraine] against us [Russia] at our borders. They pumped arms into Ukraine.""It is always terrible when military activities bring damage to civilians: Sergey Lavrov, Russian Foreign Minister.@Geeta_Mohan #RussiaUkraineWar #Russia #Ukraine pic.twitter.com/hDpJ8Utqpa— IndiaToday (@IndiaToday) April 19, 2022
He added, ""The real reason [for the war] is the complacency of most countries after World War II. They violated their promises to Russian leadership and started moving Nato eastward after the Soviet Union disappeared. They said it’s a defensive alliance and not a threat to Russian security.""UKRAINE-EU TIES HURT RUSSIA: SERGEY LAVROVRussian foreign minister Sergey Lavrov said,“As early as 2003 for example, when the Ukraine had another presidential election, the West was publicly and bluntly demanding from Ukrainians “you must choose- whether you are with Russia or with Europe.” And then they started pulling Ukraine into European Union Association Agreement. The agreement provided for zero tariffs for Ukrainians goods into Europe and European goods into Ukraine.”ALSO READ: Jaishankar is a real patriot, says Russian foreign minister on India standing its ground on foreign policySergey Lavrov claimed that he had flagged Russia’s concerns if Ukraine signed an agreement with EU, while they had free trade agreement with Russia.“In 2013, the Ukrainian President asked the EU to postpone the signature of the association agreement and we suggested that the 3 of us—Russia, Ukraine, and the EU—could sit together and discuss how to proceed.”He claimed that the EU turned down the suggestion and allegedly told Russia that it is “none of their business”.NO CIVILIANS TARGETED IN UKRAINE, SAYS SERGEY LAVROVOn February 24, Russian President Vladimir Putin announced a 'special military operation' in Ukraine. He said the military action sought to ""demilitarise and denazify"" Ukraine and came in response to threats from Ukraine. Since then, several people - including civilians - have been killed in Ukraine and millions of others have fled the nation.Responding to the allegations of war crimes committed by the Russian army, Sergey Lavrov said, ""Our army has only been targeting military infrastructure and not civilians. The Ukrainian army has been using civilians as human shields.""He added, ""The West is not paying attention to our facts. They are placing attention on false things like what they said about Bucha. They brought up Bucha three days after the Ukrainian mayor of Bucha proudly said the city was back under their control.""Several images of corpses lying in the streets of Bucha in Ukraine had emerged in international media, triggering global outrage against Russia.Live TV--- ENDS ---ALSO READ | Bodies exhumed from mass graves to probe alleged Russian war crimes in Ukraine","['sergey lavrov', ' russia', ' ukraine war', ' us', ' nato', ' ']",https://www.indiatoday.in/world/russia-ukraine-war/story/russian-foreign-minister-sergey-lavrov-ukraine-war-us-west-world-dominate-exclusive-1939286-2022-04-19
8,world,Bodies exhumed from mass graves to probe alleged Russian war crimes in Ukraine,"(19, 4, 2022)","Ukraine, with the help of international investigators, has started a probe on the allegations of mass graves dug up to bury the dead, which many believe were executions of civilians by Russian forces.

Close to 900 bodies of civilians were found around Kyiv alone. It's alleged at least 300 were buried at this location alone in Bucha. However, there are no official figures to support this.A team of investigators from France visited the site in Bucha to pick up evidence as bodies were exhumed. They will be studying the evidence to probe the allegations. India Today was at the spot when the exercise to take forward the investigation took place at a mass grave in Bucha. Investigators at the Bucha mass burial site.Close to 900 bodies were found around Kyiv alone. At least 300 were reportedly buried at this location alone in Bucha. However, there are no official figures to support this.Russian forces had occupied Bucha but retreated after facing heavy casualties. Russian tanks were blown away as the Ukrainian forces hit back with guided anti-tank missiles that left hundreds of Russian soldiers dead here.The stiff resistance by Ukrainian forces halted the Russian advance from the north towards Kyiv, the capital of Ukraine.Oleg, a lawyer and human rights activist, who is now a volunteer soldier with the Ukrainian forces, was a part of the investigation team at the spot. He said, ""A team of international investigators is looking into it. Police are also collecting evidence. We know the commanders responsible for this. It was organised and planned. When they came to Bucha they had a list of people to be arrested. The perpetrators of the crimes must be punished.""""What we see here is a typical example of genocide by Putin. This is a violation of the Geneva Convention. They went into Bucha and arrested people without any facts on suspicion of being spies. There are 280 bodies just at this location,"" Oleg said. There are several such makeshift cemeteries that have come up in several parts of Ukraine to bury the civilians who died.As of April 18, the Office of the UN High Commissioner for Human Rights (OHCHR) recorded 4,890 civilian casualties in the country: 2,072 killed and 2,818 injured since the Russian invasion started on February 24.Russia has constantly denied any war crime on its part in what it calls special military operations that started on February 24 to “de-militarise Ukraine”.The United Nations High Commissioner for Human Rights Michelle Bachelet had in a statement on April 4 said, ""I am horrified by the images of civilians lying dead on the streets and in improvised graves in the town of Bucha in Ukraine.""The statement added, ""Reports emerging from this and other areas raise serious and disturbing questions about possible war crimes as well as grave breaches of international humanitarian law and serious violations of international human rights law.""The UN also called for an investigation into the alleged war crimes by exhuming the bodies.""It is essential that all bodies are exhumed and identified so that victims’ families can be informed, and the exact cause of death established. All measures should be taken to preserve evidence. It is vital that all efforts are made to ensure there are independent and effective investigations into what happened in Bucha to ensure truth, justice and accountability, as well as reparations and remedy for victims and their families,"" the statement read.",['Russia Ukraine war bucha mass graves bodies exhumed'],https://www.indiatoday.in/world/russia-ukraine-war/story/russia-ukraine-war-bucha-mass-graves-bodies-exhumed-1939283-2022-04-19
9,world,NA,NA,NA,NA,https://www.indiatoday.in/world/photo/inside-shanghai-s-covid-lockdown-as-city-grapples-with-record-outbreak-pics-1939277-2022-04-19
10,world,NA,NA,NA,NA,https://www.indiatoday.in/world/photo/tears-fear-and-mass-graves-ukrainians-caught-in-the-crossfire-of-war-pics-1939248-2022-04-19
11,world,Pakistan PM Shehbaz Sharif’s 34-member cabinet takes oath | Full list of ministers,"(19, 4, 2022)","Following Imran Khan’s ouster, Pakistan Prime Minister Shehbaz Sharif’s 34-member cabinet was sworn in on Tuesday in the first phase of induction.

On Monday night, a list of 31 federal ministers, three ministers of state and three advisers to the prime minister was issued. Pakistan Peoples Party chief Bilawal Bhutto was not included in the list.The oath-taking ceremony was supposed to take place earlier but was postponed after President Arif Alvi excused himself from administering oaths to cabinet members, Geo News reported.Senate Chairman Sadiq Sanjarani administered the oath to the ministers.Sources added that the ruling coalition has not yet decided to remove President Arif Alvi as it requires comprehensive support in the national and provincial assemblies. The ruling parties will decide the name of the next president at an appropriate time, Geo News reported.PARTY-WISE FEDERAL MINISTERSPakistan Muslim League (N)Khawaja Muhammad AsifAhsan Iqbal ChaudharyRana Sana Ullah KhanSardar Ayaz SadiqRana Tanveer HussainKhurrum Dastagir KhanMarriyum AurangzebKhawaja Saad RafiqueMian Javed LatifMian Riaz Hussain PirzadaMurtaza Javed AbbasiAzam Nazeer TararPakistan Peoples PartySyed Khursheed Ahmed ShahSyed Naveed QamarSherry RehmanAbdul Qadir PatelShazia MarriSyed Murtaza MahmudSajid Hussain TuriEhsan ur Rehman MazariAbid Hussain BhayoMuttahida MajliseAmalAsad MahmoodAbdul WasayMufti Abdul ShakoorMuhammad Talha MahmoodMuttahida Qaumi Movement PakistanSyed Amin-ul-HaqueSyed Faisal Ali SubzwariBalochistan Awami PartyMuhammad Israr TareenJamhoori Wattan PartyNawabzada Shazain BugtiPakistan Muslim League (Quaid e Azam Group)Chaudhary Tariq Bashir CheemaPARTY-WISE MINISTERS OF STATEPakistan Muslim League (N)Dr. Aisha Ghaus PashaAbdul Rehman Khan KanjuPakistan Peoples PartyHina Rabbani KharADVISERS TO PMPML-NMiftah IsmailAmir MuqamPPPQamar Zaman KairaLive TV--- ENDS ---ALSO READ | Pakistan PM Shehbaz Sharif bats for meaningful engagement with India","['shehbaz sharif', ' pakistan news', ' pakistan ministers', ' pakistan cabinet', ' ']",https://www.indiatoday.in/world/story/pakistan-pm-shehbaz-sharif-cabinet-oath-today-ministers-list-1939208-2022-04-19
12,world,"Three explosions targeting schools rock Kabul, several killed","(19, 4, 2022)","Three explosions rocked a high school in western Kabul on Tuesday, killing several people, according to Afghan security and health officials.

Many residents in the neighbourhood belong to the Shia Hazara community, an ethnic and religious minority frequently targeted by Sunni militant groups, including Islamic State.""Three blasts have taken place ... in a high school, there are some casualties to our Shia people,"" said Khalid Zadran, the spokesman for Kabul's commander.The head of a hospital nursing department, who declined to be named, said at least four people had been killed and 14 wounded in the blasts.There was no immediate claim of responsibility for the attack, which followed a lull in violence over the cold winter months and after foreign forces withdrew last year.The Taliban say they have secured the country since taking power in August, but international officials and analysts say that the risk of a resurgence in militancy remains and the Islamic State militant group has claimed several major attacks.",['Kabul Suicide bomber school '],https://www.indiatoday.in/world/story/kabul-suicide-bomber-school-1939203-2022-04-19
