SN,category,headline,date,content,keywords,link
1,world,"'Mera tohfa, meri marzi', says former Pakistan PM on Toshakhana controversy","(18, 4, 2022)","Responding to the controversy surrounding the selling of gifts from Toshakhana, former Pakistan prime minister Imran Khan on Monday said they were his gifts, so it was his choice whether to keep them or not.

According to Pakistan's law, any gift received from dignitaries of a foreign state must be put in the state depository or the Toshakhana.""Mera tohfa, meri marzi [my gift, my choice],"" Geo News Pakistan quoted Khan -- the first Pakistani prime minister to be ousted through a no-confidence motion -- as saying during an informal conversation.The cricketer-turned-politician, in a response to allegations levelled by Pakistan Muslim League-Nawaz (PML-N), stated that his rival party’s allegations regarding selling gifts from Toshakhana were baseless as whatever he ""bought from Toshakhana is on record and if anyone has an evidence regarding corruption, he should come forward"".“I thank God, that in three years [of rule], all they have got against me is this Toshakhana gift scandal, which is already on record,” ARY News Pakistan quoted Khan as saying.""I deposited a gift sent by the president at my residence. Whatever I took from Toshakana is on record. I purchased the gifts after paying 50 per cent of the cost,"" Khan said.""Had I wanted to make money, I would have declared my house as a camp office but I did not,"" the chairman of the Pakistan Tehreek-e-Insaf party added.READ | I wasn’t dangerous when I was in power, but will be now, says ex-Pakistan PM Imran KhanThe recently ousted prime minister maintained that he was well within his right to buy those gifts according to law and that he in fact changed the rules and made it mandatory for officials to pay at least 50 per cent of the value of the gift, which was 25 per cent earlier.The issue came to light last week when Prime Minister Shehbaz Sharif said that Khan, during his tenure, sold Toshakhana gifts worth Rs 140 million in Dubai.According to Pakistani media reports, the former premier received 58 gifts worth more than Rs 140 million from world leaders during his three-and-a-half-year stint and retained all of them either by paying a negligible amount or even without any payment.READ | Pakistan PM Shehbaz Sharif bats for meaningful engagement with India","['Pakistan', ' Imran Khan', ' Toshakhana', "" 'Mera tohfa"", "" meri marzi'"", ' says former Pakistan PM on Toshakhana controversy']",https://www.indiatoday.in/world/story/mera-tohfa-meri-marzi-imran-khan-on-toshakhana-controversy-1939060-2022-04-18
2,world,Pakistan court sentences 6 people to death for lynching Sri Lankan man,"(18, 4, 2022)","An anti-terrorism court in Pakistan's Punjab province on Monday sentenced six people to death and nine others to life imprisonment for their involvement in the lynching of a Sri Lankan national over alleged blasphemy.

Anti-Terrorism Court Lahore Judge Natasha Nasim also handed down two-year rigorous imprisonment each to 72 accused persons, including nine juveniles.The judge, who held the trial proceedings in-camera inside the high-security Kot Lakhpat Jail here on a day-to-day basis, sentenced one accused -- Ali Asghar -- to 5 years in jail while acquitted another suspect - identified as Bilal.A mob of over 800 men including supporters of radical Islamist party Tehreek-e-Labbaik Pakistan allegedly attacked a garment factory and lynched its general manager Priyantha Kumara, 47, and burned his body over allegations of blasphemy on December 3, in Sialkot district, some 100 kms from provincial capital Lahore.READ | Pakistan's Sialkot factory hires Sri Lankan national in place of his lynched compatriotThe incident saw widespread outrage and condemnation across Pakistan with politicians, scholars and civil society members calling for swift punishment to be meted out to the perpetrators.""Of the total 89 suspects, the ATC today announced its verdict handing down death sentence to six, life imprisonment to nine and two years jail term each to remaining 72 accused for their involvement in lynching and burning the Sri Lankan national,"" a court official said in a statement issued to the media.The judge also instructed the six prime suspects, who were sentenced to death, to pay Rs 2,00,000 as compensation to the legal heirs of the deceased.The nine accused who were given life imprisonment will have to pay a fine of Rs 2,00,000/- each and Rs 2,00,000/-compensation to the legal heirs of the deceased.The court official said that total 46 prosecution witnesses had recorded their statements against the suspects.The prosecution had sought death penalty for 80 suspects.The suspects had denied the charges of their involvement in the crime.Kumara was working as general manager in the Rajko industries (dealing in garments sportswear) in Sialkot district for the last seven years or so.Some factory employees had accused Kumara of tearing a poster of TLP inscribed with Islamic verses during his inspection of machines in the factory after which the mob dragged him out of the factory, brutally beat him and killed him before setting the body on fire.After Kumara's murder, some 200 suspects were taken into custody. However, over 100 of them were subsequently released after no evidence of their involvement in the incident was found.The local business community had handed over a donation of USD 100,000 to Kumara's wife and the factory owner had promised to give the victim's salary of USD 1,650 to his family every month.Kumara had gone to Pakistan in 2011 after he got a job as a mechanical engineer at an apparel factory in Faisalabad. After a year, he joined Sialkot’s Rajco Industries as its general manager and was the only Sri Lankan national working in the factory.The Sri Lankan Parliament, President Gotabaya Rajapaksa and Prime Minister Mahinda Rajapaksa had condemned the brutal killing and expressed hope that the Pakistan government would bring the guilty to justice.Pakistan has extremely strict blasphemy laws against defaming Islam, including the death penalty, and rights campaigners say they are often used to settle scores in the Muslim majority country.Live TV--- ENDS ---READ | Fact check: This is not the grieving mother of a Sri Lankan man lynched in Pakistan",['Pakistan court sentences 6 people to death for lynching Sri Lankan man'],https://www.indiatoday.in/world/story/pakistan-court-sentences-6-people-to-death-for-lynching-sri-lankan-man-1939059-2022-04-18
3,world,UK PM Johnson facing new ‘partygate’ claims ahead of India visit,"(18, 4, 2022)","British Prime Minister Boris Johnson is facing new allegations on Monday around “partygate”, the scandal surrounding government officials breaching coronavirus rules with illegal lockdown gatherings, and will be hoping to escape some of the heat when he leaves for India on Thursday.

Johnson has already been fined for one such party, for his birthday in June 2020, when his wife Carrie brought a cake to the Cabinet Room and has also been fined along with UK Chancellor Rishi Sunak.However, according to UK media reports, Johnson is believed to have been linked with around six out of the 12 lockdown parties under police investigation.‘The Sunday Times’ quoted a source as saying that a leaving drinks gathering for Number 10 Downing Street’s outgoing director of communications, Lee Cain, in November 2020 was allegedly ""instigated"" by Johnson.READ | Boris Johnson says sorry after 'partygate' report released""He said he wanted to say a few words for Lee and started pouring drinks for people and drinking himself. He toasted him,"" the source was quoted as saying.It has led to renewed Opposition calls for Johnson, 57, to step down. Labour Party Deputy Leader Angela Rayner said that ""if the latest reports are true"", it means ""not only did the Prime Minister attend parties, but he had a hand in instigating at least one of them"".Rayner accused him of deliberately misleading the British people “at every turn”.She added: ""While the British public was making huge sacrifices, Boris Johnson was breaking the law.""The Prime Minister has demeaned his office. The British people deserve better. While Labour has a plan for tackling the cost-of-living crisis, Tory MPs are too busy defending the indefensible actions of Boris Johnson.""ALSO READ | UK PM Boris Johnson brings in new senior staffers in bid to move past 'partygate' scandalWhile Downing Street has maintained it would not comment on the issue until Scotland Yard’s investigation into the matter is concluded, Johnson will be hoping to deflect attention from the issue when Parliament returns after its Easter recess on Tuesday with other pressing matters.The conflict in Ukraine and his scheduled two-day visit to India, starting with Gujarat on Thursday, will be among the issues he is expected to focus on in Parliament.“As we face threats to our peace and prosperity from autocratic states, it is vital that democracies and friends stick together. India, as a major economic power and the world’s largest democracy, is a highly valued strategic partner for the UK in these uncertain times,” Johnson said, ahead of his visit from April 21 to 22.“My visit to India will deliver on the things that really matter to the people of both our nations from job creation and economic growth, to energy security and defence,” he said.The visit this week, Johnson’s first as UK Prime Minister, will begin in Ahmedabad on Thursday with investment announcements in key industries in both the UK and India.He will then proceed to New Delhi to meet Prime Minister Narendra Modi on Friday, when the focus will be on India-UK strategic defence and diplomatic and economic partnership. According to officials on both sides, Johnson will also use his India visit to drive progress in the ongoing Free Trade Agreement (FTA) negotiations launched earlier this year.Live TV--- ENDS ---ALSO READ | British PM Boris Johnson, FM Rishi Sunak to be fined for violating Covid lockdown rulesALSO READ | UK prime minister contacted by police over lockdown parties","['johnson partygate', ' uk partygate scandal', ' covid partygate', ' johnson partygate scandal']",https://www.indiatoday.in/world/story/uk-pm-boris-johnson-partygate-scandal-lockdown-parties-1939051-2022-04-18
4,world,US announces virtual global Covid-19 summit on May 12,"(18, 4, 2022)","A global summit to chart an end to the Covid-19 crisis and plan for future upheavals will occur May 12, the White House said Monday, even as President Joe Biden struggles to get vital pandemic funding from Congress.

The virtual gathering will be co-chaired by the United States, along with current G7 president Germany, G20 president Indonesia, African Union chair Senegal, and Belize, the current chair of the CARICOM Caribbean grouping.""The summit will redouble our collective efforts to end the acute phase of the Covid-19 pandemic and prepare for future health threats,"" the countries said in a joint statement.This will be the second global huddle on the pandemic, which has killed more than six million people and triggered profound disruption to leading economies and trading patterns in the two years since it began to spread.READ | India questions WHO's methodology to estimate Covid-19 deaths across nationsBiden hosted a similar summit last September, at which he urged partners to surge vaccines and ensure that 70 percent of every country has been vaccinated by September this year.Although death rates are plummeting world wide, the virus continues to spread, preventing many leading countries from fully lifting restrictions, while Shanghai in China is in the midst of a draconian lockdown.Summit hosts appealed for maintaining the sense of urgency.""In advance of the May 12 summit, we are calling on world leaders, members of civil society, non-governmental organizations, philanthropists, and the private sector to make new commitments and bring solutions to vaccinate the world, save lives now, and build better health security -- for everyone, everywhere,"" the joint statement said.""The emergence and spread of new variants, like Omicron, have reinforced the need for a strategy aimed at controlling Covid-19 worldwide,"" it said.And while the latest variants are less lethal, the summit statement stressed there must be a focus on stopping similar future catastrophes from taking the world by surprise.""We know we must prepare now to build, sustain, and finance the global capacity we need, not only for emerging Covid-19 variants, but also future health crises,"" the statement said.READ | With 8 new Covid cases, Jaipur accounts for 71% of active infections in RajasthanBiden goals face headwinds Biden took office in 2021 promising to overcome the pandemic at home but also putting a heavy accent on efforts to vaccinate poor areas of the world.The United States has pledged to deliver at least 1.1 billion Covid-19 vaccine doses for global use before 2023 and has so far shipped around half of that.However, Biden's ambition to make the United States an ""arsenal for vaccines"" similar to US leadership in World War II now faces political headwinds.A package ensuring $10 billion in continued funding for the domestic Covid response has yet to be passed by Congress, while there is no agreement at all on more funding for vaccine donations abroad.""It's vital Congress acts now so the US can continue our momentum in the international effort to get shots in arms in every part of the world, no matter how remote, and to prevent the spread of the next Covid variant with our international allies and partners,"" a senior administration official told AFP.Also muddying the waters is the war in Ukraine, which is sapping diplomatic attention in the world's most powerful countries. A source familiar with the issue told AFP that, nevertheless, the pandemic response remains seen as fundamentally important.READ | Covid-19 cases spike, how far is India from herd immunity?","['US', ' Joe Biden', ' Covid summit', ' US announces virtual global Covid-19 summit on May 12']",https://www.indiatoday.in/coronavirus-outbreak/story/us-announces-virtual-global-covid-summit-may-12-1939025-2022-04-18
5,world,Islamabad HC rejects plea against issuing diplomatic passport to ex- Pak PM Nawaz Sharif,"(18, 4, 2022)","The Islamabad High Court has dismissed a petition seeking to prevent the expected issuance of a diplomatic passport to former premier and Pakistan Muslim League-Nawaz (PML-N) supremo Nawaz Sharif, reported local media.

On April 15, advocate Naeem Haider Panjutha filed a petition in the IHC, citing media reports that said Nawaz was being issued a diplomatic passport on the orders of newly elected Prime Minister Shehbaz Sharif, who is also his sibling.The petitioner claimed that the interior and foreign affairs secretaries were given orders for issuance of the diplomatic passport.The petitioner contended that as Nawaz ""is a court absconder who was convicted by a learned NAB (National Accountability Bureau) Court for corruption ... it is a violation of the law, a mockery of the justice system, and a disgrace to the nation if a diplomatic passport is issued to a convict"".THE COURT'S ORDERThe court noted in its order today that the petitioner was unable to produce any order, direction, or notification issued by the federal government to substantiate his claim.""It is noted that no evidentiary value was attached to the press reports and no reliance can be placed on it when a person claims a legal right on its basis. It was settled law that courts will not decide cases on the basis of press reports,” Samaa TV quoted Chief Justice Athar Minallah as saying.The court dismissed the petition and fined the petitioner Rs 5,000 for using state-funded counsel during the hearing.THE CASEThis development follows the election of Nawaz Sharif's younger brother Shehbaz Sharif as Prime Minister, with media reports stating that the Ministry of Interior has been directed to renew Nawaz Sharif's and his brother-in-law Ishaq Dar's passports.Further, PML-N leader Talal Chaudhry said on Wednesday that Nawaz Sharif is expected to return to Pakistan ""before the next elections.""Nawaz Sharif, who is convicted in a corruption case, has been living in London under the ""pretext of ill health"" since November 2019, when the Lahore High Court granted him permission to leave the country for four weeks for medical treatment.Shehbaz Sharif had given an undertaking at the time that the senior Sharif would return within the stipulated time. Later, Nawaz Sharif sought extensions to prolong his stay in London on medical grounds.Nawaz Sharif filed an appeal with the British Immigration Tribunal in August of last year after the Home Department refused to extend his stay in the country any further on ""medical grounds.""Nawaz Sharif can legally remain in the UK till the tribunal issues its decision on his plea for his stay in the country. His passport had expired in February 2021.(With agency input)READ | Nawaz Sharif happy with Imran Khan's dismissal as Pakistan PM, says PML(N) leader","['Nawaz Sharif', ' Pakistan news', ' Nawaz sharif diplomatic passport', ' shehbaz sharif', ' Islamabad HC rejects plea against issuing diplomatic passport to ex- Pak PM Nawaz Sharif']",https://www.indiatoday.in/world/story/islamabad-hc-rejects-plea-against-issuing-diplomatic-passport-nawaz-sharif-1938984-2022-04-18
6,world,NA,NA,NA,NA,https://www.indiatoday.in/world/photo/outlandish-outfits-on-display-as-easter-parade-and-bonnet-festival-returns-to-nyc-pics-1938923-2022-04-18
7,world,Sri Lankan Prez appoints new cabinet of 17 ministers,"(18, 4, 2022)","Prime Minister Mahinda Rajapaksa became the only member of the family to retain a cabinet position in his younger brother Gotabaya Rajapaksa’s new cabinet of 17 ministers appointed on Monday, as the island nation was facing the worst economic crisis.

Earlier this month, Sri Lanka’s entire cabinet — aside from President Gotabaya and his elder brother, Prime Minister Mahinda Rajapaksa — resigned from their posts after thousands of people defied a countrywide state of emergency and curfew and joined street protests denouncing the government.The previous cabinet had to make way for the president to form a unity cabinet with the Opposition members. The Opposition, however, declined the offer.ALSO READ | Sri Lankan delegation heads to US to seek USD 4 bn bailout package from IMFRajapaksa swore in a 17-member cabinet on Monday in addition to the three ministers he had earlier appointed.That meant no place for the oldest member of the family, Chamal Rajapaksa, Mahinda’s son Namal Rajapaksa, both of whom were cabinet ministers, and his nephew, Shasheendra who was a state minister.The cabinet appointment came as the island-wide protests continued to force the resignation of the president and his family for mishandling the economy.Sri Lanka is facing its worst economic crisis since gaining independence from the UK in 1948. The economic crisis also triggered a political turmoil in the island nation with citizens holding nationwide street protests for weeks over lengthy power cuts and shortage of fuel, food and other daily essentials and demanding the ouster of President Gotabaya Rajapaksa.ALSO READ | Sri Lankan economic crisis explained in five chartsFUEL PRICE HIKEPeople continued to be in fuel and gas queues while the power cuts which were not imposed during the weekend on account of the traditional Sinhala and Tamil new year returned on Monday.The state power entity said there will be four and a half-hour power cuts on Monday.Adding to public woes is the Lanka Indian oil company's (LIOC) announcement of further price hikes for petrol and diesel with effect from Sunday midnight.The LIOC raised fuel prices for the fourth time since February.ALSO READ | Colombo Stock Exchange to remain shut for 5 days as Sri Lanka struggles to combat forex crisisA spokesman for the LIOC said the price hike was necessary due to the depreciation of the Sri Lankan rupee.Sri Lanka rupees had fallen by over 60 per cent till March 7 when the flexible exchange rate was announced.The price of Octane 92 has been raised by over 10 per cent to a record high of 338 rupees per litre while diesel at 289 rupees per litre has seen a 35 per cent increase.","['sri lanka news', ' gotabaya rajapaksa', ' sri lanka government', ' sri lanka crisis', ' sri lanka curfew', ' emergency rule', ' economy crisis in sri lanka', ' colombo news']",https://www.indiatoday.in/world/story/sri-lanka-new-cabinet-1938916-2022-04-18
8,world,Chernihiv residents in Ukraine hope to rebuild lives from scratch but future looks grim,"(18, 4, 2022)","A couple, playing cards, an old man trying to keep his dog cheerful, a little girl cuddling up to her father in a bed laid out on the floor — this is what life looks like in the basement of a college building in Chernihiv in Ukraine.

This is now a shelter for the homeless in Chernihiv — the city under siege by Russian forces for 40 days staring at a grim future.The Russian assaults have left many homeless. Home after home was bombarded. What remains is just the debris in the ruins. Fierce battles were fought around the city and villages turned into battlefields for days as Russian forces remained in position.Chernihiv, 156 km northeast of Kyiv, was pounded from the very first day of the Russian invasion that started on February 24. Russian forces moved in with tanks from the Belarus border, taking over the outskirts of the city.With the Russian occupation and continuous bombardment, the city has seen a human catastrophe as homes are turned into death traps. With devastation visible all around, the city is limping back to normalcy, but the wounds are fresh, and fear of another Russian attack makes people anxious.Locals say it was only about two weeks ago that the Russians left, and people have had some relief.But it's far from returning to normal. People now queue up for food distributed as part of humanitarian aid by local authorities and welfare groups.Sergii, 40, who works as an aid worker with the Red Cross, lost his home. But he feels he's fortunate enough to have a place to stay with a friend. “Many are homeless and have to live in basements,” he says.Showing his small apartment on the eighth floor of a building that has a great view of the town, Sergii says he doesn't even know if his neighbours are alive, as almost every apartment in the building has been reduced to debris.Speaking about rebuilding lives, he said, ""When it comes to the restoration of houses, it would take about a year. But if you take the psychological state it would take anything between 5-10 years.""“People still fear that something could happen. They are frightened and have not yet fully recovered from these horrors,” he said.Alla, who is living with her husband and a dog in the basement of a college building with several others, shows pictures of her home up in flames saying ""everything is destroyed."" ""Our house was destroyed by the Russians’ mortars. We ran away from there and jumped out of the burning house in 2-3 minutes. We’ve only managed to take our dog and documents. Nothing more. I left in what you see me right now,"" she said.Marina has moved into this basement with her entire family — husband, two children, a dog, and elderly parents.“We have been here since day one. The first two days, we sat at home in the cellar. On the second day of the war, late in the evening, we came here and to this day we are here. There is no light, no gas, no water in our house, so we are staying here,"" she said.Like all others, Marina wants to get back to the comfort of her home but remains uncertain of the future. ""Of course, we want to go home, but it's been scary so far.""Even the dead, it seems, were not spared as the cemetery in Chernihiv was dealt massive damage by Russian attacks. ","['Russia-Ukraine war', ' Chernihiv homes']",https://www.indiatoday.in/world/russia-ukraine-war/story/russia-ukraine-war-chernihiv-homes-1938883-2022-04-18
9,world,NA,NA,NA,NA,https://www.indiatoday.in/world/photo/full-pink-moon-lights-up-night-sky-amid-festive-fervor-pics-1938869-2022-04-18
10,world,Final moment of Russian warship Moskva sunk by Ukraine emerges online,"(18, 4, 2022)","Days after the flagship of Russia’s Black Sea fleet Moskva was Sunk by Ukrainian forces in a major blow to the Russian invasion, new pictures of the final days of the cruiser have emerged online.

While the pictures are not yet verified, they show the extent of fire on the Russian warship that became a potent target of Ukrainian defiance in the opening days of the war.While Ukrainian officials said their forces had hit the vessel with missiles, Russia acknowledged a fire aboard the Moskva but no attack. The US and other Western officials could not confirm what caused the blaze. Named for the Russian capital, Moskva's loss is a devastating symbolic defeat for Moscow as its troops regroup for a renewed offensive.Following the sinking of the vessel, President Volodymyr Zelenskyy told Ukrainians they should be proud of having survived 50 days under attack when the Russians “gave us a maximum of five.”Reportedly the Moskva on 4/15 pic.twitter.com/HstqXYUQJf— OSINTtechnical (@Osinttechnical) April 17, 2022
What was Moskva?Launched during the Cold War, Moskva served during conflicts in n Georgia, Syria, and Ukraine pushing the Russian military forward. Equipped to carry 16 long-range cruise missiles, the warship was 611.5 feet (186 meters) long and housed a crew of 476 with an additional 62 officers.The warship was launched as the Slava from a shipyard in Mykolaiv in what was then the Soviet republic of Ukraine in July 1979, according to open-source intelligence firm Janes. The Slava served as the flagship of the Soviet fleet in the Black Sea. It carried both surface-to-surface and surface-to-air missiles, deck guns, torpedoes, and mortars. It also had a helicopter deck.The Slava underwent repairs from 1990-1999. During that time, the Soviet Union collapsed, an independent Ukraine emerged and Russia’s economy foundered. Finally overhauled and rechristened as the Moskva. During Russia’s war in its former republic of Georgia in 2008, the Moskva took part in operations in the Black Sea, and Georgia said it was involved in an attack on the country.In 2014, as Russia annexed the Crimean Peninsula, the Moskva blocked Ukrainian naval vessels from leaving Lake Donuzlav. In 2015-16, it was deployed to the Mediterranean Sea to provide support for the Russian military campaign backing Syrian President Bashar Assad.","['Ukraine war', ' Russia Moskva sinking', ' Moskva sunk', ' Moskva sinking video', ' Moskva picture', ' what is Moskva', ' Russian Navy', ' World News']",https://www.indiatoday.in/world/russia-ukraine-war/story/final-moments-of-russian-warship-moskva-sunk-by-ukraine-emerges-online-1938858-2022-04-18
11,world,France refuses to use 'genocide' term for Russia's invasion of Ukraine,"(18, 4, 2022)","France's Ministry of Foreign Affairs on Monday stated that it does not consider it correct to apply the term ""genocide"" to the events in Ukraine. The statement was made by French Secretary of State Clément Bon.

Earlier, French President Emmanuel Macron was seen to be reluctant to use the word 'genocide'. Instead, he called them war crimes.According to media reports, Macron said he did not want to engage in wordplay and claimed that he preferred that the conflict ends as soon as possible.“What we can say for sure is that the situation is unacceptable and that these are war crimes. We are living through war crimes that are unprecedented on our soil — our European soil,"" Macron was quoted as saying by local media France 2.Macron's statement assumed significance as US President Joe Biden had declared Russia's conflict in Ukraine a ""genocide"".Biden accused Russian President Vladimir Putin of attempting to ""wipe out"" the notion of even being a Ukrainian. ""Yes, I called it genocide,"" Biden said to the media.Meanwhile, the Ukrainian President, Volodymyr Zelenskyy, has asked his French counterpart to visit Ukraine to witness proof of Russian forces' purported ""genocide"".READ | How France's presidential election could impact Russia-Ukraine warAlso Read: US sanctions Putin's daughters and more Russian banks","['russia ukraine news', ' russia news', ' russia and ukraine', ' russia ukraine war', ' russia ukraine latest news', ' russia ukraine live', ' russia and ukraine news', ' india russia', ' russia ukraine india', ' russia and ukraine war', ' russia vs ukraine', ' live news russia ukraine', ' russia ukraine news in hindi', ' news on russia ukraine', ' russia ukraine update', ' russia ukraine crisis', ' latest news russia and ukraine', ' russia ukraine news india', ' Russia-Ukraine war news LIVE updates', ' Russia-Ukraine war news LIVE updates', ' Russia invades Ukraine', ' US on Russia assault on Ukraines', ' UKaine news', ' Kiyve news', ' Ukraine news updates']",https://www.indiatoday.in/world/russia-ukraine-war/story/russia-ukraine-war-france-refuses-to-use-term-genocide-1938859-2022-04-18
12,world,NA,NA,NA,NA,https://www.indiatoday.in/world/photo/palestinians-clash-with-israeli-police-at-jerusalem-holy-site-pics-1938855-2022-04-18
