SN,category,headline,date,content,keywords,link
1,world,"What is Iron Beam, the Star Wars-like missile defense system tested by Israel?","(18, 4, 2022)","Films have always been a source of inspiration behind new discoveries, technological advancements, and unique designs. Israeli engineers and scientists have now revealed a Star Wars-like laser beam that can target incoming missiles and render them useless. The Israeli prime minister says, ""It may sound like science fiction, but it's real.""

Dubbed Iron Beam, the technology, a laser missile-defense system, can reportedly intercept drones, mortars, rockets, and anti-tank missiles.Israel has been known for its technological advancement in weaponry and is one of the biggest global exporters of arms. The Iron Beam is part of the country's aerial defense system alongside its highly advanced rocket-intercepting Iron Dome. Claimed to be the world's first energy-based weapons system, it uses a laser beam to shoot down incoming UAVs, rockets & mortars.Naftali Bennett in a tweet said, ""Israel has successfully tested the new “Iron Beam” laser interception system. This is the world’s first energy-based weapons system that uses a laser to shoot down incoming UAVs, rockets & mortars at a cost of $3.50 per shot.""Israel has successfully tested the new “Iron Beam” laser interception system.This is the world’s first energy-based weapons system that uses a laser to shoot down incoming UAVs, rockets & mortars at a cost of $3.50 per shot.It may sound like science fiction, but it's real. pic.twitter.com/nRXFoYTjIU— Naftali Bennett (@naftalibennett) April 14, 2022
WHAT IS IRON BEAM?In a video released by the Israeli government, the Iron Beam system is shown targetting an incoming rogue Unmanned Aerial Vehicle (UAV), which is then destroyed mid-air before it is able to attack. The test was conducted last month in the Negev Desert.The video, which was highly edited and set to music, appears to show a laser beam shooting out of a ground station, hitting the targets and smashing them into small pieces.While the country has released very few details about the laser system’s effectiveness, it is expected to be deployed on land, in the air, and at sea. The goal is to deploy the laser systems around Israel’s borders over the next decade to protect the country against attacks. The announcement of the new system was aimed at sending messages to Palestine and Iran. This is the world’s first energy-based weapons system, claims Israel. (Photo: Screengrab/Naftali Bennett)WHY DOES ISRAEL NEED IRON BEAM?Part of a series of systems meant to intercept everything from long-range missiles to rockets launched from just a few kilometers (miles) away, Iron Beam has been designed to complement the Iron Dome system, which has emerged as a costly technology for the country.Israeli PM Naftali Bennett had in February acknowledged that the Iron Dome defense system is too expensive and the country is speeding the rollout of laser technology to help protect it from rocket attacks. The Iron Dome defense system is too expensive and the country is speeding the rollout of laser technology to help protect it from rocket attacks. If it is possible to intercept a missile or rocket with just an electric pulse that costs a few dollars, we will have nullified the ring of fire that Iran has set up on our borders,"" Bennett had told the Institute for National Security Studies at Tel Aviv University. The Iron Dome system targetting incoming cluster missiles. (Photo: Reuters)The Iron Dome system, unveiled a decade ago, has been a great success, with a 90% interception rate against incoming rocket fire, however, it has been equally expensive. The Israeli prime minister had said that Iron Dome is limited by its high price, which is partly underwritten by the United States. Bennett said someone in Gaza can fire a rocket toward Israel for a few hundred dollars, but it costs tens of thousands of dollars to intercept it.The new system, as claimed by the Israeli government, will cost just $3.50 per shot.WILL OTHER COUNTRIES GET IRON BEAM?Israel has been known to be a major arms exporter to countries across the world, including India, which uses Israeli Tavor assault rifles, the Negev and the B-300 anti-tank rocket launchers, and Phalcon AWACS systems among others. ""This new generation of air defense can also serve our friends in the region,” Bennett has said in the past, hinting that the technology could be used by other countries as well.The country is working on a ""laser wall"" against missiles, rockets, and drones that can be used by Israel and other countries against threats from Iran, which has developed long-range missiles capable of striking Israel.","['Iron beam', ' what is iron beam', ' what is iron dome', ' Israel weapons', ' Israel army', ' Naftali Bennett', ' Iron beam system', ' Rafle', ' Science News', ' India Today Science']",https://www.indiatoday.in/science/story/what-is-iron-beam-the-star-wars-like-missile-defense-system-tested-by-israel-1938825-2022-04-18
2,world,"6 killed, 11 injured after Russian missile strike in Ukraine's Lviv","(18, 4, 2022)","The mayor of Lviv, Andriy Sadovyi said 6 people have died and 11 including one child were wounded after multiple explosions rocked the city of Lviv on Monday. The explosions are believed to be caused by five missiles, according to an AFP report.

The mayor of Lviv, Andriy Sadovyi, took to Facebook to report that five 'powerful' missiles struck the city. He said emergency services were responding to the blasts.Thick clouds of grey smoke filled the sky above some blocks of flats, a Lviv resident was quoted by AFP.The city of Lviv has largely been unaffected by the Russian invasion and was considered to be a safe haven.Ukrainian President Volodymyr Zelenskyy, in his nightly address to the nation, accused Russian soldiers of torturing and kidnapping citizens in areas they control.Zelenskyy said, “We are doing everything to ensure the defense” of eastern Ukraine. Russia is bent on capturing the Donbas region.Russia has relentlessly been carrying out aerial attacks near Kyiv and other cities. On Sunday, at least five people were killed by Russian shelling in Kharkiv, Ukraine’s second-largest city.After Russia’s Black Sea Fleet was sunk last week by the Ukrainians, the Kremlin had vowed to step up strikes on the capital. Russia on Sunday claimed that it had attacked an ammunition plant near Kyiv overnight with precision-guided missiles.READ | Don't believe our neighbours after Russia's invasion, says Ukraine President Zelenskyy","['lviv powerful missiles', ' powerful missiles strike lviv ']",https://www.indiatoday.in/world/russia-ukraine-war/story/russia-ukraine-war-lviv-powerful-missiles-1938810-2022-04-18
3,world,NA,NA,NA,NA,https://www.indiatoday.in/world/photo/from-germany-to-ukraine-easter-celebrations-around-the-world-in-pics-1938800-2022-04-18
4,world,Explosion reported in Istanbul's Beyoglu,"(18, 4, 2022)","An explosion was reported in Beyoglu district in Istanbul, Turkey, on Monday. According to reports, residents of the region were evacuated following the blast.

The cause of the explosion is yet to be known.Live TV--- ENDS ---ALSO READ | Clashes erupt again near flashpoint Jerusalem holy site","[""Explosion reported in Istanbul's Beyoglu ""]",https://www.indiatoday.in/world/story/explosion-istanbu-beyoglu-reports-casualties-1938790-2022-04-18
5,world,"Don't believe our neighbours after Russia's invasion, says Ukraine President Zelenskyy","(18, 4, 2022)","Ukrainian President Volodymyr Zelenskyy said he doesn't believe in his neighbours after Russia escalated its assault on his country. ""I don't believe the world...We don't believe the words. After the escalation of Russia, we don't believe our neighbours....,"" Zelenskyy said on Friday.

""The only belief there is belief in ourselves, in our people, belief in our Armed forces, and the belief that countries are going to support us not just with their words but with their actions,"" Zelenskyy was quoted as saying in an interview with CNN.Zelensky was asked what he thought about world leaders saying ""never again"" on International Holocaust Remembrance Day.""And that's it. Never again. Really, everybody is talking about this and yet, as you can see, not everyone has got the guts,"" Zelenskyy said on Friday.Zelenskyy said that the Russians withdrew from Kyiv, but it doesn't mean that Russia wouldn't try again to seize the Ukrainian capital if it is able to capture Donbas.""We fought them [Russia] off and they left, and they were running away from Kyiv... it doesn't mean if they are able to capture Donbas, they won't come further towards Kyiv,"" Zelenskyy said.""This is why it is very important for us to not allow them, to stand our ground, because this battle ... it can influence the course of the whole war,"" Zelensky was quoted as saying.Zelenskyy said Ukraine is prepared to fight the Russian military in the Donbas region. He even said Ukraine will not give up territory in the eastern part of the country to end the war with Russia.Donbas is a region of two provinces in the southeast that Moscow demands be fully ceded to separatists. Ukraine said it has so far held off Russian advances elsewhere in the Donbas regions of Donetsk and Luhansk.Russian President Putin appears determined to capture more Donbas territory to claim victory in a war that has left Russia subject to increasingly punitive Western sanctions and with few allies.Meanwhile, the US has been extending military aide to Ukraine as the country continues to face Russian aggression. Recently, President Joe Biden said the US will continue to provide Ukraine with the capabilities to defend itself.","[""Don't believe our neighbours after Russia's invasion"", ' says Ukraine President Zelenskyy']",https://www.indiatoday.in/world/russia-ukraine-war/story/dont-believe-neighbours-russia-invasion-ukraine-president-zelenskyy-1938730-2022-04-18
6,world,What is the Omicron XE variant and should we be worried?,"(18, 4, 2022)","Every few weeks, the world hears about a new Covid variant, and it’s hard to know how concerned the general public should be. Recently, a recombinant variant has emerged, dubbed Omicron XE, which is the result of two omicron strains merging together in a single host and then going on to infect others.

So what do we know about this new hybrid, and do we need to be worried about it?OMICRON AND ITS VARIANTSOmicron is a variant of the SARS-CoV-2 virus that was first discovered in Botswana on November 11, 2021. It was designated a variant of concern by the World Health Organisation (WHO) on November 26. Since this time, it has been transmitted worldwide and has replaced Delta, becoming the dominant variant.The Omicron variant has since continued to evolve to have multiple different lineages, or genetically related sub variants. This includes the original Omicron BA.1 (B.1.1.529) and also BA.2 and BA.3.BA.2 is more infectious than BA.1 and has now taken over or outcompeted BA.1 to become the new dominant form of the SARS-CoV-2 virus worldwide, with the WHO officially announcing this to be the case on March 22, 2022.The differences with Omicron relative to previous variants are explained by the relatively large number of mutations it has acquired, with 60 mutations not found in the original virus arising from Wuhan, China.Among these mutations are 32 genetic changes in the spike protein. The spike protein is the part of the virus it uses to attach to human cells, as well as the target of the immune response against the virus, from both vaccines and prior infection.Also Read: Covid-19 cases rise again: How can you keep your children safe in schools, homeBA.2 shares many of these same mutations as the original Omicron variant, but also has 28 unique genetic changes of its own. Four of these genetic changes are in the spike protein, which explains why some of its characteristics are different to the original Omicron variant (BA.1), including the fact it appears to be approximately 30 to 50% more infectious than BA.1.WHAT’S A ‘RECOMBINANT’?Just as we have seen new variants arise, followed by the evolution of sub-variants or different lineages, the SARS-CoV-2 virus has continued to change in other ways as well. In recent times, we have seen not just spontaneous changes in the genetic code that have accounted for the changes described above, but also so-called recombinants.A recombinant is where related viruses exchange genetic material to create offspring with genetic material from both parent viruses. This can arise when viruses of two different strains (or variants or sub-variants) co-infect the same cell.The genetic material of the viruses can get mixed and packaged together to make a new recombinant virus, with properties of either or both parent viruses.The properties of the recombinant virus therefore depend on which parts of the genetic material from the parent viruses make it into the new version just like you might have your mum’s nose and your dad’s knees.When Delta and Omicron recombine, the resulting progeny are referred to as “Deltacron” (although more officially these are referred to as XD and XF). This type of recombinant was first identified in France in mid-February and seems to have a genetic sequence mostly the same as Delta, but with aspects of the spike protein from Omicron BA.1.WHERE IS THE XE VARIANT SPREADING?XE is a recombination of BA.1 and BA.2. There are many other BA.1 and BA.2 recombinants, including XQ in the UK, XG from Denmark, XJ from Finland and XK from Belgium.While XE still comprises a small proportion of total sequenced cases, it has shown evidence of community transmission, at least within England, where it was first detected in mid-January. There have now been just over 1,100 cases recorded.It has also been identified in India, China and Thailand. Initially, the growth rate for XE appeared to not be significantly different from BA.2, but more recent data from the UK suggests it has a growth rate of around 10 to 20% above that of BA.2.This data remains preliminary and based on small numbers, so it may change as we get more information. If it is true, then this means XE is likely to be slightly more contagious than BA.2, which was slightly more contagious than BA.1, which was more contagious than Delta.SHOULD WE BE CONCERNED?Our immune response that helps to protect against Covid-19 is generated by vaccination or from previous infection, and it mostly targets the spike protein. Given XE basically has the same spike protein as BA.2, it doesn’t appear our protection against XE will be significantly reduced.While this is something public health agencies and expert groups certainly should monitor, and they are, it isn’t really something that is unexpected given the number of cases we continue to see worldwide. So it shouldn’t be a cause of extra concern for the general public.The best way to slow the emergence of new variants, as well as recombinants, remains having as many people in the world protected by vaccination to reduce the pool of susceptible hosts in which these events can occur.Live TV--- ENDS ---Also Read | With 2,183 fresh cases, daily Covid infections in India nearly double in 24 hoursAlso Read | Noida reports 65 new Covid-19 cases in 24 hours","['Omicron', ' Covid', ' XE variant', ' news', ' India', ' News', ' World', ' Health', ' UK']",https://www.indiatoday.in/coronavirus-outbreak/story/what-omicron-xe-variant-should-worried-1938719-2022-04-18
7,world,"Riots in Sweden over Quran burnings, 3 people injured ","(18, 4, 2022)","Three people in the Swedish city of Norrkoping needed medical attention after being hit by police bullets during clashes between police and protesters following Quran burnings that caused riots in several Swedish towns over the Easter weekend.

In some places, counter-protesters attacked police ahead of planned right-wing extremist demonstrations. Prime Minister Magdalena Andersson has condemned the violence.""Three people seem to have been hit by ricochets and are now being cared for in hospital. All three injured are arrested on suspicion of crime,"" police said in an online statement, adding none of the injuries were life-threatening.Police said the situation in Norrkoping was calm on Sunday evening.Police and protesters have been engaged in serious clashes during the past days where several police have been injured and multiple vehicles have been torched.The violence began on Thursday after a demonstration organised by Rasmus Paludan, leader of Danish far-right political party Hard Line. Paludan, who had permission for a series of demonstrations across Sweden during the Easter weekend, is known for Quran burnings.READ | 'Russia out!' Worldwide protests in solidarity with Ukraine","['Sweden Riots', ' Sweden Riots over Quran burnings', ' Sweden Riots people injured\xa0']",https://www.indiatoday.in/world/story/sweden-riots-quran-burnings-people-injured-1938667-2022-04-18
8,world,"South Africa floods death toll rises to 443, dozens still missing","(18, 4, 2022)","Rescuers searched for dozens of people still missing in South Africa's KwaZulu-Natal (KZN) province on Sunday after heavy rains in recent days triggered floods and mudslides that have killed more than 440 people.

The floods have left thousands homeless, knocked out power and water services and disrupted operations at one of Africa's busiest ports, Durban. A provincial economic official estimated the overall infrastructure damage at more than 10 billion rand ($684.6 million).The province's premier, Sihle Zikalala, said the death toll had risen to 443, with a further 63 people unaccounted for.In some of the worst-affected areas, residents said they were terrified by the thought of more rain, which was forecast to fall on Sunday. Some faced an agonising wait for news of missing loved ones.""We haven't lost hope. Although we are constantly worried as (the) days continue,"" Sbongile Mjoka, a resident of Sunshine village in the eThekwini municipality whose 8-year-old nephew has been missing for days.""We are traumatised by the sight of rain,"" Mjoka, 47, told Reuters, adding that her home had been badly damaged.In a nearby semi-rural area, three members of the Sibiya family were killed when the walls of the room where they slept collapsed and 4-year-old Bongeka Sibiya is still missing.""Everything is a harsh reminder of what we lost, and not being able to find (Bongeka) is devastating because we can't grieve or heal. At this stage we are left feeling empty,"" Lethiwe Sibiya, 33, told Reuters.President Cyril Ramaphosa's office said late on Saturday he had delayed a working visit to Saudi Arabia to focus on the disaster. Ramaphosa will meet cabinet ministers to assess the response to the crisis.KZN Premier Zikalala told a televised briefing that the floods were among the worst in his province's recorded history.""We need to summon our collective courage and turn this devastation into an opportunity to rebuild our province,"" he said. ""The people of KwaZulu-Natal will rise from this mayhem.""","['South\xa0Africa\xa0floods death toll', ' South\xa0Africa\xa0floods several missing', ' South\xa0Africa\xa0floods ']",https://www.indiatoday.in/world/story/south-africa-floods-death-toll-several-missing-1938664-2022-04-18
9,world,US rocked by 3 mass shootings during Easter weekend; 2 dead,"(18, 4, 2022)","Authorities in South Carolina are investigating a shooting at a nightclub early Sunday that wounded at least nine people. It was the second mass shooting in the state and the third in the nation during the Easter holiday weekend.

The shootings in South Carolina and one in Pittsburgh, in which two minors were killed early Sunday, also left at least 31 people wounded.No one was reported killed in the violence at Cara’s Lounge in Hampton County, roughly 80 miles (130 kilometers) west of Charleston, according to an email from South Carolina’s State Law Enforcement Division, which is investigating the shooting. A phone call to the nightclub was not answered.In Pittsburgh, two male youths were killed and at least eight people wounded when shots were fired during a party at a short-term rental property. The “vast majority” of the hundreds of people at the party were underage, the city’s Police Chief Scott Schubert told reporters. Investigators believe there were multiple shooters, and Schubert said police were processing evidence at as many as eight separate crime scenes spanning a few blocks around the rental home.GUNFIRE AT MALLThe two shootings come just a day after gunfire erupted at a busy mall in the South Carolina state capital of Columbia, about 90 miles (145 kilometers) north of Sunday’s nightclub shooting. Nine people were shot, and five people sustained other kinds of injuries while trying to flee the scene at the Columbiana Centre, Columbia Police Chief W.H. “Skip” Holbrook said Saturday. The victims ranged in age from 15 to 73. None faced life-threatening injuries.“We don’t believe this was random,” Holbrook said. “We believe they knew each other and something led to the gunfire.”The only person arrested in the mall shooting so far is Jewayne M. Price, 22, one of three people initially detained by law enforcement as a person of interest. Price’s attorney, Todd Rutherford, told news outlets Sunday that his client fired a gun at the mall, but in self-defense. Rutherford said Price faces a charge of unlawfully carrying a pistol because he legally owned his gun but did not have a permit to carry a weapon.Columbia police said on Twitter that a judge agreed Sunday to let Price leave jail on a $25,000 surety bond. He was to be on house arrest with an ankle monitor, police said.“It was unprovoked by him. He called the police, turned himself in, turned over the firearm that was used in this, and gave a statement to the Columbia Police Department,” Rutherford said, according to WMBF-TV. “That is why he got a $25,000 bond.”Police said the judge will allow Price to travel from home to work during certain hours each day. Price is forbidden from contacting the victims and anyone else involved in the shooting.South Carolina residents aged 21 or older can get a weapons permit, which as of last year allows them to carry weapons openly or concealed. They must have eight hours of gun training and pass a background check that includes fingerprinting.NEW YORK SUBWAY SHOOTINGThe three Easter weekend mass shootings are in addition to other gun violence in recent days. Last week, a gunman opened fire on a New York subway car, wounding 10 people. A suspect was arrested the next day. Earlier this month, six people were killed and 12 others wounded in Sacramento, California, during a gunfight between rival gangs as bars closed in a busy downtown area just blocks from the state Capitol.One week ago, a shooting inside a crowded nightclub in Cedar Rapids, Iowa, left a man and a woman dead and 10 people wounded. And last month, 10 people were shot at a spring break party in Dallas and several others were injured as they tried to escape the gunfire.Live TV--- ENDS ---Also Read | Clashes erupt again near flashpoint Jerusalem holy siteAlso Read | Sri Lankan delegation heads to US to seek USD 4 bn bailout package from IMF","['US Mass shottings', ' 2 dead', ' Easter', ' News', ' World', ' South Carolina', ' Columbia', ' Pittsburgh']",https://www.indiatoday.in/world/story/us-rocked-mass-shootings-during-easter-weekend-2-dead-1938661-2022-04-18
10,world,‘Will fight to the end’: Ukrainian forces in Mariupol defy Russia's surrender-or-die demand,"(18, 4, 2022)","Ukrainian fighters holed up in a steel plant in the last known pocket of resistance inside the shattered city of Mariupol ignored a surrender-or-die ultimatum from the Russians on Sunday and held out against the capture of the strategically vital port.

The fall of Mariupol, the site of a merciless, 7-week-old siege that has reduced much of the city to a smoking ruin, would be Moscow's biggest victory of the war yet and free up troops to take part in a potentially climactic battle for control of Ukraine's industrial east.As its missiles and rockets slammed into other parts of the country, Russia estimated 2,500 Ukrainian troops and about 400 foreign mercenaries were dug in at the hulking Azovstal steel mill, which covers more than 11 square kilometers (4 square miles) and is laced with tunnels.Moscow gave the defenders a midday deadline to surrender, saying those who laid down their arms were “guaranteed to keep their lives.” The Ukrainians rejected it, just as they did with previous ultimatums.READ | Ukraine braces for fall of Mariupol to Russia“We will fight absolutely to the end, to the win, in this war,” Ukrainian Prime Minister Denys Shmyhal vowed on ABC's “This Week.” He said Ukraine is prepared to end the war through diplomacy if possible, “but we do not have intention to surrender.”Ukrainian President Volodymyr Zelenskyy sent Easter greetings via Twitter, saying: ""The Lord's Resurrection is a testimony to the victory of life over death, good over evil.”If Mariupol falls, Russian forces there are expected to join an all-out offensive in the coming days for control of the Donbas, the eastern industrial region that the Kremlin is bent on capturing after failing in its bid to take Kyiv, Ukraine's capital.The relentless bombardment and street fighting in Mariupol have killed at least 21,000 people, by the Ukrainians' estimate. A maternity hospital was hit by a lethal Russian airstrike in the opening weeks of the war, and about 300 people were reported killed in the bombing of a theater where civilians were taking shelter.An estimated 100,000 remained in the city out of a prewar population of 450,000, trapped without food, water, heat or electricity in a siege that has made Mariupol the scene of some of the worst suffering of the war.""All those who will continue resistance will be destroyed,” Maj. Gen. Igor Konashenkov, the Russian Defense Ministry's spokesman, said in announcing the latest ultimatum.Ukrainian Deputy Defense Minister Hanna Malyar described Mariupol as a “shield defending Ukraine” as Russian troops prepare for battle in the mostly Russian-speaking Donbas, where Moscow-backed separatists already control some territory.READ | Mariupol mayhem: Why Putin is so desperate to capture this Ukrainian port cityRussian forces, meanwhile, carried out aerial attacks near Kyiv and elsewhere in an apparent effort to weaken Ukraine's military capacity ahead of the anticipated assault.After the humiliating sinking of the flagship of Russia's Black Sea Fleet last week in what the Ukrainians boasted was a missile attack, the Kremlin had vowed to step up strikes on the capital.Russia said Sunday that it had attacked an ammunition plant near Kyiv overnight with precision-guided missiles, the third such strike in as many days.Explosions were also reported overnight in Kramatorsk, the eastern city where rockets earlier this month killed at least 57 people at a train station crowded with civilians trying to evacuate ahead of the Russian offensive.A regional official in eastern Ukraine said at least two people were killed when Russian forces fired at residential buildings in the town of Zolote, near the front line in the Donbas.At least five people were killed by Russian shelling in Kharkiv, Ukraine's second-largest city, on Sunday, regional officials said. The barrage slammed into apartment buildings and left the streets scattered with broken glass and other debris, including part of at least one rocket.Russia also said that its forces shot down two Ukrainian MiG-29 fighter jets in the Kharkiv region and destroyed two Ukrainian command posts and a radar system for S-300 surface-to-air missiles in the city of Avdiivka, north of Donetsk city. Ukrainian officials did not immediately confirm the claimed losses.Malyar, the Ukrainian deputy defense minister, said the Russians continued to hit Mariupol with airstrikes and could be getting ready for an amphibious landing to reinforce their ground troops.READ | The broken streets of Mariupol: Ground Report from a city under siegeCapturing the southern city on the Sea of Azov would allow Russia to fully secure a land corridor to the Crimean Peninsula, which it seized from Ukraine in 2014, and deprive Ukraine of a major port and its prized industrial assets.The looming offensive in the east, if successful, would give Russian President Vladimir Putin a vital piece of the country and a badly needed victory that he could sell to the Russian people amid the war's mounting casualties and the economic hardship caused by the West's sanctions.Austrian Chancellor Karl Nehammer, who met with Putin in Moscow this week — the first European leader to do so since the invasion Feb. 24 — said the Russian president is “in his own war logic” on Ukraine.In an interview on NBC's “Meet the Press,” Nehammer said he thinks Putin believes he is winning the war, and “we have to look in his eyes and we have to confront him with that, what we see in Ukraine.''Without explicitly mentioning Putin's decision to invade, Pope Francis made an anguished Easter Sunday plea for peace in Ukraine, decrying “this cruel and senseless war into which it was dragged.”Live TV--- ENDS ---WATCH | Russia claims complete control of major Ukrainian outpost in Mariupol","[""‘Will fight to the end’: Ukrainian forces in Mariupol defy Russia's surrender-or-die demand""]",https://www.indiatoday.in/world/russia-ukraine-war/story/ukrainian-forces-in-mariupol-defy-russia-surrender-or-die-demand-1938653-2022-04-18
11,world,"US: 9 hurt in gun attack at South Carolina club, second mass shooting in 2 days","(18, 4, 2022)","Authorities in the US state of South Carolina say they are investigating a shooting at a club in Hampton County early Sunday that left at least nine people injured. It was the second mass shooting in the state in as many days.

The State Law Enforcement Division said in an email there were no reported fatalities in the Easter morning shooting at the club in Hampton County. No information was immediately available on the severity of the injuries.The SLED says it was asked to investigate by the Hampton County Sheriff's Office. Hampton County is roughly 80 miles (about 129 kilometers) west of Charleston.The shooting comes a day after gunfire erupted at a busy mall in the state capital of Columbia. Nine people were shot and five people were injured while trying to flee the scene at Columbiana Centre, Columbia Police Chief W.H. “Skip” Holbrook said in a news release Saturday. The victims ranged in age from 15 to 73.The Columbia Police Department announced the arrest of 22-year-old Jewayne M. Price, who was one of three people initially detained by law enforcement as a person of interest in the mall shooting. Price is scheduled to have a bond hearing at 2 pm. Sunday on charges of unlawful carrying of a pistol. It is not immediately known if Price has an attorney who could speak on his behalf.Police said the 73-year-old victim continues to receive medical treatment, but the other victims have been released from local hospitals or will be released shortly.“We don't believe this was random,” Holbrook said. “We believe they knew each other and something led to the gunfire.”Live TV--- ENDS ---READ | US: 2 minors dead, 8 wounded in shooting at Pittsburgh party","['US: 9 hurt in gun attack at South Carolina club', ' second mass shooting in 2 days']",https://www.indiatoday.in/world/story/south-carolina-club-shooting-9-hurt-hampton-county-1938651-2022-04-18
12,world,"US: 2 minors dead, 8 wounded in shooting at Pittsburgh party","(18, 4, 2022)","Shots fired at a house party in Pittsburgh, US early Sunday left two minors dead and at least eight more people wounded, police said.

The shooting happened around 12:30 am during a party at a short-term rental property where hundreds of people had gathered — the “vast majority” of them underage, Chief Scott Schubert of the Pittsburgh police department told reporters during a noontime news conference.Shortly after some kind of altercation occurred, gunshots were fired both inside and outside, “and potentially back and forth,” Schubert said. Casings found at the scene indicate that handguns and one rifle were used, and police believe there were multiple shooters, Schubert said.Two male victims died at the hospital, police said, and eight more people were being treated for gunshot wounds. A police release initially said nine people had been injured by gunfire, but Schubert revised the numbers at the press conference. The names of the two boys who died weren’t immediately released.Others were injured jumping from windows, falling down steps or just trying to seek cover or escape, Schubert said. Two who jumped from windows had broken bones, authorities said. One victim was injured after a car was “shot up,” Schubert said.ShotSpotter indicated more than 90 rounds fired “and we know there was a lot more than that between inside the structure and outside,” Schubert said. Arriving officers found a “very chaotic” scene with injured victims, medics trying to treat them and people fleeing on foot and in vehicles.READ | US: 12 injured in shooting at South Carolina mall, 3 suspects heldNo arrests were immediately reported but Schubert said “it is our top priority to find out who did this and get them off the street.” He said he couldn’t comment on a possible motive, but he decried the number of illegal guns and too many people with access to them as well as the potent mixture of alcohol, drugs and guns.“It’s heartbreaking; here we are at Easter and we have multiple families, two that won’t see a loved one,” Schubert said. “Others that are going to be — how can you even have a holiday when your child was involved in something traumatic like this?”Police were processing evidence at as many as eight separate crime scenes spanning a few blocks around the shooting scene. Officials asked anyone with information, including video or photographs from people who were at the party, to send them to authorities.Allegheny General Health reported that seven people were treated at Allegheny General Hospital and one at Jefferson Hospital for gunshot wounds or other injuries. But officials declined to release their conditions or other information.Neighbor Mitchell Wilston, 30, told The Associated Press that he and his wife were out during the shooting but before leaving saw the neighbourhood packed with people, with cars parked the wrong way down the street and a line outside the rented home.“It was so obvious that there was going to be a problem — there was a line of 14-year-old kids trying to get into this place,” he said. The house has been rented for bachelorette parties or other events before, or for families of baseball players due to its proximity to the stadium, but no problems have occurred, he said.Airbnb spokesperson Ben Breit confirmed the house was rented through the company. He said that the booker, who would have had to be 18 or older per Airbnb rules, has received a lifetime ban. Breit’s statement says the party was thrown without the knowledge of the host, whose listing banned parties and advertised an overnight noise curfew.Breit said Airbnb was cooperating with authorities: “We share the Pittsburgh community’s outrage regarding this tragic gun violence. Our hearts go out to all who were impacted — including loved ones of those who lost their lives, injured victims and neighbours.”In the morning, Wilston found his wife’s white car smeared with blood, possibly from someone fleeing the shooting and trying to hide behind the vehicle, he said.“It’s extremely, extremely disconcerting to see the way the bullets were fired were perpendicular to our house,” he said, adding that he could see bullet holes in a surrounding building from his desk and in another building from another window.Pittsburgh Mayor Ed Gainey condemned the violence, which he attributed in part to a failure to get guns off the streets and provide adequate resources to communities. He said the city would call a meeting with local leaders to get feedback on a new, citywide approach to public safety.“The time is now for us to move with a sense of urgency to bring justice to the victims and peace to our city,” Gainey, who is in isolation because of a recent Covid-19 exposure, said in a statement.Live TV--- ENDS ---READ | New York shooting: Man in gas mask fired 33 rounds; cops share image of 'person of interest'","['US: 2 minors dead', ' 8 wounded in shooting at Pittsburgh party']",https://www.indiatoday.in/world/story/pittsburgh-party-shooting-2-minors-dead-8-wounded-1938648-2022-04-18
