SN,category,headline,date,content,keywords,link
1,world,"Pakistan airstrikes in Afghanistan’s Khost, Kunar provinces, at least 30 killed","(16, 4, 2022)","Local officials in Afghanistan confirmed that Pakistani aircraft launched airstrikes on the Khost province of Afghanistan on Friday night, April 15. As per the reports, at least 30 people, including women and children, were killed in the airstrike.

Pakistani planes targeted areas in the Spurra district of Khost province.At least 26 Pakistani planes targeted the villages of Mirpar, Mandeh, Shaidi and Kai in the Spura district of Khost province.: https://t.co/y5c4ncvRAQ pic.twitter.com/eArchjLBua— Hasht e Subh Daily (@HashteSubhDaily) April 16, 2022
Spokesman for the Taliban police chief in Khost province, Mostaghfar Gerbz confirmed the 8 Sobh newspaper about the attack.King Jamshid, a large ethnic group in the Waziristan region, told the newspaper that 30 people, including women and children, had been killed in the attacks. However, Gerbz said that he was unaware of the casualties in the bombing.On the other hand, on Friday at around 9:00, Pakistani troops clashed with Taliban forces in the area of Masterbel, in the Gorbz district.Meanwhile, TOLO news tweeted, “Media reports as well as interviews with a number of eyewitnesses show that Pakistani forces have carried out airstrikes in two areas in the eastern Kunar and the southeastern Khost provinces of Afghanistan on Friday night.Media reports as well as interviews with a number of eyewitnesses show that Pakistani forces have carried out airstrikes in two areas in the eastern Kunar and the southeastern Khost provinces of Afghanistan on Friday nigh...1/4#TOLOnews— TOLOnews (@TOLOnews) April 16, 2022
Pakistani media have reported that a number of anti-government militants have been killed in Pakistani airstrikes on North Waziristan. However, the Pakistani government and the Afghan Ministry of Foreign Affairs so far have not commented on the matter.As per Afghan media, “A tribal elder from Waziristan who lives in Khost said that Pakistani forces' aircraft targeted Waziristan migrants' camp in the area, leaving at least 30 people either killed or wounded”. Meanwhile, eyewitnesses in Kunar confirmed the death of five people in an airstrike by Pakistani forces in the province.","['Pakistan airstrike', ' afghanistan airstrike', ' airstrike in Khost']",https://www.indiatoday.in/world/story/pakistan-airstrike-afghanistan-khost-province-dead-1938268-2022-04-16
2,world,"Explosions heard in Ukraine’s capital Kyiv, western city Lviv: Report","(16, 4, 2022)","Explosions were heard in the early hours on Saturday in Ukraine's capital, Kyiv, and the western city of Lviv, local media reported.

Air raid sirens were going off over most of Ukraine early on Saturday.There has been no official confirmation of the explosions.Reuters could not immediately verify the reports.Live TV--- ENDS ---Read | Executed in the streets: Ukraine says more than 900 civilian bodies found in Kyiv regionAlso Read | Moscow threatens to strike Kyiv command 'centres' if Ukraine keeps attacking Russia","['Ukraine', ' Russia', ' Ukraine-Russia war', ' Kharkiv', ' Kyiv', ' Lviv']",https://www.indiatoday.in/world/russia-ukraine-war/story/explosions-ukraine-capital-kyiv-western-city-lviv-report-1938263-2022-04-16
3,world,NA,NA,NA,NA,https://www.indiatoday.in/newsmo/video/russia-ukraine-crisis-satellite-images-mariupol-devastation-1938262-2022-04-16
4,world,Chinese astronauts land on Earth after China's longest crewed space mission,"(16, 4, 2022)","Three Chinese astronauts returned to earth on Saturday after 183 days in space, state television reported, completing the country's longest crewed space mission to date.

The astronauts landed nine hours after they left a key module of China's first space station.While in orbit, the Shenzhou-13 mission astronauts took manual control in the Tianhe living quarters module for what state media called a ""docking experiment"" with the Tianzhou-2 cargo spacecraft.Following their launch in October, the astronauts - Zhai Zhigang, Ye Guangfu and a female crew member, Wang Yaping - spent 183 days in space, completing the fifth of 11 missions needed to finish the space station by the end of the year. One of the Chinese astronauts exiting the capsule in which the landed on earth. (Credits: AFP)Shenzhou-13 was the second of four planned crewed missions to complete construction of the space station, which began last April. Shenzhou-12 returned to Earth in September.China's next two missions will be Tianzhou-4, a cargo spacecraft, and the three-person Shenzhou-14 mission, Shao Limin, deputy technology manager of Manned Spaceship System was quoted by state media as saying.Barred by the United States from participating in the International Space Station (ISS) in orbit, China has spent the past decade developing technologies to build its own space station, the only one in the world other than the ISS.China, which aims to become a space power by 2030, has successfully launched probes to explore Mars and became the first country to land a spacecraft on the far side of the Moon.Live TV--- ENDS ---Also Read | Genetic study sheds light on why humans live longer than animalsAlso Read | Boeing to launch Starliner on second test flight to Space Station in May","['China', ' space station', ' astronauts', ' news', ' science', ' world']",https://www.indiatoday.in/science/story/chinese-astronauts-land-earth-after-china-longest-crewed-space-mission-1938152-2022-04-16
5,world,Locals baffled as ‘portal to hell’ opens again in California’s Berryessa reservoir,"(16, 4, 2022)","A ‘portal to hell’, that has terrified spectators for years, has opened up again in a lake in California’s eastern Napa Valley. This phenomenon was recently witnessed in the Lake Berryessa reservoir. It was last seen in 2018 and 2019.

Locals have been able to observe this effect for years. The tunnel was built as an alternative to common chutes back in the 1950s, and is used to control the flow of water out of a dam.The tunnel, also called the Glory Hole, draws hundreds of spectators, who come to watch the opening of the ‘portal to hell’.Lake Berryessa can hold 52.1 billion gallons of water before the excess begins to flow into the spillway. In 2018, it reached full capacity for the first time in 11 years.Thousands of baffled onlookers watched the spillway opening up again in 2019, after a season of heavy rainfall.HOW 'PORTAL TO HELL' IS FORMEDIf water levels in the reservoir get too high, the excess water can whirlpool into a gigantic hole. The 72-feet-wide, 245-feet-long tunnel functions as a drain hole, swallowing approximately 48,000 cubic feet of water per second when the lake rises above 15.5 feet. The phenomenon creates a spectacular spinning vortex effect.Like the ‘portal from hell’ in California, a fiery pit in Kazakhstan earnt itself a similar nickname.DARVAZA CRATERThe Darvaza Crater is a fiery pit that formed back in the early 1970s when the ground collapsed during a Soviet gas drilling expedition.The hole is located in the Karakum Desert, about 160 miles north of Ashgabat, the capital city.Scientists, to prevent the spread of natural gas, lit the giant hole on fire, and the fire has kept burning ever since.Live TV--- ENDS ---Also Read | Two women prisoners in US jail get pregnant after having sex with trans inmateAlso Read | Covid cases continue to increase in locked-down Shanghai amid growing public anger","['California', ' potral to hell', ' Be']",https://www.indiatoday.in/world/story/locals-baffled-portal-hell-opens-california-berryessa-reservoir-1938133-2022-04-16
6,world,"3,000 Ukrainian soldiers killed, over 10,000 injured in war with Russia: Zelenskyy","(16, 4, 2022)","Ukrainian President Volodymyr Zelenskyy has announced the losses suffered by troops and revealed that 3,000 soldiers died while at least 10,000 were injured so far in the war with Russia, adding that it's ""hard to say how many will survive.""

Meanwhile, the bodies of more than 900 civilians have been discovered in the region surrounding the Ukrainian capital following Russia's withdrawal — most of them fatally shot, police said Friday, an indication that many people were ""simply executed.”Read: Executed in the streets: Ukraine says more than 900 civilian bodies found in Kyiv regionThe jarring number emerged shortly after Russia's Defense Ministry promised to step up missile attacks on Kyiv in response to Ukraine's alleged assaults on Russian territory. That ominous warning followed the stunning loss of Moscow's flagship in the Black Sea.Amid its threats, Moscow continued preparations for a renewed offensive in eastern Ukraine. Fighting also went on in the pummeled southern port city of Mariupol, where locals reported seeing Russian troops digging up bodies. In the northeastern city of Kharkiv, shelling of a residential area killed seven people, including a 7-month-old child, and wounded 34, according to regional Governor Oleh Sinehubov.Read: Chechen fighters in Ukraine prepare to wrest control of Mariupol | Ground Report","['ukrainian soldiers killed injured', ' russia war', ' zelenskyy']",https://www.indiatoday.in/world/russia-ukraine-war/story/ukrainian-soldiers-killed-injured-russia-war-zelenskyy-1938131-2022-04-16
7,world,"Mysterious liver illness seen in kids in US, Europe","(16, 4, 2022)","Health officials in several countries are investigating mysterious cases of severe liver disease in children, and they think it may be related to a kind of virus usually associated with colds.

The U.K. has been investigating at least 74 cases in which children came down with hepatitis, or liver inflammation, the World Health Organisation said on Friday. Three similar cases in Spain and a few in Ireland are being investigated, the WHO said.Meanwhile, U.S. health officials say they are looking into nine similar cases. All were in Alabama, but officials say they are looking to see if there are more elsewhere.“Given the increase in cases reported over the past one month and enhanced case search activities, more cases are likely to be reported in the coming days,” WHO officials said in a statement.CHILDREN'S PLIGHTThe U.S. children ranged in age from 1 to 6 years old, and two required liver transplants. The European cases are in a similar age range, though some have been older, WHO officials said.The WHO first became aware of the unusual illnesses early this month, when they learned of 10 children in Scotland with liver problems. One got sick in January and the nine others in March. All became severely ill and were diagnosed with hepatitis after being taken to the hospital.The liver processes nutrients, filters the blood and fights infections. The infections caused symptoms like jaundice, diarrhea and abdominal pain. Hepatitis can be life-threatening if left untreated.Since then, British health officials have identified at least 64 more cases. None died, but six needed liver transplants, the WHO said Friday.Laboratory testing has ruled out the hepatitis type A, B, C and E viruses that usually cause such illnesses. Officials say they are not aware of international travel or other factors that might have put the kids at risk.But they noted there's been a recent surge in the spread of adenoviruses.There are dozens of adenoviruses, many of them associated with cold-like symptoms, fever, sore throat and pink eye. But some versions can trigger other problems, including inflammation in the stomach and intestines.Adenoviruses previously have been linked to hepatitis in children, but mostly in kids with weakened immune systems.Some of the European children tested positive for adenovirus, and some tested positive for Covid-19. But more lab work is needed to explore any potential associations with specific viruses, the WHO said.Alabama health officials say they have been looking into an increase in hepatitis in children since November. In each case, the child tested positive for adenovirus. Officials are exploring a link to one particular version — adenovirus 41 — that's normally associated with gut inflammation.None of the Alabama cases had any underlying health conditions that would seem to put them at risk for liver illness, health officials said.“At this time adenovirus may be the cause for these, but investigators are still learning more — including ruling out the more common causes of hepatitis,” the CDC said in a statement.Live TV--- ENDS ---Also Read | 35 killed as bus carrying churchgoers plunges into gorge in eastern Zimbabwe","['ilness', ' health', ' europe', ' US', ' reports', ' News', ' liver']",https://www.indiatoday.in/world/story/mysterious-liver-illness-seen-kids-europe-1938126-2022-04-16
8,world,RIP Moskva: How Russians mourned a warship’s demise,"(16, 4, 2022)","Dozens of people gathered in the Crimean city of Sevastopol on Friday to mourn the sinking of the flagship of Russia's Black Sea Fleet, a symbol, the crowd heard, of hope, revival and power until its demise.

Some embraced and others laid flowers in memory of the Moskva missile cruiser at a monument to the 1696 foundation of the Russian navy in the centre of Sevastopol, headquarters of the Black Sea Fleet.Moscow, which annexed Crimea from Ukraine in 2014, said the ship sank while being towed in stormy seas after a fire caused by an ammunition explosion.Ukraine said one of its missiles had caused it to sink.READ: The Death Of A Ship In Russia-Ukraine War I An India Today InfographicReuters was unable to verify the exact circumstances of the ship's demise.""Even for those who have not been on it, the Moskva was a symbol for everyone, a symbol of our power, of our hope, of the revival of the fleet in the 1990s"" following the collapse of the Soviet Union, said Reserve Captain Sergei Gorbachev, who spoke to the crowd in his naval uniform.""There will be victories, there will be tragedies, but the memory remains,"" Gorbachev said.The crowd, which included a number of people who served on the ship, stood in respectful silence. Some wore the ribbon of St. George, a symbol of the Russian military.""The loss of every ship, especially a flagship, is a tragedy for all those tens of thousands of people who served there for over 20 years,"" said priest Georgiy Ployakov.Russia sent tens of thousands of soldiers into Ukraine on Feb. 24 on what it calls a ""special operation"".Live TV--- ENDS ---READ | Russia bombs Kyiv factory after Moskva warship sinks in Black SeaWATCH | Ukraine says missiles hit Russian cruiser Moskva",['RIP Moskva: How Russians mourned a warship’s demise'],https://www.indiatoday.in/world/russia-ukraine-war/story/rip-moskva-how-russians-mourned-warship-demise-ukraine-1938127-2022-04-16
