SN,category,headline,date,content,keywords,link
1,fact-check,Fact Check: Heartbreaking photo of injured child from Syrian war shared as victim of Russia-Ukraine conflict,"(25, 2, 2022)","Since Russia’s invasion of Ukraine began, social media has been flooded with videos and images of war. Some of these images and videos, of course, have nothing to do with the crisis at all. One such image is of a child with blood on their face has been shared by a number of social media users in the last 36 hours.

People, mostly on Twitter and some on Facebook, shared the image alongside captions like, “One of the most heartbreaking images from the Russia/Ukraine war. Putin must end this for humanity’s sake.” Archived versions of some similar posts can be seen here and here.The India Today Anti Fake News War Room (AFWA) found the claim to be false. This image is more than four years old and is not related to the ongoing crisis in Ukraine.AFWA ProbeWe performed a reverse image search and found the viral image on an advertising website that carried several images of some wounded children. The images were published on the site on November 9, 2018. We weren’t able to find an authentic source of the image, at first. So we tried searching for images with relevant keywords and found a high-resolution photograph of the viral image. A Twitter user posted a few images of the war-affected child in July 2019, including the viral one.Only in this year 140 children killed in northwest #Syria. 7 children killed YESTERDAY in #Mhambel village. What the value of victory in #war when innocent children killed ??? They are our children, my and your !!!#NeverATarget #ENDViolence #NotATarget #ChildrenUnderAttack pic.twitter.com/Q0bNsxCBOv— Anzhela (@ANZHELA_YAN) July 8, 2019
The user claimed these images were from Syria’s Mhambel village where seven children were killed. We then tried to get more information by reverse-searching the high-resolution one.That took us to a report published by the BBC on January 6, 2018, about the war that was going on in Syria. The BBC report noted that at least 25 civilians were killed in an airstrike. The Irish Sun also used this image in a report about the Syrian war alongside a caption that reads “An injured child in a Syrian hospital” giving credit to the AFP.Hence, it became clear that the photo of the child was not from the ongoing conflict between Russia and Ukraine but from the Syrian war. INDIA TODAY FACT CHECK      ClaimThis heartbreaking photo of an injured child is from the ongoing Russia-Ukraine war.ConclusionThis photograph is at least four years old and has nothing to do with the ongoing invasion. It first appeared on the internet in January 2018. Several news outlets shared the image in 2018, stating it to be from Syria.JHOOTH BOLE KAUVA KAATEThe number of crows determines the intensity of the lie.1 Crow: Half True2 Crows: Mostly lies3 Crows: Absolutely false Want to send us something for verification? Please share it on our  at 73 7000 7000  You can also send us an email at factcheck@intoday.com",NA,https://www.indiatoday.in/fact-check/story/heartbreaking-photo-of-injured-child-from-syrian-war-shared-as-victim-of-russia-ukraine-conflict-1917970-2022-02-25
2,fact-check,Fact Check: Emotional movie scene viral as scenes from battle-torn Ukraine,"(25, 2, 2022)","Amid Russia’s invasion of Ukraine, an emotional video of soldiers hugging and kissing their dear ones has gone viral with the claim that they are Ukrainian soldiers bidding farewell to loved ones in Kyiv.

Several Twitter users shared this short video clip with captions like, “Damn war ... Here is the capital of Ukraine: scenes of anxiety, farewell, love ” The India Today Anti-Fake News War room (AFWA) found this to be false. This video is a scene from a Ukrainian film called “The War of Chimeras”, released in 2017.The viral posts are archived here and here.AFWA probeWith the help of the InVID tool and reverse image searches, we have found the same scenes from the viral clip matched with a couple of YouTube videos. A YouTube channel called Geomovies uploaded the trailer from the aforementioned movie. This contained the clip being shared.The entire scene in the viral clip was also found on another YouTube channel, “ Production”. The YouTube channel contained detailed information about the video in the Ukrainian language that claimed these were select scenes from ""The War of Chimeras"".“The War of Chimeras” is a Ukrainian movie directed by Anastasiia Starozhytska and Mariia Starozhytska. The film was produced in 2017.The film follows war in eastern Ukraine and is narrated through the eyes of volunteer fighters.Thus, we can conclude that the viral clip being shared has no connection with the ongoing crisis, rather it is a scene from a war film.(With input from Yash Mittal) INDIA TODAY FACT CHECK      ClaimVideo shows soldiers bidding farewell to loved ones in Kyiv amid Russia’s invasion of Ukraine.ConclusionThis is a scene from a Ukrainian film called “The War of Chimeras” released in 2017. The film was directed by Anastasiia Starozhytska and Mariia Starozhytska.JHOOTH BOLE KAUVA KAATEThe number of crows determines the intensity of the lie.1 Crow: Half True2 Crows: Mostly lies3 Crows: Absolutely false Want to send us something for verification? Please share it on our  at 73 7000 7000  You can also send us an email at factcheck@intoday.com",NA,https://www.indiatoday.in/fact-check/story/emotional-movie-scene-viral-as-scenes-from-battle-torn-ukraine-1917873-2022-02-25
3,fact-check,Fact Check: Did hundreds of Russian paratroopers land in Ukraine? Old video resurfaces with misleading claims,"(24, 2, 2022)","Amid the faceoff between Russia and Ukraine, a video of hundreds of paratroopers landing from the sky has gone viral on social media. Several people shared this video with the claim that this video showed Russian troops landing in Ukraine.

 “Russian Army Landed in Ukraine by parachutes,” said one Twitter user while sharing this video. Numerous other Facebook users shared the same video along with captions that claimed these were Russian Paratroopers landing in Ukraine.#Russian Amry Landed in #Ukraine by parachutesThe #worldwar3 is being in next level #RussiaUkraineConflict pic.twitter.com/1BkwUaR51H— Shubham Prajapati (@Shubham_RSS_) February 24, 2022
This video was even shared by news outlets like Zee News, News24, and TV9 Bangla.Archived versions of some similar claims can be found here and here.The India Today Anti Fake News War Room (AFWA) found this claim to be misleading. The video shared is an old one and has often made the rounds on social media. It has no connection whatsoever with the ongoing Russian invasion of Ukraine.AFWA ProbeWe first searched with relevant keywords to get verified information regarding the Russian Army landing via parachutes in Ukraine. But there were no trustworthy sources that suggested that this massive group of paratroopers had landed in Ukraine.With the help of the InVid tool and reverse image searches on Yandex, we found the same video uploaded to a website in 2019. We then visited Google Russia and searched keywords in Russian related to the army and paratroopers while narrowing the search to just 2022. We found nothing relevant there either.We, however, did find a tweet from September 4, 2016, that carried the same video. The text of the tweet in Russian said, “Remember, this is how Russian paratroopers look like.”, , . pic.twitter.com/rDWOXGGcT5— & (@bigbestpens) September 4, 2016
We, however, were unable to find the source of the video or any context surrounding it. But given that it was shared on social media as early as 2016, it is clear that it has nothing to do with the current Russia-Ukraine conflict. INDIA TODAY FACT CHECK      ClaimThousands of Russian Army soldiers parachute into Ukraine.ConclusionThis video has been making the rounds since 2016. Although the place or date of this paratrooper exercise is still not clear, it has nothing to do with the ongoing Russia-Ukraine conflict.JHOOTH BOLE KAUVA KAATEThe number of crows determines the intensity of the lie.1 Crow: Half True2 Crows: Mostly lies3 Crows: Absolutely false Want to send us something for verification? Please share it on our  at 73 7000 7000  You can also send us an email at factcheck@intoday.com",NA,https://www.indiatoday.in/fact-check/story/did-hundreds-russian-paratroopers-land-ukraine-old-video-resurfaces-misleading-claims-1917529-2022-02-24
4,fact-check,Fact Check: This horrifying explosion is not from the ongoing conflict between Russia and Ukraine,"(24, 2, 2022)","In the weeks leading up to it, there was already plenty of social media misinformation in the form of videos and images about the Russia-Ukraine conflict. But following Moscow’s all-out attack, even the amount of misinformation has escalated.

Several people shared a video of a massive explosion. The claim along with it was that this happened in Ukraine amid the ongoing crisis.This video of the explosion, shared by many, mentioned words like “Massive explosion at Ukraine”, and the hashtag #RussiaUkraineConflict. The archived version of this video can be seen here and here.The India Today Anti Fake News War Room (AFWA) found this claim to be misleading. The video has nothing to do with the ongoing Ukraine-Russia crisis. The video, almost five years old, is of an army warehouse in Ukraine.AFWA ProbeWith the help of the InVid tool and reverse image search, we found the video of the same explosion on a website named Popular Mechanics. This website carried this video with a report published on September 27, 2017. The report noted that it was an explosion in a Ukrainian ammunition dump in Vinnytsya, about 160 miles southwest of Ukraine's capital Kyiv. Taking this as a cue, we searched some combinations of keywords and came across a report published in the Daily Mail on September 17, 2017. The report stated that Russia allegedly dropped bombs with the help of drones, causing a massive fire in the warehouse where 188,000 tons of ammunition was stored, leading to an evacuation of almost 30,000 locals. Here in the Daily Mail report, we can see a photograph by Reuters of the massive explosion which happened in central Ukraine.British media outlet IBTimes UK also uploaded the same video on its YouTube channel on September 27, 2017.Thus, we can conclude that this explosion has no relation to the ongoing attack of Ukraine by Russia. INDIA TODAY FACT CHECK      ClaimThis video shows a massive explosion in Ukraine caused by Russia’s attack on the country.ConclusionThis video is from September 2017 when Russia allegedly bombed one of Ukraine’s army warehouses where 188,000 tons of ammunition were stored. It has nothing to do with the ongoing crisis.JHOOTH BOLE KAUVA KAATEThe number of crows determines the intensity of the lie.1 Crow: Half True2 Crows: Mostly lies3 Crows: Absolutely false Want to send us something for verification? Please share it on our  at 73 7000 7000  You can also send us an email at factcheck@intoday.com",NA,https://www.indiatoday.in/fact-check/story/fact-check-this-horrifying-explosion-is-not-from-the-ongoing-conflict-between-russia-and-ukraine-1917512-2022-02-24
5,fact-check,"Fact Check: No, this is not Americans protesting in support of Ukraine in front of the White House","(24, 2, 2022)","Shortly after Russia's declaration of war on Ukraine on February 24, United States President Joe Biden vowed ""support and assistance"" for Ukraine in a call with President Volodymyr Zelenskyy. Biden also announced tough new sanctions on Russia.

Amid this, a video of a demonstration started circulating on social media with the claim that it showed people in the US protesting in front of the White House in support of Ukraine.The caption to the video read, ""Outside the White House, people protested in support of Ukraine, they say that what Russia is doing is not right."" The archived versions of similar posts can be seen here, here, and here.The India Today Anti Fake News War Room (AFWA) found the claim along with the video was misleading. This video is from a patriotic rally held in Ukraine's Kramatorsk on February 23, 2022.AFWA probeThough the building seen in the background of the viral video resembles the White House, a closer look confirmed that the building was not the official residence of the American President.We performed a reverse search of the keyframes of the video with relevant keywords and found similar videos and images in front of the same building carried by multiple media reports in Ukrainian and Russian languages. According to these reports, the video showed a gathering at the central square in Kramatorsk, a southeastern Ukrainian city in the Donetsk Oblast region controlled by Moscow-backed separatists. The gathering was in support of the Ukrainian government.We also found the viral video shared by multiple media outlets in Ukraine on February 23."" """": "", - ""https://t.co/llaKtsMU7f pic.twitter.com/RxyPcXw01Z— . (@censor_net) February 23, 2022
Other videos and images of the same event were also shared on Twitter by several journalists on the same date.Kramatorskin kulttuuripalatsin edustalla on alkamassa patrioottinen tilaisuus, jonka teemana on ”Ukraina on yhtenäinen”.Sanoisin jopa koskettavaksi tahdon osoitukseksi valtavan sodan uhan alla. pic.twitter.com/bQOhf84ngM— Mikko Marttinen (@MikkoMarttinen2) February 23, 2022
A Google Street View of the building seen in the viral video, the Palace of Culture and Technology in Kramatorsk's Myru Square where the demonstration was held, can be seen below.A comparison between the viral video and an image of the Palace of Culture and Technology in Kramatorsk can be seen below.  It is thus clear that the video in question is from a pro-Ukraine demonstration in Ukraine's Kramatorsk and not a protest in front of the White House in Washington DC.(With inputs from Sanjana Saxena in Lucknow) INDIA TODAY FACT CHECK      ClaimVideo shows Americans protesting in front of the White House demanding justice for Ukraine. Conclusion This video is from a pro-Ukraine protest gathering in Ukraine's Kramatorsk. The event was held on February 23, 2022. JHOOTH BOLE KAUVA KAATEThe number of crows determines the intensity of the lie.1 Crow: Half True2 Crows: Mostly lies3 Crows: Absolutely false Want to send us something for verification? Please share it on our  at 73 7000 7000  You can also send us an email at factcheck@intoday.com",NA,https://www.indiatoday.in/fact-check/story/no-this-is-not-americans-protesting-in-support-of-ukraine-in-front-of-the-white-house-1917507-2022-02-24
6,fact-check,Fact Check: Old video of air parade in Moscow passed off as Russian air raid in Ukraine,"(24, 2, 2022)","Amid Russia’s ongoing invasion of Ukraine, videos and images falsely claiming to be from the conflict continue to be shared. Among them is a captivating video of several military aircrafts flying in a formation over a residential area. The video was shared with the claim that these were Russian planes flying over Ukraine.

Several Twitter users shared this 30-second video clip with claims like, “The fighter jets have arrived.”Some verified handles like BJP’s Lok Sabha MP, PC Mohan, has also tweeted the same viral video and wrote, “‘The present situation in #Ukraine is highly uncertain. Stay where you are, avoid travel to Kyiv.’ India issues advisory to stranded citizens in Ukraine. The @MEAIndia control room is also being expanded and made operational on a 24x7 basis. #RussiaUkraineConflict #WWIII.” The India Today Anti Fake News War Room (AFWA) found that the claim along with the video misleading. This video has no connection with the ongoing Russia-Ukraine crisis.The viral posts are archived here, here, and here.AFWA probeWe ran a reverse image search with the help InVID tool and found the video on multiple YouTube channels, having been shared there as early as May 2020.We found a longer version of the viral video uploaded by a YouTuber, “GoOn”, on May 4, 2020. The title of the YouTube video in Russian, says, “ Parade rehearsal 05/04/2020. Air part. Flight of aircraft over Tushino.” This YouTube video was 4.48 minutes long.Comparing the screengrab of the viral video with the YouTube video, we could confirm that the viral video was an edited, shorter version of the YouTube video.""At the same time, when we compared the background sounds in the two videos, we found that the siren blaring in the viral video is missing in the original YouTube video."" Taking a clue from the YouTube title that this could be a rehearsal of an air parade near Tushino airfield, located northwest of Moscow, we performed more searches.With the help of the Russian search engine Yandex, we searched for news reports regarding this air parade that was supposedly held on May 4, 2020, near Moscow.These searches yielded multiple news reports published on Russian news portals on May 4, 2020, about this air rehearsal.Per these news reports, rehearsal of the aviation parade for Victory Day took place in Moscow on May 4, 2020. In Russia, every year on May 9, 2020, Victory Day is celebrated to commemorate the surrender of Nazi Germany in 1945.In 2020, the parade on Red Square on May 9, 2020, did not take place due to the Covid-19 pandemic. But during the rehearsals on May 4, more than 70 combat aircraft and helicopters, including fifth-generation Su-57 fighters, MiG-31K, reportedly flew over the Russian capital.Although Russia launched a full-scale offensive against Ukraine, this particular viral video does not show the ongoing crisis. This is a two-year-old video of the rehearsal of a Russian air parade in Moscow. INDIA TODAY FACT CHECK      ClaimThis air raid video by the Russian air force shows the present situation in Ukraine.ConclusionThis video captures an air parade rehearsal carried out by the Russian fleet on May 4, 2020, in Moscow. This was part of a rehearsal before Victory Day, celebrated on May 9, every year in Russia.JHOOTH BOLE KAUVA KAATEThe number of crows determines the intensity of the lie.1 Crow: Half True2 Crows: Mostly lies3 Crows: Absolutely false Want to send us something for verification? Please share it on our  at 73 7000 7000  You can also send us an email at factcheck@intoday.com",NA,https://www.indiatoday.in/fact-check/story/fact-check-old-video-of-air-parade-in-moscow-passed-off-as-russian-air-raid-in-ukraine-1917479-2022-02-24
7,fact-check,Fact Check: Old video of escalator accident in Rome shared as people taking shelter after Russia’s attack on Ukraine,"(24, 2, 2022)","Russia launched a broad attack on Ukraine from multiple directions early Thursday, February 24, bombarding cities, towns, and villages, and advancing toward the capital, Kyiv. Amid the escalating conflict, a video showing a group of people running down an escalator in panic has gone viral.

Several social media users shared this video with the claim, “This isn't people fleeing from Afghanistan or Syria. This stampede is to duck under a bunker to survive a possible missile or nuclear attack by Russia on Ukraine.”This isn't people fleeing from Afghanistan or Syria.This stampede is to duck under a bunker to survive a possible missile or nuclear attack by Russia on Ukraine.https://twitter.com/hashtag/UkraineRussiaCrisis?src=hash&ref_src=twsrc%5Etfw"">#UkraineRussiaCrisisa> https://twitter.com/hashtag/nuclearwar?src=hash&amp;ref_src=twsrc%5Etfw"">#nuclearwar https://twitter.com/hashtag/worldwar3?src=hash&amp;ref_src=twsrc%5Etfw"">#worldwar3 https://twitter.com/hashtag/RussiaUkraineConflict?src=hash&ref_src=twsrc%5Etfw"">#RussiaUkraineConflict/a> https://twitter.com/hashtag/RussiaInvadedUkraine?src=hash&ref_src=twsrc%5Etfw"">#RussiaInvadedUkrainea> https://t.co/ZCjpdzZUYs"">pic.twitter.com/ZCjpdzZUYsa>— Payal Mohindra (@payal_mohindra) https://twitter.com/payal_mohindra/status/1496745503014342656?ref_src=twsrc%5Etfw"">February 24, 2022
The India Today Anti Fake News War Room (AFWA) found that the claim along with the video misleading. This video has no connection with the ongoing Russia-Ukraine crisis.The archived versions of similar posts can be seen here and here.AFWA PROBEUpon reverse-searching keyframes of the viral clip, we found the same video on the YouTube channel of CNBC News. It was shared by the channel in October 2018.The caption on this video said, “Escalator accident in Rome subway station injures soccer fans”. The same video was also found on the YouTube channel of Global News on the same day with the same caption.Taking a cue from this, we conducted a keyword search to find out the details of the incident.We found a report published by The Independent. It stated that on October 23, 2018, 20 football fans, including a few Russians, got injured after an escalator at a metro station in Rome malfunctioned and sped up. The football fans were heading to a Champions League match between Roma and CSKA Moscow. The Independent also published the viral video in the report.Therefore, we can conclude that the claim along with this video is misleading. This video has no connection with the ongoing Russia-Ukraine conflict. It was shot in October 2018 when an escalator carrying football fans at a metro station in Rome malfunctioned.(With inputs from Sanjana Saxena in Lucknow) INDIA TODAY FACT CHECK      ClaimThis isn't people fleeing from Afghanistan or Syria. This stampede is to duck under a bunker to survive a possible missile or nuclear attack by Russia on Ukraine. ConclusionThis video has no connection with the ongoing Russia-Ukraine conflict. It was shot in October 2018 when an escalator carrying football fans at a metro station in Rome malfunctioned.JHOOTH BOLE KAUVA KAATEThe number of crows determines the intensity of the lie.1 Crow: Half True2 Crows: Mostly lies3 Crows: Absolutely false Want to send us something for verification? Please share it on our  at 73 7000 7000  You can also send us an email at factcheck@intoday.com",NA,https://www.indiatoday.in/fact-check/story/fact-check-old-video-escalator-accident-rome-shared-as-people-taking-shelter-after-russia-attack-ukraine-1917457-2022-02-24
8,fact-check,Fact Check: Was SP leader Swami Prasad Maurya beaten up by his party workers? Video goes viral with misleading claim,"(24, 2, 2022)","As the Uttar Pradesh Assembly Election continues, a video of a few people fighting on a stage has gone viral on social media. Many sharing the video claimed that former UP Minister Swami Prasad Maurya was beaten by his own party workers.

In January, Maurya resigned from the Yogi Adityanath-led cabinet and the Bharatiya Janata Party to join the Samajwadi Party. Since then, he has campaigned across the state for Akhilesh Yadav.“All that was left to be seen: During a public meeting, Swami Prasad Maurya was kicked on stage by the SP workers. Here’s a teaser” A Facebook user wrote in Hindi while sharing the aforementioned video.Another Twitter user shared the video with a Hindi caption claiming that the incident took place in Lucknow’s Malihabad Assembly. Archived versions of similar claims can be seen here and here.The India Today Anti Fake News War Room (AFWA) found this claim to be misleading. The viral video does not show Swami Prasad Maurya getting beaten up. Rather, it captured two groups of Samajwadi Party workers fighting.AFWA Probe With the help of the InVid tool and reverse image searches, we found the same video uploaded by News24 on February 20 on their YouTube channel. That video described this incident as a fight among the SP workers when Maurya was verbally attacking the Yogi government.As Maurya was not visible in the viral video, we looked for additional information on this by searching a few combinations of keywords.Results led us to a report published by the Navbharat Times, the Hindi edition of Times of India, on February 20, 2022. According to the report, when Maurya was done with his speech at a rally held in Malihabad, two SP leaders and their supporters started fighting. According to the report, the incident happened on Saturday, 19th February.However, the report didn’t carry any details about the groups of SP supporters who participated in the fight. Some more keyword searches took us to a report which was published by Jagran on February 19. The Jagran report described this incident in detail and noted that supporters of the Municipal Corporation Chairman Ahasan Aziz Khan and former Minister Isram Ali got into a heated conversation that subsequently turned into a fistfight. However, other leaders who were present on the stage pacified both groups soon.Therefore, it can be concluded that the viral video of two SP leaders’ supporters fighting among themselves was shared with misleading claims. INDIA TODAY FACT CHECK      ClaimIn Lucknow’s Malihabad Assembly, Samajwadi Party leader Swami Prasad Maurya was beaten up by his party workers. ConclusionViral video shows supporters of two Samajwadi Party leaders, Ahasan Aziz Khan and Isram Ali, fighting among themselves during a rally in Malihabad Assembly on February 19, where Swami Prasad Maurya was present.JHOOTH BOLE KAUVA KAATEThe number of crows determines the intensity of the lie.1 Crow: Half True2 Crows: Mostly lies3 Crows: Absolutely false Want to send us something for verification? Please share it on our  at 73 7000 7000  You can also send us an email at factcheck@intoday.com",NA,https://www.indiatoday.in/fact-check/story/was-sp-leader-swami-prasad-maurya-beaten-up-by-his-party-workers-viral-video-with-misleading-claim-1917429-2022-02-24
9,fact-check,Fact Check: Old video of chemical blast in China circulated as Russian bombing of Ukraine,"(24, 2, 2022)","Russian President Vladimir Putin in a televised address on Thursday, February 24, announced a military operation in the Donbass region of Ukraine. Soon after, a video of a massive explosion started circulating on social media, with claims that it was from the embattled country.

""Ukraine explosion fires started by Russian airstrike set off a chain reaction at Luhansk power plant,"" read the caption to one such video. The archived versions of similar posts can be seen here, here, and here.The India Today Anti Fake News War Room (AFWA) found that the claims along with the video were misleading. This video was from a 2015 chemical blast in China.AFWA probeBy reverse-searching the keyframes of the viral clip, we found the same video uploaded by multiple YouTube channels in 2015. This confirms that the video is old and not related to the ongoing Ukraine-Russia crisis.As per descriptions provided by YouTube channels, the video was from an explosion that took place in the Chinese port city of Tianjin.Taking a cue from this we performed a keyword search on Google and found the same video carried with credits to Reuters in an August 2015 report by The Guardian. According to this report, the video was from successive blasts that took place in a chemical plant in the industrial area of Tianjin.The description of the video provided by The Guardian reads as follows, ""A video filmed by stunned eyewitness, Dan Van Duren, captures the moment successive huge blasts tore through an industrial area in the Chinese port city of Tianjin on Wednesday. The explosions took place where toxic chemicals and gas were stored and killed at least 55 people, including firefighters. The blasts were so large they were seen by satellites in space"" The video was also shared by the BBC on its YouTube channel on August 14, 2015.According to a BBC report published in November 2016, over 173 people were killed in the incident. Around 49 people, including employees of the factory and government officials, were jailed by a Chinese court for their role in the blast caused by the illegal storage of 11,300 tonnes of hazardous chemicals.Explosions in UkraineMeanwhile, as per reports, moments after Putin declared war on Ukraine, large explosions were witnessed in Kyiv and Kharkiv. Journalists who were on the ground reported hearing the sound of blasts in Kyiv and several cities near the frontline and along the country's coast.It is, however, clear that the video in question is more than five years old and has nothing to do with the Russia-Ukraine conflict.(With inputs from Sanjana Saxena in Lucknow) INDIA TODAY FACT CHECK      ClaimThe video shows a large explosion that took place in Ukraine after Russian President Vladimir Putin announced a military operation in Ukraine.ConclusionThis video is from a 2015 chemical blast at a factory in the Chinese port city of Tianjin. However, moments after Putin declared war on Ukraine, large explosions were reported in Kyiv and Kharkiv.  JHOOTH BOLE KAUVA KAATEThe number of crows determines the intensity of the lie.1 Crow: Half True2 Crows: Mostly lies3 Crows: Absolutely false Want to send us something for verification? Please share it on our  at 73 7000 7000  You can also send us an email at factcheck@intoday.com",NA,https://www.indiatoday.in/fact-check/story/old-video-chemical-blast-china-circulated-russian-bombing-ukraine-1917350-2022-02-24
10,fact-check,Fact Check: Old photo of Ukrainians praying passed off as recent amid ongoing conflict with Russia,"(24, 2, 2022)","On Thursday, February 24, Moscow launched massive airstrikes on Ukraine. As per reports, explosions could be heard in Kyiv, the Ukrainian capital, and Kharkiv, in the country’s northeast. The Russian military said the civilian population and members of the military who surrendered were not being targeted.

In the days that led to this, a picture of a group of men and women praying in the snow has gone viral. The photo has been shared with claims that it shows Ukrainian Christians praying outdoors for their country in the middle of the looming threat of war.Several Facebook users shared this image with a caption that reads, “Ukrainian Christians pray outdoors, in the snow, for their country in this phase of war danger. Let's pray for our Christian family in Ukraine, in the face of these particularly critical times; may God grant wisdom, discernment, strength, courage, protection to His children, to the authorities & to the whole population!” The India Today Anti-Fake News War room (AFWA) found that the viral image is not related to the ongoing Russia-Ukraine crisis. It was taken in Ukraine in 2019. Ukrainian Christians were praying for their country in the snow at Freedom Square in Kharkiv, Ukraine.AFWA probeWith the help of reverse image searches, we found that the viral image was published on multiple websites in 2019.We found that the International Mission Board — a website that is known to publish articles on Christian faith and activities — published the viral image on September 25, 2019.The author of the article, Nicole Leigh, wrote about her experience of joining a prayer on an early morning at Freedom Square in Kharkiv, Ukraine in 2019. According to the article, a group of Ukrainian Christians had been praying outdoors every morning, withstanding the inclement weather since 2014. They prayed for peace in their country. The author wrote, “When the prayer group began in 2014, they were threatened by soldiers and violence as well as policemen who said they had to disperse or face jail.” But despite all odds, this prayer group kept on praying every day, relentlessly for their country.The year 2014 was a critical juncture in the history of the Russia-Ukraine crisis. Ukraine has been fighting pro-Moscow separatists since 2014, when Russia annexed Crimea. This was followed by mass protests in Kyiv, and more than 14,000 people lost their lives fighting in the Eastern fringe of the country.Hence, it is clear that an old picture of morning prayers by Ukrainian Christians has been falsely linked to the ongoing crisis in the region. INDIA TODAY FACT CHECK      ClaimUkrainian Christians pray outdoors in the snow for their country in the middle of the recent Russia-Ukraine crisis. ConclusionThe viral image is not related to the ongoing Russia-Ukraine crisis. It was taken in Ukraine in 2019. Ukrainian Christians were praying for their country in the snow at Freedom Square in Kharkiv.JHOOTH BOLE KAUVA KAATEThe number of crows determines the intensity of the lie.1 Crow: Half True2 Crows: Mostly lies3 Crows: Absolutely false Want to send us something for verification? Please share it on our  at 73 7000 7000  You can also send us an email at factcheck@intoday.com",NA,https://www.indiatoday.in/fact-check/story/fact-check-old-photo-of-ukrainians-praying-passed-off-as-recent-ongoing-conflict-russia-1917329-2022-02-24
11,fact-check,NA,NA,NA,NA,https://www.indiatoday.in/fact-check/video/fact-check-video-old-video-of-police-action-during-lockdown-goes-viral-with-pakistan-twist-1916842-2022-02-23
12,fact-check,Fact Check: Did Amit Shah say Modi sleeps 24 hours a day for the poor? Old clipped video of speech resurfaces,"(23, 2, 2022)","A short video clip of Union Home Minister Amit Shah has gone viral with the claim that at a political rally, he said that Prime Minister Narendra Modi sleeps 24 hours for the welfare of the poor.

Several Twitter and Facebook users shared this video clip with captions like, “Modi ji sleeps for 24 hours”. The India Today Anti-Fake News War Room ( AFWA) found the viral video was clipped and presented out of context to give it a different meaning. In the original video, Shah can be heard saying that PM Modi thinks about the welfare of the poor 24 hours a day while “Didi” (Mamta Banerjee) wonders when her nephew would become the Chief Minister. Shah made the statement while addressing a public meeting in Chapra, West Bengal, in April 2021.The viral posts are archived here, here, and here.AFWA probeWith the help of keywords searches, we discovered that the same video along with the same claim had made the rounds of social media in 2021 as well.We found the original video on the official Bharatiya Janata Party YouTube channel. It was uploaded on April 17, 2021. The title of the YouTube video read, “HM Shri Amit Shah addresses public meeting in Chapra, West Bengal.”At the 5.34-minutes mark, one can hear the unedited version of the portion of the speech that went viral.In the original video, Shah was talking about the Trinamool Congress-led government in West Bengal. Shah said “This is a government for the welfare of the nephew... Modi ji thinks about the welfare of the poor, 24 hours a day. And Didi thinks about when her nephew will become Chief Minister, 24 hours a day.”Instead of “sote” (sleep), Shah said “sochte” (thinks) in the original video. But the video was clipped to change the meaning of the sentence altogether.Thus, an old clipped video of Amit Shah has gone viral with a misleading claim.(With inputs from Sanjana Saxena) INDIA TODAY FACT CHECK      ClaimAmit Shah said Narendra Modi sleeps for 24 hours for the welfare of the poor. ConclusionThe viral video is clipped. In the original video, Shah says PM Modi thinks about the welfare of the poor, 24 hours a day, while “Didi” (Mamata Bannerjee) wonders when her nephew would become CM. Shah was addressing a public meeting in Chapra, West Bengal, in April 2021.JHOOTH BOLE KAUVA KAATEThe number of crows determines the intensity of the lie.1 Crow: Half True2 Crows: Mostly lies3 Crows: Absolutely false Want to send us something for verification? Please share it on our  at 73 7000 7000  You can also send us an email at factcheck@intoday.com",NA,https://www.indiatoday.in/fact-check/story/fact-check-did-amit-shah-say-modi-sleeps-24-hours-a-day-for-the-poor-old-clipped-video-of-speech-resurfaces-1916541-2022-02-23
