SN,category,headline,date,content,keywords,link
1,fact-check,"Fact Check: Know about the man smiling in the face of death, literally","(18, 10, 2020)","An image of a man with a noose around his neck tied to a crane, smiling and waving, has gone viral on Facebook with the claim that he was hanged to death in Syria because he was a Christian.

Several Facebook users have posted this haunting image with the caption, “He was sentenced to death in Syria because of his faith in Christ. Reports say he was smiling as on his way to be hung because of his extreme faith in God. Its time for us to step up and share the Gospel of our Lord & Saviour.”India Today Anti Fake News War Room (AFWA) has found the claim to be misleading. The man in the picture was Majid Kavousifar. He, along with his nephew, was executed in Tehran, Iran, in 2007 for killing a judge.The archived versions of the posts can be seen here and here.Using a reverse image search, we found several international news reports from 2007, carrying similar pictures of the same man with the blue noose around his neck.As per these news reports, Majid and his nephew Hossein were convicted of murdering an Iranian judge and publicly hanged from cranes in Tehran’s Ershad Judiciary Complex on August 2, 2007. The man seen in the picture is Majid.As per the BBC, the execution was carried out at the same location as the murder, and on the same date, in front of a huge picture of the murdered judge. When Hossein looked distressed as he awaited his execution, Majid gestured towards him and smiled in an attempt to reassure him. According to these news reports, in 2005, the two men had shot dead Hassan Moghaddas, a judge handling sensitive cases such as “moral corruption”.Earlier, India Today had debunked misleading claims with other similar photos of the incident linking them to the execution of an Algerian hacker.Hence, it is confirmed that the viral Facebook claim saying the man in the viral photo was executed in Syria for being a Christian is not true. INDIA TODAY FACT CHECK      ClaimMan in the picture was sentenced to death in Syria because he was a Christian. But he was smiling on his way to be hung because of his faith in Jesus Christ.ConclusionThe man in the picture is Majid Kavousifar. He was executed in Tehran, Iran, in 2007 for killing a judge.JHOOTH BOLE KAUVA KAATEThe number of crows determines the intensity of the lie.1 Crow: Half True2 Crows: Mostly lies3 Crows: Absolutely false Want to send us something for verification? Please share it on our  at 73 7000 7000  You can also send us an email at factcheck@intoday.com",NA,https://www.indiatoday.in/fact-check/story/fact-check-know-about-the-man-smiling-in-the-face-of-death-literally-1732859-2020-10-18
2,fact-check,Fact Check: Old video of Khushbu Sundar slapping a man resurfaces after she joins BJP,"(18, 10, 2020)","Ahead of the 2021 Tamil Nadu Assembly elections, actor-turned-politician Khushbu Sundar dumped the Congress and joined the Bharatiya Janata Party (BJP) on October 12. Sundar, who joined the BJP hours after resigning from the primary membership of Congress, served as the national spokesperson for Congress since 2015.

Amid this, a video of her slapping a man is viral on social media with the claim that the incident happened after she moved to BJP. It is also being said that the man who was slapped is a BJP worker who misbehaved with Khushbu.The caption to one such video in Tamil translates to, ""Today, a BJP member who tried to misbehave with Khushbu was slapped by the actor."" India Today Anti Fake News War Room (AFWA) has found that the claim is misleading. The video is from 2019 Congress-JD(S) election rally in Bengaluru and no credible sources reported the man to be a BJP worker.The archived versions of similar posts can be seen here, here, and here.AFWA probeWith the help of the InVid tool and appropriate keywords, we found that the incident is from April 2019, and has nothing to do with Khushbu's recent entry into the BJP.We found the same video carried by multiple media houses in April last year.India Today carried the same video on April 12, 2019, in a report titled, ""Congress Leader Khushbu Slaps Man for Misbehaving with Her during Roadshow"".According to the report, the incident took place when Khushbu was campaigning for the Bangalore Central Congress candidate on April 10, 2019. While Khushbu was on her way to the campaign jeep, a man misbehaved with her. Khushbu then slapped the man, according to the report.The News Minute report on April 11, 2019 quoted Khushbu as saying, ""He groped me once and I turned around and started walking. He groped me for the second time. That's when I turned and slapped him.""Quoting Bengaluru police, the article also reports that no FIR was registered against the man. He was warned and let go.We also found 2019 reports on the incident by The Hindu, NDTV, News18, The Indian Express, Asianet News and The Quint.However, no report has mentioned Khushbu or any other Congress leader alleging that the man who was caught misbehaving with the actor was a BJP worker.Meanwhile, we also found a report by The Week which alleges the man to be a Congress worker.The AFWA team could not independently verify the political affiliation of the man who misbehaved with Khushbu. Though it is clear that the incident is more than a year old and at the time of the incident, there was no allegation that the man is from BJP or any other political party. INDIA TODAY FACT CHECK      ClaimVideo shows Tamil Nadu actor-turned-politician Khushbu Sundar slapping a BJP man who groped her following her recent entry into the BJP. ConclusionThe viral video is from 2019. No credible sources have reported that the man being slapped is a BJP worker.JHOOTH BOLE KAUVA KAATEThe number of crows determines the intensity of the lie.1 Crow: Half True2 Crows: Mostly lies3 Crows: Absolutely false Want to send us something for verification? Please share it on our  at 73 7000 7000  You can also send us an email at factcheck@intoday.com",['Fact Check: Old video of Khushbu Sundar slapping a man resurfaces after she joins BJP '],https://www.indiatoday.in/fact-check/story/fact-check-old-video-of-khushbu-sundar-slapping-a-man-resurfaces-after-she-joins-bjp-1732691-2020-10-18
3,fact-check,Fact Check: Old video of fishes inside a flooded house falsely linked to recent Hyderabad deluge,"(17, 10, 2020)","Torrential rains in southern India have wreaked havoc in various regions, with Hyderabad being one of the worst-affected cities. Heavy rains lashed the state of Telangana which recorded at least 50 deaths, with 31 deaths in Hyderabad alone. According to media reports, the loss suffered by the state due to the downpour so far stands at Rs 5,000 crore.

While rescue and relief operations are underway in the state, a video showing fishes swimming in a flooded house is viral on social media claiming that it is from the recent Hyderabad deluge.The caption to one such video reads, ""Heavy rain in Hyderabad"".India Today Anti Fake News War Room (AFWA) has found that the claim is misleading. This is an old video and is not related to the current Hyderabad rains.The archived versions of similar posts can be seen here and here.AFWA PROBEWith the help of the InVid tool and appropriate keywords, we found that the viral video has been in circulation on the internet at least since August this year, attributing it to various cities.We found the same video uploaded on August 25, 2020, by Samayam Telugu on its official YouTube channel. The caption to the video reads, ""Viral Video: Fishes inside House Due To Floods in Warangal"". Multiple other local media outlets from Telangana also attributed the video to Warangal in August.According to various media reports, Warangal district in Telangana had experienced flash floods in the month of August this year.According to an India Today report published on August 22, 2020, flash floods had resulted in the inundation of several residential areas of Warangal in August.However, the same video has also been circulated as from Pakistan's Karachi in August this year. Though, we couldn't find any credible sources attributing the video to Pakistan.However, it is clear that the viral video showing fishes inside a flooded house is on the internet at least since August 2020 and hence is not of the current Hyderabad rains.In the wake of the current Hyderabad rains, several unrelated and old videos are shared on social media as recent visuals from Hyderabad.AFWA had earlier debunked multiple such misleading videos. INDIA TODAY FACT CHECK      ClaimVideo shows fishes inside a flooded house in Hyderabad during the ongoing torrential rains.ConclusionThe viral video has been circulating on the internet at least since August 2020. It is not related to the current Hyderabad rains.JHOOTH BOLE KAUVA KAATEThe number of crows determines the intensity of the lie.1 Crow: Half True2 Crows: Mostly lies3 Crows: Absolutely false Want to send us something for verification? Please share it on our  at 73 7000 7000  You can also send us an email at factcheck@intoday.com",['Fact Check: Old video of fishes inside a flooded house falsely linked to recent Hyderabad deluge'],https://www.indiatoday.in/fact-check/story/fact-check-old-video-of-fishes-inside-a-flooded-house-falsely-linked-to-recent-hyderabad-deluge-1732617-2020-10-17
4,fact-check,Fact Check: Viral clip of traffic signal floating in floodwater is not from Hyderabad,"(15, 10, 2020)","A video of a traffic signal post getting swept away in floodwater is circulating on social media with the claim that this is a scene from Hyderabad after heavy downpour.

Heavy rains in Telangana, including in the capital Hyderabad, have claimed over 30 lives and caused an estimated loss of Rs 5,000 crore.Amid this, a bizarre video of a traffic signal post floating down a waterlogged street has caught the attention of netizens. Many on Facebook, Twitter and YouTube claim that the video was shot in Hyderabad during the ongoing flood fury. The caption says, “First time in History. Signal crossing the road. #Hyderabad Rains”. India Today Anti Fake News War Room (AFWA) has found the claim to be misleading. The viral video is two years old and from Yulin city of China.The archived versions of the posts can be seen here, here, here and here. The video is being widely circulated on Facebook. The cluesAfter carefully looking at the video, we found signboards in shops and a sticker on the back of a two-wheeler in Mandarin. This raised doubts about the viral claim.  Using InVID tool, we sliced up the video into keyframes and using reverse image search, found that the longer version of the video was uploaded by the YouTube channel of China Global Television Network (CGTN) on May 11, 2018.The title of the video says, “Dramatic moment: ‘Walking’ traffic light gets swept down the flooded street in China”.According to CGTN, the video, filmed in Yulin city of south China’s Guangxi Zhuang Autonomous Region, shows a temporary traffic light being swept down a street by floodwaters.We found from Chinese media reports that 70,000 people were affected in Guangxi Zhuang due to heavy downpour in 2018.The clipping went viral last year as well with false claims that it was shot in Mumbai during heavy downpour. The claim was debunked by other fact-checkers.Live TV--- ENDS ---ALSO READ | Fact Check: Old video from Mexico shared as flooded Hyderabad airportALSO READ | Fact Check: Old videos go viral as visuals from Telangana as rains lash state INDIA TODAY FACT CHECK      ClaimViral video shows heavy rains swept away a traffic signal in Hyderabad.ConclusionThe video was shot in China’s Yulin city, where a traffic signal was captured being swept away by floodwater during heavy rains in 2018.JHOOTH BOLE KAUVA KAATEThe number of crows determines the intensity of the lie.1 Crow: Half True2 Crows: Mostly lies3 Crows: Absolutely false Want to send us something for verification? Please share it on our  at 73 7000 7000  You can also send us an email at factcheck@intoday.com","['heavy rains', ' heavy rain', ' rainfall in hyderabad', ' flooded streets', ' flooded roads', ' heavy downpour']",https://www.indiatoday.in/fact-check/story/fact-check-viral-clip-of-traffic-signal-floating-in-floodwater-is-not-from-hyderabad-1731985-2020-10-15
5,fact-check,Fact Check: Old video from Mexico shared as flooded Hyderabad airport,"(15, 10, 2020)","Relief operations are underway in Telangana after unprecedented rainfall over the last two days resulted in flooding of low-lying areas of the state, including in the capital Hyderabad. Several deaths and widespread damages were also reported.

Amid this, a video of a flooded airport is viral on social media with the claim that it is a scene from Hyderabad’s Rajiv Gandhi International Airport (RGIA). The caption says, “Hyderabad RGIA AIRPORT Shamshabad”.India Today Anti Fake News War Room (AFWA) has found the claim to be false. This is an old video from the international airport of Mexico City and is not related to Hyderabad.The archived versions of some of the posts can be seen here, here and here.AFWA probeUsing InVID tool and appropriate keywords, we found that the video is from Aeropuerto Internacional Benito Juárez Ciudad de México (AICM), the international airport of Mexico City. Also, the video is at least three years old.The same video was uploaded on August 31, 2017, by the verified Twitter handles of some Mexican media houses. The caption in Spanish translates to, “AICM has suspended operations because of the rains. This is what some track areas look like”.Suspenden operaciones en el @AICM_mx por las lluvias.Así lucen algunas zonas de pista. https://t.co/mKqbLJobARVideo: @CanalOnceTV. pic.twitter.com/2a2dYsTKkg— Newsweek México (@NewsweekEspanol) August 31, 2017
We also found a tweet by the official Twitter handle of the Mexican airport confirming that it had suspended operations on August 31, 2017, due to heavy rains. In fact, several Spanish media reports of the day carried either the same video or its screen grabs.RGIA clarifiesThe official Twitter handle of Hyderabad airport also confirmed that the viral video is not related to RGIA and operations are normal at the airport.“It has been noticed many fake videos of water logging at RGIA are in circulation. Please be informed that operations at your airport are normal. Your airport is #SafeToFly and you can reach out to our Information Desk at any given time or text us on our social media platforms for assistance,” the official statement said.pic.twitter.com/V06TR7eWgi— RGIA Hyderabad (@RGIAHyd) October 15, 2020
AFWA also reached out to the RGIA spokesperson who said, “Operations at Hyderabad airport are normal. Due to Covid-19 regulations, we are handling only around 150-200 aircraft every day. Flights redirected due to bad weather have also returned and the airport is safe to operate.”RGIA used to handle around 500 flights in pre-Covid days.The same viral video was shared over the years as visuals from other cities such as Mumbai and Bengaluru, and was fact-checked by several fact-checkers.Hence, it is clear that the video showing a flooded airport is not from Hyderabad but Mexico and is at least three years old.Live TV--- ENDS ---ALSO READ | Fact Check: Old videos go viral as visuals from Telangana as rains lash stateALSO READ | Fact Check: Old, unrelated images linked to Nagorno-Karabakh conflict INDIA TODAY FACT CHECK      ClaimVideo shows Hyderabad’s Rajiv Gandhi International Airport (RGIA) flooded due to incessant rainfall.ConclusionThis is an old video from Mexico. According to RGIA authorities, operations at the airport are normal.JHOOTH BOLE KAUVA KAATEThe number of crows determines the intensity of the lie.1 Crow: Half True2 Crows: Mostly lies3 Crows: Absolutely false Want to send us something for verification? Please share it on our  at 73 7000 7000  You can also send us an email at factcheck@intoday.com","['Fact Check', ' Mexico video', ' flooded Hyderabad airport', ' Hyderabad airport', ' flooded airport', ' flood in Hyderabad']",https://www.indiatoday.in/fact-check/story/fact-check-old-video-from-mexico-shared-as-flooded-hyderabad-airport-1731958-2020-10-15
6,fact-check,Fact Check: Old videos go viral as visuals from Telangana as rains lash state,"(15, 10, 2020)","Telangana and Andhra Pradesh have been witnessing heavy rainfall for the last couple of days. Till the time of filing this article, nearly 20 people lost their lives in Hyderabad and over 30 in Telangana due to incessant downpour that began on the night of October 13.

Amid this, multiple videos are circulating on social media as recent visuals from Hyderabad and its neighbouring districts. In this article, we will check three such videos.Video 1A video showing a crocodile being rescued from a waterlogged street is viral on social media with the claim that the video was captured in Hyderabad during the recent spate of torrential rainfall. The caption of one such video says, ""Magarmacch // Heavy Rain //Hyderabad //Crocodile // Alert"".Video 2A video showing rainwater flowing down heavily through the walls of a fort is viral with the claim that it is the historic Bhongir fort - a weekend getaway for Hyderabadis in neighbouring Bhuvanagiri district. The caption reads, ""Historic Bhongir fort near #Hyderabad #HyderabadRains"".Video 3Another video where people and two-wheelers are seen pulled away by floodwaters is also viral with the claim that it is a recent scene from Hyderabad.The caption says, ""#HyderabadRains Its painful to see what few days of rain can do to the city .. illegal encroachments, poor infrastructure, pathetic drainage system is making the city sink. Worst we have all sorts of schemes from Govt to regularise illegal work.. guess money matters most !""#HyderabadRainsIts painful to see what few days of rain can do to the city .. illegal encroachments, poor infrastructure, pathetic drainage system is making the city sink.Worst we have all sorts of schemes from Govt to regularise illegal work.. guess money matters most ! pic.twitter.com/6aMtKizNcr— ProNaMo (@ProNaMoSeva) October 13, 2020AFWA probeIndia Today Anti Fake News War Room (AFWA) has found all three claims to be misleading. The first video purportedly showing a crocodile on a street in Hyderabad is one year old, and was shot in Gujarat's Vadodara during the 2019 floods.The second video of the waterfall is from Zaffergadh fort in Jangaon district of Telangana and not Bhongir fort. The video is at least one month old. The third video showing people getting pulled away in floodwater is from the 2019 Hyderabad rains.The archived versions of the posts can be seen here, here, here, here, here, here and here.Let us now individually fact-check the three videos.Video 1: Crocodile in a waterlogged streetUsing InVID tool and appropriate keywords, we found a longer version of the same video carried by a YouTube channel called ""Gujarat News Live19"" on August 4 last year. The title of the video in Gujarati translates to, ""Due to heavy rains in Vadodara city, crocodiles were seen flooding the city"".NDTV carried a similar video on August 3, 2019, the title of which reads, ""Chilling Crocodile Rescue From Flooded Street In Gujarat"".The video description says: Battered by heavy rain, Gujarat's Vadodara saw a dramatic ""rescue"" on this week - not of humans or pets caught left stranded by rising water levels, but that of a crocodile Overflowing rivers brought crocodiles out on streets, creating a frightening situation for residents.We also found reports by news agency ANI and India TV that the National Disaster Response Force (NDRF) rescued a crocodile from Vadsar area of Vadodara on August 3, 2019.We can find the man with grey cap and brown t-shirt in both the longer version of the viral video and rescue images shared by ANI and India TV. Hyderabad Police, through its official Twitter handle, also confirmed that the video is not from the city.#Fakevideo pic.twitter.com/0OCjvdbBY4— Hyderabad City Police (@hydcitypolice) October 14, 2020In 2019, the same video went viral as visuals from Karachi, Pakistan, and ""Factly"" did a fact-check then.Video 2: The fortUsing InVID and appropriate keywords, we found the same video uploaded on Facebook last month. The caption says, ""Zaffergadh Fort Hill...""We also found the same video tweeted by ""The New Indian Express"" Warangal correspondent U Mahesh, confirming that the video is of Zaffergadh fort and not Bhongir fort.Clarifying the confusion over the location of the video, Mahesh tweeted, ""This is not at #Bhongirfort. This video was shot at Zaffergadh hill, #Jangaon. And it was shot in August -2020, not in the past a few days. Don't rush to #Bhongir to watch the spectacle"".This is not at #Bhongirfort. This video was shot at Zaffergadh hill, #Jangaon. And it was shot in August -2020 , not in the past a few days. Don't rush to #Bhongir to watch the spectacle pic.twitter.com/0eoHqu4cu5— Mahesh_TNIE (@maheemahesh25) October 13, 2020AFWA reached out to Mahesh who confirmed that the video must have been shot when it rained in Zaffergadh in August or September.""What we see in the viral video is a common phenomenon in Zaffergadh fort whenever it rains heavily. A similar situation in Bhongir fort can be dangerous as it is surrounded by residential buildings and a bus stand. But Zaffergadh fort is surrounded by an open field and rainwater can easily drain down."" he said.""Also, the viral video is in circulation for more than a month. It rained in Zaffergadh in August and September. So, it might have been shot during that time,"" Mahesh added.We also contacted the district collector of Bhuvanagiri, where Bhongir fort is located. Anitha Ramachandram, the collector, told AFWA, ""The viral video is not of Bhongir fort; it did not flood like that. Bhongir received heavy rainfall on October 13. But by October 14, it subsided.""Video 3: People pulled away by floodwatersWhen we did a reverse search of individual keyframes of the video, we found many news reports from September last year that carried a similar video.The video description in Telugu translates to, ""Several vehicles were washed away in the floods at Mozamjahi Market in Osmangunj area. Several people were also washed away."" We also found other Telugu news reports confirming that there were heavy floods in Hyderabad's Osmangunj area during the September 2019 rains. INDIA TODAY FACT CHECK      ClaimVideo shows a crocodile spotted in a residential area in Hyderabad during the ongoing heavy rains. ConclusionThe video was shot in Gujarat's Vadodara during the 2019 floods.JHOOTH BOLE KAUVA KAATEThe number of crows determines the intensity of the lie.1 Crow: Half True2 Crows: Mostly lies3 Crows: Absolutely false Want to send us something for verification? Please share it on our  at 73 7000 7000  You can also send us an email at factcheck@intoday.com","['Telangana', ' waters', ' rains videos', '']",https://www.indiatoday.in/fact-check/story/old-videos-go-viral-visuals-telangana-rains-lash-state-1731843-2020-10-15
7,fact-check, Fact Check: This is not the juvenile involved in Nirbhaya’s gang rape and murder,"(15, 10, 2020)","A picture of a man in white t-shirt escorted by police is circulating on social media with the claim that he was the juvenile involved in Nirbhaya’s gang rape and murder. Netizens are asking that he be hanged since he is an adult now.

The text in Hindi superimposed on the picture, as well as the captions used with it, translates to, “The juvenile convicted in the 2012 Nirbhaya case is now an adult. Should he be hanged? Raise your voice.”On December 16, 2012, a 23-year-old physiotherapist was brutally gang raped and tortured in Delhi, and she died 13 days later. Six people were found guilty, including a juvenile, who was sent to a rehabilitation centre for three years.While one of the convicts, Ram Singh, hanged himself in prison, the Supreme Court upheld the death penalty for the rest. In March this year, all four of them were hanged to death. India Today Anti Fake News War Room (AFWA) has found the claim to be misleading. The viral picture is not of the juvenile but another convict named Vinay Sharma. The juvenile was released after three years in rehabilitation.The archived versions of the posts can be seen here, here and here.The viral pictureUsing reverse image search, we found that the viral picture of the man in white t-shirt has been published in several news websites with the caption, “Vinay Sharma is one of the four convicts in the December 2012 Delhi gang rape case.”“Getty Images” also published the picture, giving credit to Hindustan Times photographer Sonu Mehta on September 24, 2013.The caption says, “December 16 Delhi bus gang rape accused Vinay Sharma brought to Delhi High Court under high security for hearing on September 24, 2013 in New Delhi, India. These are the faces of the four men sentenced to death for the brutal gang rape and murder of a young woman on a bus in New Delhi last December, in an attack that sent shock waves across India.”This can be seen hereRegarding the juvenile, we found from news reports that after spending three years in a rehabilitation centre, he was set free and later sent somewhere to South India to work as a cook in a restaurant.No news report carries his face or his present whereabouts. Hence, it is confirmed that the picture of Vinay Sharma, one of the four convicts hanged in the Nirbhaya case, is being falsely shared as the juvenile involved in the incident. INDIA TODAY FACT CHECK      ClaimPicture of the juvenile involved in the 2012 Nirbhaya gang rape and murder, who is now an adult. ConclusionThe picture is of Vinay Sharma, one of the four convicts hanged in the Nirbhaya case. The juvenile was released after three years in a rehabilitation centre.JHOOTH BOLE KAUVA KAATEThe number of crows determines the intensity of the lie.1 Crow: Half True2 Crows: Mostly lies3 Crows: Absolutely false Want to send us something for verification? Please share it on our  at 73 7000 7000  You can also send us an email at factcheck@intoday.com",NA,https://www.indiatoday.in/fact-check/story/fact-check-this-is-not-the-juvenile-involved-in-nirbhaya-s-gang-rape-and-murder-1731808-2020-10-15
8,fact-check,"Fact Check: Old, unrelated images linked to Nagorno-Karabakh conflict","(14, 10, 2020)","The three-decade-old conflict between Azerbaijan and Armenia over the disputed Nagorno-Karabakh region erupted once again last month. Both the countries accuse each other of violating ceasefire and shelling civilian areas.

Amid this, some netizens are sharing two pictures of heavily damaged defence equipment and claiming that they are the Russian-made S-300 air defence system of Armenia which was destroyed during attacks by Azerbaijan.The caption along with the pictures says, ""#BREAKING. AZERBAIJAN. Picture shows DESTROYED Russian Made S-300 Air Defence Systems of Armenia. Israeli made Harop Drones proved very effective against Russian Air Defence Systems."" India Today Anti Fake News War Room (AFWA) has found that the pictures are at least four years old and not related to the recent Azerbaijan-Armenia clash. The weapons were destroyed in an accident in Russia.The claim is being widely circulated on Facebook. The archived version can be seen here.AFWA probeAs per media reports, the viral pictures are old and related to an S-300 air defence system that was damaged in Russia in an accident. Reverse-searching the images, we found them in a Greek news article published on December 5, 2016. The report also has a YouTube video link of the incident that can be seen below.According to another report published in science and tech website ""Popular Mechanics"", a Russian surface-to-air missile had crashed after its motor failed to ignite. It says that the incident took place at Ashuluk Firing Range, a missile base in southwestern Russia.A Turkish website had also reported the incident.Earlier, AFP had debunked a similar claim. Thus, it is clear that the viral images are old and not related to the ongoing fight between Azerbaijan and Armenia. INDIA TODAY FACT CHECK      ClaimRussian-made S-300 air defence systems used by Armenia were destroyed during attacks by Azerbaijan. ConclusionThe viral pictures are at least four years old and not related to the conflict. The weapons were damaged in an accident in Russia.JHOOTH BOLE KAUVA KAATEThe number of crows determines the intensity of the lie.1 Crow: Half True2 Crows: Mostly lies3 Crows: Absolutely false Want to send us something for verification? Please share it on our  at 73 7000 7000  You can also send us an email at factcheck@intoday.com","['Azerbaijan', ' Nagorno-Karabakh']",https://www.indiatoday.in/fact-check/story/fact-check-old-unrelated-images-linked-to-nagorno-karabakh-conflict-1731491-2020-10-14
9,fact-check,Fact Check: Kirron Kher didn't say rapes cannot be stopped as it's part of our culture,"(13, 10, 2020)","Crimes against women have dominated the Indian public discourse since the Hathras incident. Amid this, a statement purportedly made by veteran actress Kirron Kher is causing a rage on social media. Users claim the BJP MP from Chandigarh said rape is part of Indian culture and cannot be stopped.

Facebook user ""Rajiv Tyagi"" wrote, ""Rape is part of Indian culture and tradition. We cannot stop it!"" and attributed the statement to ""Kiron Kher, BJP MP"". He also posted a picture of Kher, with text in Hindi superimposed on it, which is the literal translation of what the user wrote. India Today Anti Fake News War Room (AFWA) has found the claim to be misleading. The remark is part of a larger statement the MP made in 2018. It has been taken out of context and twisted. Kher had said rapes have been taking place since forever and can only be stopped with a change in mindset.The archived versions can be seen here and here.AFWA probeWhen we ran a keyword search, we couldn't find any recent statement on rapes by Kher following the Hathras incident. However, we found multiple reports on a statement she made almost three years back on the subject.In 2018, reacting to a series of rapes reported from Haryana, Kher had given a long statement where she said a change in mindset can end such incidents.We found video reports on the statement uploaded by news agency ANI and ""The Times of India"" on January 22, 2018.Speaking to the media on the Haryana rape cases, the MP can be heard saying, ""Such incidents (rapes) are not new. They have been taking place forever. Only a change in mindset can bring a change. Change in society starts from within a family.""""Our daughters are doing very well in the country and in the world. These incidents (rapes) are happening not just in Haryana, but everywhere else as well. This does not mean what happened was right. It is wrong. Capital punishment is an appropriate punishment for rape. I am hurt by the recent incidents (rapes),"" she further said.We also found several news reports that elaborated Kher's statement (https://www.business-standard.com/article/news-ani/change-of-mindset-can-end-rape-culture-kirron-kher-118012200582_1.html) on the Haryana rapes. No report quoted her as saying rapes cannot be stopped since it's a part of Indian culture.A similar misleading claim was fact-checked by ""Boom Live"" (https://www.boomlive.in/kirron-khers-one-year-old-remark-on-rape-revived-with-misleading-context/?infinitescroll=1) in 2019.Controversy over Kher's rape remarks, 2017In 2017, Kher was trolled for her statement on a Chandigarh rape case - where a young woman was gang raped by an auto-rickshaw driver and two of his accomplices.""I want to tell something to all girls. When there are already three men in an auto-rickshaw, you shouldn't take that ride,"" she had said at a press meet. Politicians and netizens criticized Kher for ""victim-blaming"" following the statement.#WATCH BJP MP Kirron Kher says 'she (Chandigarh rape victim) should not have boarded the auto rickshaw when she saw three men sitting in it' (29.11.17) pic.twitter.com/Daqe95rTIO— ANI (@ANI) November 30, 2017
However, the MP then stood by her statement saying she only meant girls should be careful.Thus, it is clear that Kher never said rapes cannot be stopped because it is part of Indian culture and tradition. She only said rapes have been taking place since forever and can only be stopped with a change in mindset. INDIA TODAY FACT CHECK      ClaimBJP MP from Chandigarh Kirron Kher has said rape is part of Indian culture and it cannot be stopped. ConclusionKirron Kher had said rapes are taking place since forever and can only be stopped with a change in mindset.JHOOTH BOLE KAUVA KAATEThe number of crows determines the intensity of the lie.1 Crow: Half True2 Crows: Mostly lies3 Crows: Absolutely false Want to send us something for verification? Please share it on our  at 73 7000 7000  You can also send us an email at factcheck@intoday.com","[""Fact Check: Kirron Kher didn't say rapes cannot be stopped as it's part of our culture ""]",https://www.indiatoday.in/fact-check/story/fact-check-kirron-kher-didn-t-say-rapes-cannot-be-stopped-as-it-s-part-of-our-culture-1731299-2020-10-13
10,fact-check,"Fact Check: Dad spoofs maternity shoot, pics go viral with misleading claim ","(13, 10, 2020)","Several pictures of a man in a blue skirt cradling his unclothed belly painted with flowers have caught the attention of netizens.

Many Facebook users have posted the pictures with the claim that the man is doing a pregnancy photoshoot instead of his wife as she refused and he had already paid the photographer.Facebook user ""Valentin Bosioc"" uploaded the pictures on October 12, and his post has already received 1.2 lakh likes and an equal number of shares till this article was filed. The caption says, ""Pregnant wife refused the photoshoot, so the husband did it, because he already paid for it"".The user mentioned the name of the photographer as Martyn Wilkes. India Today Anti Fake News War Room (AFWA) has found the claim along with the pictures to be misleading. The four-year-old images are of a Spanish father who had arranged the photoshoot as a spoof with his photographer friend.The archived versions of the posts can be seen here and here.With the help of reverse image search, we found the viral photos in an article by ""Daily Mail"" in 2017.As per this article, Francisco Pérez from Málaga in Spain was inspired to stage a maternity photoshoot with his photographer friend Martyn Wilkes. These pictures were shot in 2016. We found the same images on Wilkes' Facebook page. Most of these photos were posted in 2016. As per the ""Daily Mail"" article, 51-year-old Pérez, who goes by the nickname Paco, was already a father of two at the time of the photoshoot and he wasn't expecting another child.But the photographer recently updated the photo album by adding a few more pictures from the same shoot. In the caption, he said his friend is expecting a baby girl, Noelia. India Today then contacted Wilkes, who told us a funny story behind the bizarre photoshoot.""Some 18 years earlier, he wrote down the name of his daughter on her birth certificate incorrectly due to drinking beer on the route. It was supposed to be Noelia, but he wrote Natalia. To make up to his wife, he agreed to pose for me for the shoot,"" Wilkes told India Today.Therefore, it is wrong to say that the photoshoot was arranged because the wife backed out and the man had already paid the photographer. INDIA TODAY FACT CHECK      ClaimPictures of a man posing for a maternity shoot because his wife refused and he had already paid the photographer.ConclusionThe pictures are four years old. A Spanish father had arranged the shoot as a spoof with his photographer friend. JHOOTH BOLE KAUVA KAATEThe number of crows determines the intensity of the lie.1 Crow: Half True2 Crows: Mostly lies3 Crows: Absolutely false Want to send us something for verification? Please share it on our  at 73 7000 7000  You can also send us an email at factcheck@intoday.com","['Fact Check: Dad spoofs maternity shoot', ' pics go viral with misleading claim\xa0']",https://www.indiatoday.in/fact-check/story/dad-spoofs-maternity-shoot-pics-go-viral-misleading-claim-1731271-2020-10-13
11,fact-check,Fact Check: Video game footage passed off as Azerbaijani air attack on Armenian forces,"(11, 10, 2020)","As immense fighting rages on in the Nagorno-Karabakh region, a video clip of air attacks and counter ground defence has gone viral on Facebook with the claim that this is the video of how an Azerbaijani MiG-25 was shot down by Armenian forces.

Several Facebook users have posted the clip with the caption, “An Azerbaijani MiG-25 was shot down from the Armenian defences by the Shilka weapon. In Nagorny Karabakh, the Azerbaijani pilot did more than one manoeuvre to strike the ground defences of the Armenian air defence forces ... a fierce war”India Today Anti Fake News War Room (AFWA) has found that the viral video is from a video game called ARMA 3.The archived versions of the posts can be seen here and here. Several Facebook users have posted the clip with similar claims. Some social media users, however, doubted the viral claim and commented that it is CGI (computer-generated imagery) and not the actual footage of an air attack.With the help of InVID, we sliced up the viral clip into keyframes and using reverse image search, found that on August 22, a Japanese YouTube channel had posted the video. The video description when translated to English says, “A-10 Thunderbolt Warthog Thunderbolt CRAM Sius ARMA3 Arma 3”.ARMA 3 is an open-world, realism-based, military tactical shooter video game developed and published by Bohemia Interactive.India Today had earlier debunked a similar misleading claim where another ARMA 3 CGI video was passed off on social media as an original anti-missile Israeli defence system.ARMA 3 videos can be modified and customised by gamers as per their own imagination, as told by its developer Bohemia Interactive to AFP Fact Check.Hence, it is confirmed that the viral clip is not the original footage of the war between Armenia and Azerbaijan. One such original video of the war can be seen here. INDIA TODAY FACT CHECK      ClaimVideo footage shows Azerbaijani air raid over Armenian forces. ConclusionThis is a CGI video from the ARMA 3 video game and not an actual war footage.JHOOTH BOLE KAUVA KAATEThe number of crows determines the intensity of the lie.1 Crow: Half True2 Crows: Mostly lies3 Crows: Absolutely false Want to send us something for verification? Please share it on our  at 73 7000 7000  You can also send us an email at factcheck@intoday.com",['Fact Check: Video game footage passed off as Azerbaijani air attack on Armenian forces '],https://www.indiatoday.in/fact-check/story/fact-check-video-game-footage-passed-off-as-azerbaijani-air-attack-on-armenian-forces-1730596-2020-10-11
12,fact-check,Fact Check: This heart-wrenching video of a rickshaw puller is not from India,"(11, 10, 2020)","A few days back, a video showing the hardships of an aged couple running an eatery in South Delhi went viral on social media. The video prompted an outpour of support for the couple.

Another heart-wrenching video where a man is seen helplessly weeping as his rickshaw gets seized as part of an eviction drive is viral on social media with the claim that the incident is from India.Several Indian social media handles have shared the video with the caption, “The Law of this country is only for poor people..!” They have also used hashtags such as #India, #NarendraModi, #BJP and #ArvindKejriwal.India Today Anti Fake News War Room (AFWA) has found the claim along with the video to be misleading. The incident is from Bangladesh and not India. The man was weeping because his rickshaw was seized by Dhaka civic officials.Some have posted the video in reply to tweets by Indian leaders. One such tweet to Rahul Gandhi can be seen here. Other similar posts on social media can be seen here and here. The archived versions can be seen here, here and here.AFWA probeWe noticed that some text superimposed on the video is in Bangla. A few shops behind also have their names in Bangla. Most importantly, the microphone held in front of the man has the logo of “Jamuna TV”, a Bangladesh-based news channel. Taking clues from this, we did a reverse search of key frames of the video with appropriate keywords and found that the incident is from Dhaka in Bangladesh. The man seen crying in the video is Fazlur Rahman whose rickshaw was seized during an eviction drive by Dhaka South City Corporation on October 5.We found the image of the same man in an article by “Dhaka Tribune” published on October 8. The title of the article reads, “Rickshaw puller turns entrepreneur with help from Shwapno”. According to the article, Fazlur had bought a battery-powered rickshaw with a loan of 80,000 Bangladeshi taka after having lost his previous job amid the Covid-19 pandemic. The article says that on October 5, Dhaka South City Corporation launched an operation to evict battery-powered rickshaws, and Fazlur’s only rickshaw was also seized as part of this drive in Jigatala area of the city.The “Dhaka Tribune” also says how Fazlur’s emotional video went viral and an online grocery delivery service called “Shwapno” came forward to help him by purchasing two rickshaws for him.Several news websites such as “News18”, “Times Now”, “Asianet News Bangla” and “The Business Standard Bangla” covered the incident on October 9, confirming that it is from Dhaka.According to the “News18” report, the video was originally posted by a Facebook user from Bangladesh, Sakib Rahman, which went viral and garnered massive public attention. Many individuals and groups then came forward to help those affected by the eviction drive. Ahsan Bhuiyan, a Facebook user from Dhaka, also uploaded photos of Fazlur on his Facebook account, saying he had ordered rickshaws for him and two other drivers who had lost their rickshaws during the eviction.


 
...Posted by Ahsan Bhuiyan on Thursday, 8 October 2020Therefore, it is clear that the viral video of a man breaking down as his rickshaw was seized by civic officials is not from India but Dhaka in Bangladesh.Live TV--- ENDS ---READ MORE |  Fact Check: No, this video does not show RSS workers killing Dalit IAS officer READ MORE | Fact Check: Trump's fake tweet claims of him getting a shot of the Russian vaccine WATCH | Fact Check: This is not Bhagat Singh getting flogged in viral image INDIA TODAY FACT CHECK      ClaimVideo shows a helpless rickshaw puller in India breaking down after his rickshaw was seized during an eviction drive. ConclusionThe video is from Dhaka in Bangladesh.JHOOTH BOLE KAUVA KAATEThe number of crows determines the intensity of the lie.1 Crow: Half True2 Crows: Mostly lies3 Crows: Absolutely false Want to send us something for verification? Please share it on our  at 73 7000 7000  You can also send us an email at factcheck@intoday.com","['fact check', ' rickshaw puller', ' baba ka dhaba', ' viral video']",https://www.indiatoday.in/fact-check/story/fact-check-this-heart-wrenching-video-of-a-rickshaw-puller-is-not-from-india-1730408-2020-10-11
