SN,category,headline,date,content,keywords,link
1,fact-check,NA,NA,NA,NA,https://www.indiatoday.in/fact-check/video/fact-check-video-six-year-old-picture-of-police-action-linked-to-ongoing-farmers-protest-1821654-2021-07-01
2,fact-check,"Fact Check: This is not Jonathan the tortoise, world’s oldest living animal","(29, 6, 2021)","He has lived through two world wars, the Russian Revolution, seven monarchs on the British throne and 39 United States presidents. He has seen them all in his lifetime. He is Jonathan the tortoise the oldest living animal on the planet today.

Now, multiple Facebook users have posted the picture of a large tortoise, claiming that this is Jonathan, which will turn 190 next year. “Born in 1832, Jonathan the Turtle is expected to turn 190 in 2022. This makes him the oldest known land animal alive,” reads the text superimposed on the picture. India Today Anti Fake News War Room (AFWA) has found that the 189-year-old Jonathan, a Seychelles tortoise living on St Helena island on South Atlantic Ocean is indeed the world’s oldest animal alive. But the tortoise seen in the viral post is not Jonathan. It is a Galapagos tortoise at the Taronga Western Plains Zoo in Australia.The archived version of the post is saved here.What AFWA found Using reverse image search, we found the viral picture on the Instagram account of Taronga Zoo, posted on April 30, 2014.The Instagram post reads, “Taronga Western Plains Zoo has continued its Galapagos Tortoise breeding success, welcoming two new hatchlings! The hatchlings will take 20-25 years to reach their full size and may live up to 150 years! Our photo shows the tiny pair next to three-year-old hatchling, NJ and one of our adult males.” International fact-check website “Check Your Fact” has spoken to a Taronga Zoo spokesperson who confirmed that the viral picture is of a “male tortoise in his fifties”.Jonathan the tortoiseAccording to Guinness World Records, Jonathan, the 189-year-old tortoise is the oldest animal on earth. As per records, he was born in 1832, five years before the coronation of Queen Victoria.Although the tortoise is originally from Seychelles in the Indian Ocean, it has been residing on the remote island of St. Helena in the South Atlantic since 1882. (Picture credit: Guinness World Records)Therefore, it is true that Jonathan, the oldest animal, will turn 190 next year, but the tortoise in the viral post is not him.Live TV--- ENDS ---Read | Fact Check: Indian Olympic chief hits a penalty, flashes fake Olympic medal INDIA TODAY FACT CHECK      ClaimThis is Jonathan the turtle, the oldest known land animal alive today. Born in 1832, it will turn 190 next year.ConclusionThe 189-year-old Jonathan, a Seychelles tortoise living on St. Helena island, is indeed the world’s oldest animal alive. But this picture is of a Galapagos tortoise at the Taronga Western Plains Zoo in Australia.JHOOTH BOLE KAUVA KAATEThe number of crows determines the intensity of the lie.1 Crow: Half True2 Crows: Mostly lies3 Crows: Absolutely false Want to send us something for verification? Please share it on our  at 73 7000 7000  You can also send us an email at factcheck@intoday.com","['Jonathan the tortoise', ' Galapagos tortoise', ' Taronga Western Plains Zoo', ' Australia', ' South Atlantic Ocean', ' Seychelles tortoise', ' oldest living animal', ' ']",https://www.indiatoday.in/fact-check/story/fact-check-this-is-not-jonathan-the-tortoise-world-s-oldest-living-animal-1820912-2021-06-29
3,fact-check,Fact Check: Six-year-old picture of police action linked to ongoing farmers’ protest,"(29, 6, 2021)","On June 26, protesting farmers clashed with police in Chandigarh while they were on their way to the Raj Bhavan to submit a memorandum. Police used water cannon to disperse the protesters after they broke through barricades.

Many social media users denounced the police action and spoke out in support of farmers. Some shared pictures of an old lady being forcibly carried by six policewomen and accused Chandigarh police of being anti-farmer and treating civilians in an inhumane way. India Today Anti Fake News War Room (AFWA) has found the claim along with the picture to be misleading. The picture was taken in August 2015 during a protest in Punjab’s Patiala. It is not connected to the ongoing farmers’ agitation.The archived version of the viral post can be seen here.AFWA investigationA reverse search of the picture led us to reports by “The Tribune” and “Hindustan Times” published in August 2015.As per these reports, the picture was taken during a clash between some farmers and police who reached Hariau Kalan village in Patiala to vacate a panchayat land “illegally” occupied by some residents. Police and administration teams had court orders to take possession of the land, but unhappy farmers started pelting stones when they started to seal the houses.To tackle the situation, police resorted to lathicharge and fired tear gas. Farmers said they had a stay order on vacating the land but police were not ready to listen. Twelve farmers and three cops were injured in the clash, according to the news reports.Hence, it is clear that a six-year-old picture is being circulated as police high-handedness during the ongoing farmers protest.However, according to “The Tribune” when a video of a boy being “lathicharged and abused” by Chandigarh police on June 26 went viral, city SSP Kuldeep Singh Chahal said he wasn’t obeying even farmers’ leaders, and thus, “mild force” had to be used.Police also registered multiple FIRs against farmers’ leaders on several charges, including rioting, over the Chandigarh violence.Live TV--- ENDS ---Read | Fact Check: This is not the ‘newly renovated’ Kashi Vishwanath temple INDIA TODAY FACT CHECK      ClaimPicture shows the conduct of Chandigarh police towards protesters during the ongoing farmers’ agitation.ConclusionThe picture was taken in August 2015 in Punjab’s Patiala. Clashes had broken out when police tried to remove alleged encroachers on panchayat land. The image is not related to the ongoing farmers protest.JHOOTH BOLE KAUVA KAATEThe number of crows determines the intensity of the lie.1 Crow: Half True2 Crows: Mostly lies3 Crows: Absolutely false Want to send us something for verification? Please share it on our  at 73 7000 7000  You can also send us an email at factcheck@intoday.com","['Anti-farmer', ' protesting farmers', ' Chandigarh', ' Raj Bhavan', ' Punjab', ' Patiala', ' police resorted to lathicharge']",https://www.indiatoday.in/fact-check/story/fact-check-six-year-old-picture-of-police-action-linked-to-ongoing-farmers-protest-1820897-2021-06-29
4,fact-check,Fact Check: This is not the ‘newly renovated’ Kashi Vishwanath temple,"(28, 6, 2021)","Work on the Kashi Vishwanath corridor the multi-crore expansion and beautification project in Prime Minister Narendra Modi’s constituency Varanasi is continuing on a war footing. Amid this, a video is circulating on social media with the claim that it is the renovated Kashi Vishwanath temple.

The video, which has also been uploaded on YouTube shows hundreds of Shivlings inside the temple, crystal replicas of the 12 Jyotirlingas, and the temple’s stunning interiors.However, India Today Anti Fake News War Room (AFWA) has found that it is not the Kashi Vishwanath temple, but Mani Mandir in Varanasi. According to the plan, the main Kashi Vishwanath temple, the sanctum sanctorum, and the surrounding areas will remain unchanged in the beautification drive.The archived versions of the viral posts are saved here, here, and here.AFWA investigation Some users had commented on the viral posts that it is Mani Mandir in Varanasi. Taking this as a cue, we looked for news articles and videos related to the temple.Some local news channels and vloggers had put out videos of Mani Mandir on YouTube, which resemble the viral video.As per news reports the temple was inaugurated in February last year.Similar interiors and pictures of the Jyotirlingas as seen in the viral clipping have been published in these news reports, which prove the video was shot inside Mani Mandir.Screenshot from viral video Mani Mandir picture in news report  The Mani Mandir is run by a religious organisation called Shri Dharm Sangh. Its website has multiple pictures and videos of the temple that show the same structure and lingas as seen in the viral video.Will Kashi Vishwanath get a new look? AFWA spoke to Sunil Verma, the CEO of Shri Kashi Vishwanath Temple Trust, to confirm whether the historic Kashi Vishwanath temple will get a new look in the renovation drive.“There is no plan to change anything in the main temple, the sanctum sanctorum or the surrounding areas of the temple. It will remain as it is with its old glory,” Verma said. According to him, the massive expansion and beautification project will be completed by November 15 this year.Live TVRead | Fact Check: Viral order on DA for central govt employees is fake INDIA TODAY FACT CHECK      ClaimThis is the newly renovated Kashi Vishwanath temple of Varanasi. ConclusionThis is Varanasi’s Mani Mandir, inaugurated in February last year. Although the beautification project in Varanasi is in full swing, the main Kashi Vishwanath temple, sanctum sanctorum and surrounding areas will remain unchanged.JHOOTH BOLE KAUVA KAATEThe number of crows determines the intensity of the lie.1 Crow: Half True2 Crows: Mostly lies3 Crows: Absolutely false Want to send us something for verification? Please share it on our  at 73 7000 7000  You can also send us an email at factcheck@intoday.com",NA,https://www.indiatoday.in/fact-check/story/fact-check-this-is-not-the-newly-renovated-kashi-vishwanath-temple-1820470-2021-06-28
5,fact-check,"Fact Check: Indian Olympic chief hits a penalty, flashes fake Olympic medal","(28, 6, 2021)","More than 100 Indian players across 17 categories have so far made it to the Tokyo Olympics, scheduled to begin from July 23. All eyes are on the mega event that had to be postponed last year due to the Covid-19 outbreak.

But has India, and more specifically Hindi, found special mention in this Olympics? If some netizens are to be believed, volunteers at the event will be given a medal on which the word ‘volunteer’ will be written in 11 global languages ‘swayamsevak’ will be written in Hindi too. Social media users say this shows how India has gained stature on the global stage.Indian Olympic Association (IOA) president Dr Narinder Dhruv Batra also shared the picture of the said medal on his verified Facebook page. “Volunteer Medal for Volunteers in Tokyo Olympics, has SWAYAMSEWAK written on it in Hindi,” he wrote. India Today Anti Fake News War Room (AFWA) has found that no such medal has been introduced by the International Olympic Committee so far. The viral image is of an Olympic-themed ‘pin’ which is being sold on the e-commerce website ‘eBay’.Though Batra later deleted the post, the claim went viral on Facebook, Twitter The archived version of one such post can be seen here.AFWA probe We did not find any information on the official Olympics website about the said medal for volunteers with ‘swayamsevak’ inscribed on it. No credible media outlet has reported it either. Had this been true, it would have certainly got widespread media coverage.Reverse-searching the viral image along with relevant keywords led us to the e-commerce website “eBay”. Here, the same item is being sold for US $1.50 (around Rs 111) Going through the product description and scanning its images taken from different angles, we found that the viral image does not show any “medal” but a pin/badge that can be fastened on to garments. On eBay, it has been described as “Olympic Tokyo2020 pin volunteer languages benevole volontair pin”. No clue if this news is genuine or fake: Dr BatraWe spoke to IOA president Dr Narinder Dhruv Batra who’d shared the claim. He told us he was not aware of the source of the claim and had shared it because the person who forwarded it to him was quite responsible.“I have no idea if the person who sent this to me was aware of its source or he too had relied on a forwarded message. I can remove it if there’s something wrong about it. IOA has nothing to do with this volunteer medal news,” he said.The Olympics website has a list of items which would be provided to volunteers. This list does not mention any medal.Dr Batra deleted the Facebook post minutes after talking to us.‘Electronic junk’ transformed into medals It is noteworthy that used mobile phones and other electronic gadgets were used to create the gold, silver and bronze Olympic-Paralympic medals this time. This unique initiative was named the Tokyo 2020 Medal Project.The design of these medals can be seen here.However, these medals are supposed to be given to winners and not volunteers.This clearly shows that an Olympic-2020 themed pin being sold on an e-commerce website is falsely being shared as a medal to be distributed to volunteers at the Tokyo Olympics.Live TVRead | Fact Check: Garbage-filled stream in Philippines passed off as Mumbai’s Mithi river INDIA TODAY FACT CHECK      ClaimVolunteers at the upcoming Tokyo Olympics will be given medals with the word ‘volunteer’ written in several languages, including ‘swayamsevak’ in Hindi. This shows India’s stature in the world. ConclusionThe picture is of a ‘volunteer pin’ being sold on the e-commerce website ‘eBay’. So far, no such announcement regarding ‘volunteer medals’ has been made by the International Olympic Committee.JHOOTH BOLE KAUVA KAATEThe number of crows determines the intensity of the lie.1 Crow: Half True2 Crows: Mostly lies3 Crows: Absolutely false Want to send us something for verification? Please share it on our  at 73 7000 7000  You can also send us an email at factcheck@intoday.com",NA,https://www.indiatoday.in/fact-check/story/fact-check-indian-olympic-chief-hits-a-penalty-flashes-fake-olympic-medal-1820483-2021-06-28
6,fact-check,Fact Check: Garbage-filled stream in Philippines passed off as Mumbai’s Mithi river,"(28, 6, 2021)","Two pictures one of a sparkling clean river and the other garbage-choked are circulating on social media. Netizens claim that while the former is the Sabarmati riverfront in Ahmedabad, the other is Mithi river in Mumbai.

BJP Mahila Morcha social media in-charge Priti Gandhi also tweeted the comparison, claiming that this is the situation despite similar budgets for cleaning up both rivers. India Today Anti Fake News War Room (AFWA) has found that while the first picture is actually of the Sabarmati riverfront, the other is from Manila in Philippines.Similar posts are also circulating on Facebook that can be seen here and here. The archived version of Gandhi’s tweet can be seen here.AFWA probeReverse-searching the image of the garbage-filled river, we found it in the iStock website. The picture was taken on January 6, 2008.“A river of garbage clogs a creek in Manila. Poverty and garbage disposal are major problems in the Philippines,” reads the caption. The picture was credited to Tony Oquias, a freelance photographer from the Philippines, according to his LinkedIn profile. The same picture was carried in some websites as well, where it was described as a polluted river in the Philippines.On the other hand, the picture of the clean river is indeed of Sabarmati as claimed in the viral posts. Reverse-searching the image, we found it in a 2013 report in “The Economic Times”. Several Gujarati websites also carried the picture in reports related to the Sabarmati riverfront development project.Mithi vs SabarmatiAs reported by “Hindustan Times” in June 2017, the water at the mouth of Mithi river and at Versova beach was found to be the dirtiest, with pollution levels almost 13 times above the safety limit. The assessment was made by the Maharashtra Pollution Control Bound.In February 2019, “The Hindu” reported about some volunteers who had removed over 1 lakh kg of plastic and a similar amount of hyacinth from a 350-metre patch of Mithi river.In another report published in January this year, “The Hindu” quotes environment and forest ministry data to say that Sabarmati is among the most polluted rivers in the country.We are not detailing the budget outlay for cleaning up Sabarmati and Mithi rivers, but it can be said with certainty that the image of the garbage-choked river in the viral post is from the Philippines and not Mumbai. INDIA TODAY FACT CHECK      ClaimHere’s what the Sabarmati riverfront in Ahmedabad and Mithi river in Mumbai look like despite similar funds spent on them. While the former is sparkling clean, the latter is choked with garbage. ConclusionWhile the first image is indeed of the Sabarmati riverfront in Ahmedabad, the garbage-filled stream is in Manila, Philippines.JHOOTH BOLE KAUVA KAATEThe number of crows determines the intensity of the lie.1 Crow: Half True2 Crows: Mostly lies3 Crows: Absolutely false Want to send us something for verification? Please share it on our  at 73 7000 7000  You can also send us an email at factcheck@intoday.com",NA,https://www.indiatoday.in/fact-check/story/fact-check-garbage-filled-stream-in-philippines-passed-off-as-mumbai-s-mithi-river-1820319-2021-06-28
7,fact-check,Fact Check: Viral order on DA for central govt employees is fake,"(27, 6, 2021)","In April last year, the Union finance ministry decided to freeze increment in dearness allowance (DA) and dearness relief (DR) for central government employees and pensioners due to the pandemic.

And now, an image of what looks like a finance ministry memorandum is circulating on social media, saying the government has decided to “resume” DA and DR from July 1. The letter dated June 26 also has the finance secretary’s signature.“Dearness allowance and Dearness Relief frozen during Covid-19 crisis is to be resumed from 1st July, 2021. The additional instalments of Dearness allowance and Dearness Relief due from 1st July, 2020 and 1st Jan 2021 shall be paid in three instalments,” the directive says. India Today Anti Fake News War Room (AFWA) has found that no such order has been issued by the Centre so far. The finance ministry has also warned against the fake document.The archived versions of the posts are saved here and here.AFWA CLEARS THE AIRIn April 2020, the finance ministry had decided to put on hold an increment in DA for 50 lakh central government employees and 61 lakh pensioners till July 2021 due to the Covid crisis. It was also decided that additional instalments of DA and DR due from July 1, 2020, and January 1, 2021, would not be paid either.This year in March, the ministry declared that central government employees and pensioners will get full benefits of DA from July 1, 2021. As per news reports, MoS finance Anurag Thakur said in Parliament that all three pending installments will be restored prospectively.The National Council of Joint Consultative Machinery (JCM), headed by central government employees, and finance ministry officials were scheduled to meet on June 26, 2021. Speculations were high in mainstream and social media that the government would come out with a decision on DA and DR in this meeting.In the meantime, the fake memorandum started circulating on social media, forcing the finance ministry to issue a clarification.A document is doing rounds on social media claiming resumption of DA to Central Government employees & Dearness Relief to Central Government pensioners from July 2021.#. . pic.twitter.com/HMcQVj81Sf— Ministry of Finance (@FinMinIndia) June 26, 2021
The issue has also taken a political turn, with Congress party's Rahul Gandhi accusing the Centre of trying to snatch the hard-earned money of employees.Till the time of filing this article, the government was yet to come up with any decision on DA and DR. No mainstream media reported that the finance ministry will clear the pending amount from July 1. Hence, the viral claim is misleading. INDIA TODAY FACT CHECK      ClaimA finance ministry notification says dearness allowance and dearness relief, frozen due to the Covid crisis, will resume from July 1. This is applicable for central government employees and pensioners. ConclusionIn April 2020, the finance ministry put on hold increment in DA and DR. So far, no order on the pending amount has been issued by them. The ministry tweeted that the viral order is fake.JHOOTH BOLE KAUVA KAATEThe number of crows determines the intensity of the lie.1 Crow: Half True2 Crows: Mostly lies3 Crows: Absolutely false Want to send us something for verification? Please share it on our  at 73 7000 7000  You can also send us an email at factcheck@intoday.com",NA,https://www.indiatoday.in/fact-check/story/fact-check-viral-order-on-da-central-govt-employees-fake-1819963-2021-06-27
8,fact-check,Fact Check: Unrelated video shared as centuries-old manuscript excavated from Ram Janmabhoomi,"(27, 6, 2021)","Ram temple construction is on full swing in Ayodhya and on June 26, Prime Minister Narendra Modi also reviewed a detailed plan, presented by CM Yogi Adityanath, to promote the temple town as a global religious tourism site.

Meanwhile, controversies have also come forth over the Ayodhya land deals.More recently, a video, purportedly of a centuries-old manuscript, is shared on social media with the claim that it was discovered during the excavation at Ram Janmabhoomi where the construction is underway.The claim further says it gives proof the site historically belonged to the temple. Some social media users also claimed that the script is in Sanskrit. The Hindi caption to one such video roughly translates to, “Copper-leaf found during excavation at Ram Janmabhoomi site - even after 488 years, the evidence is coming in our favour.”Here is the video.The archived version of the post can be seen here.India Today Anti-Fake News War Room (AFWA) has found that the claim along with the video is misleading. The script on the alleged manuscript in question is in Hebrew language. Also, no such manuscript has been excavated from the Ram temple site.AFWA probeWith the help of Invid tool and appropriate keywords, we found a better-quality version of the same video uploaded on an Instagram page ‘define.avcilari’ on April 10, 2020.View this post on InstagramA post shared by Define Avcisi (@define.avcilari)
The page has not provided any details about the video. But it has posted a lot of similar videos. The page also has images of several ancient-looking coins and ornaments.According to the page’s bio in Turkish, these images and videos are sourced from multiple social media platforms as part of a hobby.We also found the same video circulated by multiple social media users as a 1,500-year-old Persian Haggadah, recently rediscovered in Iran.Closely observing a better clarity version of the video uploaded by ‘define.avcilari’, we noticed Jewish-origin symbols on the vessel and paper seen in the video.For instance, the first symbol we see while opening the page is the Jewish symbol of light, ‘Menorahs’  and the symbol of the ancient Hebrew Tribe of Judah, Lion. ""Menorahs’ as well as ‘Hamsa' , a palm-shaped symbol symbolising the 'hand of God’, are also visible on the vessel featured in the video. Taking a cue from this, we contacted a few Hebrew language experts who confirmed to us that the text seen on the paper in the video is in Hebrew and not any Indian language.Hebrew language experts from Oxford Interfaith Forum also confirmed to us that the text seen in the video is in Hebrew.Looking at the style of the text and the Hebrew vowel system seen in the text that was only created in the second half of first millennium AD, the experts also noted that the manuscript can be artificial and not an ancient Hebrew scroll.Thapan Dubayehudi, a Hebrew language expert from the Jewish community, also confirmed to us that the text is in Hebrew. “The text seen in the manuscript is in Hebrew. While it looks like a Hebrew scroll, we cannot be sure how old and authentic it is.""Excavation at the Ayodhya siteThe Archaeological Survey of India (ASI) carried out its first excavation at the Ayodhya site between 1976 and 1977. The second round of excavation happened in 2003.While pillars, Shiva lingams, and several artefacts in the form of terracotta sculptures were found during the excavation, there is no mention of the discovery of a manuscript proving the existence of the Ram temple.A video of the sculptures discovered during the excavations of Ram Janmabhoomi can be seen here.In 2020, remains of ancient temples, pillars, idols of deities, and a Shivlinga were also spotted at Ram Janmabhoomi temple site during the levelling of land for construction of the proposed Ram temple. However, this levelling of land started only on May 11, 2020, while the video in question started circulating on the internet at least a month before the levelling of land.The same video had also circulated with similar claims in June 2020. The Print, in association with SM Hoax Slayer had fact-checked the claim last year.Hence, it is clear that the video in question is not related to the Ram Janmabhoomi and the claim is misleading. INDIA TODAY FACT CHECK      ClaimVideo shows a centuries-old manuscript found during the excavation at Ram Janmabhoomi. This scripture proves that a temple historically existed at the site. ConclusionThe script on the purported manuscript seen in the videos is in Hebrews. No such manuscript has been found at the Ram Janmabhoomi site.JHOOTH BOLE KAUVA KAATEThe number of crows determines the intensity of the lie.1 Crow: Half True2 Crows: Mostly lies3 Crows: Absolutely false Want to send us something for verification? Please share it on our  at 73 7000 7000  You can also send us an email at factcheck@intoday.com",NA,https://www.indiatoday.in/fact-check/story/fact-check-unrelated-video-shared-as-centuries-old-manuscript-excavated-from-ram-janmabhoomi-1819835-2021-06-27
9,fact-check,"Fact Check: No, Mamata Banerjee has not withdrawn petition challenging Nandigram poll result","(26, 6, 2021)","It has been more than a month that the result for West Bengal assembly elections was declared, but the political tensions between the ruling Trinamool Congress and the opposition BJP are nowhere near over.

As West Bengal is gearing up for the by-polls in some constituencies, Chief Minister Mamata Banerjee has filed a petition before the Calcutta High Court challenging the assembly election results for the Nandigram constituency, where she was defeated by TMC turncoat Suvendu Adhikari.Amid this, a Facebook user had claimed “Scared Mamata Banerjee had directed to withdraw the High Court petition challenging the assembly election results for the Nandigram constituency.”https://www.facebook.com/plugins/post.php?href=https%3A%2F%2Fwww.facebook.com%2Frastriya.marg%2Fposts%2F230210875600396&show_text=true&width=500"" width=""500"" height=""474"" style=""border:none;overflow:hidden"" scrolling=""no"" frameborder=""0"" allowfullscreen=""true"" allow=""autoplay; clipboard-write; encrypted-media; picture-in-picture; web-share"">India Today Anti Fake News War Room (AFWA) has found the claim to be misleading. Chief Minister Banerjee has not withdrawn the case.The archived version of the post can be seen here. AFWA PROBE While investigating the claim we first conducted a keyword search on the said case and found that the original petition was filed on May 21. However, the chief minister wrote a letter to the acting chief justice of Calcutta High Court, Rajesh Brindal on June 18, urging him not to list the case before Justice Kaushik Chanda and to reassign the bench for the hearing of the petition. Banerjee had expressed apprehension of bias on the part of Justice Chandra claiming that he was “an active member of the BJP”. On June 24, TMC supremo Mamata Banerjee had appeared before the court via teleconference. Following the hearing on the ‘reassignment of bench’, Justice Chanda, against whom the recusal petition has been filed, has reserved his order. The judge did not specify the date for pronouncement of the verdict. We have not found any media reports or any notification on the Calcutta High Court website that states that the matter has been withdrawn.To further confirm the claim, we got in touch with Sanjay Basu, advocate-on-record for Mamata Banerjee.Basu told India Today, “The claim is false. We are not going to withdraw the case and would continue with this case till the final verdict is given. We are now waiting for a judicial order on our plea to reassign the bench. Following this order, the court would fix the next hearing date for the original case.”Hence, we can conclude that this Facebook claim is misleading. Mamata Banerjee has not withdrawn the petition challenging the assembly election result of the Nandigram constituency. INDIA TODAY FACT CHECK      ClaimScared Mamata Banerjee had directed to withdraw the High Court petition challenging the assembly election results for the Nandigram constituency. ConclusionMamata Banerjee had filed a petition at the Calcutta High Court on May 21 challenging the Nandigram assembly election result. Banerjee’s advocate Sanjay Basu confirmed that the case is still on and due process in the case is underway.JHOOTH BOLE KAUVA KAATEThe number of crows determines the intensity of the lie.1 Crow: Half True2 Crows: Mostly lies3 Crows: Absolutely false Want to send us something for verification? Please share it on our  at 73 7000 7000  You can also send us an email at factcheck@intoday.com",NA,https://www.indiatoday.in/fact-check/story/fact-check-no-mamata-banerjee-has-not-withdrawn-petition-challenging-assembly-election-result-for-nandigram-constituency-1819753-2021-06-26
10,fact-check,"Fact Check: Delta plus virus may have got its foot in the door in India, but it's not the dreaded third wave yet","(26, 6, 2021)","Even before India could take a sigh of relief and the deadly second wave of Covid-19 was waning, a new mutant variety of the virus called Delta Plus had already raised its ugly head. Some experts have expressed their concern that this variant might be capable of dodging immunities, acquired either from vaccine or earlier infections.

On June 25, Maharashtra reported its first Delta Plus variant death.Amid this, some people are claiming that the new Delta Plus variant cases have already marked the beginning of the third wave in Delhi and Madhya Pradesh.Making this claim, a Facebook user posted a status which reads, “The third wave of Covid has begun creating havoc in Delhi and Madhya Pradesh. Corona’s delta plus variant has caused four deaths. The delta plus cases have been registered in Maharashtra, Kerala and Madhya Pradesh. (sic)” The India Today Anti Fake News War Room (AFWA) found that as of now, there is no evidence to prove that the third wave has already hit Delhi or Madhya Pradesh. We spoke to several experts who said that a handful of cases of the Delta Plus variant does not mean that it has caused a third wave of pandemic. The experts feel that the threat is real, but the situation is still emerging, and it would be too early to predict how it is going to pan out.What is a wave during pandemic?When one infected person starts infecting more than one person and the situation continues for about two weeks, the number of cases could start rising very rapidly, and this process marks the start of a new wave.As per The University of Michigan School of Public Health, a wave implies a rising number of sick individuals, a defined peak, and then a decline.Has the ‘Delta Plus wave’ started?Dr. Samiran Panda, Head of Epidemiology and Communicable Diseases Division in ICMR emphasised that mere identification of Delta Plus variant in some states can’t be called the beginning of the third wave.As of now, seven Delta Plus cases have been reported from Madhya Pradesh out of which two patients have died. However, Dr. Pankaj Shukla, an official from National Health Mission, Madhya Pradesh said, “Most of these cases were reported in the month of May. And this can’t be called a third wave.”As far as Delhi is concerned, no Delta Plus case cases have been reported in the national capital. Dr. B S Charan, Additional Director (Public Health II), Delhi Health Department told India Today, “So far, no case of Delta Plus variant has been reported in Delhi. I don’t think it’s correct to say that the third wave of pandemic has begun in Delhi. When a new wave begins, there is a rise in the number of cases. But right now, the cases are declining here.”On June 25, the number of Covid positive cases reported in Madhya Pradesh in the last 24 hours was 50. On the other hand, in Delhi, 115 new Covid-19 cases were reported.So far, 50 cases of Delta Plus variant have been reported across 11 states, most of them from Maharashtra.As per The Indian Express, the earliest case of the delta plus variant in India was detected in a sample that was taken on April 5.As far as the third wave of Covid is concerned, timing and intensity will depend on several factors like Covid appropriate behaviour, vaccination etc.AIIMS chief Randeep Guleria on June 19 had stated that India could see third wave in 6-8 weeks if Covid appropriate behaviour is not followed.READ: Fact Check: Has IIT Kanpur predicted third wave from July 15? Well, there are lots of ifs, buts and jabs in between ALSO READ: Fact Check: Did world leaders violate Covid protocols at G7 summit?  INDIA TODAY FACT CHECK      ClaimWith reports of Delta Plus variant cases emerging, third wave of Covid has already begun in Delhi and Madhya Pradesh.ConclusionAccording to health experts, as of now, there is no evidence to support the claim. Though it is true that the cases of new variant have been found in a few Indian states, including Madhya Pradesh.JHOOTH BOLE KAUVA KAATEThe number of crows determines the intensity of the lie.1 Crow: Half True2 Crows: Mostly lies3 Crows: Absolutely false Want to send us something for verification? Please share it on our  at 73 7000 7000  You can also send us an email at factcheck@intoday.com",NA,https://www.indiatoday.in/fact-check/story/fact-check-delta-plus-virus-may-have-got-its-foot-in-the-door-in-india-but-it-s-not-the-dreaded-third-wave-yet-1819536-2021-06-26
11,fact-check,"Fact Check: Has IIT Kanpur predicted third wave from July 15? Well, there are lots of ifs, buts and jabs in between","(25, 6, 2021)","Even when the second wave of the pandemic was at its peak, health experts in India had warned of an impending third wave. Recent cases caused by the Delta Plus variant of coronavirus have only added to the fear.

Amid this, a Facebook post with an image of a graph claims that researchers at IIT Kanpur have predicted the third wave will hit India from July 15. “As per IIT Kanpur model, 3rd wave can hit India from 15 Th July onwards. You will note that their prediction about the 2nd wave was absolutely correct,” reads the caption. India Today Anti Fake News War Room (AFWA) has found that the projection graph was indeed created by two IIT Kanpur professors, but to say that the third wave will hit India from July 15 is an oversimplification of the study.The research lays out three likely scenarios of the advent of the third wave, based solely on the assumption that India will be fully unlocked on July 15. Most importantly, it did not take into account the effect of vaccination.What did the IIT Kanpur forecast say?We found the detailed study on the website of IIT Kanpur. The three scenarios, projected by professors Rajesh Ranjan and Mahendra Verma along with their teams, are explained below.Scenario 1: This is shown in the chart in the green dotted line. If life gets back to normal, the third wave peak can be in October, but it will be less severe than the second wave peak of May.Broadly, when one infected person starts infecting more than one person and this situation continues for about two weeks, which results in rapid rise of cases, it is the beginning of a wave.Scenario 2: This is shown in the pink dotted line. If normal life resumes but the virus mutates, the third wave peak can come as early as mid-September. This will be more severe than second wave peak.Scenario 3: This is marked in the chart with the blue dotted line. In this scenario, strict Covid restrictions are imposed in the country. This could delay the third wave peak till late October, and it would be much less severe.The ridersLike all projections, there are certain conditions to this forecast too. For example, it assumes that India will be fully unlocked in mid-July.“We have assumed here that from July 15 onwards, life will be fully normal in the country. In that situation, cases will start increasing. It will be slow initially but the rate of infection will be faster later,” says Professor Rajesh Ranjan.Also, the study has not considered the effect of vaccination. “Vaccination is known to break the transmission chain. At present, the model does not include vaccination, which should decrease the peak significantly,” it says.Though experts are not sure how effective the vaccines will be on virus mutations, but it is clear that there are circumstances that might alter the graph significantly.Covid restrictions & vaccination in IndiaWith cases going down and to revive economic activities, several states have begun easing up Covid restrictions. Partial lockdowns though are still in force in places with high cases.Vaccination too has picked pace, with the government setting a target of inoculating the entire adult population by December-end. On June 21, more than 80 lakh people were vaccinated in India in a record of sorts.Doctors, however, have expressed apprehensions over virus mutation. The latest Delta Plus variant of coronavirus, for example, has infected over 40 people across India already.AIIMS director Randeep Guleria recently said proactive steps are needed right away to avoid a third wave. He advised Covid-appropriate behaviour by the masses and strict surveillance by the government.However, it will be oversimplification and misleading to say that IIT Kanpur has projected that the third wave of coronavirus will hit India from July 15. INDIA TODAY FACT CHECK      ClaimResearchers at IIT Kanpur have predicted that the third wave of Covid-19 will hit India from July 15. ConclusionIIT Kanpur projected three likely scenarios for the third wave of coronavirus. But they were based on assumptions that India would be fully unlocked from July 15. Vaccination wasn’t taken into account either.JHOOTH BOLE KAUVA KAATEThe number of crows determines the intensity of the lie.1 Crow: Half True2 Crows: Mostly lies3 Crows: Absolutely false Want to send us something for verification? Please share it on our  at 73 7000 7000  You can also send us an email at factcheck@intoday.com",NA,https://www.indiatoday.in/fact-check/story/fact-check-has-iit-kanpur-predicted-third-wave-from-july-15-well-there-are-lots-of-ifs-buts-and-jabs-in-between-1819059-2021-06-25
12,fact-check,NA,NA,NA,NA,https://www.indiatoday.in/fact-check/video/fact-check-video-netizens-link-old-images-of-parked-aircraft-to-g7-summit-in-flight-of-fantasy-1818962-2021-06-24
