SN,category,headline,date,content,keywords,link
1,fact-check,Fact Check: This video does not show Taliban misadventure with American weapons,"(9, 9, 2021)","Highly sophisticated weaponry worth millions of dollars left behind by United States forces in Afghanistan are now in Taliban hands. Amid reports of US troops dismantling some of their choppers and other high-end military equipment before retreat, the million-dollar question now is whether the Taliban will be able to operate them.

In this context, a video of two men losing control over a mounted heavy machine gun is circulating on social media with the claim that this was one of the US weapons captured by the Taliban. The video shows men scurrying for cover as bullets fly all around.“Some toys which the Americans left behind in Afghanistan,” reads one such sarcastic caption along with the video. India Today Anti Fake News War Room (AFWA) has found that the video is not linked to the ongoing crisis in Afghanistan. This clipping has been circulating on the Internet since 2017 with claims that it was shot somewhere in Iraq.Tracing the viral videoUsing reverse image search, we found that several people have shared the video on various social media platforms over the last four years.It’d first appeared on the video-sharing platform LiveLeak in June 2017. Although the platform does not exist anymore, multiple reports with screenshots of the same video from LiveLeak suggest the video went viral after it appeared there. According to these reports, the video is believed to have been recorded somewhere in Iraq. We found that the video also appeared on a Turkish news website in June 2017, which also suggested that the video was shot in Iraq.We could not independently verify the location of the video, but since it is available on the Internet since 2017, we can conclude that it is not linked to the United States’ withdrawal from Afghanistan. INDIA TODAY FACT CHECK      ClaimTaliban fighters lose control of a mounted heavy machine gun that American soldiers left behind in Afghanistan. ConclusionThe video is viral since 2017 with claims that it was shot somewhere in Iraq. However, it is true that high-end American military equipment worth millions of dollars are now in Taliban hands after the US exited Afghanistan.JHOOTH BOLE KAUVA KAATEThe number of crows determines the intensity of the lie.1 Crow: Half True2 Crows: Mostly lies3 Crows: Absolutely false Want to send us something for verification? Please share it on our  at 73 7000 7000  You can also send us an email at factcheck@intoday.com","['fact check', ' US', ' US withdrawal', ' afghanistan', ' taliban', ' US troops', ' US military', ' US army equipment', ' machine gun', ' taliban news', ' US weapons captured by taliban', ' weapon taliban']",https://www.indiatoday.in/fact-check/story/fact-check-this-video-does-not-show-taliban-misadventure-with-american-weapons-1850771-2021-09-09
2,fact-check,"Fact Check: Owaisi plotting UP elections with Irani? No, this is an old photo","(8, 9, 2021)","Politics in Uttar Pradesh has heated up with the entry of Asaduddin Owaisi’s All India Majlis-e-Ittehadul Muslimeen (AIMIM) in the electoral arena. Analysts believe Owaisi, a popular Muslim leader, can dent the chances of a number of major political parties in the fray. Elections in UP are scheduled early next year and campaigning is in full swing.

Many Opposition figures have alleged that Owaisi has been propped up by the BJP to eat into minority votes, and thus, aid the saffron camp’s electoral chances. In this context, a picture of Owaisi with Union minister Smriti Irani is circulating on social media with the claim that the two met to chalk out their plan for UP. Owaisi at present is on an electoral tour of the state.The verified Twitter handle of NSUI national secretary Roshan Lal Bittu also posted the picture with a similar claim. The archived versions of the posts can be seen here and here.India Today Anti Fake News War Room (AFWA) has found the claims along with the image to be misleading. The picture was taken in 2016 when both leaders participated in a meeting on the powerloom industry.AFWA probeWe did a reverse search of the picture and found the same image tweeted by a user in 2016 criticising Owaisi for “roaming with BJP leaders”. Interestingly, Owaisi himself had reshared the post clarifying that the picture was shot during a “powerloom stakeholders meeting”.Why didnt 1 congi MP attend PowerLoom stakeholders meeting whereas I represented problems shows Cong is behal https://t.co/SboO5eBfUI— Asaduddin Owaisi (@asadowaisi) August 23, 2016
We further searched the Internet and found two images from the meeting tweeted by Owaisi on August 22, 2016. In these images, the two leaders can be seen wearing the same attire as seen in the viral picture. According to reports, on August 22, 2016, then textile minister Irani had interacted with a large gathering of power loom industry stakeholders, including MPs.The meeting, which took place in Delhi, is also listed by the textile ministry in its monthly summary for August 2016. Images from the event were tweeted by the Constitution Club of India as well.Mtng of Powerloom Industry Stakeholders Chaired by .@smritiirani alongwth MPs orgnsd by .@TexMinIndia in Club today pic.twitter.com/TGISxFq074— Constitution Club of India (@ccoi_1947) August 22, 2016
The same picture was fact-checked by several websites earlier in November 2020 when it went viral ahead of the Hyderabad municipal elections.Hence, it is clear that the viral picture is over five years old and not related to the upcoming UP elections. INDIA TODAY FACT CHECK      ClaimPicture shows AIMIM chief Asaduddin Owaisi with Union minister Smriti Irani in Uttar Pradesh, ahead of assembly elections in the state.ConclusionThe picture was taken at a power loom stakeholders’ meeting in August 2016. Both leaders had participated in the meet in Delhi.JHOOTH BOLE KAUVA KAATEThe number of crows determines the intensity of the lie.1 Crow: Half True2 Crows: Mostly lies3 Crows: Absolutely false Want to send us something for verification? Please share it on our  at 73 7000 7000  You can also send us an email at factcheck@intoday.com","['fact check', ' Uttar pradesh', ' UP elections', ' UP', ' Asaduddinh Owaisi', ' Smriti Irani', ' BJP', ' AIMIM', ' Up elections', ' Owaisi smriti irani meeting', ' powerloom industry meeting', ' powerloom', ' textile ministry']",https://www.indiatoday.in/fact-check/story/fact-check-owaisi-plotting-up-elections-with-smriti-irani-1850731-2021-09-08
3,fact-check,NA,NA,NA,NA,https://www.indiatoday.in/fact-check/video/fact-check-video-netizens-farm-half-truths-about-rakesh-tikait-s-allahu-akbar-slogan-at-kisan-rally-1850677-2021-09-08
4,fact-check,Fact Check: Old picture of Baloch leader Mengal shared as younger Geelani,"(8, 9, 2021)","A black and white picture of a man in pathani suit walking with cops around him is viral on social media with the claim that this was Kashmiri separatist leader Syed Ali Shah Geelani in his younger days.

 The archived version of the post can be seen here.India Today Anti Fake News War Room (AFWA) has found that the man seen in the viral picture is not Geelani but Sardar Attaullah Mengal, the first chief minister of Balochistan. While Geelani died on September 1, 2021, Mengal passed away a day later.AFWA probeSeveral social media users had pointed out below the viral posts that the picture is of Baloch leader Mengal.Using keyword search, we found the photo was tweeted by former Pakistan ambassador to the United States Hussain Haqqani on September 2, 2021. Haqqani had shared the picture with the caption, “Saddened by the loss of the great Baloch leader, Sardar Ataullah Mengal. He stood for and by his people, at great personal cost.”Saddened by the loss of the great Baloch leader, Sardar Ataullah Mengal. He stood for and by his people, at great personal cost. pic.twitter.com/d5NFHzUAQ7— Husain Haqqani (@husainhaqqani) September 2, 2021
Former Senator and member of the National Assembly of Pakistan Sana Ullah Baloch had also tweeted the picture on September 2, 2021, paying homage to Mengal.#SardarAttaullahMengal , a man of courage and conviction who for 70 years incarnated the #Baloch’ fight for recognition of their national rights.RIP pic.twitter.com/oXxxrauhpi— Sana Ullah BALOCH, MPA (@Senator_Baloch) September 2, 2021
The same picture was carried in a video report by Geo News of Pakistan.We found another picture of Mengal at a young age in a BBC report. On comparing it with the viral picture, the similarities between both can be clearly seen. Syed Ali Shah Geelani’s younger son Naseem Geelani also confirmed to us that the viral picture is not of his father’s. He sent us an old photograph of the separatist mascot that can be seen below. Mengal was a prominent Baloch nationalist leader who served as the first CM of Balochistan. Former Pakistan Prime Minister Zulfiqar Ali Bhutto had imposed governor’s rule in Balochistan in 1973, following which Mengal spent several years in prison.Later, Mengal took voluntary exile to London and returned to Pakistan only in 1990. He founded the Balochistan National Party, comprising all nationalist parties in Balochistan, in December 1996.Geelani, on the other hand, was a pro-Pakistan separatist leader from Kashmir. After his death, his body was also draped in a Pakistani flag, while Pakistan PM Imran Khan ordered flags to be flown at half-mast to mourn his death.However, it is clear that a picture of Baloch nationalist leader Sardar Attaullah Mengal in his younger days is being shared as of Syed Ali Shah Geelani. INDIA TODAY FACT CHECK      ClaimPicture of Kashmiri separatist leader Syed Ali Shah Geelani at a younger age. ConclusionThis is an old picture of Baloch nationalist leader Sardar Attaullah Mengal.JHOOTH BOLE KAUVA KAATEThe number of crows determines the intensity of the lie.1 Crow: Half True2 Crows: Mostly lies3 Crows: Absolutely false Want to send us something for verification? Please share it on our  at 73 7000 7000  You can also send us an email at factcheck@intoday.com",NA,https://www.indiatoday.in/fact-check/story/fact-check-old-picture-of-baloch-leader-mengal-shared-as-younger-geelani-1850664-2021-09-08
5,fact-check,Fact Check: This 'river of blood' is not linked to the Kabul terror attack,"(29, 8, 2021)","A disturbing photo of shoes floating on what seems like a pool of blood is circulating on social media with the claim that it was taken after the blast near Hamid Karzai International Airport in Kabul on August 26, 2021.

At least 170 people, including American soldiers, have been killed in the attack claimed by the Islamic State - Khorasan, forcing retaliatory strikes by the United States.""Flood of Blood in Kabul. Kabul is bleeding again. Remember God is watching,"" reads the claim along with the viral picture.Flood of Blood in Kabul Kabul is bleeding again Remember God is watching #KabulAiport #Afghanistan #KabulBlast #ISIS #Taliban #SanctionPakistan #Afghan pic.twitter.com/IGPWEgMYeh— Noorullah Durrani | (@HajiNoorUllah7) August 26, 2021
The archived versions of similar posts can be seen here, here and here.India Today Anti Fake News War Room (AFWA) has found the claim along with the picture to be misleading. The picture was taken on February 10, 2017, when a group of protesters dyed the Kabul River red to symbolise the record number of civilian deaths in the country.AFWA probe A reverse image search led us to a Persian website called ""otaghkhabar24.com"" where we found the same picture used in a post. Three more photographs were published in the same report.We used an online translation tool to find what the content says in Persian. According to the translation, these photos were taken when a group of protesters organised a symbolic protest against mass casualties of Afghan civilians. The protesters used dye to turn a part of the Kabul River red. Taking a cue from this, we used a keyword search and found another article on the Persian website ""af.shafaqna.com"" where the same photograph was used.However, we could not confirm the exact date and year of the movement from the reports published in these two websites. To find these details, we carried out a reverse search on another photo used in the same report by ""otaghkhabar24.com"". We found this photo on a Portuguese website named ""exame.com"".Translating this report, we found that the protest was organised on February 10, 2017, a week after the United Nations claimed 11,400 Afghan civilians were killed or injured in 2016 in the civil war. The protesters used 200 kilos of paint to turn a part of the Kabul River red. We found a YouTube video report dated February 11, 2017, on the protest. It said the movement was named ""Afghanistan 1400"" and was led by activist Shaharzad Akbar. ""We thought of symbolising the casualties in Afghanistan and nothing better could visualise it better than a flood of blood,"" Shaharzad had said.Shaharzad is presently the chairperson of Afghanistan Independent Human Rights Commission.Some pictures of the deadly blast outside Kabul airport on August 26 can be seen here.Hence, we can confirm that the picture in circulation is in no way related to the recent terror attack.Live TV--- ENDS ---READ | Fact Check: No, they are not 16 US servicemen killed in Kabul airport attackALSO READ | Fact Check: Old video viral claiming Pakistani Taliban issued threats to Modi governmentWATCH | US carries out military strike in Kabul targeting ISIS-K militants INDIA TODAY FACT CHECK      ClaimThis picture was taken after the recent bomb blast in Kabul. ConclusionThis picture was taken on February 10, 2017, when a group of protesters dyed Kabul River red to symbolise the bloody Afghan conflict that has led to lakhs of civilian deaths.JHOOTH BOLE KAUVA KAATEThe number of crows determines the intensity of the lie.1 Crow: Half True2 Crows: Mostly lies3 Crows: Absolutely false Want to send us something for verification? Please share it on our  at 73 7000 7000  You can also send us an email at factcheck@intoday.com","['river blood afghanistan', ' afghanistan taliban blood', ' blood river kabul']",https://www.indiatoday.in/fact-check/story/afghanistan-taliban-kabul-blood-river-viral-photo-videos-1846871-2021-08-29
6,fact-check,Fact Check: Old video goes viral with claim of Pakistani fighter being caught in Panjshir,"(7, 9, 2021)","Hundreds of Afghans rallied in Kabul and other cities on Tuesday, raising anti-Pakistan slogans and calling out Islamabad for its support to the Taliban.

According to reports, Pakistan provided air support to the Taliban in its battle against resistance forces in Panjshir. While the Taliban claimed to have captured Panjshir, resistance forces said their fight would continue.In the backdrop of these developments, a video of a man being interrogated by some men in uniform is circulating on social media with the claim that a Pakistani fighter was caught in Panjshir. Netizens are sharing the video with hashtags such as #EndProxyWarInAfghanistan. The archived version can be seen here.India Today Anti Fake News War Room (AFWA) has found that the viral video is old and not related to the recent developments in Afghanistan.AFWA probe We noticed that in the comment section of the viral video, several people pointed out that it is an old clip.Using keyword search, we found that the same video was shared on Facebook in December 2018. We could not independently verify the exact location or timing of the video. However, it is clear that since the video is present on the Internet since at least December 2018, it is not related to the recent developments in Afghanistan. INDIA TODAY FACT CHECK      ClaimVideo shows a Pakistani fighter who was recently captured in Panjshir, Afghanistan. ConclusionThe video is at least two-and-a-half years old and not related to the recent developments in Afghanistan. However, according to reports, Pakistan is supporting the Taliban against resistance forces. JHOOTH BOLE KAUVA KAATEThe number of crows determines the intensity of the lie.1 Crow: Half True2 Crows: Mostly lies3 Crows: Absolutely false Want to send us something for verification? Please share it on our  at 73 7000 7000  You can also send us an email at factcheck@intoday.com",NA,https://www.indiatoday.in/fact-check/story/fact-check-old-video-goes-viral-with-claim-of-pakistani-fighter-being-caught-in-panjshir-1850272-2021-09-07
7,fact-check,Fact Check: Netizens farm half-truths about Rakesh Tikait’s ‘Allahu Akbar’ slogan at kisan rally,"(6, 9, 2021)","Farmer leader Rakesh Tikait is in the middle of a controversy yet again. This time, netizens accuse him of Muslim appeasement for reportedly raising “Allahu Akbar” slogans at Sunday’s kisan mahapanchayat in Muzaffarnagar, Uttar Pradesh.

Twitter users such as Priti Gandhi and Shefali Vaidya tweeted a small clip where Tikait is heard saying, “This government will try to instigate riots. Earlier too, when Tikait sahab was there, this slogan was raised Allahu Akbar Allahu Akbar.” A “PunjabTak” logo can be seen in the clip.While Vaidya wrote, “Cute. Tikait and Taliban speak the exact same language”, Gandhi captioned it, “But seriously, what has Allah hu Akbar got to do with #FarmLaws???” India Today Anti Fake News War Room (AFWA) has found that the viral clip is edited. It is true that Tikait raised “Allahu Akbar” slogans at the farmers’ rally, but at the same time, he urged participants to shout “Har Har Mahadev” and “Allahu Akbar” together to show solidarity.The archived versions of the posts are saved here, here and here.DECODING THE VIRAL VIDEOOn September 5, Tikait and other farmers’ leaders joined the kisan mahapanchayat organised by Samyukt Kisan Morcha in Muzaffarnagar, Uttar Pradesh.Since the “PunjabTak” logo can be seen on the viral clip, we pulled out the original version of Tikait’s speech from its Facebook page. While reminiscing about his father Mahendra Singh Tikait, another popular farmer leader, Rakesh Tikait recalled the slogans raised during his time.At 11 minutes and 17 seconds into the video, Tikait is heard saying in Hindi, “This government will try to instigate riots. Earlier too, when Tikait sahab was there, this slogan was raised Allahu Akbar Allahu Akbar.”But after this, Tikait says, “Allahu Akbar and Har Har Mahadev were always raised together from here. These slogans will be raised together in future too. These people will try to divide us but we will keep on integrating”This can be heard on Rakesh Tikait’s Facebook page too which featured his speech live.It is true that Tikait shouted only “Allahu Akbar” and not “Har Har Mahadev” at the same time. But he urged farmers to raise both slogans together to show solidarity. Also, when Tikait said “Allahu Akbar” from the stage, both “Allahu Akbar” and “Har Har Mahadev” were heard from the crowd.READ | Fact Check: Old video from Pakistan shared as Muslim man threatening to kill electrician in IndiaALSO READ | Fact Check: This CCTV footage does not show Sidharth Shukla’s last moments WATCH | Fact Check: This CCTV footage does not show Sidharth Shukla’s last moments  INDIA TODAY FACT CHECK      ClaimFarmer leader Rakesh Tikait raised “Allahu Akbar” slogans at the September 5 kisan mahapanchayat in Muzaffarnagar, Uttar Pradesh. ConclusionThe viral clip is edited. It is true that Tikait raised “Allahu Akbar” slogans at the farmers’ rally, but at the same time, he urged participants to raise “Har Har Mahadev” and “Allahu Akbar” together to show solidarity.JHOOTH BOLE KAUVA KAATEThe number of crows determines the intensity of the lie.1 Crow: Half True2 Crows: Mostly lies3 Crows: Absolutely false Want to send us something for verification? Please share it on our  at 73 7000 7000  You can also send us an email at factcheck@intoday.com",NA,https://www.indiatoday.in/fact-check/story/fact-check-rakesh-tikait-allahu-akbar-slogan-viral-video-kisan-rally-1849831-2021-09-06
8,fact-check,Fact Check: Old image from Iraq used to claim US military aircraft crash in Afghanistan,"(5, 9, 2021)","An image of a burning plane is circulating on social media with the claim that a United States military aircraft has crashed in Afghanistan, killing and injuring hundreds of civilians and soldiers.

“A US military C 130 plane has crashed in Farah province killing and injuring hundreds of people and soldiers. The plane was en route from Kabul airport to Qatar,” reads one such caption along with the picture. India Today Anti Fake News War Room (AFWA) has found no such news published by any credible media organisation recently. This is a 13-year-old picture that shows controlled detonation of a damaged US aircraft at an air base in Iraq.Tracing the viral imageUsing reverse image search, we found the viral picture on the website of Alamy, with credits to Tech. Sgt. Jeffrey Allen. The picture was taken on July 7, 2008.The caption on Alamy says, “Explosive Ordinance Disposal personnel from the 447th Expeditionary Civil Engineer Squadron at Sather Air Base, Iraq, detonate explosives to detach the wings from the body of a C-130 Hercules here July 7. The EOD team is using a series of controlled detonations designed to divide the airplane into smaller pieces so it can be easily moved. The C-130 made an emergency landing in a field north of Baghdad International Airport shortly after take-off June 27.” We found similar pictures and reports on the incident on the website of US Air Force. The website also gave credit to Tech. Sgt. Jeffrey Allen for the pictures. These were published on July 11, 2008.As per this website, Airmen used explosives to dismantle a C-130 Hercules stuck in a barren field northeast of Baghdad International Airport on July 7.“The transport aircraft has been there since June 27, when its crew was forced to perform an emergency landing. The aircraft was deemed a security concern and it was decided that it would be easier to transport if it were dismantled,” says the report. Farah is one of the 34 provinces of Afghanistan, located in the southwestern part of the country. There are no such reports of a plane crash in Afghanistan recently by credible media groups.Hence, it can be concluded that a 13-year-old picture of controlled detonation of a US plane in Iraq has been used to make a false claim that an American military aircraft has crashed in Afghanistan, killing and injuring hundreds. INDIA TODAY FACT CHECK      ClaimA United States C-130 military aircraft has crashed in Afghanistan’s Farah province, killing and injuring hundreds of civilians and soldiers. The plane was going from Kabul to Qatar. Conclusion No credible media organisation has reported any such news in recent days. This is a 13-year-old picture that shows controlled detonation of a damaged US aircraft at an air base in Iraq.JHOOTH BOLE KAUVA KAATEThe number of crows determines the intensity of the lie.1 Crow: Half True2 Crows: Mostly lies3 Crows: Absolutely false Want to send us something for verification? Please share it on our  at 73 7000 7000  You can also send us an email at factcheck@intoday.com","['Fact Check', ' US military fake image', ' US aircraft fake']",https://www.indiatoday.in/fact-check/story/fact-check-old-image-from-iraq-used-to-claim-us-military-aircraft-crash-in-afghanistan-1849524-2021-09-05
9,fact-check,NA,NA,NA,NA,https://www.indiatoday.in/fact-check/video/watch-old-video-from-pakistan-shared-as-muslim-man-threatening-to-kill-electrician-in-india-1849443-2021-09-05
10,fact-check,Fact Check: Old video from Pakistan shared as Muslim man threatening to kill electrician in India,"(3, 9, 2021)","A video of a man threatening to kill an electric supply company employee is viral on social media with the claim that the incident took place in India.

The man, who identifies himself as Mufti Ata ur Rehman Swati, can be seen threatening the employee who had come to fix the meter issue but was not allowed to do his job by Swati. “Either I’ll kill or die,” he can be seen declaring in the video.One such post can be seen below.? pic.twitter.com/OeEwNmSRw2— 40k (@YamrajFromHell) September 2, 2021
The archived versions of similar posts can be seen here, here, and here.India Today Anti Fake News War Room (AFWA) has found that the claim along with the video is misleading. This video is from Pakistan’s Karachi and is more than a year old.AFWA probeWe did a reverse image search of the keyframes of the video on Yandex and found the same video uploaded on the official Twitter handle of K-Electric Ltd, a Karachi-based electric supply company, on July 27, 2020. The tweet explains how the man was caught red-handed for electricity theft.Watch this man caught red handed! #ChoriAurSeenaZori pic.twitter.com/XXZGw5s27t— KE (@KElectricPk) July 27, 2020
With the help of appropriate keywords in Urdu and English, we also found the same video reports and screenshots of it carried by Pakistan-based media outlets and social media handles in 2020. The official Facebook page of ‘Army News’ channel in Pakistan also uploaded the video on August 28, 2020.AFWA also spoke to Tauseef Razi Mallick, a Karachi-based journalist, who confirmed to us that the video is indeed from Karachi, and it was about a drive against illegal electricity connections by K-Electric.Tauseef also noted that at the beginning of the video the official says “NEPRA ki taraf se order hai(NEPRA has ordered)”. National Electric Power Regulatory Authority (NEPRA) is a federal body in Pakistan established for transparent and judicious economic regulation.In the video in question, the man identifies himself as Mufti Ata ur Rehman Swati. Tauseef explained that Swati is a common surname in Pakistan and refers to people hailing from Swat District, the mountainous region in Khyber Pakhtunkhwa province.It is hence clear that the video in question is from Pakistan, not India and is at least a year old.Ever since the Taliban took over Afghanistan, Indian social media is flooded with communally charged posts, particularly against the Muslim community. All such communal claims debunked by AFWA can be seen here. INDIA TODAY FACT CHECK      ClaimVideo of a Muslim man threatening to kill an electric company employee as he’s trying to restore a meter is from India.ConclusionThis video is from Pakistan’s Karachi, and is at least a year old.JHOOTH BOLE KAUVA KAATEThe number of crows determines the intensity of the lie.1 Crow: Half True2 Crows: Mostly lies3 Crows: Absolutely false Want to send us something for verification? Please share it on our  at 73 7000 7000  You can also send us an email at factcheck@intoday.com",NA,https://www.indiatoday.in/fact-check/story/fact-check-old-video-from-pakistan-shared-as-muslim-man-threatening-to-kill-electrician-in-india-1848956-2021-09-03
11,fact-check,Fact Check: Old video passed off as Northern Alliance ambush on Taliban in Panjshir,"(2, 9, 2021)","Panjshir province in Afghanistan has become a symbol of resistance against the Taliban. It is the only province in the country that has remained out of bounds for the dreaded militia so far. Reports say resistance forces have inflicted heavy casualties on the Taliban as well.

Amid this, a video of heavy firing in a hilly area has gone viral on social media with the claim that this is how the National Resistance Front ambushed Taliban in Panjshir that the latter has been trying to capture. “Panjshir Resistance Ambush Taliban September 1, 2021,” reads one such caption. The archived version can be seen here.India Today Anti Fake News War Room (AFWA) has found that the video is at least seven years old and not related to the ongoing clashes between Taliban and Panjshir resistance forces.AFWA probeReverse-searching the viral video, we found it in a December 2014 report on a website called “Military.com”. Here, the video description says, “Iranian soldiers ambush ISIS terrorists who were attempting to enter Iranian borders at an undisclosed location.”However, many on social media are also claiming that the video is from Yemen. While one user had shared the video in July 2015, Arab news channel “Al Hadath” posted the video four years later, saying these are visuals of the army targeting militia forces in Yemen.We could not independently verify the exact location and time of the firefight. However, it is certain that the video is old and not linked to the ongoing clashes between Taliban and resistance forces in Panjshir. INDIA TODAY FACT CHECK      ClaimRecent video of resistance forces ambushing Taliban in Panjshir, Afghanistan. ConclusionThe video is at least seven years old and not related to the ongoing conflict between Taliban and resistance forces in Panjshir.JHOOTH BOLE KAUVA KAATEThe number of crows determines the intensity of the lie.1 Crow: Half True2 Crows: Mostly lies3 Crows: Absolutely false Want to send us something for verification? Please share it on our  at 73 7000 7000  You can also send us an email at factcheck@intoday.com","['Panjshir', ' Afghanistan', ' resistance', ' Taliban', ' casualties', ' heavy firing', ' National Resistance Front', ' Taliban in Panjshir', ' ambush', ' ongoing clash', ' Yemen']",https://www.indiatoday.in/fact-check/story/fact-check-old-video-passed-off-northern-alliance-ambush-taliban-panjshir-1848604-2021-09-02
12,fact-check,Fact Check: This CCTV footage does not show Sidharth Shukla’s last moments ,"(2, 9, 2021)","Actor and Bigg Boss 13 winner Sidharth Shukla died of heart attack today in Mumbai’s Cooper Hospital, shocking the film fraternity. Soon after, a CCTV footage of a man collapsing on a staircase started circulating on social media with the claim that it shows the last moments of the ‘Balika Vadhu’ actor.

India Today Anti Fake News War Room (AFWA) has found the claim along with the video to be misleading. This video is at least a week old and shows a man collapsing at a gym in Bengaluru.The same video is also circulating with the claim that the man collapsed in a Mumbai gym due to cardiac arrest since he was working out after taking a Covid-19 vaccine.The archived versions of similar posts can be seen here, here  and here.AFWA probe On the first frame of the CCTV footage in question, we could see the date stamp as “25/08/2021”. This confirms that the video is at least a week old. With the help of InVID tool and keyword search, we found the same video and screenshots from it shared by news websites from Karnataka.According to these reports, the video is from Gold’s Gym at Banashankari, Bengaluru.When AFWA reached out to the gym, a representative confirmed to us that the video is indeed from the gym and the incident took place in August. The representative also said that the man collapsed due to cardiac arrest.An inspector from Banashankari police station also confirmed to us that the video is from Bengaluru. Police said he was declared brought dead to the hospital by doctors.Meanwhile, 40-year-old Sidharth Shukla breathed his last in Mumbai on September 2. According to reports, he was brought dead to Cooper Hospital on Thursday morning. Primary reports say the actor suffered a heart attack.Hence, it is clear that the video in question is old and from Bengaluru. It is neither from Mumbai nor related to Sidharth Shukla. INDIA TODAY FACT CHECK      ClaimActor Sidharth Shukla’s death caught on CCTV camera. ConclusionThis video is of a man who collapsed at a gym in Bengaluru last week. Sidharth Shukla died of a heart attack in Mumbai on September 2.JHOOTH BOLE KAUVA KAATEThe number of crows determines the intensity of the lie.1 Crow: Half True2 Crows: Mostly lies3 Crows: Absolutely false Want to send us something for verification? Please share it on our  at 73 7000 7000  You can also send us an email at factcheck@intoday.com",NA,https://www.indiatoday.in/fact-check/story/fact-check-this-cctv-footage-does-not-show-sidharth-shukla-last-moments-1848505-2021-09-02
