SN,category,headline,date,content,keywords,link
1,fact-check,Fact Check: Image from 2017 rally in Rajasthan shared as recent Haryana protest,"(12, 9, 2020)","Hundreds of farmers in Haryana took to the streets against three agriculture-related ordinances passed by the Central government in June this year. Led by the Bhartiya Kisan Union, agitated farmers blocked National Highway-44 at Pipli near Kurukshetra on September 10, 2020. According to the government, these ordinances will make selling and purchasing agricultural produce easier for farmers and traders.

The farmer organisations, however, are demanding legislation to ensure Minimum Support Price (MSP), fearing black marketing in the wake of these ordinances.Police resorted to lathi-charge to disperse the protesting farmers in view of the violation of state administration’s Covid-19 protocols.While several images from Haryana's Kisan rally are viral on social media, one among them caught our attention. An image of a huge rally with a heavily packed crowd is shared with the claim that it is from the recent farmers protest in Haryana.The caption in Hindi to one such image uploaded on Twitter translates to English as, “Many farmers were beaten up, arrested. Many suffered head injuries. We will tolerate all of this. What we won't tolerate is an attack on our country's farms, diversity, and the price of our crops.”India Today Anti Fake News War Room (AFWA) has found that the viral image is from 2017 and not related to the ongoing farmers protest in Haryana. The image is from a protest held by more than 15,000 farmers in Rajasthan in 2017.Several netizens, including the Haryana Bhartiya Kisan Union chief Gurnam Singh Charuni, also shared this viral image mixed with recent images from the Haryana protest on Facebook.The archived versions of similar posts using the viral image along with actual images from Haryana protests can be seen here, here, here and here.AFWA ProbeWith the help of a reverse image search, we found that the image in question is from a 2017 protest rally held by farmers in Rajasthan.The complete version of the same image is carried in an article published on September 4, 2017, by Jaipur-based Hindi news portal Patrika. According to the report, the image was part of a historic protest held by more than 15, 000 farmers against the then Vasundhara Raje-led government in Rajasthan in 2017.As per the report, the image shows farmers carrying out a funeral procession of the effigy of Vasundhara Raje around the city as part of the protest. A closer look at the highlighted portion on the top right corner of the original image published by Patrika shows the crowd carrying an effigy.Here is a comparison between the image in question and the original image uploaded by Patrika in 2017. Another article by Patrika published on September 30 also carried a similar image of the rally.We also found the same group of protestors in a video uploaded on the official YouTube channel of NewsClick on September 12, 2017.Multiple media organisations reported this massive indefinite agitation in Sikar that began on September 1, 2017.According to a report in Hindustan Times, protesting farmers had 11 demands, including increasing farmers’ pension, crop loan waiver, and purchase of crops at minimum support price (MSP) among others.It thus becomes clear that the viral image showing the massive rally is from Rajasthan’s Sikar taken in the year 2017 and has nothing to do with the ongoing farmers’ agitation in Haryana. INDIA TODAY FACT CHECK      ClaimImage shows farmers protest in Haryana held on September 10, 2020, against three agriculture ordinances passed by the Central government.ConclusionThe viral image is of a historic rally held in Rajasthan in 2017 when thousands of farmers protested against the then CM Vasundhara Raje-led government.JHOOTH BOLE KAUVA KAATEThe number of crows determines the intensity of the lie.1 Crow: Half True2 Crows: Mostly lies3 Crows: Absolutely false Want to send us something for verification? Please share it on our  at 73 7000 7000  You can also send us an email at factcheck@intoday.com",['Fact Check: Image from 2017 rally in Rajasthan shared as recent Haryana protest'],https://www.indiatoday.in/fact-check/story/viral-image-rally-rajasthan-recent-haryana-protest-1721187-2020-09-12
2,fact-check,Digital dangers,"(12, 9, 2020)","CU Soon’s ingenuity lies in its storytelling device. It’s a thriller told solely through digital screens of its three protagonists. A couple meets on Tinder and love blossoms through chats and video calls. So sweet and swift is the romance that when Jimmy (Roshan Mathew) asks his cousin (Fahadh Faasil), a computer programmer, to do a background check on Anu (Darshana Rajendran), one nearly overlooks how disconcerting it is. Earlier, it was priests matching horoscopes; in the digital age, it is hackers doing the needful.

Not all love stories are uncomplicated, especially the ones that happen online where personas can easily be altered. CU Soon asks a pertinent question: how much do you know about the person you have never met? How much should one trust? Earlier this year, Kappela, another Malayalam romantic thriller, touched on these questions, with intriguing results. CU Soon, though, is an altogether different ballgame.“Mahesh Narayanan is capable of anything,” says Faasil, who is also the film’s producer. “I don’t think this would have been possible with anyone else.” Narayanan (Take Off), an editor-director, adeptly handles what is a tricky exercise, shifting through apps and characters and simultaneously ensuring the components of the thriller remain intact. For the most part, he succeeds in pulling of this first-of-its-kind experiment in Indian cinema.Rajendran is wonderful as she projects a shyness and disguises her vulnerability, while Mathew and Faasil also deliver often in front of mobile and laptop cameras. “If you ask me, it’s the toughest exercise I have done in cinema,” says Faasil, known to not be the most social media-savvy. “As actors, we all are trained to perform for lenses.”The first 45 minutes are taut, with Narayanan juggling through multiple apps with ease. CU Soon reveals how little privacy the world wide web affords its users even as it empowers them. The pace does slacken once Faasil’s character turns a sleuth to track Anu and gradually chances on the truth that is troubling, albeit predictable. According to Faasil, a film like CU Soon should “go to the audience than the other way around”. The format, though, requires the audience to be constantly alert, for there’s a lot happening on the screen, messages, photos, videos. At times, the information overload means one must pause to process it all, especially if they are watching with subtitles. Nonetheless, it is an invigorating experience, one that is likely to make you more vigilant about your online activity.",NA,https://www.indiatoday.in/magazine/leisure/story/20200921-digital-dangers-1720995-2020-09-12
3,fact-check,"Fact Check: No, ICMR hasn’t prescribed this drug to prevent Covid-19","(11, 9, 2020)","With a spike of 96,551 new cases and 1,209 deaths reported in the last 24 hours, India's coronavirus cases tally on Friday (September 11, 2020) crossed the 45-lakh mark.

Around the world, over 150 groups are also independently working on developing a Covid-19 vaccine. Amid this, a social media post claims that the Indian Council of Medical Research (ICMR) in its guidelines specified the use of Ivermectin drug for prevention and treatment of Covid-19.One such post uploaded on Facebook read, “New guidelines of ICMR for COVID 19 released on 6th August 2020. For prophylaxis Tab. IVERMECTIN 12 mg On Day 1, Day 7 & Day 30 2 hrs after dinner. Followed by every 30 days 1 tab of 12mg till pandemic is over. To be taken by all high risk people & frontline health workers. It reduces severity of disease & fatality in 80-90%.” India Today Anti Fake News War Room (AFWA) has found that the claim is misleading. ICMR has not issued any such guidelines for the use of Ivermectin tablet. However, the claim is rather a circular by the Uttar Pradesh government which is falsely shared as ICMR guideline.The archived version of the posts can be seen here, here, and here.AFWA ProbeIvermectin has been in use since the 1980s for de-worming and as a treatment against head lice and scabies. The United States Food and Drug Administration (FDA) in a report suggested that the medicine can possibly kill SARS-CoV-2 — the virus that causes Covid-19 — in less than 48 hours.When we searched the ICMR website we couldn’t find any guidelines specifying the usage of Ivermectin tablets for Covid-19 prevention or treatment.UP govt directs use of Ivermectin drugA further keyword search led to a few news articles regarding the Uttar Pradesh government circular suggesting Ivermectin for Covid-19 treatment.According to The Times of India article published on August 8, 2020, the UP government approved the usage of Ivermectin for the prevention and treatment of Covid-19 to individuals, their primary contacts and healthcare workers.However, we couldn’t find a mention of ICMR prescribing Ivermectin for Covid-19 in any of these articles.We also found an Uttar Pradesh government circular dated August 6, 2020, specifying the use and dosage of Ivermectin for prevention as well as treatment of Covid-19. The same circular was also uploaded on Twitter by news agency ANI. However, the circular has no mention of ICMR.Uttar Pradesh government recommends tablet 'Ivermectin' for prophylaxis in contacts and in health care workers and for treatment of asymptomatic to mild symptomatic #COVID19 patients. pic.twitter.com/XEp75AIRrc— ANI UP (@ANINewsUP) August 7, 2020
The specifications regarding the dosage of the drug are similar in both the UP government circular and the viral claim in question. No credible sources reported about ICMR prescribing Ivermectin for Covid-19 prevention or treatment. Also, no other Indian state has reportedly adopted this drug in their fight against Covid-19.AFWA reached out to Dr Rakesh Kumar Mishra, Director of the Centre for Cellular and Molecular Biology (CCMB), one of the agencies at the forefront of fighting Covid-19 in the country, for better clarity on the viral claim.Speaking to AFWA, Dr Mishra said, “Ivermectin is an FDA-approved broad-spectrum anti-parasitic agent. Some studies suggest it may be inhibitory to Covid-19. Considering that it is already approved by the FDA as anti-parasitic, it can be repurposed. The drug being recommended as a prophylaxis for front line workers is not a bad idea since the pandemic is getting more serious and a government with input from its experts can do it.”Dr Mishra, however, further said the drug is not strategically and logistically advisable for individuals unless it has gone through proper trials.Regarding the claim that ICMR has issued a guideline specifying the usage of the drug, Dr Mishra said, “ICMR is still reviewing the medicine. Also, the Central Drugs Standard Control Organisation (CDSCO) is the Indian body that can authorise any medicine and no such guidelines have been issued by CDSCO. ”Live TVALSO READ | Fact Check: Ambanis to help Kangana with Rs 200 crore for new studio?ALSO READ | Fact Check: This clip of a nasty parachute landing has no link to Pakistan or China INDIA TODAY FACT CHECK      ClaimIndian Council of Medical Research (ICMR) issued guidelines for using Ivermectin drug as preventive medication against Covid-19.ConclusionICMR did not issue any guidelines regarding Ivermectin drug usage. This is a UP government circular and not an ICMR guideline.JHOOTH BOLE KAUVA KAATEThe number of crows determines the intensity of the lie.1 Crow: Half True2 Crows: Mostly lies3 Crows: Absolutely false Want to send us something for verification? Please share it on our  at 73 7000 7000  You can also send us an email at factcheck@intoday.com",NA,https://www.indiatoday.in/fact-check/story/fact-check-no-icmr-hasn-t-prescribed-this-drug-to-prevent-covid-19-1720939-2020-09-11
4,fact-check,Fact Check: Ambanis to help Kangana with Rs 200 crore for new studio?,"(10, 9, 2020)","Support has poured in for Kangana Ranaut after the Brihanmumbai Municipal Corporation demolished her office in Mumbai following a long spat between the actor and Shiv Sena leaders. From common people to outfits such as Karni Sena and Republican Party of India (A), many have expressed solidarity with the “Tanu Weds Manu” actor.

Social media too now resembles a warzone with supporters and opponents of Kangana hitting out at each other, and related hashtags dominating Twitter since Wednesday. Amid this, a viral message on Facebook says the Ambani family has come forward to help Kangana with Rs 200 crore to build a new studio. The claim attributes the announcement to Nita Ambani.The caption of the post reads, “To make Kangana a new studio Ambani family will help 200 crores Nita Ambani”. India Today Anti Fake News War Room (AFWA) has found that no such announcement was made. The Ambani-owned Reliance Industries Limited has denied the claim, calling it fake.The archived versions of the posts can be seen here, here and here. The claim is being widely circulated on Facebook. AFWA found no credible news report that even remotely hints at Nita Ambani recently expressing or announcing her family’s eagerness to help Kangana with Rs 200 crore to build a studio or office.We reached out to Reliance Industries Limited whose officials denied the viral claim and called it “fake”. The officials said no such announcement was made on their part following the Kangana-BMC controversy.Earlier too, the Ambani family was at the receiving end of social media rumours, which have been debunked by several fact-checkers. Some of these articles can be read here, here and here. INDIA TODAY FACT CHECK      ClaimAccording to Nita Ambani, the Ambani family will help Kangana Ranaut with Rs 200 crore to construct a new studio. ConclusionNo such announcement was made. The Ambani-owned Reliance Industries Limited has denied the claim, calling it fake.JHOOTH BOLE KAUVA KAATEThe number of crows determines the intensity of the lie.1 Crow: Half True2 Crows: Mostly lies3 Crows: Absolutely false Want to send us something for verification? Please share it on our  at 73 7000 7000  You can also send us an email at factcheck@intoday.com",['Fact Check: Ambanis to help Kangana with Rs 200 crore for new studio?'],https://www.indiatoday.in/fact-check/story/fact-check-ambanis-to-help-kangana-with-rs-200-crore-for-new-studio-1720625-2020-09-10
5,fact-check,Fact Check: This clip of a nasty parachute landing has no link to Pakistan or China ,"(9, 9, 2020)","A video of a parachute landing gone wrong is circulating on social media with the claim that this is a Pakistani paratrooper instructor with training from China who’s facing a hard time controlling the parachute and whirling around in the wind.

Several Twitter and Facebook users have posted the 44-second video where a paratrooper is seen facing trouble while touching the ground. The caption of the post says, “Pakistani paratroop instructor demonstrating a perfect landing trained in China.”Pakistani paratroop instructor demonstrating a perfect landing - trained in China.Follow @bhaiyaji_kahin pic.twitter.com/R7jeNKiRuC— _ (BJP) (@bhaiyaji_kahin) September 6, 2020
India Today Anti Fake News War Room (AFWA) has found the video to be eight years old. This is a clipping of a Russian paratrooper facing trouble in parachute landing during a training exercise.Multiple Facebook users have posted the video believing the claim to be true. The archived versions of the posts can be seen here, here and here.AFWA probeWith the help of InVID and Yandex reverse image search, we found that the viral video was shared mostly by Russian social media sites for several years. We found a longer version of the video on a website where the title in Russian translates to, “Taming the parachute”. The video was uploaded on September 28, 2012. Here the paratrooper can be seen struggling with the chute; later, another person comes to his rescue but in vain.The same video was also uploaded on YouTube on September 25, 2012. The title reads, “Russian Parachute Landing FAIL”.Another website called “gfycat” also titled this video, “Russian soldier parachute trouble GIF”. Some Russian Facebook users also posted this video later saying it was a Russian parachute landing that went wrong.Taking this as a clue, we searched the Internet with the help of keywords and found the incident was published along with the same video in “Military.com” on September 24, 2012. The brief says, “A Russian recruit has a nightmare of a parachute landing during a training exercise.” Though we could not find the location or further details regarding the incident, but all related information makes it clear it involved Russian troops and is at least eight years old. There is no credible information that claims any Pakistani paratrooper was involved in the incident. INDIA TODAY FACT CHECK      ClaimVideo shows parachute landing by Pakistani paratrooper instructor goes wrong. Trained in China, this instructor was struggling to control the parachute and whirling around in the wind.ConclusionViral video from 2012 shows a Russian paratrooper facing trouble while landing the parachute during a training exercise.JHOOTH BOLE KAUVA KAATEThe number of crows determines the intensity of the lie.1 Crow: Half True2 Crows: Mostly lies3 Crows: Absolutely false Want to send us something for verification? Please share it on our  at 73 7000 7000  You can also send us an email at factcheck@intoday.com",['Fact Check: This clip of a nasty parachute landing has no link to Pakistan or China\xa0'],https://www.indiatoday.in/fact-check/story/clip-of-a-nasty-parachute-landing-has-no-link-pakistan-china-1720247-2020-09-09
6,fact-check,Fact Check: Old pic of joint military exercise viral as Indo-China clashes in Ladakh,"(8, 9, 2020)","Tension has mounted along the Line of Actual Control as the Indian Army thwarted another attempt by Chinese troops to capture a forward post at Ladakh. This was followed by an incident of firing as claimed by both sides.

On Facebook, some users (are posting a picture of soldiers capturing a bunker () with the claim that this is a scene from clashes at Eastern Ladakh.


 
Breaking news...Eastern Ladakh High clashes...Posted by Riffat Wani Official on Monday, 7 September 2020India Today Anti Fake News War Room (AFWA) has found that this is a picture from the joint Sino-Indian Humanitarian Assistance & Disaster Relief Exercise that was conducted by troops from both sides in Ladakh in 2016.Multiple Facebook users have shared the image believing it to a picture of the recent clashes. The archived versions of the posts are saved here , here and here.AFWA probeUsing reverse image search, we found that this picture, along with a few others, was tweeted by the Northern Command of Indian Army on October 20, 2016. The caption of the post reads, "" Joint Sino-Indian Humanitarian Assistance & Disaster Relief Exercise conducted by soldiers in Ladakh.""Joint Sino-Indian Humanitarian Assistance & Disaster Relief Exercise conducted by soldiers in Ladakh.@adgpi pic.twitter.com/x1GIF2OzdP— NorthernComd.IA (@NorthernComd_IA) October 20, 2016
The event was covered by several media outlets at that time.According to these news reports, India and China had carried out a joint army exercise in eastern Ladakh in Jammu and Kashmir, a move that had come ""amid hectic diplomatic maneuvering between the two countries over a host of issues"".Under the Border Defense Cooperation Agreement, 2013, Indian and Chinese armies held the second joint ""Sino-India Cooperation 2016"" exercise. This was a sequel to the first exercise held on February 6, 2016. Soldiers of Chushul Garrison from India and Moldo Garrision from China participated in the exercise. Hence, the viral post claiming the picture to be from the recent clashes between Indian and Chinese troops in Ladakh is actually from a joint military exercise carried out by both countries in 2016. INDIA TODAY FACT CHECK      ClaimThis is a picture of clashes between Indian and Chinese troops in Ladakh. ConclusionThough Indian and Chinese troops are involved in border skirmishes, this picture was taken at a joint military exercise by the two armies in 2016.JHOOTH BOLE KAUVA KAATEThe number of crows determines the intensity of the lie.1 Crow: Half True2 Crows: Mostly lies3 Crows: Absolutely false Want to send us something for verification? Please share it on our  at 73 7000 7000  You can also send us an email at factcheck@intoday.com",['Fact Check: Old pic of joint military exercise viral as Indo-China clashes in Ladakh '],https://www.indiatoday.in/fact-check/story/fact-check-old-pic-of-joint-military-exercise-viral-as-indo-china-clashes-in-ladakh-1719876-2020-09-08
7,fact-check,Fact Check: This kidnapping drama is not what it seems,"(7, 9, 2020)","A video of three men abducting two little kids is circulating on social media with an appeal to share it as much as possible so the children could be saved.

The 45-second CCTV clip shows three men emerging out of a white car, snatching away the kids from a man and driving off. The video, originally posted in 2019, is still circulating on Facebook.The caption of the Facebook post reads, “Send this video to the whole of India and reach the corner of the world by any means. Save the children Plz. I did it. And you can not imagine how big help you are doing by sharing.”India Today Anti Fake News War Room (AFWA) has found the claim to be misleading. The three-year-old incident from Haryana’s Panchkula was not a kidnap-for-ransom case. The kids were abducted by their father who wanted to “save” them from his “abusive” estranged wife.The video, posted last year, has been shared more than 62,000 times. Many Facebook users are still sharing it, believing the incident to be a kidnap-for-ransom case.The archived versions of these posts can be seen here and here.Using InVID and reverse-image search, we found that the incident was reported by several media outlets in 2019.As per these news reports, the incident took place on May 16, 2019, in Panchkula, Haryana. One Gurpreet Singh had kidnapped his two children with the help of three associates from his father-in-law Subhash Singh while they were returning from school.Police booked an FIR against Gurpreet on the basis of a complaint by his father-in-law. But he was not arrested.Later, Gurpreet called a press conference in Panchkula, where his kids were also present, and confessed to kidnapping his children to “save” them from his “abusive” wife with whom he was fighting a divorce case in court.Gurpreet alleged that even before the divorce was granted by the court, his wife had remarried without disclosing her marital status and the fact that she had children. He claimed his wife used to torture the kids, and as a father, he wanted to save them.As per reports, Manish, the second husband, was also present at the press conference, where he confessed that he was duped and blackmailed by the woman. Manish had also filed a police complaint against her.Since the matter is in court, Panchkula police refused to comment on the incident and the woman’s family had also chosen not to speak to the media.Fact check website “Vishvas News” had reported about the incident last year.Therefore, it is confirmed that the viral video of child-lifting is an outcome of a family dispute and not a kidnap-for-ransom as wrongly claimed on social media. INDIA TODAY FACT CHECK      ClaimAn incident of two children being abducted by three men was caught on camera. The video should be shared widely so that the kids can be saved. ConclusionThe one-year-old incident from Haryana’s Panchkula was not a kidnap-for-ransom case. The kids were abducted by their father who wanted to “save” them from his “abusive” estranged wife.JHOOTH BOLE KAUVA KAATEThe number of crows determines the intensity of the lie.1 Crow: Half True2 Crows: Mostly lies3 Crows: Absolutely false Want to send us something for verification? Please share it on our  at 73 7000 7000  You can also send us an email at factcheck@intoday.com",['Fact Check: This kidnapping drama is not what it seems '],https://www.indiatoday.in/fact-check/story/fact-check-this-kidnapping-drama-is-not-what-it-seems-1719595-2020-09-07
8,fact-check,Fact Check: Truth behind disturbing video of girl’s molestation,"(7, 9, 2020)","A disturbing video of a man molesting a girl at an isolated place in the bushes has gone viral on social media with the claim that the incident is from Kerala. The claim goes on to hint that such incidents are regular in the state as Hindus have become a minority there.

The viral video shows the man trying to undress the girl and laughing at her plight even as she screams and begs to let her go. Another woman is seen trying to rescue her, while other male voices can be heard in the video. India Today Anti Fake News War Room (AFWA) has found that the claim along with the video is misleading. The three-year-old video is from Prakasam district of Andhra Pradesh. The girl was sexually assaulted by her boyfriend and his friends.A Twitter user posted the video on September 7 with a caption in Hindi which translates to, “This is not the only viral video from Kerala showing molestation of a woman. Such incidents are commonplace there. The main objective is that Hindus are a minority in the state.”The tweet was later deleted but not before it went viral on the Internet. Supreme Court lawyer and BJP spokesperson Gaurav Bhatia had also retweeted it, asking the National Commission of Women to take up the issue. The archived version of the tweet can be seen here.The misleading post is being shared on Facebook as well.AFWA investigation Using InVID, we reverse-searched one of the keyframes of the video and found a report by “The Times of India” on the incident. The September 2017 report says the incident took place in Kanigiri town of Prakasam district in August the same year. The incident came to light when the video went viral on social media.According to a report by “The Hindu”, the girl was a 19-year-old student who was sexually assaulted by her boyfriend Sai on August 29, 2017. His friends Karthik and Pawan shot the video. All the three were arrested almost one month after the crime.Citing police statement, the report said the victim went to meet Sai, along with a female friend. Before Sai, the girl was in a relationship with Karthik.A report by “NDTV” says Karthik encouraged Sai to assault the girl and film the act as revenge as he was upset over her new relationship.Are Hindus a minority in Kerala? As per the 2011 Census, Hindus comprise 54.7 per cent of Kerala’s population, followed by Muslims (26.5 per cent) and Christians 18.3 (per cent). However, a study published by “Deccan Chronicle” in 2016 says the Hindu population in the state would drop to 49.3 per cent by 2051.Hence, it can be concluded that the viral post is misleading. The three-year-old video is from Andhra Pradesh and not Kerala, where Hindus are not a minority yet. INDIA TODAY FACT CHECK      ClaimIn Kerala, girls are being regularly harassed and molested. This is happening as Hindus have become a minority in the state. ConclusionThe three-year-old video is from Prakasam district in Andhra Pradesh. The girl was sexually assaulted by her boyfriend and his friendsJHOOTH BOLE KAUVA KAATEThe number of crows determines the intensity of the lie.1 Crow: Half True2 Crows: Mostly lies3 Crows: Absolutely false Want to send us something for verification? Please share it on our  at 73 7000 7000  You can also send us an email at factcheck@intoday.com",NA,https://www.indiatoday.in/fact-check/story/fact-check-truth-behind-disturbing-video-of-girl-s-molestation-1719532-2020-09-07
9,fact-check,Fact Check: Why this claim on Adani-run trains is off the track,"(7, 9, 2020)","Trade unions are opposing the government's move to privatise various public sector enterprises, including Railways. Amid this, a video of a moving container train with ""Adani"" written on it is viral on social media with the claim that it is an attempt by the Centre to open up the Railways for disinvestment and change its name to Adani Railways.

The caption along with one such video says: ""Main Desh Nahi Bikne Dunga"" was one of the biggest lie of all times. Changing name of the Indian railways to Adani railways. This is just plain horrible!""Main Desh Nahi Bikne Dunga"" was one of the biggest lie of all times.Changing name of the Indian railways to Adani railways. This is just plain horrible!pic.twitter.com/8pqtNDKZb4— Elizabeth (@Elizatweetz) September 4, 2020India Today Anti Fake News War Room (AFWA) has found the claim to be misleading. Indian Railways has neither changed its name nor sold its trains to Adani Group. At least 15 private companies, including Adani Group, have the license to operate container trains in India since 2006.The video is also shared on Facebook with similar claims, The archived versions of similar posts can be seen here, here, here and here.AFWA probeUsing relevant keywords, we found that Adani Logistics, a division of the multinational conglomerate, has a pan-India license for container train operations since 2006.According to a report by The Economic Times, the Indian Railways opened up the container train business to private operators, including Adani Logistics, in January 2007.We found another report by Livemint saying Adani Logistics has been running container trains in India from November 2007.We also found several videos of Adani-run container trains. The caption of one such video uploaded on YouTube on April 7, 2013, reads, ""OVERTAKING ADANI AGRI FREIGHT: NEW DELHI - SEALDAH DURONTO BLOWS KHANA Jn.""Similar videos from 2013 can be seen here and hereA closer look at the viral video shows ""GPWIS"" (General-Purpose Wagon Investment Scheme) written on the train. According to a report by Business Standard, Indian Railways in 2018 cleared proposals of six companies, including Adani Group and Tata Steel, to have their own wagons under GPWIS.The scheme permits the six companies to transport restricted commodities such as minerals and coal, which till 2018 were completely controlled and regulated by the Railways.The Centre does plan to run 151 private trains for 35 years across 109 busy routes in India. These constitute only around 5 per cent of the total trains run in India. Also, there is no report from credible sources regarding a move to change the name of Indian Railways.Thus, it is clear that the train in the viral video is run by Adani Logistics, which has been in service for more than a decade with 14 other private companies. It is not part of the recent privatisation move of the Indian Railways. INDIA TODAY FACT CHECK      ClaimIndian Railways is sold to Adani Group. It is now Adani Railways.ConclusionIndian Railways has neither changed its name nor sold its trains to Adani Group. At least 15 private companies, including Adani Group, have the license to run container trains in India since 2006.JHOOTH BOLE KAUVA KAATEThe number of crows determines the intensity of the lie.1 Crow: Half True2 Crows: Mostly lies3 Crows: Absolutely false Want to send us something for verification? Please share it on our  at 73 7000 7000  You can also send us an email at factcheck@intoday.com",NA,https://www.indiatoday.in/fact-check/story/why-claim-adani-run-trains-off-track-indian-railways-1719431-2020-09-07
10,fact-check,Fact Check: This Tricolour at Wagah border is not the largest flag flown,"(5, 9, 2020)","A video of the Indian National flag hoisting ceremony is going viral on social media with the claim that it holds a world record. The video shows a new 120X80 feet large flag being hoisted on a 360 feet tall flag post at the Wagah border in Punjab.

The ClaimThe caption to one such 30-seconds long video uploaded on Facebook reads, ""New Indian flag at wagha broader 360 ft hr. Cost Rs 3.5Cr, 55 tons steel, 60 lac rent for crane to install,120 ft width 80 ft ht national pole. Flag pole is 350 ft ht 110 ft thick, 12 flags are in spare. This is world record.""New Indian flag at wagha broader 360 ft ht. Cost Rs3.5Cr, 55 tons steel, 60 lac rent for crane to install, 120 ft width 80 ft ht national pole. Flag pole is 350 ft ht 110 ft thick, 12 flags are in spare. This is world record. Pak raised objection but this is erected in our land which is 200.mtrs inside the zero Punjab civic bodies minister Mr Anil Joshi has taken the initiative n Mr SumerSingh BSF IG participated in it.Posted by Nagesh S. K. on Thursday, 3 September 2020The TruthIndia Today Anti Fake News War Room (AFWA) has found that the claim is misleading. This video is from Hyderabad captured in 2016 and is not related to the national flag near the Wagah border. Also, the Tricolour near the Wagah border does not hold any world record.The archived versions of similar posts can be seen here, here and here.AFWA ProbeWith the help of InVid reverse image search, we found that several netizens have been uploading the viral video on Facebook since 2016 with the claim that it is from Hyderabad.We also found a similar video with the same music and background uploaded on YouTube on June 2, 2016. The caption to the video reads, ""CM KCR Hoists Largest Indian Biggest Flag in Hyderabad"".On further search, we found news reports by News 18 and NDTV. According to the reports, the flag was hoisted on June 2, 2016, on the occasion of Telangana's second formation day by CM K Chandrashekhar Rao at Hyderabad's Sanjeevaiah Park.As per the report, the flag which measures 108X72 feet was hoisted on a 291 feet tall flag post. It was deemed as India's biggest and largest Tricolor at the time of its hoisting in 2016.In 2017, however, the Hyderabad flag lost the largest flag tag to a flag hoisted in Punjab. The new largest flag now measured 120 feet in length, 80 feet in breadth, and was hoisted on a 360-foot-tall pole at Attari, near Wagah border, in Punjab.However, it is to be noted that the list of tallest and largest Indian flag keeps on changing with several states trying to break each other's record.In 2018, beating the record of the Wagah flag, the largest flag in India was hoisted at Belagavi in Karnataka. The flag post was 361 feet high and taller than the Attari flag post by just one foot.We also found news reports from 2019 about an upcoming 380-feet tall flag post in Meerut's Waleedpur village.However, we couldn't find any world record in the name of the Wagah flag. After India hoisted a flag at the height of 360 feet at Wagah border, Pakistan also hoisted a flag taller than the Tricolour on Wagah border in 2017.On September 3, 2020, Factly debunked a similar viral claim.According to the Guinness World Records, until the time of filing this copy, the world's tallest flagpole is in Jeddah and the largest flag flown is in Sharjah. INDIA TODAY FACT CHECK      ClaimA new Tiranga that holds a world record was hoisted at Wagah border in Punjab.ConclusionThe flag in the viral claim is from a 2016 event held in Hyderabad. While the flag at Wagah border does not hold any record, world's tallest flagpole is in Jeddah and the largest flag flown is in Sharjah.JHOOTH BOLE KAUVA KAATEThe number of crows determines the intensity of the lie.1 Crow: Half True2 Crows: Mostly lies3 Crows: Absolutely false Want to send us something for verification? Please share it on our  at 73 7000 7000  You can also send us an email at factcheck@intoday.com",['Fact Check: This Tricolour at Wagah border is not the largest flag flown'],https://www.indiatoday.in/fact-check/story/fact-check-this-tricolour-at-wagah-border-is-not-the-largest-flag-flown-1718875-2020-09-05
11,fact-check,"Fact Check: No, Taiwan did not shoot down a Chinese Su-35 fighter jet ","(4, 9, 2020)","A video of Taiwan shooting down a Chinese fighter jet is doing the rounds on social media with claims that it violated Taiwan's airspace. The news comes amid ongoing tensions between the US and China in the South China Sea.

Multiple users on Facebook, Instagram and Twitter have posted such claims.One of the claims read, ""Taiwan has claimed to have brought down a Chinese Air Force Su-35 that allegedly violated its airspace over Taiwan Strait, today. Multiple videos circulating on social media show a jet, believed to be a Chinese People's Liberation Army Air Force (PLAAF) Su-35, engulfed in thick smoke in an unknown location. Unconfirmed reports state that the Chinese pilot who was injured in the incident was captured by the Taiwanese military.""Some users have also posted videos and screengrabs of footage allegedly showing the Chinese fighter plane wreckage engulfed in flames and thick smoke. The archived versions of the posts are saved here, here and here.India Today Anti- Fake News war room ( AFWA) found this to be a misleading claim. Taiwan did not claim to have shot down a Chinese aircraft. Taiwan's Ministry of National Defence issued a statement on September 4, 2020, saying that the viral claim of Taiwan shooting down a Chinese Su-35 fighter jet was 'false information'.Taiwan's Ministry of National Defense, R.O.C tweeted ""In response to rumors online that claim a Chinese Su-35 fighter jet had been shot down by Taiwan air defense systems, #ROCAirForce would like to categorically state this is fake news. We urge netizens to not spread it and strongly condemn this malicious act.""In the press release by the Taiwan ministry, the Air Force Command emphasised that to ""maintain airspace security, the headquarters will continue to closely monitor the conditions of the sea and airspace around Taiwan Strait"". Several Taiwanese media outlets and websites also reported how the Taiwan government denied the ongoing viral social media claims.The same has also been reported by the international media.There are also no news reports from Chinese media on the viral claim. We could not independently find any more credible details about the viral video showing the plane wreckage.As per a Taiwanese media report, in one of the videos, the photographer could be heard saying, ""The latest news is that a plane was blown off a high-voltage line and fell down with a slam.""Till the time of publishing this article, there was no such confirmation about a Chinese plane being shot down in Taiwan. INDIA TODAY FACT CHECK      ClaimTaiwan has claimed to have shot down a Chinese Air Force Su-35 that allegedly violated its airspace over Taiwan Strait. Conclusion Taiwan's Ministry of National Defence issued a statement on September 4, 2020, stating that the claim of it shooting down a Chinese Su-35 fighter jet was 'false information'. JHOOTH BOLE KAUVA KAATEThe number of crows determines the intensity of the lie.1 Crow: Half True2 Crows: Mostly lies3 Crows: Absolutely false Want to send us something for verification? Please share it on our  at 73 7000 7000  You can also send us an email at factcheck@intoday.com","['Fact Check: No', ' Taiwan did not shoot down a Chinese Su-35 fighter jet\xa0']",https://www.indiatoday.in/fact-check/story/no-taiwan-did-not-shoot-down-a-chinese-su-35-fighter-jet-1718774-2020-09-04
12,fact-check,Fact Check: Video claiming kidney theft in Kota hospital goes viral with a Covid twist,"(4, 9, 2020)","Are you planning a visit to a hospital during the pandemic? Beware! For it can lead to you losing an organ. A similar claim is doing the rounds on social media along with a disturbing video of people arguing with doctors for allegedly stealing a patient's kidney.

One such video on Facebook shows a man's body lying on a hospital bed with a bandage on his lower abdomen. The claim alongside the video says that the incident took place in Sudha Hospital in Kota, Rajasthan, where the doctors first declared the victim Covid positive and then stole his kidneys. People are sharing this video with a caption in Hindi, a part of which translates to, “This incident happened in Sudha Hospital of Kota, Rajasthan. The doctors declared this person as Covid positive and then stole his kidneys.”The video is quite viral on Twitter. Some such claims can be seen here, here, and here.Several Facebook users are also making this claim. The archived version of this post can be seen here.India Today Anti Fake News War Room (AFWA) has found the claim to be misleading. The claim video is from 2018 and has no relation to the ongoing coronavirus pandemic.The person who made the video is heard shouting at the hospital staff. “Do not dare to fool me. You have stolen his kidneys. How do you explain this bandage on his abdomen? He had a head injury but his abdomen was perfectly fine. You made a cut in his abdomen to steal his kidneys. I will share this video with the media so that your Sudha Hospital is exposed.”AFWA probeWith the help of InVid keyframe reverse image search, we found that the video was shared by a Youtube channel in 2018.We found a 2018 report by Rajasthan Patrika which explains the entire incident in detail. As per the report, a man named Babulal was admitted to a private hospital in Kota in serious condition after met with a road accident. Unfortunately, he died during the treatment. After his death, his family raised suspicion about the hospital authorities stealing the victim’s kidneys.However, the police quashed the claims of missing kidneys after conducting a post mortem of the man’s body.The mystery behind the cut on the abdomenWe also found a video by India TV wherein a doctor of Sudha Hospital gave clarification on the incident. He says, “The brain of the patient was seriously injured. During treatment, doctors had temporarily preserved his skull bone flap in his abdominal wall. This process is called Decompressive craniectomy which is often used in traumatic cases of a head injury.”The curious case of missing kidneysWe contacted Dr RK Agarwal, the director of Sudha Hospital who confirmed that the video shows an incident which took place in his hospital in 2018. He added that the allegations of the family of the diseased person were completely false. The hospital had even lodged an FIR against the kin of the victim.Dr Agarwal also sent us a copy of the FIR and the post mortem report of the victim. The report clearly states that both his kidneys were found intact inside his body.Thus, it is clear that the viral claim of doctors stealing a patient’s kidney during the time of the pandemic is misleading. AFWA had earlier too debunked a claim related to organ trading happening under the guise of Covid-19.Live TVREAD | Fact Check: Old image of mob attack victim painted in Love-Jihad huesALSO READ | Fact Check: Egypt pipeline fire goes viral as scenes from Sweden riots WATCH | How significant is Bharat Ratna for Holiness Dalai Lama? Tibetan PM-in-exile Lobsang Sangay answers INDIA TODAY FACT CHECK      ClaimDoctors in Kota, Rajasthan stole the kidneys of a patient who was declared Covid positive.ConclusionThe incident took place in 2018 when the relatives of an accidental death victim blamed the hospital administration of stealing the victim’s kidneys. The claim is not related to the Covid pandemic.JHOOTH BOLE KAUVA KAATEThe number of crows determines the intensity of the lie.1 Crow: Half True2 Crows: Mostly lies3 Crows: Absolutely false Want to send us something for verification? Please share it on our  at 73 7000 7000  You can also send us an email at factcheck@intoday.com",NA,https://www.indiatoday.in/fact-check/story/fact-check-video-claiming-kidney-theft-in-kota-hospital-goes-viral-with-a-covid-twist-1718772-2020-09-04
