SN,category,headline,date,content,keywords,link
1,fact-check,NA,NA,NA,NA,https://www.indiatoday.in/fact-check/video/fact-check-video-did-kyiv-s-motherland-monument-light-up-with-russian-warships-f-k-yourself-1920329-2022-03-03
2,fact-check,"Fact Check: No, Putin did not ask Pakistan to hand over Gilgit–Baltistan to India","(3, 3, 2022)","Amid Russia’s ongoing invasion of Ukraine and the Indian government’s efforts to evacuate stranded Indian nationals from the war-torn country, a video of Russian President Vladimir Putin has gone viral on social media with some questionable claims.

The 29-second-long clip shared on Facebook and Twitter featured Putin speaking. The clip was shared with claims that the Russian leader had asked Pakistan to hand over the GilgitBaltistan region to India.“Indian media won’t show you this. But Putin called Pakistan occupied Jammu, Kashmir, and Ladakh a part of India. Putin also announced a veto in the Security Council on the Gilgit region. The Russian cabinet condemned BAP [Balochistan Awami Party] for passing a resolution on Gilgit in the Pak senate. He instructed Pakistan to hand over GilgitBaltistan to India and take the resolution back,” read a caption sharing this viral clip. The viral video contains an English transcription of Putin’s speech. It reads, “I clarified during my speech at UNSC that GilgitBaltistan should be part of India. Russia does not support the Pakistani initiative to create Gilgit as a provisional province. PM Imran Khan came to Moscow to convince me on this issue. He talked about bringing a gas and oil pipeline from Russia to Pakistan through China and Gilgit. It is not a viable idea because Pakistan is an occupier in Gilgit. I talked to my cabinet members about the provisional province.”The transcript further read, “They condemned BAP for bringing a resolution in the PAK senate on Gilgit. I mean who created BAP? Are they from Gilgit? Who instructed them to do this? I say take AJK [Azad Jammu and Kashmir] like set up and be happy. Have your own flag, constitution, president. Send Pakistan packing. They are only after your resources. PM Khan asked for money. He wanted to send some Islamic Jihadis here. I said, how about the Bani Gala?' Will you sell it? He laughed and his teeth fell out. I veto Gilgit Province's motion in the Security Council [United Nations].""Twitter users posted this video alongside a caption that reads, “BREAKING NEWS!!!!!!! President #Putin announced to veto the issue of Gilgit provisional province in the Security Council. His cabinet condemned BAP for senate resolution on Gilgit province. Asked Pakistan to withdraw and hand Gilgit to India.”BREAKING NEWS!!!!!!!President #Putin announced to veto the issue of Gilgit provisional province in the Security CouncilHis cabinet condemned BAP for senate resolution on Gilgit provinceAsked Pakistan to withdraw and hand Gilgit to India #Russia #Pakistan #GilgitBaltistan pic.twitter.com/vG1SOK5RN2— #SengeSering (@SengeHSering) March 2, 2022
Archived versions of these claims can be seen here and here.The India Today Anti Fake News War Rom (AFWA) found these claims to be false as the transcription of Putin’s address was manipulated. The Russian President was actually speaking about the sanctions announced by western countries and not about Pakistan.AFWA ProbeAlthough Putin was speaking in Russian, the words “Pakistan,” “Gilgit,” or “veto,” were not present in the clip shared. We searched online with relevant keywords but no news regarding this appeared.With the help of the InVid tool and reverse image search, we found this original video of Putin alongside the actual English transcription of his words.Reverse image search led us to a video uploaded on YouTube by The National News on February 28, 2022. The video was uploaded with the caption, “Vladimir Putin calls the West an empire of lies.” The added description of this video read, “The Russian President was speaking to government officials about devastating sanctions imposed on his country.”As per the original transcript, Putin said, “I invited you to talk about questions related to economy and finance. We have discussed this subject with the Russian Prime Minister, talking about the sanctions which the so-called Western community, as I call in my speech an ‘empire of lies’, tries to realise against our country.”The official YouTube channel of Euro News also uploaded the same video on February 28 with the description, “Russian President Vladimir Putin calls the West an ‘empire of lies’ at a meeting with economy officials, after western nations imposed a raft of sweeping sanctions on Moscow. Russia's ruble plunged nearly 30 per cent against the dollar earlier on Monday.”Therefore, it is clear that the transcription was manipulated in the viral video. Putin did not speak about either Jammu, Kashmir, Ladakh, or about GilgitBaltistan. INDIA TODAY FACT CHECK      ClaimRussian President Vladimir Putin said Pakistan-occupied Jammu, Kashmir, and Ladakh was a part of India. He also asked Pakistan to hand over the Gilgit–Baltistan region to India. ConclusionThe transcript of the video was manipulated. Putin was speaking on sanctions imposed on Russia following its invasion of Ukraine at a meeting on February 28, 2022.JHOOTH BOLE KAUVA KAATEThe number of crows determines the intensity of the lie.1 Crow: Half True2 Crows: Mostly lies3 Crows: Absolutely false Want to send us something for verification? Please share it on our  at 73 7000 7000  You can also send us an email at factcheck@intoday.com",NA,https://www.indiatoday.in/fact-check/story/putin-did-not-ask-pakistan-to-hand-over-gilgit-baltistan-to-india-1920325-2022-03-03
3,fact-check,Fact Check: Did actress Sara Ali Khan tweet about her views on the hijab row?,"(2, 3, 2022)","The hijab row that started in Karnataka has hit bollywood as well. On social media, a screenshot of actor Sara Ali Khan’s tweet about the issue has gone viral.

Several social media users shared the alleged screenshot of the tweet from the handle “@WhoSaraAli”. The Hindi text roughly translates to, “Muslim girls don’t usually don burqas in Hindu-dominated areas because they feel safe there. It is only in Muslim-dominated regions, localities where they wear hijabs because they are vulnerable to sexual harassment there, even from family members.”The India Today Anti-Fake News War Room (AFWA) found that the claim along with the screenshot to be misleading. The screenshot of the tweet used in this post has been digitally altered.Archived versions of posts with similar claims can be seen here and here.AFWA PROBE While investigating the claim, we decided to first check the Twitter profile @WhoSaraAli. We discovered that such a Twitter handle does not exist at all. Next, we checked Sara Ali Khan’s verified Twitter account @SaraAliKhan. We compared tweets from Sara Ali Khan’s verified handle and the viral image. This revealed glaring differences. With the help of Advanced Twitter Search, we searched but found nothing tweeted by Khan that resembled the contents of the viral screenshot. And lastly, when we searched on Google, we found no news report on Khan’s comments on the hijab row.Thus, we can conclude that this claim is a lie. The screenshot of the tweet used in this post is morphed. Sara Ali Khan did not say anything of this sort.(With inputs from Yash Mittal in New Delhi)  INDIA TODAY FACT CHECK      ClaimActress Sara Ali khan tweeted, “Muslim girls only wear burqas in Muslim localities because they feel unsafe there.”ConclusionNo, there’s no such tweet from the verified Twitter handle of actress Sara Ali Khan. The viral screenshot used in this post was digitally altered.JHOOTH BOLE KAUVA KAATEThe number of crows determines the intensity of the lie.1 Crow: Half True2 Crows: Mostly lies3 Crows: Absolutely false Want to send us something for verification? Please share it on our  at 73 7000 7000  You can also send us an email at factcheck@intoday.com",NA,https://www.indiatoday.in/fact-check/story/fact-check-did-actress-sara-ali-khan-tweet-about-her-views-on-the-hijab-row-1919986-2022-03-02
4,fact-check,Fact Check: Did PM Modi preach ‘divide and loot’ to BJP workers?,"(2, 3, 2022)","Amid the ongoing assembly elections in Uttar Pradesh and Manipur, a video of Prime Minister Narendra Modi has gone viral where he can be seen addressing a rally and saying, “Divide and loot.""

The video was tweeted with claims like, “Just like the British Empire, Modi ji is teaching his party’s leaders and workers to ‘divide and loot’. The British may have left, but their treacherous descendants remain.” ,, ,, ,, , https://t.co/UPm34gFDgw"">pic.twitter.com/UPm34gFDgwa> https://t.co/wyu94KXqMN"">https://t.co/wyu94KXqMNp>— ** (@IncNiraj) https://twitter.com/IncNiraj/status/1492390632156925952?ref_src=twsrc%5Etfw"">February 12, 2022
The India Today Anti Fake News War Room (AFWA) found the viral video was clipped. In the full unedited video, PM Modi was accusing the Congress party of dividing people and looting them.AFWA PROBE With the help of InVid and reverse searches, we found the original video shared by the verified Twitter account of Narendra Modi on February 11, 2022. , - , ! https://t.co/pokHGYCIEY"">pic.twitter.com/pokHGYCIEYa>— Narendra Modi (@narendramodi) https://twitter.com/narendramodi/status/1492156271235117056?ref_src=twsrc%5Etfw"">February 11, 2022
The caption of the video in Hindi translates to: “Not just in Uttarakhand, Congress’ policy in the whole country has been to divide and loot”.As Modi had specifically used the word “Uttarakhand”, we took it as a clue and conducted a keyword search to find out the exact date and location of this speech.We found the full video of this programme shared on the verified YouTube channel of Narendra Modi. The caption of the video stated: “PM Modi addresses Vijay Sankalp Sabha in Almora, Uttarakhand.” It was streamed live on February 11, 2022.At the 15.28-minute mark in this video, one can hear Modi saying, “Not just in Uttarakhand, Congress’ policy in the whole country has been to divide and loot.”Hence, we can conclude that the claim along with this video is misleading. A portion of the full speech where Modi was talking about the Congress party’s supposed “divide and loot” policy was clipped and shared out of context. INDIA TODAY FACT CHECK      ClaimPM Narendra Modi asked his party workers to employ the British Empire policy of “divide and loot.”ConclusionThe viral video was clipped. In the unedited version of the speech delivered in Almora, Uttarakhand, on February 11, 2022, Modi could be heard saying, “Not just in Uttarakhand, Congress’ policy in the whole country has been to divide and loot.”JHOOTH BOLE KAUVA KAATEThe number of crows determines the intensity of the lie.1 Crow: Half True2 Crows: Mostly lies3 Crows: Absolutely false Want to send us something for verification? Please share it on our  at 73 7000 7000  You can also send us an email at factcheck@intoday.com",NA,https://www.indiatoday.in/fact-check/story/did-pm-modi-preach-divide-and-loot-to-bjp-workers-1919964-2022-03-02
5,fact-check,"Fact Check: No, this video DOES NOT show Indian media faking deaths during the Russia-Ukraine war","(2, 3, 2022)","Amid the ongoing Russian invasion of Ukraine, a video has been circulating on social media with the claim that it shows Indian reporters faking the death of Ukrainians on camera.

In the viral video with an alleged 24 News logo, one can see a man purportedly speaking in Hindi about the difficulties faced by Indian students in Ukraine due to the war. “For the past three days, the Indian Embassy has been saying that they will get out. Every five minutes or so, there is an explosion here. Nobody from the Indian Embassy is listening to us. They are saying that we can leave the country at our own risk,” the man can be allegedly heard saying.Behind him, a camera person can be seen shooting rows of supposed dead people packed in body disposal bags. A few seconds into the video, one of these bags starts moving, and a person can be seen trying to come out of it. The camera person then runs to him and makes him lie back.One such post can be seen below: The video was also circulated with the claim that the Ukrainians themselves were staging the deaths. The archived versions of similar posts can be seen here, and here.The India Today Anti Fake News War Room (AFWA) found that the claim along with the video is false. The video in circulation was edited. The original video was from a protest against climate policy in Vienna, Austria. News 24 did not publish any such video.AFWA probeWe performed a reverse search of the keyframes of the video in question and found a longer and clearer version of the same video uploaded on the verified YouTube channel of an Austria-based channel OE24.TV on February 4, 2022. The description of this video in German translates to, “Vienna: Demonstration against climate policy”.From the looks of it, the frame of the Austrian video was cropped from all four sides. Additionally, a News 24 logo and Hindi audio were added to it in the viral clip. The Hindi audio in the clip could have been picked up from any of the many recent Indian news reports on Indian students stuck in Ukraine.The original video can be seen below:OE24.TV had also carried the same video on its website. Around 29 seconds of the original video, we can also see people holding banners against the climate policy. The banners in German loosely translate to English as, “Climate Protection Act saves lives,” and “Current climate policies don’t.” According to the video, the reporter seen is Marvin Bergauer.We checked Bergauer's social media handles and found a clarification note regarding the viral video on his Instagram story. He shared the same on his Facebook as well. In the note, the journalist confirmed that the video report was about climate policy in Austria and had nothing to do with the Ukraine-Russia conflict. Bergauer’s clarification note in German loosely translates to, “A few weeks ago, a video in which I talk about a Fridays for Future Vienna protest went viral. According to a new study, there will be 49 climate deaths in Austria in the future. FFF participants expressed this symbolically by depicting themselves as corpses and lying on the ground. One of these ‘corpses’ wanted to stand up briefly while I was reporting.”He said that the Russian media was now sharing the video with the claim that this was proof that Russians were not as brutal as the “Western media” claimed. “It's beyond my comprehension how millions of people believe everything they see on social media without context,” Bergauer wrote.The video had earlier gone viral linking it to Covid-19 deaths and crisis actors in Germany.It is thus clear that the video in question is from a protest demonstration in Vienna and has got nothing to do with the Russian invasion of Ukraine. INDIA TODAY FACT CHECK      ClaimVideo shows Indian media faking deaths in Ukraine to overplay the crisis.ConclusionThis video is edited. The original news report is from an Austria-based channel that shows a protest demonstration against the climate policy of the country. It has nothing to do with the ongoing Russian invasion of Ukraine.JHOOTH BOLE KAUVA KAATEThe number of crows determines the intensity of the lie.1 Crow: Half True2 Crows: Mostly lies3 Crows: Absolutely false Want to send us something for verification? Please share it on our  at 73 7000 7000  You can also send us an email at factcheck@intoday.com",NA,https://www.indiatoday.in/fact-check/story/this-video-does-not-show-indian-media-faking-deaths-during-russia-ukraine-war-1919903-2022-03-02
6,fact-check,"Fact Check: No, Kyiv’s Motherland Monument didn’t light up with ‘Russian Warships F**k yourself’","(2, 3, 2022)","An image of the Ukrainian capital Kyiv’s iconic Motherland Monument lit up with “Russian Warships F**k Yourself” written in the Russian language has gone viral on social media.

A Twitter user shared this image with the caption, “While Kyiv prepares for another night, the drones over Dnipro river make the signs for the Russian troops “Russian war ship? Go f*ck yourself”.” The India Today Anti Fake News War Room (AFWA) found the viral image was morphed. It was created by superimposing the text, “Russian Warships F**k Yourself,” on an old image of the Motherland Monument. The original image was clicked by the Kyiv-based photographer Dmitry Korol.AFWA probeThe Motherland Monument, also known as the Statue of Rodina Mat, is a part of the National Museum of the History of Ukraine in the Second World War. Inaugurated in the year 1981, it symbolises the feat accomplished by people during the war.When we checked, we did not find news reports on the Motherland Monument being lit with messages targeted towards Russian troops. Next, we reverse-searched the viral image on the Russian search engine Yandex. This led us to a Flickr post by one Dmitry Korol.Upon comparing Korol’s photo with the one in the viral post, we noticed a lot of similarities. The EXIF data of Korol’s image revealed that it was posted on April 16, 2012 in Kyiv, Ukraine. What did Dmitry Korol say?We contacted Dmitry Korol for further clarification. He told us that this image was indeed clicked by him in the year 2012. “I clicked this photograph in April 2012. I have no connection with the person who superimposed the text, ‘Russian Warships F**k Yourself’ on it,” he told AFWA.Korol, who is from Kyiv, Ukraine, moved to Vinnytsia because of the war. He works as a programmer in a Kyiv-based company. Photography is his passion — it focuses on landscapes of Kyiv.Who morphed this image?We came across a tweet from a verified user who clarified that she had overlaid the two images ( the original and the morphed one ).Yeah, I overlaid the two pictures: pic.twitter.com/J7rJE09LTe— Parker Molloy (@ParkerMolloy) March 2, 2022
Thus, it is clear that the photo that is going viral is a morphed one. In reality, the monument does not bear any message for the invading Russian troops. INDIA TODAY FACT CHECK      ClaimThis recent image shows the Motherland Monument of Kyiv being lit with the phrase “Russian Warships F**k Yourself”.ConclusionThis image is morphed. The text was superimposed on top a decade-old photo of the monument.JHOOTH BOLE KAUVA KAATEThe number of crows determines the intensity of the lie.1 Crow: Half True2 Crows: Mostly lies3 Crows: Absolutely false Want to send us something for verification? Please share it on our  at 73 7000 7000  You can also send us an email at factcheck@intoday.com",NA,https://www.indiatoday.in/fact-check/story/fact-check-kyiv-s-motherland-monument-russian-warships-f-k-yourself-1919854-2022-03-02
7,fact-check,Fact Check: Video from Syria falsely shared as Russian attack on Ukraine,"(1, 3, 2022)","As the Russian invasion of Ukraine continues, a video of an armed conflict has gone viral on social media with claims that it shows the Russian forces shelling Ukraine.

 The India Today Anti Fake News War Room (AFWA) found that the video was from a clash between the Islamic State (IS) and forces in the Syrian city of Hasakah.AFWA probeWith the help of a reverse search of the keyframes of the video in question, we found the same video uploaded to the YouTube channel of YPG Press Office, the official army of Rojava-Northern Syria Federation. The video was uploaded on January 24, 2022. “Latest developments in Ghweran, al Hasakah,” reads the headline of the video.The video was also uploaded on the same day on the YouTube channel of The Sun. According to the news outlet, the video captured a fight between the IS and Kurdish-led forces in the north-eastern Syrian city of Hasakah. IS militants had attacked Gweiran Prison, where thousands of IS members have reportedly been held since the group’s defeat in Syria in 2019. This sparked days-long firing between IS and Kurdish forces in the region. As the fight intensified, a curfew was announced in Hasakah on January 23.Several media outlets had also carried the same video on January 24 with claims it was from Syria. According to these reports, the footage was first released by the Kurdish-led YPG Press Office. However, the last few seconds on the viral video in question are indeed from the ongoing conflict in Ukraine. The video was uploaded by CNN on its website on February 24, 2022, as visuals from an encounter CNN's reporter Matthew Chance had with Russian troops in Ukraine.However, a major part of the viral video is unrelated to the ongoing Ukraine-Russia conflict. The video is from clashes that took place in Syria following the IS attack on Gweiran Prison. INDIA TODAY FACT CHECK      ClaimVideo shows Russian forces attacking Ukraine.ConclusionThis video is from clashes between the Islamic State (IS) and Kurdish-led forces in the Syrian city of Hasakah in January 2022.JHOOTH BOLE KAUVA KAATEThe number of crows determines the intensity of the lie.1 Crow: Half True2 Crows: Mostly lies3 Crows: Absolutely false Want to send us something for verification? Please share it on our  at 73 7000 7000  You can also send us an email at factcheck@intoday.com",NA,https://www.indiatoday.in/fact-check/story/video-syria-falsely-shared-russian-attack-ukraine-1919458-2022-03-01
8,fact-check,Fact Check: 2005 photo from West Bank shared as Russian soldier holding Ukrainian girls at gunpoint,"(1, 3, 2022)","Ukrainian President Volodymyr Zelenskyy on Friday, February 25, accused Russia of targeting civilian areas as the invasion force reached Kyiv. A photo that asserts alleged Russian highhandedness towards Ukrainian civilians was tweeted by several people. The said image showed a bunch of girls held at gunpoint by a soldier.

""This is unacceptable. Russian soldiers invading #Ukraine threaten a group of young girls as #Putin defies NATO with a military invasion,"" one person tweeted. Similar claims have been archived here and here.The India Today Anti Fake News War Room (AFWA) found this claim to be misleading. The photo was shot in the West Bank in 2005 during a protest in front of an Israeli checkpoint.AFWA probeThe girls in the photo donned hijabs. Around one per cent of Ukrainians reportedly follow Islam. So, there was a probability that the claims alongside the photo were authentic.A reverse search of the image, however, revealed that many of the top results were blogs that talked about the Palestine-Israel conflict. A blog written by one Hussam Ayloush was one among these. In a post titled ""Why Zionism will fail"", we found the image now shared as from Ukraine among the long list of pictures shared with this blog post published on April 27, 2010.The image was found on two more similar websites — both uploaded in 2010. While the image was published in the blog Occupied Palestine on October 10, 2010, Inminds.com carried it on August 17, 2010. Both these sites claimed the photo to be from an Israeli-occupied area, though no names were mentioned.  This confirmed that the image is older than the Russia-Ukraine border conflict that started in 2014.Further searches led us to a November 2005 BBC photo story on Palestinian students' protest in West Bank. The report talked about how students protested against ""intrusive searches"" by Israeli forces by holding classes in front of an army checkpoint in Hebron.The fifth picture in the story was the now-viral one. ""Dozens of the schoolchildren tried to burst through the checkpoint, but soldiers warned them to stop,"" the caption read. We cross-checked this claim with the prominent news agency AFP. Similar images from the same period were available in the photo section of the website.""Palestinian students push an Israeli barrier in the West bank city of Hebron as they protest after the army erected a checkpoint blocking their way to school, 22 November 2005,"" AFP had captioned the photograph. This confirmed that the image shared on Twitter as that of a Russian soldier intimidating Ukrainian girls is not related to the ongoing war. It was taken in 2005 in Hebron during a protest by students at an Israeli military checkpoint.READ | No, former Miss Ukraine is not fighting Russians in the ongoing invasionALSO READ | Old video of French troops in Afghanistan shared as footage of Russia-Ukraine war INDIA TODAY FACT CHECK      ClaimInvading Russian soldiers threatening young Ukraine girls at gunpoint.ConclusionThis photo was taken at West Bank's Hebron in November 2005. It shows Palestinian students and teachers protesting intrusive searches of children by holding classes on the road outside an Israeli checkpoint.JHOOTH BOLE KAUVA KAATEThe number of crows determines the intensity of the lie.1 Crow: Half True2 Crows: Mostly lies3 Crows: Absolutely false Want to send us something for verification? Please share it on our  at 73 7000 7000  You can also send us an email at factcheck@intoday.com",NA,https://www.indiatoday.in/fact-check/story/old-photo-from-west-bank-shared-as-russian-soldier-holding-ukrainian-girls-at-gunpoint-1919432-2022-03-01
9,fact-check,"Fact Check: No, former Miss Ukraine is not fighting Russians in the ongoing invasion","(1, 3, 2022)","As the battle between Russia and Ukraine intensifies, Ukrainian citizens have taken up arms to defend their country against invasion.

But is a former Miss Ukraine also fighting the Russian forces? An image of a woman with a gun has gone viral with the claim that Miss Ukraine was fighting the enemy on the ground.Several Facebook and Twitter users shared the viral image with the caption, “Miss #Ukraine takes up gun to fight against #RussianArmy”. The India Today Anti-Fake news War Room (AFWA) found that while a former Miss Ukraine had indeed shared this image on her Instagram, she said she only did that to inspire her countrymen.AFWA probeAnastasiia Lenna, who was Ukraine’s representative in the Miss Grand International competition in 2015, had indeed shared her photo with a gun on her instagram page with hashtags like #standwithukraine and #handsoffukraine on February 23.View this post on InstagramA post shared by Miss UkraineAnastasiia Lenna (@anastasiia.lenna)
But later, on February 27, she clarified on Instagram that the image was meant to inspire people. She wrote, “I AM NOT A MILITARY, JUST A HUMAN. Due current situation I want to talk! I am not a military, just a woman, just normal human. Just a person, like all people of my country. I am also a airsoft player for years. You can Google what #airsoft means. All pictures in my profile to inspire people.” Ukrainian President Volodymyr Zelenskyy said that the government would issue weapons to every citizen who wanted to defend Ukraine. Subsequently, civilian volunteers and paramilitary groups have been taking the fight to the Russian army in Kyiv. But the viral post claiming Miss Ukraine was fighting Russian forces is not true.Live TVAlso Read: | Fact Check: Old video of French troops in Afghanistan shared as footage of Russia-Ukraine warAlso Read: | Fact Check: Did Russian defence minister advise Indians in Ukraine to display Indian flag for special protection?Also Read: | Fact Check: Old video of Russian military drill mishap shared as from Ukrainian battlefront INDIA TODAY FACT CHECK      ClaimMiss Ukraine Anastasiia Lenna takes up a gun to defend her country. ConclusionThe former Miss Ukraine clarified on her Instagram page that she shared the viral photo only to inspire people. Lenna has been vocal against the Russian aggression in Ukraine.JHOOTH BOLE KAUVA KAATEThe number of crows determines the intensity of the lie.1 Crow: Half True2 Crows: Mostly lies3 Crows: Absolutely false Want to send us something for verification? Please share it on our  at 73 7000 7000  You can also send us an email at factcheck@intoday.com",NA,https://www.indiatoday.in/fact-check/story/fact-check-no-former-miss-ukraine-anastasiia-lenna-is-not-fighting-russians-in-the-ongoing-invasion-1919372-2022-03-01
10,fact-check,Fact Check: Old video of French troops in Afghanistan shared as footage of Russia-Ukraine war,"(28, 2, 2022)","Amid the ongoing Russian invasion of Ukraine, a video has been making the rounds of social media with some dubious claims. Several people on Facebook shared said video with captions like, “Ukraine vs Russia army fight live war updated.”

The India Today Anti-Fake News War Room (AFWA) found this video has no connection with the ongoing Russia-Ukraine war. It is an old video of French troops fighting in Afghanistan.The viral posts are archived here and here.AFWA PROBEWhile investigating the claim, two things caught our notice. One, the terrain in the background of the video looks more like a desert. Two, the language the army personnel were speaking in sounded like French.With the help of InVID and reverse image searches, we found the same video on YouTube, uploaded on August 5, 2021. The caption with this video read: “French foreign legion in heavy combat with Taliban in Afghanistan.”While the viral video appears laterally inverted, compared to the one we found on YouTube, the contents of the two are exactly the same in every other respect.   While we were unable to find more information on the video — the date and the exact location — France withdrew its combat troops from Afghanistan in November 2012, marking an end of its battlefield role in the NATO-led war there. Despite that, however, it is clear that the video in question has nothing to do with Russia’s ongoing invasion of Ukraine.READ | Fact Check: Old video of Russian military drill mishap shared as from Ukrainian battlefrontALSO READ | Fact Check: Happy homecoming of US Marines shared as teary farewell of Ukrainian soldiers amidst the invasion INDIA TODAY FACT CHECK      ClaimVideo shows Russian and Ukrainian soldiers in combat. ConclusionThis video has no connection with Ukraine or Russia. This is an old video of French troops fighting in Afghanistan.JHOOTH BOLE KAUVA KAATEThe number of crows determines the intensity of the lie.1 Crow: Half True2 Crows: Mostly lies3 Crows: Absolutely false Want to send us something for verification? Please share it on our  at 73 7000 7000  You can also send us an email at factcheck@intoday.com",NA,https://www.indiatoday.in/fact-check/story/old-video-of-french-troops-in-afghanistan-shared-as-russia-ukraine-war-footage-1919002-2022-02-28
11,fact-check,Fact Check: Did Russian defence minister advise Indians in Ukraine to display Indian flag for special protection?,"(28, 2, 2022)","As war rages on in Ukraine, the plight of Indian students stuck in the war-torn country has been reported extensively. Many Indian students have reportedly continued to face harsh conditions and even harassment at the hands of soldiers.

Amid all of this, a Hindi postcard featuring General Sergey Shoygu, the Russian Minister of Defence, has gone viral on social media. The postcard says Indian nationals in Ukraine should display the Indian flag on their homes and vehicles. It also claims that following this, the Russian Armed Forces would ensure safe passage for them.The text in Hindi inside the postcard quoted Shoygu saying, “The Russian soldiers in Ukraine will not hurt those Indians who will display the Indian flag on their cars and houses. They will be moved to a safer place by the personnel of the Russian army instead.” The postcard also included some praise for the Indian Prime Minister Narendra Modi, stating “Our tea-seller has guts.” Archived versions of some similar claims can be seen here and here.The India Today Anti Fake News War Room (AFWA) found the claim in this postcard is not true. Although it is true that the Union Government has advised Indians to carry the national flag while moving outside, no such communication has yet been conveyed by the Russian government.AFWA ProbeWe came across an Economic Times report from February 26, 2022, that mentioned Union Tourism Minister G Kishan Reddy advising Indian students to carry the national flag on their vehicles for safety. We also found an ANI tweet carrying an advisory issued by the Embassy of India, Budapest, Hungary. The advisory asked Indian nationals to print out the Indian Flag and paste it prominently on their vehicles.Govt of India & Embassy of India working to establish evacuation routes from Romania & Hungary. At present, teams are getting in place at CHOP-ZAHONY Hungarian border near Uzhhorod, PORUBNE-SIRET Romanian Border near Chernivtsi: Indian Embassy in Hungary#RussiaUkraineConflict pic.twitter.com/cLHCUWYbEg— ANI (@ANI) February 25, 2022
However, there were no reports on the Russian defence minister saying the things claimed in the post. We searched some for relevant keywords on Google Russia and Google Ukraine, but nothing came up.AFWA also visited the official Twitter handles of the Indian Embassies of Ukraine and Russia but found the same advisory made by the Indian Embassy earlier.Therefore, we concluded that while the Indian Government put an advisory to carry the national flag, nothing as such has been stated by the Russian defence minister.ALSO READ | Fact Check: Old video of Russian military drill mishap shared as from Ukrainian battlefrontALSO READ | Fact Check: Happy homecoming of US Marines shared as teary farewell of Ukrainian soldiers amidst the invasion INDIA TODAY FACT CHECK      ClaimRussian Defence Minister, General Sergey Shoygu, advised stranded Indians in Ukraine to display India's flag in front of their cars to receive special protection from its army. ConclusionAlthough Union Minister G Kishan Reddy asked stranded Indian students in Ukraine to carry and display the Indian flag, there are no reports of the Russian defence minister stating anything like this.JHOOTH BOLE KAUVA KAATEThe number of crows determines the intensity of the lie.1 Crow: Half True2 Crows: Mostly lies3 Crows: Absolutely false Want to send us something for verification? Please share it on our  at 73 7000 7000  You can also send us an email at factcheck@intoday.com",NA,https://www.indiatoday.in/fact-check/story/russia-ukraine-war-defence-minister-indian-flag-students-embassy-special-protection-1918985-2022-02-28
12,fact-check,Fact Check: Old video of Russian military drill mishap shared as from Ukrainian battlefront,"(27, 2, 2022)","Ukrainian forces claimed to have destroyed Russia's 146 tanks, 27 aircraft and 26 helicopters since the invasion began on February 24. Several posts on Russia's war machines are shared on social media as the fighting rages on.

Among these is the video of two collided Russian tanks. Soldiers can be seen helping their injured comrades from the tank that got flipped in the impact of the crash. Tweets shared with the video can be seen here and here.The India Today Anti Fake News War Room (AFWA) found this claim to be misleading. While the tanks involved in the incident belong to Russia, it didn't happen during the invasion of Ukraine. This is the footage of an accident during a military drill in 2021.AFWA ProbeThe Russian national flag was imprinted on one of the tanks involved in the mishap. So, we reverse searched the keyframes of the video on the Russian search engine Yandex.This led us to a report published on a Russia-based English news portal 'Reporter'. According to this report from October 4, 2021, the vehicles involved in the accident are a Tunguska anti-aircraft missile-gun system and BPM-2 type tank. The report didn't have the exact date or place of the incident. The Russian army conducted a number of large-scale exercises both inside the country and abroad recently, it said. The report also mentioned Russia's 'Zapad 2021' military drill conducted on Russian and Belarusian territories.We also found Russian and Georgian reports from October that carried the video. Neither of them had any information about where the military drill was held.  However, it can be concluded that the video of an accident involving two Russian tanks was not shot from Ukraine. According to Russian media, they crashed during a military drill in 2021.(With inputs from Yash Mittal in New Delhi) INDIA TODAY FACT CHECK      ClaimVideo of injured soldiers being helped after Russian tanks collide during the invasion of Ukraine.ConclusionThis is the footage of an accident during a Russian military drill in 2021. According to reports, a Tunguska anti-aircraft system collided with a BPM-2 tank and the latter flipped. This incident is unrelated to the invasion of Ukraine.JHOOTH BOLE KAUVA KAATEThe number of crows determines the intensity of the lie.1 Crow: Half True2 Crows: Mostly lies3 Crows: Absolutely false Want to send us something for verification? Please share it on our  at 73 7000 7000  You can also send us an email at factcheck@intoday.com",NA,https://www.indiatoday.in/fact-check/story/fact-check-old-video-of-russian-military-drill-mishap-shared-as-from-ukrainian-battlefront-1918621-2022-02-27
