SN,category,headline,date,content,keywords,link
1,fact-check,NA,NA,NA,NA,https://www.indiatoday.in/fact-check/video/fact-check-video-this-is-not-lk-advani-breaking-down-after-watching-the-kashmir-files-1925769-2022-03-15
2,fact-check,"No, this video doesn't show US army troops paradropping into Ukraine during ongoing war","(15, 3, 2022)","Recently, US President Joe Biden moved 12,000 troops along the borders with Russia, such as Latvia, Estonia, Lithuania, and Romania, vowing to “defend every inch of NATO territory — every single inch.”

Despite the White House's refusal to make a military intervention in Ukraine, a video has gone viral on social media featuring soldiers being paradropped from a Globemaster III aircraft. Several posts on social media claim this video shows US soldiers landing in Ukraine. One such post can be seen here. The India Today Anti-Fake News War room (AFWA) found the claim to be false. This video is from 2016 and shows the Airborne units of the US military making a static line jump. It is unrelated to the ongoing Russia-Ukraine war.AFWA ProbeFirst, we checked if the US had announced a military intervention in Ukraine. Using advanced search on Google, we filtered out the latest developments on the subject. However, there were no such news reports.A reverse search of the viral video's keyframes gave several results. This included articles on a YouTube video released in 2016 about the mobile game Pokemon GO. The video was released by animator Nicholas King aka 'Nickels', who combined CGI with original footage of paratroopers to create a dark comedy about how common Pokemons were distributed. We identified that the frame in which the Pokemons are loaded on the aircraft looked similar to a scene in the viral video. The background of both these frames looked the same. The video was uploaded on Nickel's YouTube channel on August 8, 2016.We also found a webpage called 'Wordless Tech' that had a similar photo. The page was titled 'Paratroopers Static Line Jump'. Published on July 28, 2016, the image was a screenshot from the video in which soldiers boarded the plane. ""Watch those paratroopers performing static line jumps from C-17 Globemaster III aircraft. They are from the 82nd and 101st Airborne Division, jumping over Sicily Drop Zone at Fort Bragg, North Carolina,"" the webpage read.Pursing this clue, we looked up Fort Bragg military installation on Google Maps. Using 3D satellite and Street View options, we discovered that the buildings and lamb poles of Fort Bragg's Pope Army Airfield looked similar to the ones in the video. The Wordless Tech page also had a link to a YouTube page. This took us to a longer version of the video that went viral as the American intervention in the Russia-Ukraine war. The verified page of AiirSource Military, which has 39.7 lakh subscribers, uploaded the video on May 28, 2016. The description of the video was the same as the one found on Wordless Tech.Hence, we concluded that this video had nothing to do with the Russia-Ukraine war — it was almost six years old. INDIA TODAY FACT CHECK      ClaimVideo shows US soldiers paradropped over Ukraine amidst the Russian invasion.Conclusion The video was shot in 2016 from the Fort Bragg base in North Carolina in the US. It shows the Airborne Division perform static line jumps over the base's Sicily Drop Zone. It is unrelated to the ongoing Russian invasion of Ukraine.JHOOTH BOLE KAUVA KAATEThe number of crows determines the intensity of the lie.1 Crow: Half True2 Crows: Mostly lies3 Crows: Absolutely false Want to send us something for verification? Please share it on our  at 73 7000 7000  You can also send us an email at factcheck@intoday.com",NA,https://www.indiatoday.in/fact-check/story/fact-check-us-army-airdropped-ukraine-warzone-1925760-2022-03-15
3,fact-check,Fact Check: This Ugandan cop was NOT attacking reporters with a catapult for asking irrelevant questions,"(14, 3, 2022)","An image of a man in a police uniform aiming a slingshot has gone viral with the claim that this was the Uganda police spokesperson hitting a reporter for asking ""irrelevant questions.""

Many on Facebook and Twitter shared this image with the caption, ""Newly appointed Uganda police spokesperson hit a reporter with a catapult for asking irrelevant questions."" The India Today Anti-Fake News War room ( AFWA) found that this claim was false. In 2021, Ugandan policemen seized a shipment of catapults. During the ensuing press conference, Fred Enanga, a police spokesperson, demonstrated how they were used.The viral posts are archived here and here.AFWA probe With the help of a keyword search, we found the original video of the Uganda police press conference uploaded to the YouTube channel of UBC Television Uganda on April 13, 2021. As per the details given alongside, Uganda cops were investigating a criminal gang that was allegedly ""trading terror activities using catapults to destabilize the country.""While addressing the media during a weekly brief, a police spokesperson, Fred Enanga, said suspects were apprehended in the matter and the police were trying to look for the rest of the gang members.In the YouTube video, we can see the police officers demonstrating to the reporters present during the media briefing the capabilities of the slingshots.This incident was reported by several news outlets in 2021.Enanga, during the briefing, said that the catapults or slingshots were “capable of firing metallic projectiles or bearings,” which made them deadly, “once possessed and used by the wrong elements.”Thus, we can conclude that the viral posts falsely claimed the policeman was attacking reporters for supposedly asking irrelevant questions.(With input from Yash Mittal) INDIA TODAY FACT CHECK      ClaimNewly appointed Uganda police spokesperson hit a reporter with a catapult for asking irrelevant questions.ConclusionIn 2021, the Ugandan police seized a consignment of catapults that were supposedly meant to be used as weapons. During a press conference, Fred Enanga, a police spokesperson, demonstrated how they were used. He did not attack reporters.JHOOTH BOLE KAUVA KAATEThe number of crows determines the intensity of the lie.1 Crow: Half True2 Crows: Mostly lies3 Crows: Absolutely false Want to send us something for verification? Please share it on our  at 73 7000 7000  You can also send us an email at factcheck@intoday.com",NA,https://www.indiatoday.in/fact-check/story/fact-check-ugandan-cop-not-attacking-reporters-catapult-irrelevant-questions-1925359-2022-03-14
4,fact-check,"Fact Check: No, this video does not show LK Advani breaking down after watching ‘The Kashmir Files’","(14, 3, 2022)","Discussions on Vivek Agnihotri's new film 'The Kashmir Files', which tackles the exodus of Kashmiri Hindus in the 1990s and insurgency in the state, has dominated social media in the last few days.

Amid praise and criticism of the film, a video went viral with the claim that it showed veteran Bharatiya Janata Party leader LK Advani at a movie theatre, overcome with emotion after watching the film.BJP leader Manish Grover, among others, shared the video with the aforementioned claim on his verified Facebook page.  The archived versions of similar posts can be seen here, here and here.The India Today Anti Fake News War Room (AFWA) found that the claim along with the video was misleading. This video is from the screening of the movie 'Shikara' in 2020.AFWA probeWe noticed that many social media users pointed out the video in circulation was old. With the help of a keyword search, we found the same video and screenshots from it carried by several news reports  in 2020. As per the reports, the video of Advani breaking down is from the screening of the Vidhu Vinod Chopra-directed film ‘Shikara’. This movie was based on the exodus of Kashmiri Hindus in the 90s as well.The video was also tweeted by Chopra himself in February 2020. “Shri LK Advani at the special screening of #Shikara. We are so humbled and grateful for your blessings and your appreciation for the film Sir,” the director wrote while sharing the video.Shri L K Advani at the special screening of #Shikara We are so humbled and grateful for your blessings and your appreciation for the film Sir. @foxstarhindi @rahulpandita pic.twitter.com/oUeymMayhc— Vidhu Vinod Chopra Films (@VVCFilms) February 7, 2020
In a February 2020 interview, Chopra also spoke about his relationship with Advani and how the BJP leader had helped him financially in the early years of his career. He said that this was the reason he sent Advani a special invitation for the special screening of ‘Shikara’.Moreover, we couldn’t find any credible report about Advani attending the screening of ‘The Kashmir Files’. The official Twitter handle of Vivek Agnihotri has no mention of the veteran leader attending the film’s screening.With the available information, it is clear that the video of Advani breaking down at the movie theatre is from the screening of ‘Shikara’, and not related to ‘The Kashmir Files’.(With inputs from Anil Kumar in New Delhi) INDIA TODAY FACT CHECK      ClaimVideo shows BJP veteran LK Advani breaking down after watching 'The Kashmir Files'.ConclusionThis video shows Advani at a screening of the 2020 film ‘Shikara’ directed by Vidhu Vinod Chopra — a film that also tackled the exodus of Kashmiri Hindus in the 90s.JHOOTH BOLE KAUVA KAATEThe number of crows determines the intensity of the lie.1 Crow: Half True2 Crows: Mostly lies3 Crows: Absolutely false Want to send us something for verification? Please share it on our  at 73 7000 7000  You can also send us an email at factcheck@intoday.com",NA,https://www.indiatoday.in/fact-check/story/fact-check-no-this-video-does-not-show-lk-advani-breaking-down-after-watching-the-kashmir-files-1925309-2022-03-14
5,fact-check,Fact Check: 2019 news clip from Haryana goes viral as proof of BJP capturing booths during UP assembly polls,"(14, 3, 2022)","Allegations of booth-capturing and EVM-rigging continue to spread on social media following the sweeping electoral victory of the Bharatiya Janata Party (BJP) in Uttar Pradesh.

A video of a news clip went viral along with the claim that voters were influenced by the BJP’s polling agents in booths in UP.pic.twitter.com/6OyGyXhGKS— Santosh Diwate (@diwate_santosh) March 11, 2022The clip featured a reporter talking to a group of women who complained that a polling agent named Giriraj forced them to press the button with the BJP’s Lotus symbol.
Sir, This is what u are talking about, #BOOTH capturingDear PM Modi, This is how u win your electionAnd the EC knows this& deliberately sitting silent & giving winning certificate to BJP@realumeshsingh@RoopeshSinghINC@RobbieK014 @ashharwarsi_inc @IYCLegalCell @MaryDenniz pic.twitter.com/WoRYNrASd1— Darryl (@Trendsetting123) March 12, 2022The captions of such viral posts said things like, “Now don't say that the secret of BJP's victory is the blessings of the people,” or “ Sir, This is what u are talking about, #BOOTH capturing. Dear PM Modi, This is how u win your election And the EC knows this & deliberately sitting silent & giving winning certificate to BJP.” 
The India Today Anti-Fake news War room ( AFWA) found that the viral news clip was from the 2019 Lok Sabha elections. In the original report, voters alleged booth-capturing in Faridabad, Haryana.The archived viral posts can be seen here and here.AFWA probeThe location mentioned in the viral NDTV news clip was Faridabad, Haryana. This made it clear that the video was not related to the 2022 Uttar Pradesh assembly polls.We found the original news clip on the YouTube channel of NDTV India, uploaded on May 13, 2019. The video was titled, ""The Election Commission took action after the Faridabad video of booth-capturing went viral.""In the original video, a reporter spoke to a group of women who alleged that a person named Giriraj forced them to cast their votes in favour of the BJP. A minute into the YouTube video, the viral portion of the news clip was seen.We took this as a clue and looked for news reports regarding the allegations from that time. We found several news reports from 2019. As per the reports, after a video of a person influencing voters at a booth in Palwal, Haryana went viral during the 2019 Lok Sabha polls, the Election Commission ordered re-polling. The person named Giriraj mentioned in the viral video was also arrested.Thus, it is clear that this video that went viral with allegations of booth-capturing in UP is not from the state at all. Nor is it from any of the recently-concluded assembly polls. It’s from 2019.(With input from Yash Mittal) INDIA TODAY FACT CHECK      ClaimA news clip shows voters allege how BJP workers booth-captured in the recently-concluded assembly polls in Uttar Pradesh.ConclusionThis news clip is from the 2019 Lok Sabha elections. It has no connection to the recent assembly election in Uttar Pradesh. In fact, it’s not from UP at all. It’s from Palwal in Haryana.JHOOTH BOLE KAUVA KAATEThe number of crows determines the intensity of the lie.1 Crow: Half True2 Crows: Mostly lies3 Crows: Absolutely false Want to send us something for verification? Please share it on our  at 73 7000 7000  You can also send us an email at factcheck@intoday.com",NA,https://www.indiatoday.in/fact-check/story/fact-check-2019-haryana-viral-bjp-capturing-booths-up-assembly-polls-1925303-2022-03-14
6,fact-check,"Fact Check: No, Bengal government is not paying GST for Muslim traders","(14, 3, 2022)","A few days after West Bengal minister Chandrima Bhattacharya was handed over the key responsibility of the finance department, she presented her debut budget at the state assembly on Friday, March 11. Meanwhile, a screenshot has gone viral on social media claiming that the West Bengal government has waived off the GST for the Muslim traders of the state.

Social media users on Facebook and Twitter have shared a Hindi screenshot that read, “GST waived off for the Muslim traders. Mamata government will pay their GST.” The text further read, “Mamata Banerjee-led government of West Bengal has made a big decision. According to the Mamata government, the trade of Muslims was hurt by the introduction of the GST. That is why her government will pay all the due taxes of the Muslim businessmen. This means their taxes have been waived. The population of the Muslim community in Bengal has reached 35%. In such a situation, control of forming or dissolving any government is in their hands. This particular decision of the Mamata-led government proves that Bengal has indeed become an Islamic state.”GST __ pic.twitter.com/Ugo6brVhoo— ... (@MilanProf) March 9, 2022
Archived versions of the posts can be seen here and here.India Today Anti Fake News War Room (AFWA) has found that the screenshot's content is not at all true. The West Bengal government has neither taken nor announced any such decision.AFWA PROBEWith the help of a few relevant keywords, we tried to find any reports regarding the same. But there were no media reports that supported the claim. It is unlikely that such a major decision by the state government would go unreported by news outlets.Further search led us to some 4-year-old social media posts that made the same claim. A Twitter user had posted a cut-out of a Hindi newspaper on July 14, 2018. The headline of the story read, “The state government of West Bengal will now pay the taxes of Muslim traders.”@India_Policy pic.twitter.com/p6fmClaZxn— Aditya (@arallan78) July 14, 2018
The report revealed that the then finance minister of the state, Amit Mitra, had announced some support to the traders to file GST. Thus, we ran some more keywords to know the exact quote made by Amit Mitra on the matter. But again, there was no story available regarding this.Another striking factor in the story was a spelling mistake in its headline. The Hindi spelling of “businessmen” is wrong in the headline, which usually doesn't happen with mainstream newspapers. We reached out to West Bengal’s Minister of State for minority affairs, Ghulam Rabbani, who dismissed the claim. “These are rumours which have been spread by the opposition to defame our chief minister. Our party chief has always condemned the way GST was implemented. But claims like waving of GST from the Muslims doesn't make any sense,” he said.Thus, it becomes evident that the West Bengal government has not made any decision to waive off the GST of the Muslim traders. Although it is true that Mamata Banerjee (http://bitly.ws/show/pgUC) has often been accused by the opposition parties of doing Muslim appeasement politics in the state.(With inputs from Yash Mittal, New Delhi) INDIA TODAY FACT CHECK      ClaimIn a big decision, Mamata Banerjee-led West Bengal Government has announced to waive off the GST burden for the Muslim traders of the state. The state government will pay all the GST dues of the traders belonging to the community.ConclusionWest Bengal government has not taken such a decision. Ghulam Rabbani, Bengal's Minister of State for the minority affairs has confirmed this to AFWA. These claims have been making rounds on the internet since 2018.JHOOTH BOLE KAUVA KAATEThe number of crows determines the intensity of the lie.1 Crow: Half True2 Crows: Mostly lies3 Crows: Absolutely false Want to send us something for verification? Please share it on our  at 73 7000 7000  You can also send us an email at factcheck@intoday.com",NA,https://www.indiatoday.in/fact-check/story/fact-check-no-bengal-government-is-not-paying-gst-for-muslim-traders-1924950-2022-03-14
7,fact-check,Fact Check: Old photo from UK shared claiming BJP's victory in Uttar Pradesh featured at NYSE,"(13, 3, 2022)","BJP's scintillating victory in four state assembly elections including Uttar Pradesh has thrilled party supporters. The waves of celebration by pro-BJP handles on social media are yet to die down. Among the posts that were shared by them include an image allegedly from the New York Stock Exchange with a digital scroll that showed the news of the BJP's win ""in India's biggest state.""

""Just ZOOM and see at New York Stock exchange what is displayed in digital display,"" the photo was captioned by a user on Facebook. Similar posts have been archived here and here.The India Today Anti Fake News War Room (AFWA) has found this claim to be not true. The building in the picture is not the New York Stock Exchange (NYSE). The image was found online after the UP assembly elections in 2017.AFWA PROBEWe ran a keyword search on Google to find reports of assembly elections in India being displayed at the NYSE. But there were none.""Modi wins landslide election victory in India's biggest state,"" the news scroll on the building read. When the line was Googled, a news report by Reuters was found. The photo story (https://reut.rs/3KKnvIl) was published on March 11, 2017. It was on this day Yogi Adityanath led BJP government retained power in Uttar Pradesh for the second time. A reverse image search of the viral photo was conducted. This led us to tweets by BJP IT wing in-charge Amit Malviya and Rajya Sabha MP Om Prakash Mathur. Both leaders had tweeted the viral photo from their verified handles on March 12, 2017.News of BJP's big win under Prime Minister Modi splashed in Canary Warf, prominent business district of London. Zoom it.. #IAmNewIndia pic.twitter.com/Z17OtsUatL— Amit Malviya (@amitmalviya) March 12, 2017
This confirmed that the viral image is old.We noticed that Amit Malviya had claimed the spot of the photograph in his tweet. He identified the place as ""Canary Warf, prominent business district of London,"" and not the New York Stock Exchange.With the help of Google Maps, we verified the premises of both places in question. While the exterior images of the Thomson Reuters building in Canary Wharf looked very similar to the photo, the area around NYSE looked different. Neither could we find any photos of a news screen at the front side of the NYSE building. In the viral photo, the news was displayed in a single-line digital news scroll with orange text. The same was found on the Thomson Reuters building. This concluded that the photo was not taken in the United States as claimed in the post.Hence, it can be concluded that the image shared following the BJP's victory in the assembly polls to Uttar Pradesh is old. The image seen in the photograph is not the New York Stock Exchange as claimed.(With inputs from Sanjana Saxena in Lucknow) INDIA TODAY FACT CHECK      ClaimBJP's victory in the recently held assembly polls displayed at the New York Stock ExchangeConclusionThe building in the image is Thomson Reuters building at London's Canary Wharf. This image is in circulation since the first Yogi govt came into power in 2017.JHOOTH BOLE KAUVA KAATEThe number of crows determines the intensity of the lie.1 Crow: Half True2 Crows: Mostly lies3 Crows: Absolutely false Want to send us something for verification? Please share it on our  at 73 7000 7000  You can also send us an email at factcheck@intoday.com","[""Fact Check: Old photo from UK shared claiming BJP's victory in Uttar Pradesh featured at NYSE""]",https://www.indiatoday.in/fact-check/story/fact-check-old-photo-from-uk-shared-claiming-bjp-s-victory-in-uttar-pradesh-featured-at-nyse-1924942-2022-03-13
8,fact-check,NA,NA,NA,NA,https://www.indiatoday.in/fact-check/video/rahul-didnt-play-badminton-after-poll-drubbing-1924860-2022-03-13
9,fact-check,"Fact Check: No, Rahul Gandhi didn’t play badminton post Congress defeat in recent Assembly polls","(12, 3, 2022)","

Indian National Congress has yet again tasted disappointment in the recent assembly elections in five states. The grand old party received a major setback even in Punjab -- a state where it was in power. Meanwhile, a video of the former party President Rahul Gandhi playing shuttle badminton has gone viral on social media along with the claim that he was seen playing amidst the party's heavy defeat.In the video, Rahul can be seen playing badminton in an indoor court surrounded by a few party leaders, police, and security guards. Rahul's shots are applauded by the crowd in the video.""After Congress faced humiliation in the five states, Rahul Gandhi was seen playing badminton"", quoted a Hindi Facebook page named ""Best Hindi News"" while sharing this video. The official Facebook page of 'Punjab Kesari Madhya Pradesh/Chattisgarh' also posted the same video alongside a caption in Hindi that reads, ""Rahul Gandhi was seen in a bit relaxed mood after the result of the 5 state assembly elections was declared. The video has gone viral.""Archived versions of these claims can be seen here and here.India Today Anti Fake News War Room (AFWA) has found this claim to be not true. Rahul didn't play badminton after the results were announced. This video was shot in Kerala a day before the counting on March 10.AFWA ProbeWith the help of a few relevant keywords, we came across an article published by ABP News. The news report's cover image was a collage of two images of the Congress leader. While Rahul was photographed enjoying ice cream in one, he was holding a badminton racket in the other. Although the report was published on 10 March 2022, the headline clearly mentioned that the said activities were done by Rahul in Kerala before the poll results were announced.Further search led us to a YouTube video published by the official channel of Rahul Gandhi on March 9 -- a day before the poll results were declared. The description of this video explained that he enjoyed a game of badminton at the new indoor stadium at Sullamussalam Arts and Science College Areekode, Ernad, Malappuram.The official YouTube page of the Indian National Congress also uploaded the same video on March 9.Thus, it is clear that the video of Rahul Gandhi playing badminton was shot a day before the election results were declared on March 10. INDIA TODAY FACT CHECK      ClaimRahul Gandhi was seen playing Badminton after Congress faced a humiliating defeat in the assembly elections across 5 states.ConclusionThis video is from March 9, 2022, a day before the poll results were declared. Rahul went to Sullamussalam Arts and Science College in Kerala's Malappuram and enjoyed a game of Badminton in the new indoor stadium.JHOOTH BOLE KAUVA KAATEThe number of crows determines the intensity of the lie.1 Crow: Half True2 Crows: Mostly lies3 Crows: Absolutely false Want to send us something for verification? Please share it on our  at 73 7000 7000  You can also send us an email at factcheck@intoday.com","['fact check', ' rahul gandhi', ' badminton', ' assembly elections 2022', ' assembly elections 2022 live updates', ' up assembly election', ' uttar pradesh assembly election', ' Uttarakhand elections', ' goa elections', ' Goa elections', ' assembly elections latest news', ' Samajwadi Party', ' BJP', ' PM Modi', ' Akhilesh Yadav', ' Congress', ' Priyanka Gandhi', ' Rahul Gandhi', ' Mayawati', ' Arvind Kejriwal']",https://www.indiatoday.in/fact-check/story/fact-check-no-rahul-gandhi-didn-t-play-badminton-post-congress-defeat-in-recent-assembly-polls-1924659-2022-03-12
10,fact-check,NA,NA,NA,NA,https://www.indiatoday.in/fact-check/video/video-of-bulldozer-stunt-does-not-show-yogi-victory-celebration-in-up-1924586-2022-03-12
11,fact-check,Fact Check: Old photos shared as brothers from Prayagraj dying by suicide following Akhilesh Yadav’s defeat in UP,"(11, 3, 2022)","On Thursday, March 10, Yogi Adityanath scored a major win for the Bharatiya Janata Party in Uttar Pradesh. Amid this, a collage of three photos went viral on social media.

Several Facebook users shared the collage, where three different persons could be seen hanging. The claim in Hindi alongside these photos translated to: “Three brothers died by suicide in Prayagraj after watching Akhilesh Yadav getting defeated in the UP polls.”EMBEDThe India Today Anti Fake News War Room (AFWA) found the images had nothing to do with the Uttar Pradesh assembly elections. No such incidents of three brothers dying by suicide took place in Prayagraj, following the poll results.Archived versions of posts with similar claims can be seen here and here.AFWA PROBE While investigating the claim, we first conducted a keyword search to find out whether any search incident took place in Prayagraj while the counting process was on. We found no media reports.We then reverse-searched the images and found the source of the first image. Two different news outlets — Sanjeevni Today and Sudama News carried the first photo in reports published in November 2020. According to the reports, the photo is from Ramgarh, where a Bokaro resident Randhir Kumar, 25, died by suicide. We also got in touch with Ajay Kumar, the SSP of Prayagraj. “No such incidents have been reported in Prayagraj,” Kumar told India Today.Although we could not verify the source of the other two photographs used in this claim, we can still confidently conclude that these photos are in no way of three brothers dying by suicide following the results of the UP assembly election.(With inputs from Sanjana Saxena in Lucknow)  INDIA TODAY FACT CHECK      ClaimThree brothers died by suicide in Prayagraj after witnessing Akhilesh Yadav lose the UP assembly polls.ConclusionThe viral photo has no connection with the ongoing Uttar Pradesh assembly elections. One photo is from Ramgarh when a Bokaro resident died by suicide in November 2020. Prayagraj’s police also refuted the claim. JHOOTH BOLE KAUVA KAATEThe number of crows determines the intensity of the lie.1 Crow: Half True2 Crows: Mostly lies3 Crows: Absolutely false Want to send us something for verification? Please share it on our  at 73 7000 7000  You can also send us an email at factcheck@intoday.com",['Fact Check: Prayagraj Akhilesh Yadav’s defeat in UP polls old photos'],https://www.indiatoday.in/fact-check/story/fact-check-prayagraj-akhilesh-yadav-s-defeat-in-up-polls-old-photos-1924416-2022-03-11
12,fact-check,Fact Check: Old video from Bihar circulated as BJP workers attacking man after victory in UP,"(11, 3, 2022)","A video of a man being brutally thrashed by others in the presence of policemen has been circulating on social media. The video was shared with the claim that it showed Bharatiya Janata Party members attacking an innocent man after the party’s record win in the recently concluded assembly polls in Uttar Pradesh.

 The archived versions of similar posts can be seen here, here, and here.The India Today Anti Fake News War Room (AFWA) found that the claim along with the video was misleading. This video is from Bihar and was shot in 2019.AFWA PROBEWe found the official Twitter handle of UP police's fact check unit responding to a post saying the video in question was from a 2019 incident in Bihar’s Kaimur district, and not related to UP. , , #UPPViralCheck#UPPolicehttps://t.co/ToOUzgvsfc pic.twitter.com/vtCFq6d2Ka— UPPOLICE FACT CHECK (@UPPViralCheck) March 11, 2022
Taking a cue from this, we ran a keyword search and found screenshots from the same video carried in an India Today report published on October 5, 2019. According to the report, the video showed a ward councillor’s son, accused in a murder case, being attacked in the Shivaji Chowk area of Bhabua in Bihar's Kaimur district. He was accused of shooting a young man who later succumbed to his injuries in a city hospital.The man was later admitted to Kaimur Sadar Hospital for treatment. Kaimur's SP told the media at the time that the deceased was shot over a private dispute with the perpetrator.The Dainik Jagran, Live Hindustan, and News18 reported on the same story in October 2019.According to these reports, the man being thrashed in the video was Shahid Rain. The young man he allegedly shot was Madhav Singh, a resident of Sikhathi village.Reports also added that information about the death of the young man, however, made the public furious and there were attacks at hospitals where Shahid Rain was undergoing treatment. Several local shops were also attacked. It is thus clear that the video in question is old and from Bihar. It has nothing to do with the BJP’s recent victory in UP assembly elections. INDIA TODAY FACT CHECK      ClaimVideo shows BJP goons beating up an innocent man after the party’s victory in Uttar Pradesh.ConclusionThis is a 2019 video from Bihar's Kaimur district. The man being beaten up is a ward councillor’s son who was accused in a murder case.JHOOTH BOLE KAUVA KAATEThe number of crows determines the intensity of the lie.1 Crow: Half True2 Crows: Mostly lies3 Crows: Absolutely false Want to send us something for verification? Please share it on our  at 73 7000 7000  You can also send us an email at factcheck@intoday.com","['Uttar Pradesh assembly elections', ' UP polls', ' UP elections', ' man thrashed', ' BJP workers thrash innocent man', ' Fact Check: Old video from Bihar circulated as BJP workers attacking man after victory in UP']",https://www.indiatoday.in/fact-check/story/old-video-from-bihar-circulated-as-bjp-workers-attacking-man-after-victory-in-up-1924397-2022-03-11
