SN,category,headline,date,content,keywords,link
1,fact-check,"Fact Check: Photos from US, Hungary viral as two streets of same city with huge temperature difference","(31, 7, 2021)","A picture collage is viral on social media for showing two different streets — one surrounded with trees and another without — of a city that recorded different temperatures on the same day.

Multiple social media users have posted this photo where the street with no trees has recorded temperature ranging between 36°C and 50°C whereas, the temperature of the street surrounded with trees in the second photo ranges between 18°C and 26°C.https://www.facebook.com/plugins/post.php?href=https%3A%2F%2Fwww.facebook.com%2Fwcco4climate%2Fposts%2F372205607570585&show_text=true&width=500"" width=""500"" height=""671"" style=""border:none;overflow:hidden"" scrolling=""no"" frameborder=""0"" allowfullscreen=""true"" allow=""autoplay; clipboard-write; encrypted-media; picture-in-picture; web-share"">India Today Anti-Fake News War Room (AFWA) has found that these photos are not from the same city. While the first photo is from Twin Falls, Idaho in the United States, the second photo is from Budapest, Hungary.Archived versions of posts with the same collage and similar claim can be found here, here, and here.AFWA PROBEFirst Photo: While investigating the location of the first photo, we zoomed in on the name of the store that can be spotted on the left side. It reads: ‘Magic Valley Auto Parts’. Taking a cue from this we tried to find the location of this store. A simple keyword search revealed that this store is located in Twin Falls — a city located in southern Idaho in the US.Based on this, we did another keyword search on Google Image that led us to an article about the three most notorious neighbourhoods in Twin Falls and it carries the same photo. The article was published on March 21, 2017. Second Photo While investigating the source of the second photo we took a screenshot of the street from the collage and carried a reverse image search.At first most results showed us the collage used in the Facebook page, however, we found a clear version of this photo on a Dutch environment website. We conducted another reverse search with the clear image and found this photo on a hotel website - House Octogon. The photo is posted in the photo gallery section of the website under ‘Hotel’s Surrounding’. House Octogon is located on the Eötvös Street in a posh Oktogon locality of Hungarian capital, Budapest.Hence, we can conclude that the two photos used in this collage are not of the same city.The first photo is from Twin Falls, Idaho in the US and the second photo is from Budapest, Hungary.Live TVRead | Fact Check: Banner thanking PM Modi at Mirabai's felicitation ceremony for her silver medal is morphedAlso read | Fact Check: No, Uttar Pradesh government has not abolished the reservation policy INDIA TODAY FACT CHECK      ClaimA collage of two photos show two different streets — one full of trees and another without — of the same city that recorded different temperatures on the same day. ConclusionNo, these streets are not in the same city. The first photo is a street located in Twin Falls, Idaho in the US. The street in the second photo is located in Oktogon locality in Budapest, Hungary.JHOOTH BOLE KAUVA KAATEThe number of crows determines the intensity of the lie.1 Crow: Half True2 Crows: Mostly lies3 Crows: Absolutely false Want to send us something for verification? Please share it on our  at 73 7000 7000  You can also send us an email at factcheck@intoday.com",NA,https://www.indiatoday.in/fact-check/story/fact-check-photos-from-us-hungary-viral-as-two-streets-of-same-city-with-huge-temperature-difference-1835226-2021-07-31
2,fact-check,Fact Check: Banner thanking PM Modi at Mirabai's felicitation ceremony for her silver medal is morphed,"(31, 7, 2021)","Manipur's Mirabai Chanu won a silver medal in the 49kg weightlifting category at the 2020 Tokyo Olympics on July 24. She is the first Indian weightlifter to win the silver medal at the Olympic Games.

After she returned to India to a grand welcome and was felicitated by union ministers, an image from the ceremony is viral on social media. The viral post shows a banner, purportedly thanking PM Narendra Modi for awarding an Olympic medal to Mirabai. We can also see the images of PM Modi and Mirabai on the banner.The Hindi text on the banner translates to, “Thank you Modi ji for giving a medal to Mirabai Chanu.”The image is circulated on social media with the caption in Hindi that translates to, “Look at the background of the photo and read what’s written. Meera Bai Chanu has brought the medal by hard work, or Modi ji has given it? If so, then Modiji should give medals to the entire team!” The archived versions of similar posts can be seen here, here, and here.India Today Anti-Fake News War Room (AFWA) has found that the image in circulation is morphed. While the original banner has the image of PM Modi, there was no Hindi text on it “thanking” him for Mirabai’s Olympic medal.AFWA probeWith the help of appropriate keywords, we found the original version of the image in question carried in a press release by the Ministry of Youth Affairs and Sports on July 27.Comparing the banner in this image to the one in question, we can clearly understand that the line “Thank you Modi ji for getting Mirabai Chanu a medal” was not present on the original banner. According to the ministry's press release, the image was part of the felicitation ceremony held by Union Sports Minister Anurag Thakur at his residence for Mirabai and her coach Vijay Sharma on July 27. Union Ministers Kiren Rijiju, Kishan Reddy, and Sarbananda were also present at the event.Press Information Bureau (PIB) has also shared videos and images from the event on its Twitter, Facebook and Instagram handles.A historic decision taken to establish National Sports University in Manipur was another big achievement for the northeast region.I congratulate @mirabai_chanu on behalf of 135 crore Indians and the Parliament, for her achievement - Union Minister @ianuragthakur pic.twitter.com/r8fGNbheE5— PIB India (@PIB_India) July 26, 2021
It is hence clear that the image in question is morphed and the original banner by the ministry does not thank PM Modi for Mirabai’s silver medal.Live TVRead |  Fact Check: Video of Chinese dam shared as ‘overflowing’ Koyna Dam in MaharashtraAlso read |  Fact Check: No, Uttar Pradesh government has not abolished the reservation policy INDIA TODAY FACT CHECK      ClaimThe congratulatory banner for Olympics silver medallist Mirabai Chanu by the Indian government carried a text that said, “Thank you Modi ji for getting Mirabai Chanu a medal.”ConclusionThis image is morphed. The banner from felicitation held for Mirabai by the Ministry of Youth Affairs and Sports doesn’t contain any such message thanking PM Modi for her medal.JHOOTH BOLE KAUVA KAATEThe number of crows determines the intensity of the lie.1 Crow: Half True2 Crows: Mostly lies3 Crows: Absolutely false Want to send us something for verification? Please share it on our  at 73 7000 7000  You can also send us an email at factcheck@intoday.com",NA,https://www.indiatoday.in/fact-check/story/fact-check-banner-thanking-pm-modi-at-mirabai-s-felicitation-ceremony-for-her-silver-medal-is-morphed-1835158-2021-07-31
3,fact-check,Fact Check: Video of Chinese dam shared as ‘overflowing’ Koyna Dam in Maharashtra,"(31, 7, 2021)","So far, more than 200 people have lost their lives due to floods in Maharashtra. Amid this crisis, a video of a large stream of water flowing with heavy force through a dam is viral on social media with the claim that this video is of the Koyna Dam in Maharashtra.

Many people are sharing this video with hashtags like ‘#MaharashtraFloods’ and ‘#MaharashtraRains’.A Facebook user shared this video with the caption, “Koyna Dam - One Of The Largest Dams In Maharashtra, India Overflowing.” India Today Anti-Fake News War Room (AFWA) has found that the viral video is neither recent nor from India. The video shows the Xiaolangdi Dam of China’s Henan Province.The archived version of one such post, referring to the dam as ‘Koyna dam’, can be seen here.AFWA probeAfter a reverse search of the image on Yandex Search Engine, we found it in a 2019 Instagram post where its location is China.Getting a clue from here, we conducted a search using keywords in the China's native language. We found that many Facebook users from China had shared the same video in 2018. These local Facebook users have mentioned in the caption that the dam seen in the video is Xiaolangdi Dam built on the Yellow River. This dam is located in the Jiyuan city of the Henan Province in China.On digging further, we found a similar video posted in June 2020 from the official Facebook Page of China’s leading newspaper ‘People’s Daily'. We found many similarities between the two videos. In the caption, it is mentioned that on 28 June 2020, the gates of Xiaolangdi Dam were opened to release the floodwater.On comparing a still from this video with a screen grab from the viral video, one can easily spot the similarities between them. It is, however, true that water was recently released from the Maharashtra’s Koyna dam after heavy rainfall. According to the The Times of India and ‘ABP News’ the flood situation had worsened post the water release from the Dam.Thus, it is clear that at least a three-year-old video of water being released from the Xiaolangdi Dam of China is being shared as Maharashtra’s Koyna Dam.Live TVRead | Fact Check: No, Uttar Pradesh government has not abolished the reservation policy INDIA TODAY FACT CHECK      ClaimThis video shows water being released from Maharashtra's Koyna dam.ConclusionThis video is at least three years old and shows water being released from the Xiaolangdi Dam in China's Henan Province.JHOOTH BOLE KAUVA KAATEThe number of crows determines the intensity of the lie.1 Crow: Half True2 Crows: Mostly lies3 Crows: Absolutely false Want to send us something for verification? Please share it on our  at 73 7000 7000  You can also send us an email at factcheck@intoday.com",NA,https://www.indiatoday.in/fact-check/story/video-of-chinese-dam-shared-as-overflowing-koyna-dam-in-maharashtra-1834931-2021-07-31
4,fact-check,"Fact Check: No, Uttar Pradesh government has not abolished the reservation policy","(30, 7, 2021)","With only months left for Uttar Pradesh assembly elections, a post is circulating on social media with the claim that Uttar Pradesh has become the first Indian state to abolish caste-based reservations.

According to the post, UP has completely removed reservations for all government jobs and educational institutions in the state for the next 25 years.One such post can be seen below. We also found similar posts circulating since 2018 with the claim that the Gujarat High Court has abolished reservations in Gujarat.The archived version of the posts can be seen here, and here.India Today Anti Fake News War Room (AFWA) has found that the claim is false. Officials from Uttar Pradesh and Gujarat governments confirmed to us that no such decisions have been made to abolish reservations in their respective states.AFWA probeIf the Uttar Pradesh government or Gujarat High Court issued orders to abolish the reservation policy, it would have made headlines. However, we couldn’t find any such credible reports. Neither the Public Service Commission websites of Uttar Pradesh and Gujarat nor the website of Gujarat High court have any notification on this matter.We then reached out to Brij Lal, Rajya Sabha MP, and head of the Scheduled Caste and Scheduled Tribes Commission of Uttar Pradesh. Rubbishing the claim, Brij Lal confirmed to us that no such order has been passed by the Uttar Pradesh government.We also spoke to Dinesh Dasa, Chairman of Gujarat Public Service Commission, who said, “We have not received any such official order so far and the Gujarat government still follows the reservation policy for recruitment. The Gujarat High Court in 2015 had said the meritorious reserve category candidates who have scored more than cut-off marks for the general category and obtained age relaxation in the upper age limit, cannot be put in the general category list. There is no other court or government order as claimed in the post.”We also checked the latest recruitment notifications and selection list for various government jobs on the Uttar Pradesh and Gujarat government websites. We found several recent notifications with posts divided according to different reserved categories on these sites.For instance, on the site of Uttar Pradesh Police Recruitment and Promotion Board, we can see separate lists for candidates selected under OBC, SC, and ST categories for the post of Jail Warden, Mounted Police and Fireman. Similarly, the Uttar Pradesh Public Service Commission in its advertisement dated July 16, 2021, for Staff Nurse Examination 2021 states that “The reservation for Scheduled Castes of U.P. / Scheduled Tribes of U.P. /Other Backward Class of U.P. / Economically weaker section candidates of U.P. shall be admissible in accordance with the provisions of relevant Govt. Rules.”Given below is the screenshot from the Gujarat Public Service Commission advertisement from July 2021 inviting candidates for the post of Assistant Engineer, (Civil) Class-II under Gujarat Water Supply and Sewerage Board.Here we can see the total 125 posts divided into different reservation categories. We also checked the latest admission notification and selection list of multiple state-run universities in Uttar Pradesh and Gujarat.The maximum percentage of seats reserved for each category as per the University of Lucknow Undergraduate Admission Guidelines 2021-2022 can be seen below. Gujarat University has also mentioned seats allotted for each category for PG Nursing -2021 in government institutions. In 2019, Uttar Pradesh and Gujarat had implemented a 10 per cent quota for the economically weaker section (EWS quota) among the upper castes in government jobs and educational institutions.It is hence clear that the viral message is false. Until the time of filing this story, neither Uttar Pradesh nor Gujarat abolished the reservation policy.Live TV--- ENDS ---Read | Fact Check: Sham list of Covid-19 variants' 'release dates' viral on internetAlso read | Fact Check: Old video from Bangladesh gone viral with communal spin INDIA TODAY FACT CHECK      ClaimUttar Pradesh and Gujarat have completely abolished caste-based reservations in their respective states. ConclusionOfficials from the Uttar Pradesh and Gujarat governments have confirmed that the claim is false. Both the states still follow the reservation policy.JHOOTH BOLE KAUVA KAATEThe number of crows determines the intensity of the lie.1 Crow: Half True2 Crows: Mostly lies3 Crows: Absolutely false Want to send us something for verification? Please share it on our  at 73 7000 7000  You can also send us an email at factcheck@intoday.com","['Uttar Pradesh', ' caste-based reservations', ' removed reservations for all government jobs', ' Gujarat', ' Public Service Commission']",https://www.indiatoday.in/fact-check/story/fact-check-no-uttar-pradesh-government-has-not-abolished-the-reservation-policy-1834893-2021-07-30
5,fact-check,Fact Check: Sham list of Covid-19 variants' 'release dates' viral on internet,"(29, 7, 2021)","At a time when the world is dealing with deadly Covid-19 variants such as Delta, some people are claiming that these variants are being ‘released’ according to a global conspiracy plan. It is claimed that the purpose of these variants is to create panic so that more and more people get themselves vaccinated. And those who will get vaccinated could allegedly be easily controlled.

Netizens making this sensational claim are circulating a list of Covid-19 variants in Spanish language and their respective ‘release dates’.On the right-hand side of the viral list, one can see logos of World Health Organisation (WHO), John Hopkins University, World Economic Forum (WEF), and Bill & Melinda Gates Foundation. People are saying that these are the organisations that have jointly created this list and are part of this conspiracy.One such Facebook post read, ""These are the PLANNED VARIANTS with the dates when they will be “released” to the media. The shot does NOT prevent a disease that does not exist. It installs an operating system in your body that will be manipulated with 5G system, in order to control you and enforce your compliance (sic)” The archived version of this claim can be seen here.India Today Anti Fake News War Room (AFWA) has found that the viral list is completely fictitious. Moreover, the purported 'release dates' mentioned in the list do not match with the actual dates when these variants were notified by WHO.This claim is quite viral on Facebook and Twitter.Let us look into the various elements of this claim one by one.Claim 1: WHO, John Hopkins University, WEF, and Bill & Melinda Gates Foundation have jointly prepared a list of Covid-19 variants to be released before the media on scheduled dates.Fact: There is no evidence that any of these organisations have created any such list. We checked the official websites and social media handles of these organisations but found nothing which points towards any such list.We reached out to the WEF, and they brushed aside the viral claim. Replying to our email, Amanda Russo, Head of Media Content, World Economic Forum told us, ""We have not seen this list before and we are not involved in its creation.""Claim 2: While the Delta variant was 'released' in June 2021, Epsilon, Zeta, Eta, Iota, Kappa, Lambda, and Theta variants would be 'released' between July 2021 to January 2022.Fact: The actual dates when these variants were brought to public notice are completely different from the dates mentioned in the viral list.While the earliest documentation of the Delta variant sample dates back to October 2020, the origin dates for Epsilon, Zeta, Eta, Iota, Kappa, and Lambda go back to March, April, December, November, October, and December 2020 respectively, as per WHO. The theta variant's earliest documented sample was found in the Philippines in January 2021.It is significant to note that in May 2021, WHO had announced easy-to-remember labels for key variants of SARS-CoV-2, the virus that causes Covid-19, using letters of the Greek alphabet.Probably, this could be the reason why the timeline of the viral schedule starts from June 2021.Claim 3: Covid-19 vaccines install an operating system in our bodies. This system would gradually manipulate our body through 5G technology to control us.Fact: This is just another conspiracy theory surrounding Covid-19. Since the pandemic began, many similar theories have been coined such as microchips being inserted through vaccines. India Today has debunked many such claims.Now, as far as the 5G theory is concerned, both WHO and the Government of India have clarified that there is no link between the 5G technology and the spread of Covid-19.As given in the 'Mythbusters' section of WHO, viruses cannot travel on radio waves or mobile networks. Covid-19 is spreading in many countries that do not have 5G mobile networks.Spanish website Newtral had also debunked this claim earlier.It can, therefore, be concluded that the fictitious list of Covid-19 variants and their 'release dates' is being circulated with the sinister motive of creating panic and discouraging the masses from getting vaccinated. INDIA TODAY FACT CHECK      ClaimWHO, John Hopkins University, World Economic Forum, and Bill & Melinda Gates Foundation have jointly created a list of different Covid-19 variants along with their 'launch dates'.ConclusionThis list is baseless, there is no evidence that these organisations created any such list.JHOOTH BOLE KAUVA KAATEThe number of crows determines the intensity of the lie.1 Crow: Half True2 Crows: Mostly lies3 Crows: Absolutely false Want to send us something for verification? Please share it on our  at 73 7000 7000  You can also send us an email at factcheck@intoday.com",NA,https://www.indiatoday.in/fact-check/story/fact-check-sham-list-of-covid-variants-release-dates-viral-on-internet-1834437-2021-07-29
6,fact-check,Fact Check: Old video from Bangladesh gone viral with communal spin,"(29, 7, 2021)","A video of people offering namaz standing in knee-deep water has gone viral with the claim that Muslims are planning to capture lands by chanting Azaan in the river Ganges.

Multiple Facebook users have posted this video and the caption in Hindi reads, “This is how Muslims are planning to capture land by chanting Azaan in the river Ganges. Their plan is to build temporary residence on the riverbanks and later make them permanent as the next battle of the world is going to be for water.”A Twitter user has posted this video with the same caption and tagged UP CM Yogi Adityanath, Prime Minister’s office, and Home Minister’s office. India Today Anti-Fake News War Room (AFWA) has found that the viral video is not from India but Bangladesh.In May 2020, Cyclone Amphan wreaked havoc in large parts of coastal Bangladesh. At Khulna’s Koyra sub-district, the cyclone destroyed embankment and flooded the area, forcing thousands of people to offer Eid prayers standing in knee-deep water.The archived versions of the viral posts are saved here, here, here and here With the help of keywords search and reverse image search we have found that the same video was uploaded last year in May by multiple news channels of Bangladesh on YouTube. From these YouTube videos, we came to know that this incident had happened in Khulna in May 2020 during Eid.There are multiple news reports published on various news portals from Bangladesh about the incident.According to these news reports, this incident took place at the Koyra area of Khulna district in Bangladesh on May 25, during Eid-Ul-Fitr.Super Cyclonic Storm Amphan had hit Sri Lanka, India, Bangladesh and Bhutan from May 16 to May 21. The cyclone left a trail of disaster in the coastal area of Bangladesh damaging embankments, flooding a vast area, destroying thousands of houses, and left 4,50,000 people in distress.The people of the surrounding area were trying to rebuild embankments at the Koyra sub-district which was flooded due to high tidal surges. They had no other option but to offer Eid prayers standing in knee-deep water. Hence, it is clear that the viral video has nothing to do with India or river Ganges. The viral claim is false, as the video is from the flood-affected area of Bangladesh after cyclone Amphan in 2020. INDIA TODAY FACT CHECK      ClaimThis is how Muslims are planning to capture land by chanting Azaan in the river Ganges. Their plan is to build temporary residence on the riverbanks and later make them permanent as the next battle of the world is going to be for water.ConclusionThis video is not from India but Bangladesh. In May 2020, the cyclone Amphan wreaked havoc in a large part of coastal Bangladesh. At Khulna’s Koyra sub-district, the cyclone destroyed the embankment and flooded a vast swathe of the area, forcing thousands of people to offer Eid prayers standing in knee-deep water.JHOOTH BOLE KAUVA KAATEThe number of crows determines the intensity of the lie.1 Crow: Half True2 Crows: Mostly lies3 Crows: Absolutely false Want to send us something for verification? Please share it on our  at 73 7000 7000  You can also send us an email at factcheck@intoday.com",NA,https://www.indiatoday.in/fact-check/story/old-video-from-bangladesh-gone-viral-with-communal-spin-1834269-2021-07-29
7,fact-check,Fact Check: Viral video of South African leader making racist hate speech against Indians is edited,"(28, 7, 2021)","Several parts of South Africa witnessed violence and chaos for days after the arrest of former President Jacob Zuma in a corruption case on July 7. The riot-hit areas included Durban, Pietermaritzburg, and Johannesburg -- all of which have a sizeable population of Indian expats. There were also reports of looters targeting businesses owned by Indians and Indian-origin South Africans.

In the midst of all, a video of a South African leader purportedly making a racist hate speech is doing the rounds on social media. The caption to the video reads, “A black politician in South Africa tells his supporters to go and kill Whites and Indians and burn down their houses. Imagine this horrific situation in reverse!”In the video, he can be heard saying, ""Go to Indian communities, go there and kill Indians, and burn their houses. Go to White areas and once you are done with looting, go there and kill the White community, and burn their houses.”The archived version of the post can be seen here.India Today Anti Fake News War Room (AFWA) has found the claim to be false. This video is a clipped version of a longer speech where Mxolisi Kaunda, a South African leader, actually appeals to the community leaders to reject violence and racism.AFWA probeWe did a reverse search of the keyframes in the video and found a longer version of the same video on the official Facebook page of eThekwini Municipality that includes the city of Durban, South Africa. The video was streamed live on July 14, 2021.According to the video description, the man seen speaking in the video is eThekwini Mayor Councillor Mxolisi Kaunda. The description also states that Kaunda is engaging with community leaders from Phoenix, Inanda, Ntuzuma, KwaMashu, and surrounding areas, and appealing to them to reject violence and racism and to work together to stabilise communities.Listening to the longer version of the video, it is clear that Kaunda was alerting the community leaders in the context of the ongoing violence about a racist voice note which was circulating on social media and not calling for violence against racial groups.At 00.10 seconds of the original video, the leader can be heard saying, ""There was a voice note that was being circulated on social networks. That voice note said go and loot all shops and malls everywhere. Once you are done with looting, go to Indian areas...Go to Indian communities, go there and kill Indians and burn their houses. Go to White areas and once you are done with looting, go there and kill the White community and burn their houses. (sic)""This meeting of Kaunda was also reported by the media on July 14. We also found a press release dated July 14 by the Durban government about Kaunda’s meeting with community leaders to restore stability and peace in eThekwini.On July 15, the original video was again uploaded by the Facebook page of eThekwini Municipality, cautioning that Kaunda's speech has been manipulated in a way that “incites violence against the Indian and White communities.”Quoting Kaunda, the post said, “Over the past few days, I have observed a disturbing trend by some members of the public deliberately distorting information to fuel racial tensions in the community. This is mischievous in the extreme. In this particular instance, someone has used five seconds of a 30-minute speech and manipulated it to incite violence.”It is, thus, clear that the video in question is edited and taken out of context. The South African leader was not calling for violence against Indian and White communities.Also read: Fact Check: New Year Celebration in Taiwan passed off as opening ceremony of Tokyo OlympicsAlso read: Fact Check: No, Meenakashi Lekhi’s father-in-law didn’t defend Nathuram Godse in court INDIA TODAY FACT CHECK      ClaimVideo shows a South African leader calling for violence against Indian and White communities. ConclusionThis video is clipped and taken out of context from a longer speech where Mxolisi Kaunda, eThekwini Mayor Councillor, appeals to the community leaders in South Africa to reject violence and racism and to work together to stabilise communities.JHOOTH BOLE KAUVA KAATEThe number of crows determines the intensity of the lie.1 Crow: Half True2 Crows: Mostly lies3 Crows: Absolutely false Want to send us something for verification? Please share it on our  at 73 7000 7000  You can also send us an email at factcheck@intoday.com",NA,https://www.indiatoday.in/fact-check/story/fact-check-viral-video-of-south-african-leader-making-racist-hate-speech-against-indians-is-edited-1833739-2021-07-28
8,fact-check,Fact Check: New Year Celebration in Taiwan passed off as opening ceremony of Tokyo Olympics,"(27, 7, 2021)","A spectacular video of a colourful firework display on a tall building is being widely shared on social media with the claim that it was a part of the Tokyo Olympics 2020 inauguration ceremony.

Posting this video, RJ Golmaal Gagan from 94.3 My Fm wrote, “This is so Amazing! Tokyo fireworks on Olympics inauguration”. The archived version of this post can be seen here.India Today Anti Fake News War Room (AFWA) has found that the viral video is not related to the Olympics and it is not recent as well. It shows a firework extravaganza which was put up in Taiwan’s iconic skyscraper ‘Taipei 101’ on the occasion of New year celebration on 31 December 2020.This claim is viral on Facebook.AFWA probeOn reverse searching the keyframes of the viral video, we found that several Taiwanese YouTube users had shared similar visuals in the month of January this year.We also found a similar video on the YouTube channel of ‘Taiwan News’. ‘Taiwan News’ had also published a report on this event. As per the report, a five-minute fireworks display was conducted to welcome the arrival of 2021 in Taipei 101, Taipei. This year, the show displayed 16,000 fireworks as a tribute to Taiwan's frontline medical workers.On comparing the visuals from the viral video with the ‘Taiwan News’ video report, we noticed many similarities. We found many similar videos of the new year celebration on the official Facebook page of Taipei 101. These videos were recorded live on December 31, 2020.According to the Olympics website, the official venue for conducting the opening and closing ceremony of Tokyo Olympics 2020 is ‘The National Stadium of Tokyo’. It is noteworthy that this stadium looks completely different from Taipei 101. The actual visuals of the firework show from the Tokyo 2020 Olympics opening ceremony can be seen in the below video report by Reuters.Thus, it is clear that around six-month-old fireworks show video of the New Year Celebration in Taiwan is being falsely shared as the inaugural ceremony of Tokyo Olympics 2020.READ | Fact Check: Wrestler Priya Malik has won gold medal but not at Tokyo OlympicsALSO READ | Fact Check: Old image from Dhaka shared as blood-filled street in India post Eid sacrificesWATCH | Watch: Video of 2011 Japan tsunami circulated as footage of China floods INDIA TODAY FACT CHECK      ClaimThis spectacular fireworks show was a part of the Tokyo Olympics 2020 inauguration ceremony. ConclusionThis video shows New Year celebrations in Taiwan’s iconic skyscraper ‘Taipei 101’.JHOOTH BOLE KAUVA KAATEThe number of crows determines the intensity of the lie.1 Crow: Half True2 Crows: Mostly lies3 Crows: Absolutely false Want to send us something for verification? Please share it on our  at 73 7000 7000  You can also send us an email at factcheck@intoday.com",NA,https://www.indiatoday.in/fact-check/story/fact-check-new-year-celebration-in-taiwan-passed-off-as-opening-ceremony-of-tokyo-olympics-1833387-2021-07-27
9,fact-check,"Fact Check: No, Meenakashi Lekhi’s father-in-law didn’t defend Nathuram Godse in court","(26, 7, 2021)","Many netizens are claiming that MoS for External Affairs and Culture Meenakashi Lekhi’s father-in-law PN Lekhi was a traitor who had defended Nathuram Godse, the assassin of Mahatma Gandhi.

This comes in the backdrop of Lekhi’s recent statement where she had called the protesting farmers ‘mawali’. The statement had stirred a controversy following which Lekhi had apologised.Criticising Meenakashi for her statement, a Facebook user wrote, “Meenakashi Lekhi is the daughter-in-law of traitor Pran Nath Lekhi who had left no stone unturned to save Nathuram Godse from getting convicted in the court. And now, Meenakashi Lekhi has called the farmers ‘mawali’!” This claim is quite viral on Facebook.India Today Anti Fake News War Room (AFWA) has found that Meenakashi Lekhi’s father-in-law Pran Nath Lekhi had not defended Nathuram Godse in the court. It is noteworthy that Nathuram had refused to be represented by a lawyer and had represented himself in the court.AFWA probeMahatma Gandhi was shot dead by Nathuram Godse when he was going for his regular prayers in Delhi on January 30, 1948. Nine accused were tried for the conspiracy and his murder. The trial of Mahatma Gandhi’s murder case began in May 1948.We looked into some history books to find out whether there was any connection between Nathuram Godse’s trial and lawyer PN Lekhi.With the help of keyword search, we found an archived version of the book ‘May it please your honour Nathuram Godse’ written by Gopal Godse, Nathuram’s brother.An excerpt from page number 20 of this book says, “Nathuram preferred to argue his own case. He argued for two days without challenging his conviction under the murder charge.”This makes it clear that no lawyer had defended Nathuram Godse in the trial case of Mahatma Gandhi’s assassination.Another book ‘The murder of the Mahatma’ written by GD Khosla, former Chief Justice of Punjab who had heard the appeals of Nathuram Godse and others and had given the verdict in the assassination also establishes the same thing.On page number 19 of this book GD Khosla says, “Nathuram Godse had declined to be represented by a lawyer and had made a prayer that he should be permitted to appear in person and argue his appeal himself. This prayer had been granted, and so he stood in a specially constructed dock. His small defiant figure with flashing eyes and close-cropped hair offered a remarkable and immediately noticeable contrast to the long row of placid and prosperous-looking lawyers who represented his accomplices.”Godse was sentenced to death on November 8, 1949, and was hanged on November 15, 1949.PN Lekhi was a well-known lawyer who participated in the Quit India Movement and was imprisoned in 1945 and 1946 for his role in the 'Free INA Prisoners' movement. During the Emergency, he was detained under Maintenance of Internal Security Act (MISA) and had to spend more than half of the imprisonment in solitary confinement.He had defended Satwant Singh one of the accused in the Indira Gandhi murder case. He had also represented Zaheera Sheikh, a key witness in the Best Bakery case of the Gujarat riots, in the Supreme Court.There is no evidence anywhere of him defending Nathuram Godse in the court. He passed away in 2010 at the age of 85.This claim had also gone viral in the year 2018. At that time, Meenakashi had refuted it and had said that she would take the matter to the police.Spreading lies and rumours is an offence both in real life and on twitter , I am reporting this to the police and Twitter, since it has come from a verified handle, will see at the police station #Twitter #FakeNews https://t.co/l40HV2Z7tJ— Meenakashi Lekhi (@M_Lekhi) January 24, 2018
Evidently, the claim of Meenakashi Lekhi’s father-in-law having defended Nathuram Godse in the court has no basis.Read | Fact Check: Wrestler Priya Malik has won gold medal but not at Tokyo OlympicsAlso read | Fact Check: Surya Namaskar from Mongolian event passed off as opening ceremony of Tokyo OlympicsLive TV INDIA TODAY FACT CHECK      ClaimMoS for External Affairs and Culture Meenakshi Lekhi’s father-in-law PN Lekhi had defended Nathuram Godse, the assassin of Mahatma Gandhi.ConclusionNo, PN Lekhi had not defended Godse in the court. In fact, Nathuram Godse had declined to be represented by any lawyer and had represented himself.JHOOTH BOLE KAUVA KAATEThe number of crows determines the intensity of the lie.1 Crow: Half True2 Crows: Mostly lies3 Crows: Absolutely false Want to send us something for verification? Please share it on our  at 73 7000 7000  You can also send us an email at factcheck@intoday.com",NA,https://www.indiatoday.in/fact-check/story/fact-check-no-meenakshi-lekhi-s-father-in-law-didn-t-defend-nathuram-godse-in-court-1832959-2021-07-26
10,fact-check,Fact Check: Netizens congratulate Priya Malik but post wrestler Sonam Malik’s picture,"(26, 7, 2021)","Priya Malik has made India proud after she won a gold medal in wrestling at the World Cadet Wrestling Championship in Hungary on Sunday, July 25.

Netizens are excited and after her remarkable feat, many congratulated her on Facebook and Instagram by posting a picture supposedly of the wrestler Priya Malik. India Today Anti-Fake News War Room (AFWA) has found that though Priya Malik won the gold medal at the World Cadet Wrestling Championship in Hungary, the picture in the viral post is of Sonam Malik, another wrestler from Haryana.The viral posts are saved here, here, here, and here.With the help of reverse image search, we have found the viral picture in several articles published on news websites.As per these articles, the athlete is Sonam Malik, a young woman wrestler from Haryana who has made her mark in the international wrestling by winning several medals in tournaments like Cadet World Wrestling Championship and Cadet Asian Wrestling Championship.This 19-year-old young wrestler came into limelight after she beat Rio Olympic bronze medallist Sakshi Malik twice.We found that Sonam Malik has recently tweeted an article published on shethepeople about her wrestling career with the same picture of her posted on the viral claim.From a village in Haryana to global games in Tokyo, wrestler Sonam Malik is eyeing big dreams at the age of 19. She is the youngest ever Indian woman wrestler to qualify for Olympics. Here is her story. @OLYSonam https://t.co/dwiY2fus2D— SheThePeople (@SheThePeople) July 22, 2021
Sonam Malik and Priya Malik both belong to Haryana. Priya Malik has recently secured the gold medal at the World Cadet Wrestling Championships after beating Belarus rival Kseniya Patapovich 5-0 in the 73 kg weight category.  Hence, it is clear that the viral post applauding Priya Malik shows the picture of another wrestler Sonam Malik.Live TVRead | Milind Soman congratulates Priya Malik for winning at Tokyo Olympics. Internet fact-checks him INDIA TODAY FACT CHECK      ClaimPriya Malik won a gold medal at the World Cadet Wrestling Championship in Hungary on July 25.ConclusionPriya Malik won at the World Cadet Westler Championship. But the picture in the viral post is of Sonam Malik, another wrestler from Haryana.JHOOTH BOLE KAUVA KAATEThe number of crows determines the intensity of the lie.1 Crow: Half True2 Crows: Mostly lies3 Crows: Absolutely false Want to send us something for verification? Please share it on our  at 73 7000 7000  You can also send us an email at factcheck@intoday.com",NA,https://www.indiatoday.in/fact-check/story/fact-check-netizens-congratulate-priya-malik-but-post-wrestler-sonam-malik-s-picture-1832890-2021-07-26
11,fact-check,"Fact Check: No, it's not a 282-year-old ship, but a replica of Swedish East India Company's Gotheborg","(26, 7, 2021)","A photo of a heritage ship sailing through Thames has gone viral with the claim, “A 282-year-old East India trading company ship returns to London for the first time since 1787.”

In this photo, the ship can be seen with the famous Tower Bridge in London in the background. India Today Anti-Fake News War Room (AFWA) has found that claim with the photo is misleading. The ship is not 282-year-old, but a replica of the Swedish East India company ship, named Gotheborg.Archived versions of posts with similar claims can be seen here, here, here, and  here.AFWA CheckAfter a reverse search of the photo, we found the same photo on Reddit. This photo was posted on March 14, 2015, with the description, “The ship, modelled on the original 18th Century Swedish ship the Gothenburg (Gotheborg), fired her cannon to salute London at Tower Bridge.” Taking a cue from there, we did a keyword search and found an article published by the BBC featuring the same photograph on May 19, 2007.The article stated that the construction work for this replica began in 2002 and the replica finally reached London in May 2007 after visiting 13 countries, recreating the Old East India trading routes. The King and Queen of Sweden also visited the ship when it was anchored in London.We also conducted a search to find out the history of original Gothebrug. The ship Gotheborg sank on September 12, 1745, after it struck an underwater rock just outside the harbour of Gothenburg. It is believed that the ship was also anchored in India (Bengal) to procure some wood for repair works during her last voyage.Hence, we can conclude that the claim with this photo is misleading. It is not a 282-year-old ship, but a replica of the old ship.Live TVWatch | Fact Check: Truth about underwater sculptures found in the sea off Indonesia INDIA TODAY FACT CHECK      ClaimA 282-year-old East India trading company ship returns to London for the first time since 1787. ConclusionThe ship in this photo is not 282-year-old. It is a replica of the Swedish East India Company ship - Gotheborg - that sank in 1745. The photo was taken when the replica was anchored in London in May 2007.JHOOTH BOLE KAUVA KAATEThe number of crows determines the intensity of the lie.1 Crow: Half True2 Crows: Mostly lies3 Crows: Absolutely false Want to send us something for verification? Please share it on our  at 73 7000 7000  You can also send us an email at factcheck@intoday.com",NA,https://www.indiatoday.in/fact-check/story/fact-check-no-it-s-not-a-282-year-old-ship-but-a-replica-of-swedish-east-india-company-s-gotheborg-1832913-2021-07-26
12,fact-check,NA,NA,NA,NA,https://www.indiatoday.in/fact-check/video/underwater-sculptures-found-in-sea-off-indonesia-1832781-2021-07-26
