SN,category,headline,date,content,keywords,link
1,fact-check,Fact Check: Six yards of falsehood! Old pic of Priyanka Gandhi in saree linked to UP polls,"(1, 2, 2022)","Priyanka Gandhi has been leading the Congress campaign in Uttar Pradesh, where the party is in a relatively weaker position. She has been addressing rallies, conducting door-to-door campaigns and visiting temples as part of her outreach.

One such picture of Priyanka wearing a red saree and ringing a temple bell is circulating on social media with a sarcastic remark. Sharing the picture, netizens say that as soon as election season in UP started, Priyanka also began appearing in her grandmother’s saree.The caption in Hindi translates to, “Elections in UP are here and grandma’s saree has also come out of the closet. But you’ll only get what is hanging.”  India Today Anti Fake News War Room (AFWA) has found that this picture was taken before the 2009 Lok Sabha election. Priyanka had visited a Durga temple in Amethi, UP, while campaigning for her brother Rahul Gandhi.AFWA probe Using reverse image search, we found that the same picture went viral during the 2020 Bihar elections as well.The picture was finally traced back to 2009. It was uploaded on “Flickr” on April 12 that year by a user called “Pressbrief.in”. The caption says, “Priyanka gandhi at durga temple during the election campaign for her brother rahul gandhi in amethi.” Along with the viral picture, other images of Priyanka Gandhi in the red saree and at the same location can also be seen on “Flickr”.We also found similar pictures on “Getty Images”. As per the caption, these pictures were taken before the 2009 Lok Sabha election. Priyanka had visited a Durga temple in Amethi, UP, while campaigning for her brother Rahul Gandhi.There are speculative news reports that Priyanka had worn her grandmother Indira Gandhi’s sarees on various occasions.But linking a 13-year-old picture with the upcoming UP elections is definitely misleading. INDIA TODAY FACT CHECK      ClaimAs soon as the election season in UP started, Priyanka Gandhi also began appearing in her grandmother’s saree.ConclusionThis picture was taken before the 2009 Lok Sabha election. Priyanka Gandhi had visited a Durga temple in Amethi, UP, while campaigning for her brother Rahul Gandhi. Earlier too, the same picture had surfaced on social media, linking it to the Bihar elections.JHOOTH BOLE KAUVA KAATEThe number of crows determines the intensity of the lie.1 Crow: Half True2 Crows: Mostly lies3 Crows: Absolutely false Want to send us something for verification? Please share it on our  at 73 7000 7000  You can also send us an email at factcheck@intoday.com","['UP polls', ' Uttar Pradesh Assembly elections', ' Priyanka Gandhi', ' Priyanka Gandhi red saree', "" Priyanka Gandhi wears grandmother's saree"", ' Fact Check: Six yards of falsehood! Old pic of Priyanka Gandhi in saree linked to UP polls ']",https://www.indiatoday.in/fact-check/story/fact-check-six-yards-of-falsehood-old-pic-priyanka-gandhi-in-saree-linked-up-polls-1907483-2022-02-01
2,fact-check,Fact Check: ‘The Simpsons’ had not predicted Canadian PM Trudeau fleeing after truckers’ protest,"(1, 2, 2022)","Following anti-vaccine protests by truckers in Canada, the country’s Prime Minister Justin Trudeau reportedly moved to a secret location with his family.

Soon after, a video of “The Simpsons” started circulating on social media, with users sarcastically remarking that the popular animation sitcom had predicted the developments long back.The clip shows two characters travelling in a truck. One says, “Look son, it’s one of nature’s most beautiful sights! The convoy!” The camera then focuses on the side mirror that shows several trucks coming from behind. In the next scene, a man is seen escaping through the window of a building. Some screams can also be heard in the background.“The Simpsons have done it again! Episode from 1999 has Trudeau running away from a truck convoy!” one user wrote while posting the video. India Today Anti Fake News War Room (AFWA) has found that the viral video has been created by combining clips from two unrelated episodes from two entirely different seasons. Also, the screaming heard towards the end is not present in the original video.AFWA probe Searching the Internet, we found that a YouTube user had shared the video on January 30, 2022. He said the original source of this video is Episode 17 from Season 10 and Episode 21 from Season 30 of “The Simpsons”. Using this information, we did a keyword search and found the original visuals of the said episodes. The starting part of the video in which two characters are seen in a truck has been taken from “Maximum Homerdrive”, the 17th episode of the show’s 10th season.In this video, the truckers’ convoy is not protesting. Instead, the truckers are annoyed with a key character called Homer for revealing one of their secrets. The original video can be seen below.The latter part in which a guy is seen escaping through a window is a portion of “D’oh Canada”, the 21st episode of the show’s 30th season. In this portion, the character who escapes through the window is indeed Canadian PM Trudeau. However, the context is entirely different. He is seen talking to a student, Lisa, over Skype. When she asks him a question about a scandal, he becomes uncomfortable and immediately escapes through the window.In this video, there are no screams, unlike the viral one. Clearly, the screams have been added using some editing software.The viral claim was earlier debunked by fact-check website “Snopes.”Hence, it is clear that the viral clip is manipulated and does not show Canadian PM Justin Trudeau running away from truckers, as is being claimed. INDIA TODAY FACT CHECK      ClaimA 1999 episode of popular sitcom “The Simpsons” had predicted Canadian PM Justin Trudeau running away from truckers. ConclusionThe viral clip has been created by stitching together visuals from two unrelated episodes from two entirely different seasons. The context has nothing to do with the Canada truckers’ protest.JHOOTH BOLE KAUVA KAATEThe number of crows determines the intensity of the lie.1 Crow: Half True2 Crows: Mostly lies3 Crows: Absolutely false Want to send us something for verification? Please share it on our  at 73 7000 7000  You can also send us an email at factcheck@intoday.com",NA,https://www.indiatoday.in/fact-check/story/the-simpsons-canadian-pm-justin-trudeau-truckers-protest-1907267-2022-02-01
3,fact-check,Fact Check: Images from Syrian civil war shared as condition of Afghan kids after US withdrawal,"(1, 2, 2022)","Blame game over the Taliban takeover of Afghanistan continues, with most discussions over the country’s sad state of affairs centring on the United States. The Afghan economy is in ruins, inflation is at an all-time high, and according to reports, poverty and unemployment have forced people to even sell their children and organs to escape starvation.

On social media, a set of four pictures showing children carrying bullet shells and mortar rounds is circulating as visuals from the war-torn country. Claiming to be a reflection of young lives in Afghanistan following the US withdrawal, the accompanying post says, “After 20 years’ war, this is what the #US has brought to the children in #Afghanistan.” India Today Anti Fake News War Room (AFWA) has found the claim along with the pictures to be misleading. All the pictures are from Syria, taken during the ongoing civil war.AFWA probeA reverse search on the pictures led us to the website “Middle East Images”. In fact, one of the pictures in the viral tweet was the cover image of an article here, titled “The Shells of War”.“The Shells of War” is a collection of photographs taken by Ali Haj Suleiman from Syria. It is dedicated exclusively to a scrapyard run by a displaced Syrian man who helps others like him make ends meet by selling shells, mortar rounds, missiles and bullets from conflict zones as scrap metal.We were able to locate all the four images used in the viral tweet in this album. Following this clue, we checked the Twitter handle of Ali Haj Suleiman. The war photographer had a pinned tweet on his profile with the screenshot of another tweet carrying the images in question.“A Chinese Foreign Ministry spokesman has published @zlj517, photos taken by me in Idlib and claims that ‘this is what the United States brought to the children in Afghanistan’, but in fact, this is what the Syrian regime and Russian forces brought to the children in Idlib,” read the tweet dated January 27. @zlj517 is the Twitter handle of Chinese foreign ministry official Lijian Zhao. He later deleted the tweet. Ali Haj Suleiman had tweeted the four images on December 21, 2021.“Shells of War’ one of my stories was awarded a place of honor in the UNICEF Photo Contest 2021. Although this story comes after 3 others but its entry in the competition, getting to the final, and receiving a place of honor is considered a great success in conveying to the world,” the tweet read. We found a report in “Middle East Images” confirming that Ali Haj Suleiman was awarded an honourable mention by the jury at the 2021 UNICEF Photo of the Year Award. It was for one of the images among the four in circulation now. We have reached out to Ali Haj Suleiman for further details about the photographs. This article will be updated once their response comes in. But it is clear that the four images of children carrying bullet shells and mortar rounds are not from Afghanistan but Syria. INDIA TODAY FACT CHECK      ClaimThese pictures show the condition of children in Afghanistan after US withdrawal.ConclusionAll the pictures are from Syria, taken during the ongoing civil war. The pictures are part of an album titled “The Shells of War” by photographer Ali Haj Suleiman.JHOOTH BOLE KAUVA KAATEThe number of crows determines the intensity of the lie.1 Crow: Half True2 Crows: Mostly lies3 Crows: Absolutely false Want to send us something for verification? Please share it on our  at 73 7000 7000  You can also send us an email at factcheck@intoday.com","['afghan children', ' afghan children carrying mortar', ' us withdrawal from afghanistan', ' taliban', ' fact check']",https://www.indiatoday.in/fact-check/story/fact-check-images-from-syrian-civil-war-shared-as-condition-of-afghan-kids-after-us-withdrawal-1907017-2022-02-01
4,fact-check,Fact Check: News clip from 2017 goes viral with claim of EVM foul play,"(30, 1, 2022)","Amid the high-octane election campaign for five states, a news clip in Hindi has gone viral with the claim that BJP has tampered with EVM machines in Madhya Pradesh.

Several Facebook users posted the clip informing that the Election Commission has removed the district collector and superintendent of police of Bhind after a controversy surrounding the trial of VVPAT machines. India Today Anti Fake News War Room (AFWA) has found that the viral news clip is almost five years old and has no connection to any recent or upcoming election. The Bhind Collector and SP were shunted out in April 2017, a week ahead of by-election in the district's Ater assembly constituency.The archived versions of the viral posts are saved here and here.AFWA probe With the help of keyword search, we found the source of the original video and details on the incident.The viral news clip was uploaded on the YouTube channel of ""ABP News"" on April 1, 2017, with the title, ""EVM Controversy: SP, Collector of Bhind removed"".The same news was published by other mainstream media houses around the same time.As per these articles, in April 2017, just a week ahead of by-elections in a couple of constituencies in MP, a controversy had erupted over VVPAT trial in Bhind.According to media reports, a VVPAT was dispensing slips of only the BJP symbol during the familiarisation exercise. The Opposition lodged a complaint with the Chief Election Commissioner, following which the Bhind Collector and SP were shunted out. Therefore, it is confirmed that a five-year-old news clip over VVPAT controversy has resurfaced in the backdrop of upcoming elections in some crucial states. INDIA TODAY FACT CHECK      ClaimMedia report shows BJP has tampered with EVM machines. The collector and SP of Bhind, Madhya Pradesh, have been removed after it was found that the VVPAT machine was dispensing slips with only BJP symbols.ConclusionThis is a five-year-old incident and has no connection to any recent or upcoming election. The Bhind Collector and SP were shunted out in April 2017, ahead of by-election to Ater assembly seat in the district.JHOOTH BOLE KAUVA KAATEThe number of crows determines the intensity of the lie.1 Crow: Half True2 Crows: Mostly lies3 Crows: Absolutely false Want to send us something for verification? Please share it on our  at 73 7000 7000  You can also send us an email at factcheck@intoday.com",NA,https://www.indiatoday.in/fact-check/story/fact-check-news-clip-from-2017-goes-viral-with-claim-of-evm-foul-play-1906523-2022-01-30
5,fact-check,Fact Check: This is not the man who led the coup in Africa’s Burkina Faso,"(30, 1, 2022)","West African country Burkina Faso is in the news following a military coup that ousted the government. On January 24, the military under Patriotic Movement for Safeguard and Restoration (MPSR) made an official announcement on national television that the Constitution has been suspended and borders sealed.

The development has been tweeted by many with special focus on a “Young General” who made the declaration before the camera. Netizens claim he is the one who led the coup.“Burkina Faso coup leader,” one such post said along with the photo of the man in military uniform and blue beret. India Today Anti Fake News War Room (AFWA) has found the claim to be misleading. The mutiny that ousted President Roch Kabore was led by 41-year-old Lieutenant Colonel Paul-Henri Damiba. The young officer portrayed as the leader is a captain who read the statement on Damiba’s behalf.AFWA probe The name of the officer reading out the statement was visible on his uniform. A closer look helped us identify him as “Sidsore A Kader O”. A Google search for the name led us to media reports about the coup. They identified Captain Sidsore Kader Ouedraogo as the man who read out the official statement for the military following the takeover. However, he was not named the leader of the movement by any source.Credible media reports said the coup was led by Lieutenant Colonel Paul-Henri Damiba. Though many verified Twitter accounts also confused Sidsore with Damiba, the reports clearly said how a subordinate was chosen by the coup leader to read out the MPSR’s official statement. Some other media reports clarified that Damiba was seated next to Sidsore while the statement was being read out. Who is Lt-Col Damiba? According to BBC, French-educated Damiba is associated with Burkina Faso’s counterinsurgency campaign against Islamist militants. He was promoted in December 2021 as the commander of Burkina Faso’s third military region by now-ousted President Kabore.Following the military takeover, several media outlets released detailed profiles of Damiba. As per these reports, he has served decades in the security detail of former President Blaise Compaore, who was overthrown in 2014.On January 29, Damiba made his first national speech since taking power asserting that he is the man in command. The name on the uniform reads “PH Damiba”. Hence, it is clear that the military coup in Africa’s Burkina Faso was led by Lieutenant Colonel Paul-Henri Damiba. A picture of one of his subordinates is falsely circulating on social media as the new head of the country.Read | Fact Check: Old images linked to deadly Yemen airstrike that killed over 80 INDIA TODAY FACT CHECK      ClaimPicture shows the man who led the coup in Africa’s Burkina Faso. Conclusion On January 24, Burkina Faso’s military regime announced on state television that it had seized power. However, the image in question is of the captain who read out the statement on behalf of Lt-Col Paul-Henri Damiba, the coup leader.JHOOTH BOLE KAUVA KAATEThe number of crows determines the intensity of the lie.1 Crow: Half True2 Crows: Mostly lies3 Crows: Absolutely false Want to send us something for verification? Please share it on our  at 73 7000 7000  You can also send us an email at factcheck@intoday.com",NA,https://www.indiatoday.in/fact-check/story/fact-check-this-is-not-the-man-who-led-coup-in-africa-burkina-faso-1906426-2022-01-30
6,fact-check,Fact Check: This mid-air photoshoot of fighter aircraft is not from India’s Republic day celebrations,"(29, 1, 2022)","It's only been a few days since India marked her 73rd Republic Day. The grand finale of the Republic Day parade in New Delhi witnessed the biggest fly-past with 75 aircraft of the Indian Air Force (IAF) participating.

The video of a man engaged in a mid-air photoshoot of fighter jets from the half-opened loading ramp of a plane is now viral on social media. Many users claim this video was shot during the airshow conducted by the IAF on Republic Day. India Today Anti Fake News War Room (AFWA) has found that the claim along with the video is misleading. This is an old video from Saudi Arabia and has no connection to India.AFWA probeClosely observing the viral clip, we could spot the national emblem of Saudi Arabia on some aircraft flying in the formation. This gave us the first clue that the video could be from Saudi Arabia and not India. A reverse search of viral video's keyframes led us to multiple media reports and blogs from 2020. While some had the video embedded, others carried screenshots of the same.According to these reports, the video is of a photoshoot organised by the Royal Saudi Air Force during air show rehearsals ahead of the 90th National Day of Saudi Arabia. Ahmed Hade, a well-known Saudi aviation photographer is the man seen capturing the fighter planes in a daredevil act, the reports state.We reached out to Ahmed Hade over Instagram. Ahmed confirmed that he is the man in the video snapping pictures of the stylish iron birds. ""Yes, I'm the photographer seen in the video. It was an airshow rehearsal near the Jeddah waterfront for the Saudi Kingdom’s 90th National Day celebrations,"" he told AFWA.On his Instagram handle, Ahmed has also posted an image of the aircraft similar to the ones seen in the viral video. ""Typhoon, Tornado, and F15C of the Royal Saudi Air Force,"" reads the description of the image.View this post on InstagramA post shared by (@ahmedhader)
The coastline of Jeddah can be seen briefly in the viral video. We compared this part with an aerial view of the Jeddah waterfront available on stock image site iStock, and found multiple similarities. The geolocation of the waterfront can be seen here.On September 23, 2020, the Kingdom of Saudi Arabia had marked the 90th National Day with a massive airshow and fireworks. A total of 60 military and civilian aircraft participated in the airshow.In September 2020, Saudi journalist Enad al-Otaibi had also tweeted the viral video on his verified Twitter handle."" "" "" "" #__90#__ #_ pic.twitter.com/OzGsWxaJHX— (@ENAD_Alotaibi) September 22, 2020
Indian media outlets Times of India and Asianet Newsable also shared this video in 2020 as that from Saudi.It is hence clear that the video in circulation as of an aerial photoshoot during India’s 73rd Republic Day celebrations happened in Saudi Arabia in 2020. INDIA TODAY FACT CHECK      ClaimVideo shows a daring mid-air photoshoot of an airshow by the Indian Air Force on Republic Day. ConclusionThis video is from the rehearsal of an airshow by the Royal Saudi Air Force as part of the Kingdom's 90th National Day in 2020.JHOOTH BOLE KAUVA KAATEThe number of crows determines the intensity of the lie.1 Crow: Half True2 Crows: Mostly lies3 Crows: Absolutely false Want to send us something for verification? Please share it on our  at 73 7000 7000  You can also send us an email at factcheck@intoday.com",NA,https://www.indiatoday.in/fact-check/story/fact-check-this-mid-air-photoshoot-of-fighter-aircraft-is-not-from-india-s-republic-day-celebrations-1906148-2022-01-29
7,fact-check,Fact Check: Did this TMC leader hoist party flag in place of Tricolour on R-Day? Not really,"(28, 1, 2022)","On January 26, West Bengal BJP leader Suvendu Adhikari tweeted a video showing a Trinamool Congress leader hoisting the party flag and singing the national anthem with others present around him. Adhikari claimed that this TMC leader from Purulia had unfurled the party flag instead of Tricolour on Republic Day.

“Shameful that TMC members are desecrating the National Anthem in the presence of AITC official Ex MLA; Purna Chandra Bauri of Raghunathpur Assembly of Purulia & other leaders. Also, unfurling TMC flag in place of National Flag to celebrate Republic Day is extremely unfortunate,” Adhikari tweeted.The 26-second video has been shared by several Facebook and Twitter users with the same claim. India Today Anti Fake News War Room (AFWA) has found that the viral video does not show the complete event. On Republic Day, Bauri did hoist the TMC flag, but before that, he had also unfurled the national flag on another pole beside the party flag.The viral posts are archived here, here and here.Unfurling the truth Observing the video closely, we found a Tricolour mark on the ground circling the pole where the TMC flag was being hoisted. Almost at the end of the video, we noticed another Tricolour circle drawn on the ground that indicates there could be a second pole beside the TMC flag. Taking this as a hint, we contacted the TMC leader in question, Purna Chandra Bauri, who can be seen in the video wearing a green kurta and white coat.Bauri straight away denied Adhikari’s claim and said that he had hoisted the national flag first and then the party flag. “You can see the truth in the other videos and pictures posted on social media,” said the TMC leader.Bauri is the former MLA of Raghunathpur constituency in Purulia district where this video was shot.The Facebook page of Raghunathpur TMC, named “Raghunathpurer Gorbo Mamata” (Raghunathpur’s pride Mamata), has posted several pictures of the Republic Day event from the same spot, refuting the claim made by social media users.The translation of the Bengali post says, “Today some people created a controversy by distorting the truth and cropping the video. If you have the courage, then post the full video.”Here is the video.Bauri also sent AFWA another video from the same event that shows him hoisting the national flag.Comparing the viral video with the one sent by Bauri and pictures posted on the TMC Facebook page, we could identify the same landmarks such as the high-tension electric towers and trees in the background in all three videos and photos. It confirms that all three visual contents are from the same location and event. As per the TMC leader, he had hoisted the flag on the opposite side of Joychandi Pahar in Raghunathpur on Republic Day. This area has slightly hilly terrain as is evident from the small hillocks seen in the viral video. From Google Maps, we tried to geolocate the place which can be seen here.Going by these proofs, it can be ascertained that the viral claim of TMC leader Purna Chandra Bauri hoisting a TMC flag in place of Tricolour on Republic Day is wrong. The TMC leader had first hoisted the national flag and then the party flag. INDIA TODAY FACT CHECK      ClaimFormer TMC MLA from Bengal’s Purulia district, Purna Chandra Bauri, unfurled the party flag in place of Tricolour to celebrate Republic Day. ConclusionThis video does not show the complete event. On Republic Day, Bauri did hoist the TMC flag, but before that, he had also unfurled the national flag on another pole beside the party flag.JHOOTH BOLE KAUVA KAATEThe number of crows determines the intensity of the lie.1 Crow: Half True2 Crows: Mostly lies3 Crows: Absolutely false Want to send us something for verification? Please share it on our  at 73 7000 7000  You can also send us an email at factcheck@intoday.com",['Fact Check: Did this TMC leader hoist party flag in place of Tricolour on R-Day? Not really '],https://www.indiatoday.in/fact-check/story/fact-check-did-this-tmc-leader-hoist-party-flag-in-place-of-tricolour-on-r-day-not-really-1905501-2022-01-28
8,fact-check,"Fact Check: Old, unrelated images flood social media as visuals of police crackdown on RRB protests","(27, 1, 2022)","From aspirants setting a train on fire and ransacking stations in Bihar to brutal lathicharge on protesters, social media is flooded with visuals of the unrest surrounding RRB NTPC exam results. While students are upset over alleged discrepancies in results, police have cracked down hard on protesters.

One such social media post carrying images of clashes and claiming to be of the RRB protests can be seen here. Archived versions of similar posts can be seen here, here and here.However, India Today Anti Fake News War Room (AFWA) has found the claim along with the images to be misleading as these pictures are old and not linked to the ongoing protests.We conducted a search on each of the above visuals. The above collage of four pictures focuses on injured women.Image 1This image shows a woman lying on the ground encircled by baton-wielding cops.A reverse search revealed that the picture was taken during a protest held in Lucknow on November 2, 2018. The protesters were demanding to reduce the cut-off marks in assistant teacher examinations.In a YouTube video of the protest uploaded by “UttarPradesh.Org”, at 0.36 seconds, the same girl wearing black t-shirt and a stole can be spotted arguing with cops. Image 2This picture of an injured woman is from the same protest. One can make out “Uttar Pradesh” written on the police van behind. This picture was tweeted by the official handle of UttarPradesh.Org.Image 3Unlike the first two pictures, this image is from a completely different incident. Using reverse search, we found it was from a protest at Banaras Hindu University held in September 2017 against lack of street lights and CCTV cameras on roads leading to the hostels. The same image can be found in the report by “The New Indian Express”. Image 4The fourth picture in the collage is yet again of a separate incident from UP’s Lakhimpur Kheri that took place on September 23, 2017. The victim was reportedly attacked by a stalker, who slashed both her hands. This image can be found in a “Jagran” report. Apart from the above collage, a few more images in the viral post are being passed off as related to the RRB protest. Image 5This image of police lathicharging a crowd was carried in a “Hindustan Times” report dated February 26, 2019.More than 10,000 hearing-impaired protesters had assembled outside the Disability Commissioner’s office in Pune, protesting against alleged fraudulent issuance of disability certificates to able-bodied people and demanding better jobs and education opportunities. They were later dispersed by police.This picture was also used by other news outlets that can be seen here and here. Image 6This gruesome image of a bleeding hand has been shared by multiple social media users as from the ongoing RRB protests in Bihar. However, we could not ascertain its source.Image 7Reverse-searching this image of a bruised leg, we found it is from April 22, 2018. A woman model was allegedly harassed in Indore by two men while she was riding her scooty. The incident was covered by prominent news outlets. To sum up, old pictures from different places and incidents are being shared as visuals of the RRB protests. However, there has also been massive uproar against police high-handedness against the protesters.(With inputs from Sanjana Saxena in Lucknow)  INDIA TODAY FACT CHECK      ClaimHeart-rending pictures of police brutality during the ongoing protests against RRB NTPC exam results. ConclusionThese images are old and of different incidents that have taken place in different states. However, there has been massive uproar against the police crackdown on RRB protesters.JHOOTH BOLE KAUVA KAATEThe number of crows determines the intensity of the lie.1 Crow: Half True2 Crows: Mostly lies3 Crows: Absolutely false Want to send us something for verification? Please share it on our  at 73 7000 7000  You can also send us an email at factcheck@intoday.com","['Fact Check: Old', ' unrelated images flood social media as visuals of police crackdown on RRB protests ']",https://www.indiatoday.in/fact-check/story/fact-check-old-unrelated-images-flood-social-media-as-visuals-of-police-crackdown-on-rrb-protests-1905328-2022-01-27
9,fact-check,Fact Check: Old images from Lucknow falsely linked to RRB protests in Bihar,"(27, 1, 2022)","Violent clashes broke out in Bihar and poll-bound Uttar Pradesh in the last few days between police and railway job aspirants over the RRB NTPC exam results.

In this context, a set of four images of lathicharge and injured people is circulating on social media as police brutality against RRB candidates in Bihar. One such post received more than 2,500 retweets till the time of publishing this article. India Today Anti Fake News War Room (AFWA) has found that the above pictures were taken during a protest that took place against the Uttar Pradesh government in 2018.The archived versions of the posts can be seen here, here and here.AFWA probe Using reverse search, we found that these images were carried in different media reports in 2018. As per these reports, the pictures were taken during a protest outside the UP assembly in Lucknow on November 2, 2018. Hundreds of aspirants had assembled alleging discrimination in the recruitment of 68,500 assistant teachers.Reports added that the protest was held following an Allahabad high court order directing a CBI probe into the selection process of Assistant Teachers Recruitment Examination, 2018.We found that images 1 and 3 from the viral post were carried by “Amar Ujala” on November 2, 2018.  Many candidates were injured in police lathicharge during the protest.The first and second images in the post showing bleeding protesters were also tweeted by Rahul Gandhi, Samajwadi Party spokesperson Richa Singh and journalist Prashant Kumar, criticising the UP government for the police brutality against job aspirants. The fourth image of police lathicharge in the viral post was also shared by several social media users in November 2018 as from the same protest. A comparison between a better quality version of the fourth image with a picture of the UP assembly available on Google Maps confirmed that the image is indeed from Lucknow. Also, the woman in yellow dress in the fourth image can be seen in one of the pictures of the 2018 protest carried by “Amar Ujala”. According to reports, in protest against alleged irregularities in the RRB NTPC exam, candidates torched a train at Gaya railway station in Bihar on January 26. Some other stations were ransacked, while railway traffic was blocked across the state. At several places in Bihar and UP, police cracked down heavily on protesters.It is, however, clear that the images shared in the viral post are over three years old and not related to the ongoing RRB protests in Bihar.READ | Fact Check: This is not the Indian Army rescuing a bird stuck in power line  INDIA TODAY FACT CHECK      ClaimPictures show police in Bihar brutally attacking candidates protesting against the RRB NTPC exam results. ConclusionThese images are from a 2018 protest held in Lucknow against alleged disparities in the recruitment of assistant teachers in UP. However, there has also been outrage over police highhandedness against RRB protesters.JHOOTH BOLE KAUVA KAATEThe number of crows determines the intensity of the lie.1 Crow: Half True2 Crows: Mostly lies3 Crows: Absolutely false Want to send us something for verification? Please share it on our  at 73 7000 7000  You can also send us an email at factcheck@intoday.com",NA,https://www.indiatoday.in/fact-check/story/old-images-from-lucknow-falsely-linked-to-rrb-protests-bihar-1905326-2022-01-27
10,fact-check,Fact Check: This is not the Indian Army rescuing a bird stuck in power line ,"(26, 1, 2022)","A video of a man on a helicopter rescuing a bird tangled in a power line is viral on social media. The video is being shared with the claim that this daring act was performed by a soldier of the Indian Army.

 India Today Anti Fake News War Room (AFWA) has found the claim along with the video to be misleading. This is a 2013 video from Virginia, United States.With the help of keyword search, we found the same video and screenshots from it carried by multiple media reports in 2013.A longer version of the video that shows the entire rescue process can be seen below. The video was uploaded by the verified YouTube channel of “WAVY TV 10” on September 19, 2013. Reports say the video is from Virginia, United States, and the incident took place in September 2013. According to reports, the video shows a seagull that was stuck in power lines for 24 hours near Lesner Bridge in Virginia Beach being rescued. The operation was carried out by Virginia Dominion Power, an American power and energy company.After the rescue, the bird was taken to the Virginia Beach Society for the Prevention of Cruelty to Animals for treatment and recuperation.Quoting a member from the Virginia Beach Society, “The Mirror” said that after surgery in one of its wings, the bird was recovering and was being pampered in the way seagulls love “with plenty of junk food”.We also found a video report by “WAVY TV 10” made before the bird was rescued, in which Dominion Power spokesperson Bonita Harris explains how it could be freed using a helicopter. And this is exactly what we see in the viral video.“What we have to do is send a helicopter with special equipment. It actually has a platform attached to its side and one of our linemen will have to get on the platform and physically reach over to remove the bird from the line,” Bonita says in the video.Hence, it is clear that the viral video is almost a decade old and not related to India or the Indian Army. INDIA TODAY FACT CHECK      ClaimVideo shows an Indian soldier in a helicopter rescuing a bird tangled in power lines.ConclusionThis is a 2013 video from Virginia Beach, United States. It shows crew of an energy company rescuing a seagull that was trapped in power lines for hours.JHOOTH BOLE KAUVA KAATEThe number of crows determines the intensity of the lie.1 Crow: Half True2 Crows: Mostly lies3 Crows: Absolutely false Want to send us something for verification? Please share it on our  at 73 7000 7000  You can also send us an email at factcheck@intoday.com",NA,https://www.indiatoday.in/fact-check/story/fact-check-this-is-not-the-indian-army-rescuing-a-bird-stuck-in-power-line-1904875-2022-01-26
11,fact-check,Fact Check: Cash for votes in UP? Old image manipulated to claim SP is bribing voters,"(26, 1, 2022)","In Uttar Pradesh’s largely bipolar contest between BJP and Samajwadi Party, social media has become a key tool for accusations and counter-accusations between supporters of the two political parties.

And now, many social media users are sharing an apparent envelope with the SP’s symbol printed on it and a 500-rupee note peeping from inside. The message is loud and clear that the SP is distributing money to lure voters.BJP’s social media co-convener Shashi Kumar tweeted the image with the caption, “Samajwadi Vote Kharido Yojana (Samajwadi Vote Purchase Scheme)”. Many other social media users have posted the same image with “Mission 2022” and SP leader Atul Pradhan’s name purportedly written on the envelope. Pradhan is the SP-RLD candidate from Sardhana constituency in Meerut, UP. India Today Anti Fake News War Room (AFWA) has found that the viral image has been present on the Internet since at least 2017, and hence, not connected to the upcoming elections in UP. Also, the image with “Mission 2022” and Atul Pradhan’s name on the envelope is doctored.AFWA probe First, we checked the image of the envelope with Atul Pradhan’s name on it. We noticed that while the text between the cycle logos is unclear, “Mission 2022” and Pradhan’s name feature prominently. Next, we used error level analysis, a forensic method that can highlight digitally-modified portions of an image.Forensically is one such tool that can be used to check the ELA of an image. We uploaded the viral picture on this tool and it highlighted the part where “Mission 2022” and Pradhan’s name is written. Another tool, FotoForensics, gave similar results. Evidently, the text mentioning Atul Pradhan’s name and “Mission 2022” has been added using some editing software to create an impression that he is the one distributing money among voters.We sent this image to Anmol Pradhan, a member of Atul Pradhan’s PR team, who told us that the image is not related to the SP leader in any way.The Gorakhpur connection Upon reverse-searching the viral image, we found that it was shared by several social media users in 2017.We also found a Twitter post from 2017 in which this image was shared along with another picture the front side of an envelope on which the names and photographs of two SP leaders from Gorakhpur are given. These leaders are former MLA Vijay Bahadur Yadav and former minister Ram Bhual Nishad. A date “March 4, 2017” and “Gorakhpur rural assembly constituency” are also mentioned. However, we could not ascertain the exact story behind this envelope.Clueless about the envelope: Yadav and Nishad AFWA contacted both Vijay Bahadur Yadav and Ram Bhual Nishad to get information on this envelope that was widely shared in 2017.Yadav told us he saw the envelope for the first time. “The photograph used on the envelope is indeed mine, but it is around 15 years old. This is certainly an effort to tarnish my image,” he added.Yadav too rubbished the claim being made with the image. “I am not aware of the fact that any such envelope was circulated with my name and picture in 2017,” he told AFWA.An India Today investigation in 2017 had revealed how candidates of SP, BSP, BJP and Peace Party were violating election commission guidelines by bribing voters. The EC had ordered a probe into the ‘cash-for-vote’ scandal.We could not verify the exact origin of this image. However, it is certain that the picture is old and is being falsely linked with the upcoming UP elections. INDIA TODAY FACT CHECK      ClaimThis image of an envelope with the ‘cycle’ symbol containing Rs 500 is proof that Samajwadi Party leader from Meerut Atul Pradhan is distributing money to lure voters. ConclusionThis image is manipulated and Atul Pradhan’s name has been added to it. The original image is old and has been present on the Internet since at least 2017.JHOOTH BOLE KAUVA KAATEThe number of crows determines the intensity of the lie.1 Crow: Half True2 Crows: Mostly lies3 Crows: Absolutely false Want to send us something for verification? Please share it on our  at 73 7000 7000  You can also send us an email at factcheck@intoday.com",NA,https://www.indiatoday.in/fact-check/story/fact-check-cash-for-votes-in-up-old-image-manipulated-to-claim-sp-is-bribing-voters-1904868-2022-01-26
12,fact-check,Fact Check: Pictures of AAP leaders wearing skull caps viral with misleading claims,"(25, 1, 2022)","The elections in Uttar Pradesh promise to be an exciting affair with several alliances cropping up and some new entrants willing to test the waters. One prominent name in the latter group is of Aam Aadmi Party (AAP).

The AAP has turned out to be a major talking point in UP’s political discourse. And its opponents too do not miss out on any opportunity to take a dig at the party.On social media, a collage of three pictures of Arvind Kejriwal, Manish Sisodia and Sanjay Singh in different attires is going viral. A sarcastic comment in the postcard says while AAP leaders don skull caps during elections in Delhi, it changes to saffron scarves when polls are held in UP. The archived versions of the claims can be found here and here.India Today Anti Fake News War Room (AFWA) has found the claim to be misleading as the images of AAP leaders in skull caps are not linked to elections in Delhi. Only the picture of Sisodia and Singh in saffron scarves was taken in Ayodhya last year.Let us look into the three images one by one. Image 1A reverse search of Sanjay Singh’s image led us to a news report published on July 10, 2016. In the wider picture, Kejriwal can also be seen offering prayers beside Singh. The picture was of an “Eid Milan Samaroh” in Delhi’s Saket. An “Aaj Tak” report published on July 8, 2016, also confirmed Kejriwal’s attendance in the event.While tweeting Eid wishes, the official handle of “AAP Punjab” on July 7, 2016, also carried the image of Kejriwal offering prayers.Image 2Reverse-searching the picture of Kejriwal and Sisodia in skull caps, we came across a picture gallery published by “The Times of India” on July 1, 2016. The ninth image in the gallery shows the original picture where the two AAP leaders are seen speaking to a Muslim cleric.According to the report, the picture was taken during an Iftaar party hosted by Kejriwal in New Delhi. Image 3The third image of Sisodia and Sanjay Singh in saffron scarves, however, was taken when UP elections were knocking at the door. A reverse search led us to an article published in “Hindustan Times” which had the same image.With a further keyword search, we found that the picture was posted by Sisodia on the banks of Sarayu river during his visit to Ayodhya in September 2021.pic.twitter.com/Ws75eMi9lg— Manish Sisodia (@msisodia) September 13, 2021
Another report by “The Times of India” published on September 14, 2021, said the two AAP leaders visited Ayodhya a day ahead of the party’s ‘Tiranga Yatra’.Therefore, it is clear that the claim in the viral postcard is misleading as the pictures of the AAP leaders in skull caps are from 2016 when there was no election in Delhi. The Capital saw assembly elections in 2015 and municipal polls in 2017.Live TVRead | Fact Check: This video of Kejriwal praising Bhagwant Mann for his pledge to quit alcohol is oldRead | Fact Check: This is not IAS officer Vijay Singh lashing out at the West over their ‘colonial mindset’ INDIA TODAY FACT CHECK      ClaimAAP leaders observe Muslim rituals during elections in Delhi and wear saffron scarves during polls in UP. ConclusionNone of the two images of AAP leaders wearing skull caps was taken during any election in Delhi. Both these images were taken in July 2016. Assembly and municipal elections in Delhi were held in 2015 and 2017. JHOOTH BOLE KAUVA KAATEThe number of crows determines the intensity of the lie.1 Crow: Half True2 Crows: Mostly lies3 Crows: Absolutely false Want to send us something for verification? Please share it on our  at 73 7000 7000  You can also send us an email at factcheck@intoday.com",NA,https://www.indiatoday.in/fact-check/story/fact-check-pictures-of-aap-leaders-wearing-skull-caps-viral-with-misleading-claims-1904419-2022-01-25
