SN,category,headline,date,content,keywords,link
1,fact-check,Fact Check: Surya Namaskar from Mongolian event passed off as opening ceremony of Tokyo Olympics,"(25, 7, 2021)","A video of Surya Namaskar (sun salutation) has gone viral on social media with the claim that it was performed at the opening ceremony of Tokyo Olympics 2020.

The minute-long video, as per the claim, shows performers dressed in tricolour-coordinated clothing doing Surya Namaskar - a sequence of 12 yoga postures.Multiple Facebook users have posted this video with the caption, ""Surya Namaskar@ Olympics At the opening ceremony of the Olympics in Tokyo - Japan with our National flag Dress Code""India Today Anti-Fake News War Room (AFWA) has found that the viral video is from Mongolia and not from the ongoing Tokyo Olympics.During PM Narendra Modi's 2015 visit to Mongolia, a community reception event was organised by the Art of Living foundation at the Buyant Ukhaa Stadium in Ulaanbaatar, Mongolia on May 17 and Surya Namaskar was performed at that event.The archived versions of the posts are saved here and here.With the help of Invid and reverse image search, we have found a longer version of the viral video from PM Modi's YouTube channel. This video was posted on May 17, 2015.The video description reads, ""The Prime Minister, Shri Narendra Modi at the Community Reception and Yoga Event, organised by ""Art of Living"", in Ulaanbaatar, Mongolia on May 17, 2015.""Here in the YouTube video, at 5.31 minutes, we can see the Surya Namaskar sequence. The viral video has been taken from this portion of the longer video.Prime Minister Modi had visited Mongolia in 2015 to forge a bond between the two countries. During this visit, a colourful programme was organised by the Art of Living foundation in Mongolia for the prime minister. The Ministry of External Affairs had also tweeted about this event on the same day.India & Mongolia - United in spirit and now also through Yoga. PM @narendramodi attends prog by Art of Living pic.twitter.com/PXO2dqA8vv— Arindam Bagchi (@MEAIndia) May 17, 2015
TOKYO OLYMPICS 2020The opening ceremony of the Tokyo Olympics 2020 took place on July 23. India had 19 of its athletes represent the country in the opening ceremony event.Live TV--- ENDS ---READ | Fact Check: Wrestler Priya Malik has won gold medal but not at Tokyo OlympicsALSO READ | Fact Check: Old image from Dhaka shared as blood-filled street in India post Eid sacrificesWATCH | Watch: Video of 2011 Japan tsunami circulated as footage of China floods INDIA TODAY FACT CHECK      ClaimAt the opening ceremony of Tokyo Olympics, Japanese performers wore Indian tricolour-coordinated clothing and performed Surya Namaskar.ConclusionThe viral video is from Mongolia and not from Tokyo Olympics 2020. During PM Modi’s 2015 visit to Mongolia, a community reception event was organised on May 17 and Surya Namaskar (sun salutation) was performed there.JHOOTH BOLE KAUVA KAATEThe number of crows determines the intensity of the lie.1 Crow: Half True2 Crows: Mostly lies3 Crows: Absolutely false Want to send us something for verification? Please share it on our  at 73 7000 7000  You can also send us an email at factcheck@intoday.com","['Tokyo Olympics', ' Tokyo Olympics opening event', ' pm modi mongolia', ' modi mongolia event', ' olympics mongolia video']",https://www.indiatoday.in/fact-check/story/fact-check-surya-namaskar-mongolia-opening-ceremony-tokyo-olympics-1832519-2021-07-25
2,fact-check,Fact Check: Wrestler Priya Malik has won gold medal but not at Tokyo Olympics,"(25, 7, 2021)","After Mirabai Chanu won India’s first medal at the Tokyo Olympics in women’s weightlifting category, a message has gone viral on social media with the claim that wrestler Priya Malik has won a gold medal at the Tokyo Olympics.

Multiple Twitter and Facebook users have congratulated Priya Malik with captions like, “remember the name #PriyaMalik congratulations for winning gold in wrestling #Olympics  #Cheer4India #Tokyo2020” India Today Anti-Fake News War Room ( AFWA) has found that wrestler Priya Malik has won the gold medal in 73 kg world title at the Cadet World Championships in Budapest on Thursday, July 22. Till now India has won only one silver medal in Tokyo Olympics in weightlifting.The archived versions of the posts are saved here and here.At the recently held Cadet World Championships in Budapest, Hungary, out of the five golds, India won two at 43kg and 73kg as Tannu Malik and Priya Malik respectively dominated the finals.Priya Malik defeated Belarus wrestler to win the gold medal at 73kg. This news appeared in several news portals on July 23. Priya Malik is from Mokhra village in Haryana that has given India the likes of India's first-ever woman Olympic medallist in wrestling, Sakshi Malik.India has so far won only one silver medal in weightlifting at Tokyo Olympics. Hence, the viral post claiming wrestler Priya Malik won a gold medal at the Tokyo Olympics is misleading.ALSO READ: Fact Check: Truth behind name change controversy of Pakistan schoolALSO READ: Fact Check: These are not 5,000-year-old Hindu idols found in the sea off Indonesia INDIA TODAY FACT CHECK      ClaimIndia wins gold at Tokyo Olympics. Priya Malik wins the first gold medal in wrestling.ConclusionWrestler Priya Malik has won a gold medal in the 73 kg world title in Cadet World Championships in Budapest. Till now India has won only one silver medal at Tokyo Olympics in weightlifting.JHOOTH BOLE KAUVA KAATEThe number of crows determines the intensity of the lie.1 Crow: Half True2 Crows: Mostly lies3 Crows: Absolutely false Want to send us something for verification? Please share it on our  at 73 7000 7000  You can also send us an email at factcheck@intoday.com",NA,https://www.indiatoday.in/fact-check/story/wrestler-priya-malik-has-won-gold-medal-but-not-at-tokyo-olympics-1832437-2021-07-25
3,fact-check,NA,NA,NA,NA,https://www.indiatoday.in/fact-check/video/watch-video-of-2011-japan-tsunami-circulated-as-footage-of-china-floods-1832137-2021-07-24
4,fact-check,"Fact Check: Smartphone can be a health hazard, but it does not cause eye worms","(24, 7, 2021)","A disturbing video of a medical procedure where a long worm is being extracted from a person’s eye is viral on social media with the claim that excessive use of smartphone over a long period of time had developed this worm inside the eye.

A Facebook user shared this video with the caption, “These visuals show the removal of a parasite from the eye of a person who used to play games for long duration on his smartphone.” We have not embedded or hyperlinked the video due to its graphic nature.India Today Anti Fake News War Room (AFWA) has found that the viral video was that of a Kerala-based patient who was being operated on his eye, which was infested with the Loa Loa worm in 2013. This problem occurs due to certain kind of flies and not smartphones.This video is extremely viral on Facebook.AFWA probeAfter reverse searching the keyframes of the viral video, we found that it is a chunk of a longer video which was posted on the Facebook page of Dr Ashley Mulamoottil on 18th April 2013.Dr Ashley Mulamoottil is the Medical Director and Chief surgeon of Mulamoottil Eye Hospital and Research Center, Kerala.In the original video, Dr. Mulamoottil was explaining that the patient whose eye was being operated on had come to him with severe eye pain. On close examination, he felt the presence of some living object inside the eye. Eventually, it turned out to be an 8-inches-long worm called Loa Loa, which is endemic to Western Africa.Further in the video, he states that Loa Loa worm infestation is mainly caused due to certain kinds of flies. These flies cause a tear in the human skin and lick the blood.During this process, they transfer the larvae of the worms to the human body. This worm grows mostly inside the eye but can also be found in the brain, heart, lungs or even under the skin. In order to keep this worm at bay, one must keep his surroundings clean.Distortion of Video’s Audio It is noteworthy that while the actual video has a proper voiceover and mug shots of Dr. Mulamoottil, the viral video does not have any audio. The intentional muting of the voiceover helps in changing or distorting of the standalone visuals.Can smartphones lead to eye worm infection? We contacted ophthalmologist Dr. Naveen Gupta from Noida to find out if, under any given condition, it is possible that excessive use of smartphones might lead to eye infestation with worms.Ruling out any such possibility, he said, “Excessive use of smartphones can lead to several psychological and physiological problems, but it cannot be the reason for the occurrence of eye worms.”Continuous exposure to blue light from smartphones could damage retinal cells and can even cause cataract and eye cancer, according to UC Davis Eye Center.Also, playing games on a smartphone for prolonged periods might lead to depression, as per ScienceDaily.Thus, it is evident that though excessive usage of smartphones can harm our mind and body in numerous ways, it cannot lead to the growth of eye worms.Live TV--- ENDS ---Read | Fact Check: Video of 2011 Japan tsunami circulated as footage of China floods INDIA TODAY FACT CHECK      ClaimThese are the visuals of worm being removed from patient’s eyes. The worm was developed due to excessive use of smartphones. ConclusionThe patient whose eye is being operated in the viral video was suffering with Loa Loa worm infestation. This worm is passed on to humans through certain kinds of flies and not smartphones.JHOOTH BOLE KAUVA KAATEThe number of crows determines the intensity of the lie.1 Crow: Half True2 Crows: Mostly lies3 Crows: Absolutely false Want to send us something for verification? Please share it on our  at 73 7000 7000  You can also send us an email at factcheck@intoday.com","['health hazard', ' Kerala', ' long worm extracted from a person’s eye', ' ']",https://www.indiatoday.in/fact-check/story/fact-check-smartphone-can-be-a-health-hazard-but-it-does-not-cause-eye-worms-1831927-2021-07-24
5,fact-check,Fact Check: Video of 2011 Japan tsunami circulated as footage of China floods,"(23, 7, 2021)","The torrential rains, heaviest in 1,000 years of China’s history, have been wreaking havoc in the country for past few days and has killed more than 50 people.

A video is viral on social media claiming that helicopters, airplanes, and several automobiles have swept away by flood water in China.The archived versions of similar posts can be seen here and here.India Today Anti Fake News War Room (AFWA) has found that the claim along with the video is misleading. This video is the footage of the tsunami that hit Japan in 2011.AFWA probeWith the help of a reverse search of the keyframes of the video, we found the same video was published by the Wall Street Journal April 29, 2011. The video was sourced from news agency Reuters.According to this report the video was released by the Japan Coastal Guard after the tsunami hit Sendai airport and port towns across northern Japan on March 11, 2011.Screenshots from the video in question were also published by The Atlantic on May 9, 2011, in a reportage of the tsunami. The Japan earthquake and tsunami of 2011 was a severe natural disaster that occurred in north-eastern Japan. What began as a powerful earthquake off the north-eastern coast of Honshu, Japan’s main island, later initiated a series of huge tsunami waves that devastated many coastal areas of the country.The tsunami also triggered a major nuclear accident at Fukushima Daiichi Nuclear Power Plant in Okuma, Fukushima. Thousands died, many went missing, houses, automobiles and farmlands were inundated by swirling waters in the Japan disaster.China floods 2021China’s central Henan province is currently witnessing the country’s heaviest rainfall in 1,000 years.According to the state-run media reports around 1.24 million people were affected by the floods and as many as 1,60,000 were evacuated. Subways, streets, hotels, and a large number of buildings were waterlogged, bringing the city’s public transport to a standstill.A drone video by BBC shows the scale of flood damage in China.It is hence clear that the video in question is of the tsunami in Japan and not related to the ongoing floods in China.Live TVRead |  Fact Check: Truth behind name change controversy of Pakistan school INDIA TODAY FACT CHECK      ClaimAircraft and automobiles swept away in the ongoing floods in China. ConclusionThis video shows the devastation that took place in Japan after a tsunami in 2011. But China is, indeed, currently witnessing its heaviest rainfall in 1,000 years.JHOOTH BOLE KAUVA KAATEThe number of crows determines the intensity of the lie.1 Crow: Half True2 Crows: Mostly lies3 Crows: Absolutely false Want to send us something for verification? Please share it on our  at 73 7000 7000  You can also send us an email at factcheck@intoday.com",NA,https://www.indiatoday.in/fact-check/story/fact-check-video-of-2011-japan-tsunami-circulated-as-footage-of-china-floods-1831894-2021-07-23
6,fact-check,Fact Check: Truth behind name change controversy of Pakistan school,"(22, 7, 2021)","Was a school in Pakistan named after a Hindu recently renamed in honour of Malala Yousafzai? This is what some social media users are claiming while sharing the picture of a school’s entrance that has two boards with different names.

The smaller board has the name “Seth Kooverji Khimji Lohana Gujarati School”, while a bigger board says “Malala Yousaf Zai Govt. Girls Secondary School, Mission Road, Karachi”.The caption in Hindi along with the picture translates to, “It must have happened like this. Tejo Mahalaya became Taj Mahal, Ram temple became Babri and Kashi temple became Gyanvapi. There are thousands of such stories, but this is the latest.”India Today Anti Fake News War Room (AFWA) has found the claim to be misleading. SKKLGS was renamed after Nobel laureate Malala Yousafzai in 2012, but Sindh education minister Saeed Ghani recently said that the original name will be restored soon.The archived versions of the posts are saved here and here.What AFWA foundAccording to news reports, the name change controversy surrounding the Karachi school took a dramatic turn after social media backlash. A report by “Samaa” says the Sindh government has agreed to restore the school’s original name after a sustained campaign led by journalists and social activists. SKKLGS was renamed after Malala on February 6, 2012. Pakistan journalist Sanjay Sadhwani, social activist Kapil Dev, and even Malala’s father Ziauddin Yousafzai requested Sindh education minister Saeed Ghani to respect history and restore the school’s old name. Ghani responded to the appeals and promised to do the same.I have asked department to submit comprehensive report. Thank you for kindness. The name will be restored officially after due process but surely any other school will be named @Malala which has no such kind of old name. https://t.co/k0M4LVnSDR— Senator Saeed Ghani (@SaeedGhani1) July 8, 2021
Kooverji Khimji is a highly respected name in Karachi’s Gujarati Sindhi community. A philanthropist, he had contributed highly to education and also in the modernisation of Karachi. INDIA TODAY FACT CHECK      ClaimSeth Kooverji Khimji Lohana Gujarati School (SKKLGS) in Karachi was originally named after a Hindu social worker. But it was renamed Malala Yousafzai Govt Girls Secondary High School in the latest example of conversion of a Hindu institution in Pakistan.ConclusionSKKLGS was renamed after Malala in 2012. But recently, after a social media backlash, Sindh education minister Saeed Ghani confirmed that the original name of the school will be restored.JHOOTH BOLE KAUVA KAATEThe number of crows determines the intensity of the lie.1 Crow: Half True2 Crows: Mostly lies3 Crows: Absolutely false Want to send us something for verification? Please share it on our  at 73 7000 7000  You can also send us an email at factcheck@intoday.com","['Fact check', ' Malala Yousafzai', ' Malala Yousafzai school in Karachi', ' Hindu school renamed in Pakistan']",https://www.indiatoday.in/fact-check/story/fact-check-truth-behind-name-change-controversy-of-pakistan-school-1831416-2021-07-22
7,fact-check,Fact Check: Old image from Dhaka shared as blood-filled street in India post Eid sacrifices,"(22, 7, 2021)","Muslims around the world observed Eid al-Adha, also known as “feast of the sacrifice”, on July 21.

Soon after, an image of a street filled with bloody water started circulating on social media with the claim that it shows a post-Bakrid scene in India. The archived versions of the posts can be seen here and here.India Today Anti Fake News War Room (AFWA) has found the claim along with the image to be misleading. This is a 2016 image from Dhaka in Bangladesh.AFWA probeWith the help of keyword search, we found the same image along with other similar pictures, in several news reports from 2016.According to these reports, the visuals are from Bangladesh’s capital Dhaka. According to a BBC report published on September 14, 2016, the picture shows blood from animals sacrificed for Eid al-Adha mixed with floodwater.Referring to an article by BBC Bangla, the report said in 2016, nearly 100,000 livestock were sacrificed in Dhaka on Eid al-Adha on streets and underground car parks in residential societies. Meanwhile, the city that has a poor drainage system also witnessed heavy rainfall on the same day, and this resulted in blood and animal waste getting mixed with floodwater.River of blood in #Dhaka after 1000s of animals slaughtered on #Eid.http://https://t.co/pPYRbUhDqG pic.twitter.com/YcM1spwSu0— Rakesh Thiyyan (@ByRakeshSimha) September 14, 2016
According to a report by “The Guardian”, while authorities in Dhaka claimed they had prepared hundreds of designated sacrifice spots in the run-up to the festival, most residents preferred to make sacrifices in their garages or on streets outside their homes.A video report on the incident by Boom can be seen below.We could not find any similar visual from India recently. Hence, it is clear that the viral image is five years old and not from India.Also read: Fact Check: 2018 FIFA victory celebrations passed off as anti-vax protests in FranceAlso read: Fact Check: Have French cops joined protests against Macron’s Covid-19 measures? INDIA TODAY FACT CHECK      ClaimImage shows blood from animals sacrificed for Eid al-Adha on the streets of India. ConclusionThis is a 2016 image from Dhaka, Bangladesh. Heavy rainfall on the day of Eid al-Adha had resulted in blending of the blood of sacrificed animals and floodwater on the city’s streets.JHOOTH BOLE KAUVA KAATEThe number of crows determines the intensity of the lie.1 Crow: Half True2 Crows: Mostly lies3 Crows: Absolutely false Want to send us something for verification? Please share it on our  at 73 7000 7000  You can also send us an email at factcheck@intoday.com",NA,https://www.indiatoday.in/fact-check/story/fact-check-old-image-from-dhaka-shared-as-blood-filled-street-in-india-post-eid-sacrifices-1831367-2021-07-22
8,fact-check,"Fact Check: These are not 5,000-year-old Hindu idols found in the sea off Indonesia","(22, 7, 2021)","A collage of several images of underwater sculptures has gone viral on social media with the claim that these are 5,000-year-old Hindu idols found in the sea off Indonesia’s Bali.

Multiple Twitter and Facebook users have posted the collage with the caption, “5000yr old Shri Vishnuji found in Bali sea, Indonesia. Now Mahabratha as per @NileshOak ji is 5500BC approx. So which Rajya of Bharat was Indonesia & did it participate in Mahabharata ? Sanatan was always present in South Asia till Akhand Bharat boundaries @SatyaSanatanInd”. India Today Anti Fake News War Room (AFWA) has found that these stone idols are part of an underwater garden created artificially at Pemuteran in northern Bali. The sculptures were created by some scuba divers in 2005 as part of a coral reef conservation project.The archived versions of the viral posts are saved here, here and here.AFWA investigation With the help of keyword search, we found that these images have been circulating on the Internet since 2010. Among other similar photos and videos, we found a YouTube video posted by one Paul Turley in 2012 with the title “UnderWater Temple Garden Pemuteran Bali”. Similar underwater structures can be seen in this YouTube video.As per the video description, Turley had shot the video at the “underwater ‘Temple Garden’ just off ‘Temple Wall’ divesite in Pemuteran”. This is “part of the ‘Reef Gardeners’ a social/environmental project created in 2005”.Turley is the owner of “Sea Rovers Dive Center”, a tourism agency in Bali. As per a blog written by him, people used his images and put them out on social media with imaginary stories about an underwater Hindu temple.“Apparently someone took my photo, posted it on twitter and claimed an archeological discovery off the coast of Bali. This went global, thanks to the internet and thus a urban legend was born,” Turley wrote in his blog.International news websites such as “BBC News” and “The Telegraph” had published articles on Turley and the underwater sculptures in Bali.But Turley claims the original concept of creating this underwater garden was of Chris Brown, an Australian and the founder of Reef Seen Divers’ Resort in Bali.As per the resort’s website, the underwater temple garden was created in 2005 for conservation of coral reef in the sea. “An engineering feat, with over ten large stone statues resting on stone plinths and, a 4 metre high Balinese candi bentar gateway. It is found at a depth of 28 meters and incorporates a cleaning station with schooling baitfish,” the website describes the project.There is another video of the underwater temple garden that can be found on Turley’s YouTube channel.Hence, it can be concluded that the viral images of underwater sculptures are not 5,000 years old. INDIA TODAY FACT CHECK      Claim5,000-year-old idols of Lord Vishnu were found below the sea in Bali, Indonesia.ConclusionThe stone idols are part of an underwater garden created artificially at Pemuteran in northern Bali. The sculptures were created by some scuba divers in 2005 as part of a coral reef conservation project.JHOOTH BOLE KAUVA KAATEThe number of crows determines the intensity of the lie.1 Crow: Half True2 Crows: Mostly lies3 Crows: Absolutely false Want to send us something for verification? Please share it on our  at 73 7000 7000  You can also send us an email at factcheck@intoday.com",NA,https://www.indiatoday.in/fact-check/story/fact-check-these-are-not-5-000-year-old-hindu-idols-found-in-the-sea-off-indonesia-1830993-2021-07-22
9,fact-check,Fact Check: 2018 FIFA victory celebrations passed off as anti-vax protests in France,"(21, 7, 2021)","From today, people in France are required to show a health pass to visit cinemas and other public venues gathering more than 50 people. The French government has also made it mandatory for health workers to get vaccinated.

Thousands of people have taken to the streets in France to protest the fresh anti-Covid measures. In the backdrop of these developments, an image of a woman holding the French flag and overlooking a street filled with thousands of people is doing the rounds on social media. It is being said that the image shows the French protesting against Covid vaccination.A Twitter user posted the picture with the caption, ""Wow the anti-vaccine protests in France are huge!"" The archived version of the post can be seen here.India Today Anti Fake News War Room (AFWA) has found that the viral image is from 2018 and has nothing to do with the recent protests in France. The picture is of people celebrating France's victory over Croatia in the 2018 FIFA World Cup finals.AFWA probe Several Twitter users pointed out that the picture was taken after France's 2018 FIFA World Cup win.Reverse-searching the viral image, we found it on the website of Getty Images. As per the picture description, it was taken from the top of the iconic French monument 'Arch of Triumph' on July 15, 2018. It shows people at Paris's Champs-Élysées avenue celebrating France's victory over Croatia in the finals of the 2018 FIFA World Cup held in Russia.The picture was clicked by Ludovic Marin of the AFP. We went through Marin's Instagram page and found that he had posted two other pictures of the same celebrations on July 19, 2018. His caption in French translates to, ""These pictures were shot three days ago on Champs-Élysées avenue after the victory of the French football team.""Comparing one of the images posted by Marin with the viral image, we found several similarities. Some visuals of people protesting against the recently introduced anti-Covid guidelines in France can be in this report by WION.Evidently, a 2018 image of a crowd that had gathered to celebrate France's victory in the football world cup is being shared as a protest against Covid-19 vaccination in France.ALSO READ | Fact Check: Have French cops joined protests against Macron's Covid-19 measures?ALSO READ | Fact Check: Morphed image circulated as anti-Sharia signboard by Indian Army INDIA TODAY FACT CHECK      ClaimImage shows people protesting against Covid-19 vaccination in France.  ConclusionThis image is of people rejoicing after France's victory in the 2018 FIFA World Cup.JHOOTH BOLE KAUVA KAATEThe number of crows determines the intensity of the lie.1 Crow: Half True2 Crows: Mostly lies3 Crows: Absolutely false Want to send us something for verification? Please share it on our  at 73 7000 7000  You can also send us an email at factcheck@intoday.com","['France news', ' fact check', ' viral news', ' anti-vax protests in france ']",https://www.indiatoday.in/fact-check/story/fact-check-2018-fifa-victory-celebrations-passed-off-as-anti-vax-protests-in-france-1830975-2021-07-21
10,fact-check,Fact Check: Morphed image circulated as anti-Sharia signboard by Indian Army,"(20, 7, 2021)","Amid rising clamour for implementation of the Uniform Civil Code, a signboard with an anti-Sharia message, allegedly by the Indian Army, is circulating on social media. The text on the signboard reads, “You are entering a Sharia-free zone. Please set your watches forward 1,400 years”.

Some netizens claim the board was spotted on the India-Pakistan border. The archived versions of the posts can be seen here and here.India Today Anti Fake News War Room (AFWA) has found that the text on the board is morphed. The original signboard is from the United States-Mexico border, and it warns against taking arms into Mexico.AFWA probe Using reverse image search, we found the original version of the image in question in a photo essay by American journalist Molly O’Toole, published in 2010.In the original image, the text in English and Spanish on the signboard reads, “Weapons and ammunition illegal in Mexico”. The picture description says, “A sign at the border in San Luis warns against bringing arms into Mexico. U.S. Attorney Dennis Burke says that arms trafficking to Mexico is a major problem.” According to the essay, the image was among several pictures clicked by Molly O’Toole on an 852-mile, 72-hour trip, across the Southwest border, from San Diego, California, to Arizona and back.A comparison between the viral and original pictures can be seen below. We also found images of similar boards against firearm trafficking to Mexico on the US-Mexico border. According to a report by the Center for American Progress, United States is the primary source of weapons used in crimes in Mexico and Canada. Another report by the US Government Accountability Office says 70 percent guns seized in Mexico have US origin.We further found that the image in question has been circulating over the years in different sites with different text superimposed on it. The same picture was earlier circulated as from the US border. Therefore, it is clear that the viral image is morphed and not an Indian Army signboard.Live TVRead |  Fact Check- Viral post falsely claims that state levies more tax on LPG cylinder than Centre INDIA TODAY FACT CHECK      ClaimAnti-Sharia signboard put up by the Indian Army on the India-Pakistan border. ConclusionThe picture is morphed. The original image is from a signboard on the US-Mexico border that warns against bringing arms into Mexico.JHOOTH BOLE KAUVA KAATEThe number of crows determines the intensity of the lie.1 Crow: Half True2 Crows: Mostly lies3 Crows: Absolutely false Want to send us something for verification? Please share it on our  at 73 7000 7000  You can also send us an email at factcheck@intoday.com",NA,https://www.indiatoday.in/fact-check/story/fact-check-morphed-image-circulated-as-anti-sharia-signboard-by-indian-army-1830566-2021-07-20
11,fact-check,Fact Check: Have French cops joined protests against Macron’s Covid-19 measures?,"(20, 7, 2021)","France is witnessing massive protests against Covid-19 measures. French President Emmanuel Macron has decided to make vaccination compulsory for health workers and health passes mandatory for access to restaurants and other public amenities.

Amid the crisis, a video of cops applauding demonstrators and putting their helmets on the ground has gone viral with the claim that French police have also joined the ongoing protests. India Today Anti Fake News War Room (AFWA) has found that French police have not joined the ongoing protests. The viral video is from June last year when health workers organised nationwide demonstrations during the pandemic. In Nimes, cops put down their helmets and applauded health workers.The archived versions of the posts are saved here and here. The viral clip has also been uploaded on video hosting sites such as “BitChute” on July 18.What AFWA found Using reverse image search, we found the same video posted on YouTube on June 17, 2020, by a French news channel. This YouTube channel has over 2 million subscribers. The video description in French translates to, “Police put their helmets on the ground and applauded caregivers in Nîmes during the demonstrations”Taking this as a cue, we searched the Internet and found a French news article from 2020.According to this report, during nationwide demonstrations by health workers in the middle of the pandemic last year, a different moment was witnessed in Nimes where cops applauded them by putting their helmets on the ground. Several social media users had also posted videos of the same.Besides the video of the French cops putting down their helmets, several unrelated and old videos have also been stitched together in the viral clip. One such video is part of a 2019 protest march by French trade unions and teachers.Several videos have gone viral in the recent past with the claim that French police participated in protests against Macron’s Covid-19 measures.But we have not found any credible mainstream media report to substantiate the claims. Rather, there are reports of French police using force to control protesters.Live TV--- ENDS ---Read | Fact Check: Who’s this man disrespecting the Indian national flag? INDIA TODAY FACT CHECK      ClaimFrench police have joined demonstrations against Emmanuel Macron’s latest vaccination measures. Cops laid down their helmets in support of protesters. ConclusionFrench police have not joined the ongoing protests. The viral video is from June last year when health workers organised nationwide demonstrations during the pandemic. In Nimes, cops put down their helmets and applauded health workers.JHOOTH BOLE KAUVA KAATEThe number of crows determines the intensity of the lie.1 Crow: Half True2 Crows: Mostly lies3 Crows: Absolutely false Want to send us something for verification? Please share it on our  at 73 7000 7000  You can also send us an email at factcheck@intoday.com","['French', ' Covid-19', ' cops applauding demonstrators', ' Emmanuel Macron', ' vaccination measures', ' health workers', ' helmet']",https://www.indiatoday.in/fact-check/story/fact-check-have-french-cops-joined-protests-against-macron-s-covid-19-measures-1830552-2021-07-20
12,fact-check,Fact Check: Who’s this man disrespecting the Indian national flag?,"(20, 7, 2021)","A disturbing image of a man sitting with the Indian Tricolour wrapped around his shoe is circulating on social media. Netizens claim he is Pakistan politician Haroon Bilour who was later killed in a bomb blast.

Several Twitter and Facebook users shared the picture with a caption in Hindi, which translates to, “He’d wrapped the Tiranga around his feet. Pakistan Lok Sabha constituency number 74 candidate Haroon Bilour blown away in an explosion by terrorists. India Today Anti Fake News War Room (AFWA) has found that the man in the picture was Siraj Raisani, a leader of Balochistan Awami Party, known for his stringent anti-India views. Raisani was among over 130 people killed in 2018 in a suicide attack in Balochistan.On the other hand, Haroon Bilour of Pakistan’s Awami National Party was also killed in a suicide bomb attack in the same year in Peshawar.The archived versions of the posts are saved here and here.AFWA probe Using reverse image and keyword search, we found from several articles hat the viral picture had created a controversy between India and Pakistan in 2018.Major General Asif Ghafoor former spokesperson of the Pakistan army, had shared the photo on Twitter, along with another picture where the same man was seen standing on the Indian national flag.The caption of his tweet read, Salute to our national hero #SirajRaisani. A truly proud Pakistani who made enemies of Pakistan afraid. Your passion, mission & message shall be carried forward. We owe you, and we shall not let your sacrifice go waste. Welcome to the great family of ‘Martyred sons of Pakistan’.”Social media users from India were quick to criticise Ghafoor for sharing the pictures.As per news reports, Balochistan Awami Party leader Siraj Raisani was among the over 130 people killed in a suicide blast by the Islamic State in Balochistan’s Mastung in July 2018.Haroon Bilour , an Awami National Party leader, was among more than 20 people killed in another suicide blast at a party rally in Peshawar in the same month.Both attacks took place days before the general elections were scheduled in Pakistan on July 25, 2018. So, it is clear that the man disrespecting the Indian flag was Siraj Raisani, an anti-India Baloch leader in Pakistan. He was killed in a suicide blast three years back.Live TVRead |  Fact Check: This is not the owner of Himalaya asking to boycott Patanjali products INDIA TODAY FACT CHECK      ClaimPakistan politician Haroon Bilour insulted the Tricolour by wrapping it around his shoe. He was later blown away in an explosion by terrorists. ConclusionThe man in the picture was Siraj Raisani, a leader of Balochistan Awami Party. Raisani was among over 130 people killed in a 2018 suicide attack in Balochistan. Haroon Bilour of Pakistan’s Awami National Party was also killed in a suicide attack in the same year in Peshawar.JHOOTH BOLE KAUVA KAATEThe number of crows determines the intensity of the lie.1 Crow: Half True2 Crows: Mostly lies3 Crows: Absolutely false Want to send us something for verification? Please share it on our  at 73 7000 7000  You can also send us an email at factcheck@intoday.com",NA,https://www.indiatoday.in/fact-check/story/fact-check-who-s-this-man-disrespecting-the-indian-national-flag-1830139-2021-07-20
