SN,category,headline,date,content,keywords,link
1,fact-check,NA,NA,NA,NA,https://www.indiatoday.in/fact-check/video/no-ministers-didn-t-discuss-removal-of-sikhs-from-army-this-is-how-doctored-video-was-made-1898331-2022-01-10
2,fact-check,"Fact Check: These girls didn't thrash an eve-teaser inspired by Congress's 'Ladki hoon, lad sakti hoon' campaign","(9, 1, 2022)","Congress leader Priyanka Gandhi Vadra in November last year launched the 'Ladki hoon, lad sakti hoon' (I'm a girl, I can fight) campaign, focusing on women and women empowerment in poll-bound Uttar Pradesh.

Now, a video showing a group of girls beating a young man with sticks is being circulated on social media with the claim that it shows girls inspired by Priyanka Gandhi's 'Ladki hoon, lad sakti hoon' campaign. In the clip, the girls, who have their heads covered, are apparently thrashing a man who misbehaved with them. India Today Anti Fake News War Room (AFWA) has found the claim along with the video to be misleading. While the video is indeed from Uttar Pradesh, it is over three years old.AFWA probe With the help of keyword search, we found the same video carried by a Times of India report on December 10, 2018. The title of the video reads, ""Watch: Girl students thrash eve-teaser inside school premises in UP's Baghpat.""On further search, we also found multiple media reports on the incident. According to these reports, the video is from Dharm Singh Saraswati Balika Inter College in Uttar Pradesh's Baghpat. As per the TOI report, three girls along with their teacher thrashed a man with sticks inside the campus after no action was taken by the school authorities against the man in spite of repeated complaints. The man who fled the spot was later arrested.The same video in question was also carried by India Today and The Quint in their reports on this 2018 incident. Congress had launched the party's 100-day action plan for the ""Adhi Abadi"", an outreach program for women voters in Uttar Pradesh in November 2021. As a part of this, a marathon event under 'Ladki hoon, lad sakti hoon' was also held in Lucknow on December 28.However, it is evidently clear that the video in question is years old and cannot be connected to the recent Congress campaign. INDIA TODAY FACT CHECK      ClaimInspired by Congress leader Priyanka Gandhi’s new campaign, 'Ladki Hoon, Lad Sakti Hoon', girls thrashed a man who was misbehaving with them. ConclusionThis is a 2018 incident from Baghpat, Uttar Pradesh. It shows three students and a teacher beating a man with sticks after he harassed them in their college. The video has no connection with the Congress campaign in poll-bound UP.JHOOTH BOLE KAUVA KAATEThe number of crows determines the intensity of the lie.1 Crow: Half True2 Crows: Mostly lies3 Crows: Absolutely false Want to send us something for verification? Please share it on our  at 73 7000 7000  You can also send us an email at factcheck@intoday.com",NA,https://www.indiatoday.in/fact-check/story/fact-check-these-girls-didn-t-thrash-an-eve-teaser-inspired-by-congress-s-ladki-hoon-lad-sakti-hoon-campaign-1897776-2022-01-09
3,fact-check,"Fact Check: No, ministers didn't discuss removal of Sikhs from army, this is how doctored video was made","(8, 1, 2022)","A shocking video is doing the rounds on social media with the claim that the Indian government is planning to remove all Sikh soldiers currently serving in the Indian army.

In this blurry and shaky video of what looks like a meeting, some faces that are recognizable are of Home Minister Amit Shah, Finance Minister Nirmala Sitharaman, and National Security Adviser Ajit Doval.In the video, somebody can be heard saying, ""Punjabi ko nikal do, so that I never have to fear kitne log army me jate hain. Nobody in the rest of India talks as much shit about how much they contribute to India as much as Punjabis. For the last two years, it has become sickening. Jaise Maratha regiment nahi hai, jaise South Indian soldiers nahin hain, and ek baar ye Punjabis nikal jayein na, to it will come to light to how effective it they actually were. And I will tell you, koi difference nahi hoga. Ek-ek ko nikal do. Sare general, sare soldiers, you know, top level se bottom tak, har ek Punjabi ko nikal do pure army defence infrastructure se.""It is interesting to note that multiple Twitter handles with the names of girls have posted this video with similar captions.For instance, one such handle wrote, ""During Cabinet Committee Security Meeting Minister @ianuragthakur @DrSJaishankar Calls For Removal of #Sikhs From @adgpi #IndianArmy #IndiaStandsWithChanni v/s #BharatStandsWithModiJi"" India Today Anti Fake News War Room (AFWA) has found that the visuals seen in the viral video are from a Cabinet Committee on Security meeting that was held on December 08, 2021, after the death of Chief of Defence Staff (CDS) General Bipin Rawat in a chopper crash in Tamil Nadu.On the other hand, the audio heard in the video is from a discussion that happened on the social audio app Clubhouse.It is noteworthy that this video has emerged after an alleged security breach happened during Prime Minister Narendra Modi's recent Punjab visit.Origin of the video We found that this video shows the Cabinet Committee on Security meeting that was held after CDS General Bipin Rawat, his wife, and 11 others lost their lives in a chopper crash. This meeting was chaired by Prime Minister Narendra Modi. Home Minister Amit Shah, Defence Minister Rajnath Singh, Finance Minister Nirmala Sitharaman, and NSA Ajit Doval were among the ones who attended the meeting.How we traced it We found a comment by a Twitter user in which he specified that the video is related to a meeting that was held after the death of General Rawat.Getting a clue from here, we found the actual video that was posted on the official YouTube channel of ANI on December 8, 2021. The same video was shared by other media outlets like The Tribune and The Times of India.We compared the visuals of the viral video with this video and found many similarities between them. The colour and design of the clothes worn by the people in the video as well as the kind of interior are an exact match. It is noteworthy that there is no audio in the original video, but just light background music. Clearly, the music in this video was removed and an unrelated audio was added to create confusion.Origin of the audioThe audio heard in the viral video has been taken from a discussion that happened on the Clubhouse app.A screen recording of this discussion had gone viral on social media recently. The audio in this recording is much clearer than the one in the viral video. Even some cuss words that can be heard in the original video have been removed.We also found that several people are claiming that OpIndia Editor-in-chief Nupur Sharma was also a part of this discussion.Replying to such queries, Nupur said in one of her tweets that this viral clip is indeed from an old Clubhouse discussion. She also added that the suggestion to remove all Sikhs from defence was made by an anonymous handle. PIB has also refuted the claim being made in this video.A tweet referring to a viral video claim that in a #Cabinet Committee meeting on Security, there was a call for the removal of Sikhs from the Indian Army.#PIBFactCheck The claim is #Fake No such discussion/meeting has taken place pic.twitter.com/ESec0ALjr3— PIB Fact Check (@PIBFactCheck) January 7, 2022
Evidently, a manipulated video is being shared to establish that the government is planning to remove Sikhs from the army. INDIA TODAY FACT CHECK      ClaimThis video shows a glimpse of the Cabinet Committee on Security meeting where removal of all Sikhs from the army was being discussed. ConclusionThis video is doctored. The actual video shows the Cabinet Committee on Security meeting that was held on December 8, 2021, after CDS General Bipin Rawat’s death in a chopper crash. The audio was taken from a discussion that happened on Clubhouse social audio app.JHOOTH BOLE KAUVA KAATEThe number of crows determines the intensity of the lie.1 Crow: Half True2 Crows: Mostly lies3 Crows: Absolutely false Want to send us something for verification? Please share it on our  at 73 7000 7000  You can also send us an email at factcheck@intoday.com","['punjabis army', ' punjab army', ' punjabis remove army', ' modi punjab news']",https://www.indiatoday.in/fact-check/story/fact-check-no-ministers-didn-t-discuss-removal-of-sikhs-from-army-this-is-how-doctored-video-was-made-1897514-2022-01-08
4,fact-check,NA,NA,NA,NA,https://www.indiatoday.in/fact-check/video/fact-check-video-this-pro-khalistan-rally-is-not-linked-to-pm-modi-s-recent-punjab-visit-1897412-2022-01-07
5,fact-check,Fact Check: This pro-Khalistan rally is not linked to PM Modi's Punjab visit,"(7, 1, 2022)","The Union Home Ministry has formed a committee to enquire into the lapses in security arrangements during Prime Minister Narendra Modi's visit to poll-bound Punjab on January 5.

The PM's Ferozepur rally was called off after he got stuck on a flyover for around 20 minutes because the road ahead was blocked by protesters.In the backdrop of these events, a video of some Sikh bikers raising ""Khalistan Zindabad"" slogans has gone viral, with users hinting that this happened on the same day and around the same place where PM Modi's convoy was stopped.A Twitter user shared the video with the caption, ""Why Did The Congress Government Not Arrest Those Who Raised Slogans Of Khalistan Zindabad Yesterday? #PresidentRuleInPunjab"". India Today Anti Fake News War Room (AFWA) has found that the viral video is not related to PM Modi's visit to Punjab. The video has been circulating on the Internet at least since December 27, 2021.AFWA probe Commenting on the viral claim, one user said the video is from December 26, 2021, when a motorcycle rally was taken out in remembrance of ""Chhote Sahibzade"" (sons of Guru Gobind Singh) in Sirhind, Punjab. Using this clue, we searched the Internet with Punjabi keywords and came across several Facebook posts from December 2021. As per the description given in these posts, the video is related to the ""Kesari March"" organised on the occasion of Shaheedi Jor Mela in Fatehgarh Sahib.The Shaheedi Jor Mela is held every year from December 25-27 in memory of Guru Gobind Singh's sons Baba Zorawar Singh and Baba Fateh Singh who were bricked alive for refusing to accept Islam by then governor of Sirhind Nawab Wazir Khan.Some YouTubers had also shared the video had also shared the video with the same description in December 2021. The oldest post with the video that we could find is dated December 27, 2021.We could not independently verify the video's location or date. However, it is certain that the video in circulation is not related to PM Modi's recent Punjab visit. INDIA TODAY FACT CHECK      ClaimVideo shows “Khalistan Zindabad” slogans being raised during Modi’s visit to Punjab on January 5. The PM’s convoy was stopped due to protests some distance away from his scheduled public meeting in Ferozepur. ConclusionThe video is old and not related to PM Modi’s recent visit to Punjab.JHOOTH BOLE KAUVA KAATEThe number of crows determines the intensity of the lie.1 Crow: Half True2 Crows: Mostly lies3 Crows: Absolutely false Want to send us something for verification? Please share it on our  at 73 7000 7000  You can also send us an email at factcheck@intoday.com","['Khalistan punjab', ' modi security lapse punjab', ' modi punjab Khalistan', ' Khalistan rally punjab modi visit']",https://www.indiatoday.in/fact-check/story/fact-check-this-pro-khalistan-rally-is-not-linked-to-pm-modi-s-punjab-visit-1897011-2022-01-07
6,fact-check,Fact Check: Crowd at Yogi’s UP rally passed off as turnout at PM Modi’s Punjab event,"(6, 1, 2022)","Prime Minister Narendra Modi’s public rally at Ferozepur in poll-bound Punjab on January 5 was cancelled after his convoy was halted on a flyover for around 20 minutes, as the road was blocked by protesters in the district’s Hussainiwala area.

The incident has led to a blame game between the BJP and Congress, which is in power in Punjab. While the BJP blames the Punjab government for the security breach, the Congress claims low attendance at Modi’s rally venue forced the PM to cancel the event.In this context, an image showing packed crowds is circulating on social media with the claim that it shows the turnout at PM Modi’s rally venue. The archived version of the post can be seen here.India Today Anti Fake News War Room (AFWA) has found the claim along with the image to be misleading. This image is from a rally held by Yogi Adityanath in Uttar Pradesh’s Saharanpur district recently.AFWA probeUsing reverse search, we found the image in question, along with a few others, posted by Adityanath on his official Twitter handle on January 4, 2021. According to the tweet, the image is from a rally held at Deoband in UP’s Saharanpur district....!! pic.twitter.com/fND9FDEGF7— Yogi Adityanath (@myogiadityanath) January 4, 2022
 We also found multiple articles on the Deoband rally. According to news reports, on January 4, Adityanath laid the foundation stone of an Anti-Terrorism Squad (ATS) commando training centre and launched a number of development projects worth Rs 200 crore in Deoband. He’d also addressed a public meeting during the day. However, PM Modi was not part of the event.A video from the event can be seen below.On the other hand, on January 5, PM Modi’s first public meeting in Punjab this election season had to be cancelled after his cavalcade got stuck due to protesters on a flyover, less than 10 km from the rally venue in Ferozepur.After assessing safety issues, the PM’s security agencies decided to return without visiting Ferozepur. Reports also said only a small number of people made it to the venue in the rainy weather.Punjab BJP president Ashwani Sharma also alleged that several buses ferrying party supporters from different districts for the event were stopped by Punjab Police at various places.However, it is clear that the image in circulation is from a public meeting held by Yogi Adityanath in UP’s Deoband and not related to PM Modi’s Ferozepur rally. INDIA TODAY FACT CHECK      ClaimImage shows a large crowd that had gathered for Modi’s public meeting in Punjab’s Ferozepur on January 5. The event was later cancelled due to the security breach of the PM’s convoy. ConclusionThis image is from a public meeting held by Yogi Adityanath in Deoband, Uttar Pradesh, on January 4.JHOOTH BOLE KAUVA KAATEThe number of crows determines the intensity of the lie.1 Crow: Half True2 Crows: Mostly lies3 Crows: Absolutely false Want to send us something for verification? Please share it on our  at 73 7000 7000  You can also send us an email at factcheck@intoday.com",NA,https://www.indiatoday.in/fact-check/story/fact-check-crowd-at-yogi-s-up-rally-passed-off-as-turnout-at-pm-modi-s-punjab-event-1896980-2022-01-06
7,fact-check,Fact Check: 2018 image from Rajasthan shared as Brahmin protest against BJP in UP ,"(5, 1, 2022)","Ahead of the high-voltage elections in Uttar Pradesh, an image is circulating on social media with the claim that it shows Brahmins in UP’s Deoria burning BJP flags and declaring not to vote for the party.

 The archived version of the post can be seen here.India Today Anti Fake News War Room (AFWA) has found the claim along with the image to be untrue. This is a 2018 image from Rajasthan which shows supporters of rebel BJP leader Hansraj Patel burning the party flag after he was denied a ticket in the state assembly elections.Using keyword search, we found a similar claim posted on Twitter by Congress leader Acharya Pramod in July 2020. However, in response to the tweet, a user had posted a screenshot of an article from November 2018 by “Dainik Bhaskar” that carried the same image.2018 , "" ""  , 2 ....#_ pic.twitter.com/MJlszSBBcX— Jenish Patel (@sir_Jenishpatel) July 15, 2020
 According to the “Dainik Bhaskar” report, the image is from Kotputli in Rajasthan and it shows supporters of local politician Hansraj Patel burning flags and an effigy of BJP after he was denied a seat in the state assembly elections.BJP had declared Mukesh Goyal its candidate for Kotputli seat near Jaipur. Hansraj had also filed his nomination as an Independent candidate in protest.The incident was also tweeted by “Zee Rajasthan”.#RajasthanElectionOnZee : , , , @Ra_THORe , , @BJP4Rajasthan pic.twitter.com/XDjYL1jgVi— ZEE Rajasthan (@zeerajasthan_) November 19, 2018
We also found videos of the protest carried by multiple local YouTube channels in November 2018.A comparison between the image in question and a video from the 2018 protest in Kotputli can be seen below. India Today’s Kotputli correspondent Vikrant Sharma also confirmed to us that the protest was over party ticket, and the image in question was clicked in front of Hansraj’s office on the Delhi-Jaipur NH48.We also reached out to India Today’s Deoria bureau in UP. Our correspondent confirmed that no such incident of Brahmins burning the BJP flag was reported in the district recently.In 2019, the same image was circulated as from Bihar, and subsequently fact-checked.Hence, it is clear that the image in question shows supporters of a rebel BJP leader in Rajasthan protesting in 2018 after the party denied him a ticket in the state assembly elections at the time. INDIA TODAY FACT CHECK      ClaimAn image shows the Brahmin community in Uttar Pradesh burning BJP flags and declaring not to vote for the party. ConclusionThis image was taken in Rajasthan in 2018. Supporters of a local politician named Hansraj Patel were burning BJP flags after the party denied him a ticket for the state assembly elections at the time.JHOOTH BOLE KAUVA KAATEThe number of crows determines the intensity of the lie.1 Crow: Half True2 Crows: Mostly lies3 Crows: Absolutely false Want to send us something for verification? Please share it on our  at 73 7000 7000  You can also send us an email at factcheck@intoday.com",NA,https://www.indiatoday.in/fact-check/story/fact-check-2018-image-from-rajasthan-shared-as-brahmin-protest-against-bjp-in-up-1896463-2022-01-05
8,fact-check,NA,NA,NA,NA,https://www.indiatoday.in/fact-check/video/fact-check-video-this-is-not-aryan-khan-urinating-in-public-at-an-airport-1895882-2022-01-04
9,fact-check,Fact Check: This is not Aryan Khan urinating in public at an airport,"(3, 1, 2022)","A video of a young man peeing in public at an airport is circulating on social media with the claim that he is Shah Rukh Khan's son Aryan. The 24-year-old was arrested by the Narcotics Control Bureau on October 3 last year in a drug-on-cruise case in Mumbai and granted bail more than three weeks later.

The video in circulation shows the youth, apparently disoriented, starting to pee in full public glare even as another man in red uniform tries to stop him. Onlookers can be heard gasping in disbelief.One Twitter user shared this video with the caption, ""ARYAN KHAN (S/O SHARUKH KHAN) FOUND 'HIGH' AT TORONTO AIRPORT"". India Today Anti Fake News War Room (AFWA) has found that the man in the viral video is not Aryan Khan but Twilight-fame Canadian actor Bronson Pelletier. The video is from 2012 and Pelletier was then arrested for the act.AFWA probe Reverse-searching key frames of the viral video, we found it was carried in a ""Daily Mail"" report dated February 23, 2013.As per the report, the incident took place in December 2012 at the Los Angeles International Airport. Pelletier was reportedly found in a highly intoxicated state and was removed from a flight. He was given time to sober up in the terminal, and sometime later, was found urinating in public. He was later found guilty and sentenced to two years in probation.Several other media outlets had also reported the incident.We did not find any report of Aryan Khan peeing publicly at an airport. Clearly, an old and unrelated video is being circulated to target him. INDIA TODAY FACT CHECK      ClaimVideo shows Shah Rukh’s son Aryan peeing in public at an airport. ConclusionThis is a 2012 video that shows Twilight-fame actor Bronson Pelletier and not Aryan Khan. Pelletier was later arrested and sentenced for the act.JHOOTH BOLE KAUVA KAATEThe number of crows determines the intensity of the lie.1 Crow: Half True2 Crows: Mostly lies3 Crows: Absolutely false Want to send us something for verification? Please share it on our  at 73 7000 7000  You can also send us an email at factcheck@intoday.com",NA,https://www.indiatoday.in/fact-check/story/fact-check-this-is-not-aryan-khan-urinating-in-public-at-an-airport-1895590-2022-01-03
10,fact-check,NA,NA,NA,NA,https://www.indiatoday.in/fact-check/video/fact-check-video-farooq-abdullah-singing-bhajan-viral-linking-article-370-1895532-2022-01-03
11,fact-check,NA,NA,NA,NA,https://www.indiatoday.in/fact-check/video/fact-check-this-is-not-the-grieving-mother-of-a-sri-lankan-man-lynched-in-pakistan-1895181-2022-01-02
12,fact-check,NA,NA,NA,NA,https://www.indiatoday.in/fact-check/video/fact-check-england-s-christmas-train-mistaken-for-tejas-express-1895117-2022-01-02
