SN,category,headline,date,content,keywords,link
1,fact-check,Fact Check: 2018 video of chopper showering flowers in Ranchi shared as Hindu New Year celebrations in UP,"(4, 4, 2022)","A video featuring a chopper showering flowers over a crowded street has been making the rounds on social media.

Many who shared this 20-second-long clip claimed that it showed the Yogi Adityanath-led Bharatiya Janata Party government of Uttar Pradesh showering flower petals on Hindus during the Hindu New Year celebrations.One of these posts was captioned in Hindi and said, “On the auspicious occasion of Hindu New Year and Navratri, flowers were showered on Hindus in Yogi Adityanath’s rule.” Archived versions of similar claims can be seen here and here.The India Today Anti Fake News War Room (AFWA) found this claim alongside the video to be misleading. Neither is this video from Uttar Pradesh nor is it recent.AFWA ProbeWith the help of the InVID tool and reverse image search, we found a video uploaded to YouTube on April 13, 2019. The original video was ten seconds longer than the viral one.The caption of the video mentioned it was from the 2019 Ram Navami celebrations in Ranchi. When we took a closer look, we found an advertisement hoarding on the right side of the top of a building. There, the word “Ranchi” in Hindi was clearly visible. We then looked for more clues in the video that could hint at its location. We noticed signage for Bank of India on the right and a six-storey building on the left. We searched for Bank of India branches in Ranchi city on Google Maps.Results took us to the bank’s branch near the Albert Ekka Chowk in Ranchi. Opposite it was a six-storey building — the new complex of the Sadar Hospital. When we compared the photos of the bank and the hospital to the ones in the viral video, they looked similar. We also noticed a white temple-like structure in the original video. By searching further on Google Maps, we traced that to be a Hanuman Temple. And when we compared the Google image of the temple with the video, it became clear that the video was from Ranchi. Still, we were not sure when the video was shot. So, we ran some keyword searches and came across a Jagran news report from April 13, 2019, about Ram Navami celebrations that year. That report also carried images from the same city square. However, when we compared those to the viral video, we found that some of the storefront signs were not the same. That indicated that the video may not have been from 2019. Searching with more specific keywords, we found another YouTube video of Ram Navami Celebrations in Ranchi. It was uploaded on the day of the celebrations — March 25. 2018. At that time, the BJP was the ruling party in Jharkhand and Raghubar Das was the chief minister.While this video was taken from the ground, it was shot in the same area as the viral video. We came to this conclusion after noticing the Bank of India sign on the left, and the same hospital on the right. We also noticed that an advertisement for the same product was displayed in front of the hospital building in both videos. To further clarify this, we reached out to Anant Chaudhary, the assistant manager of the Albert Ekka Chowk branch of the Bank of India. After watching the video, he told AFWA, “Every year, such processions take place here on the occasion of Ram Navami. But the video is most probably from 2018. Everyone out there was quite excited because of the chopper act.”While the UP government has showered flower petals from choppers during religious occasions such as the Kumbh Mela as well, we can say with certainty that this video is neither from the state nor recent. INDIA TODAY FACT CHECK      ClaimDuring the 2022 celebration of the Hindu New Year, Yogi Adityanath’s UP government showered flower petals on Hindu devotees from a helicopter.ConclusionThis video is from Ranchi, Jharkhand. During the Ram Navami celebrations of 2018, a chopper showered flowers on the crowd.JHOOTH BOLE KAUVA KAATEThe number of crows determines the intensity of the lie.1 Crow: Half True2 Crows: Mostly lies3 Crows: Absolutely false Want to send us something for verification? Please share it on our  at 73 7000 7000  You can also send us an email at factcheck@intoday.com",NA,https://www.indiatoday.in/fact-check/story/fact-check-2018-video-of-chopper-showering-flowers-in-ranchi-shared-as-hindu-new-year-celebrations-in-up-1933489-2022-04-04
2,fact-check,NA,NA,NA,NA,https://www.indiatoday.in/fact-check/video/fact-check-video-yogi-adityanth-silence-owaisi-in-parliament-1933460-2022-04-04
3,fact-check,"Fact Check: No, viral photo of boy with bullet injury is NOT from 2018 Dalit protests, it's from a foreign film","(4, 4, 2022)","In April 2018, lakhs of people across several states in India took to the streets to protest the so-called dilution of the provisions of the Scheduled Caste and Scheduled Tribe (Prevention of Atrocities) Act. The protest marches on April 2, 2018, turned violent and several people were injured and even killed.

Four years later, on the anniversary of the protest marches, an image went viral on social media with the claim that it was of Nikhil Dhobi of Ghaziabad, a young boy who was allegedly killed during the violence. The photo shows a boy on his knees donning a blood-soaked shirt.""The fearlessness and valour of this child gives courage to our society and spreads the message of revolution,"" one such tweet in Hindi read. The archived versions of the posts can be seen here, here and here.The India Today Anti Fake News War Room (AFWA) found the claim along with the image was misleading. This viral image is a still from a movie.AFWA PROBEA Bharat Bandh was organised by Dalit organisations on April 2, 2018, against what they saw as the weakening of the Scheduled Caste and Scheduled Tribe (Prevention of Atrocities) Act. But the protests reportedly turned violent.  Violence was reported across states including Delhi, Madhya Pradesh, Uttar Pradesh, Rajasthan, Punjab, and Bihar.First, setting the custom search range to April 2018, we ran multiple keyword searches on Google to find out if a youngster called Nikhil Dhobi was among the dead. But we couldn't find any reports that corroborated this claim.Similarly, we also looked for reports of violence in Ghaziabad during the protest. According to a report by Hindustan Times from April 4, 2018, about 5,000 people were booked for creating ruckus and damaging public property in Ghaziabad during the protests. While it stated that nine policemen were injured, there was no mention of the death of a youngster in police firing. We turned our attention to the image next.Using reverse image search, we found the same picture shared by a Twitter user in September 2015, who claimed it was from Palestine.Palestinian boy shot in the chest during 2nd intifada in 2002. Occupation,Oppression and killing still present. pic.twitter.com/nBAj6rBZWP— Abbs Winston (@AbbsWinston) September 12, 2015
This confirmed that the image was older than the Dalit protests of 2018.Among the top results of the reverse search was a report by AFWA from September 2021 that debunked a claim using the same image that it was of Sunil Sheoran, a teen who died during the 2010 Jat agitation in Haryana's Hisar. However, AFWA found this claim to be baseless.During the investigation, we found that the viral photo was taken from a movie called ""Mamlakat al-Naml"", which examined the Palestine-Israel conflict. ""The Kingdom of Ants,"" or ""Mamlakat al-Naml"", made by Tunisian director Chawki Mejri, was released in 2012.The boy with the bullet wound was included in the trailer of the movie that was uploaded on YouTube in 2015. The scene can be seen at 3:38 in the video. We had also found a different clip from the film uploaded on YouTube in 2012. At 1:11 in this video, the same boy could be seen pelting stones at security forces.Hence, it is certain that the image in question does not show Nikhil Dhobi, a young boy who was allegedly killed during the violence that took place at the Dalit protests in 2018.(With inputs from Sanjana Saxena in Lucknow) INDIA TODAY FACT CHECK      ClaimThis photo shows Nikhil, a young boy from Ghaziabad who died during the 2018 protests over the alleged dilution of the SC/ST Act.ConclusionThis photo is not from Ghaziabad — or from India for that matter. It is a still from a movie called “The Kingdom of Ants” that was released in 2012. The film by Chawki Mejri examines the Israel-Palestine conflict.JHOOTH BOLE KAUVA KAATEThe number of crows determines the intensity of the lie.1 Crow: Half True2 Crows: Mostly lies3 Crows: Absolutely false Want to send us something for verification? Please share it on our  at 73 7000 7000  You can also send us an email at factcheck@intoday.com",NA,https://www.indiatoday.in/fact-check/story/fact-check-no-viral-photo-of-boy-with-bullet-injury-is-not-from-2018-dalit-protests-it-s-from-a-foreign-film-1933421-2022-04-04
4,fact-check,Fact Check: Screenshot of New York Times report on AAP roadshow in Gujarat is fake,"(4, 4, 2022)","Months before Gujarat goes to the polls, Aam Aadmi Party's (AAP) leaders Arvind Kejriwal and Bhagwant Mann recently held a roadshow called the ""Tiranga Yatra"" in Ahmedabad, Gujarat. After a massive victory in the Punjab assembly polls, Mann said the party was now “preparing for Gujarat.”

Following this, a screenshot of a news report by the New York Times about the AAP roadshow in Gujarat went viral on social media. The headline of this report read, ""Aam Aadmi Party sets world record of gathering highest number of people in a political rally.""The report’s summary under the headline claimed nearly 25 crore people attended the AAP rally. One such tweet can be seen below. Many on social media criticised the Times for the alleged inaccuracies in this report, with many asking how the rally’s attendants could be almost four times the state’s population?Similar claims have been archived here and here.The India Today Anti Fake News War Room (AFWA) found the claim along with the image was misleading. The screenshot was doctored. There are no NYT reports on AAP’s “Tiranga Yatra”.AFWA ProbeA reverse search showed that the image of the mass gathering used in the alleged report was from the ""Tiranga Yatra"". The official Twitter handle of the AAP had tweeted the same photo on April 2.#AAPGujaratTirangaYatra pic.twitter.com/XOj4frh5ZP— AAP (@AamAadmiParty) April 2, 2022
The dateline on the screenshot showed that the report was published on April 2, 2022. Despite multiple searches on Google, we were unable to find such a report online. We then visited the NYT website and looked for the story under the 'Asia' subsection in the 'World' category. But there were no reports from India on April 2 there. While Google led us to a dedicated section on India on the website, the lone piece in the section from April 2 was a guest essay that was completely unrelated to electoral politics.We also noticed that the fonts used by the NYT in headlines and summaries were different from those used in the viral screenshot. The headlines and summaries for all Live reports found on the website were uniform but different from those used in the screenshot. The NYT website uses another font for the headlines of regular non-Live news reports. When checked and confirmed that this font was also different from that in the screenshot.We also noticed that the website ran a horizontal widget above all articles as a shortcut to the Russia-Ukraine war updates. This bar was absent in the screenshot. Using the search bar, we also confirmed that no news report was published recently by the NYT with “Aam Aadmi Party"" in the headline. The most recent was published on March 10, the website directory showed. We decided to contact the Times for further clarity. Over an email, Danielle Rhoades Ha, the Vice President of Communications at the New York Times Company told AFWA that the screenshot was fake.""The screenshot below, which is circulating on social media, is a mocked-up image. The New York Times did not write or publish this story,” Ha told us over email. The same statement was also tweeted by the NYTimes Communications official account.The screenshot in that tweet is a mocked up image. The New York Times did not write or publish that story. Our coverage can be found at https://t.co/wnc1L2kU2m.— NYTimes Communications (@NYTimesPR) April 3, 2022
Hence, it is clear that a doctored screenshot was shared as a news report about AAP's rally in Gujarat published by the New York Times. INDIA TODAY FACT CHECK      ClaimA screenshot of a report in the New York Times that claimed AAP's roadshow in Gujarat was attended by 25 crore people.ConclusionThe screenshot was mocked up. We found that the font in the post was different from that used by the news website. The Times also confirmed that the daily did not write or publish such a story.JHOOTH BOLE KAUVA KAATEThe number of crows determines the intensity of the lie.1 Crow: Half True2 Crows: Mostly lies3 Crows: Absolutely false Want to send us something for verification? Please share it on our  at 73 7000 7000  You can also send us an email at factcheck@intoday.com",NA,https://www.indiatoday.in/fact-check/story/fact-check-screenshot-of-new-york-times-report-on-aap-roadshow-in-gujarat-is-fake-1933382-2022-04-04
5,fact-check,Fact Check: This old video DOES NOT show an Azov commander in Russian captivity,"(4, 4, 2022)","Amid the ongoing battle between Russia and Ukraine, a video of soldiers and other people heckling captured men has gone viral with the claim it showed the Ukrainian commander of the Azov battalion captured by Russian troops.

Several Facebook users shared the viral video that showed a group of men in captivity beingparaded inside a city. One of them spoke to the media and was later seen being beaten up. The videos were shared with captions like, “The Ukrainian commander of Azov, who allegedly killed many Russians, was captured by Russian troops”. The India Today Anti Fake News War room (AFWA) found this video was old and did not show any Azov fighter. This was former Ukrainian commander Oleh Kuzminykh, popularly known as 'Cyborg', who along with other Ukrainian soldiers was captured by Russian forces. They were released later.The viral posts are saved here and here.AFWA probeWith the help of InVID and reverse image searches, we found the viral video on several Russian YouTube channels uploaded in 2015. The Russian title written on one of the YouTube uploads said, “Captured cyborgs (Donetsk, 22.01.15) part 5”.Taking this as a clue, with the help of keywords-searches, we found a news clip that reported on the same incident and showed the same incident from different angles. This video was uploaded on the YouTube channel of Ukraine Today on May 23, 2015.The title read, “‘Cyborg’ Released: Legendary Donetsk Airport defender freed from militant captivity”.According to this video report, this was Ukrainian commander Oleh Kuzminykh, popularly known as 'Cyborg', who was released from Russian captivity. According to Ukraine Today, Kuzminykh was captured along with other Ukrainian soldiers by insurgent forces in January 2015.“Several days after being detained, Russian media broadcast footage of the prisoners of war being beaten and verbally abused whilst being paraded through the city,” the report noted.This incident was also reported by several news portals in 2015, which can be seen here and here.Who was “Cyborg”?Oleh Kuzminykh or Cyborg was a Ukrainian military commander who played a crucial role in defending the Donetsk Airport from pro-Russian militia and army.In the viral video, he could be seen talking to the media and was later seen being beaten up by a mob. On May 23, 2015, the then-Ukrainian President Petro Poroshenko, personally shared the news of his release from Russian captivity on his Facebook page.What is the Azov battalion?The Azov battalion was a pro-Ukraine far-right autonomous militia group with a history of neo-Nazi leanings. Azov's military and political wings formally separated in 2016, when the far-right National Corps party was founded. The Azov battalion had by then been integrated into the Ukrainian National Guard.Recently, as per media reports, Artyom Murakhovsky, one of the top Azov battalion leaders, was killed by Russian forces during the invasion.But the seven-year-old viral video is clearly not related to the recent Russia-Ukraine battle. INDIA TODAY FACT CHECK      ClaimThe Ukrainian commander of the Azov Battalion, who has killed many Russians, shown captured by Russian troops.ConclusionThe viral video is from 2015 and does not show an Azov commander or soldier. It featured former Ukrainian commander Oleh Kuzminykh, popularly known as 'Cyborg', who along with other Ukrainian soldiers was captured by Russian forces and later released.JHOOTH BOLE KAUVA KAATEThe number of crows determines the intensity of the lie.1 Crow: Half True2 Crows: Mostly lies3 Crows: Absolutely false Want to send us something for verification? Please share it on our  at 73 7000 7000  You can also send us an email at factcheck@intoday.com",NA,https://www.indiatoday.in/fact-check/story/fact-check-this-old-video-does-not-show-an-azov-commander-in-russian-captivity-1933359-2022-04-04
6,fact-check,"Fact Check: No, Owaisi wasn't instantly silenced by Yogi at the Parliament, viral video edited","(3, 4, 2022)","Nearly a month since the Uttar Pradesh assembly elections, social media is still abuzz with discussions around Chief Minister Yogi Adityanath. Among these is a video of him delivering a speech in Parliament that also showed AIMIM chief Asaduddin Owaisi. While sharing this video, several users have claimed that Owaisi sat down quietly after Yogi lashed out at him.

In the 24-second-long viral video, Yogi is seen speaking in Hindi when Owaisi attempts to interrupt him. Yogi can be heard saying, ""Gurudev Rabindranath Tagore said if one needs to understand India."" when the Hyderabad MP gets up. In the next frame, Yogi is shown lashing out at Owaisi, saying ""Baith Jaiye Aap,"" which means ""just sit down.""In no time, Owaisi settles back to his seat as if obeying an instruction as a Punjabi background score starts playing. Owaisi's words are hardly audible anywhere in the video.One such post can be seen below: Archived versions of similar posts can be seen here and here.India Today's Anti Fake News War Room (AFWA) has found the claim to be misleading as the video has been edited. Two sequences that are at least three minutes apart are merged to fit the narrative that Yogi was able to silence Owaisi.AFWA ProbeBefore taking over as the Chief Minister of Uttar Pradesh in March 2017, Adityanath was an MP from Gorakhpur five times in a row. So, it can be assumed that the video is from that period.We ran some keywords and found the original full-length video uploaded by the official YouTube channel of the BJP. It was uploaded on August 14, 2014, which indicated this speech to be from the monsoon session of the parliament.In that full-length video, Yogi can be heard starting his speech by attacking Mallikarjun Kharge, the then Lok Sabha leader of the Congress party. The viral part where he allegedly shouts at Owaisi comes 10 minutes into the video (10.20).However, we observed that Adityanath was not interrupted by Owaisi. Rather, before and after this heated moment at 10.27 where he shouts ""baith jaiye aap,"" the camera turns to the bench of Congress MPs who stood up and went vocal in protest against Yogi’s address. The part where Owaisi is trying to say something with a book in his hand comes almost 3 minutes after this scene.At the mark of 13.30, Owaisi stood up for the first time, interrupting Yogi’s speech and accusing the BJP MP of producing wrong figures regarding the casualties of the riots. But the then deputy speaker of the Lok Sabha, Dr M Thambidurai, demanded that Owaisi remain seated--an instruction that he followed. Owaisi can be seen settling back into his seat at around 14.05. Thambidurai then stood up to take control and advised Owaisi to speak on the matter when his turn came. The AIMIM leader can be seen trying to argue further, but he was not audible as his microphone stopped working. After that, the deputy speaker asks Yogi to continue his speech.We also found a news report published in the Economic Times on August 14, 2014, about Yogi's speech in parliament. It noted that the then MP from Gorakhpur alleged the Congress of conspiring to split India again at the behest of Pakistan.Thus, it becomes clear that Yogi was shouting at the Congress MPs and not at Owaisi when he said ""baith jaiye aap."" INDIA TODAY FACT CHECK      ClaimWhile delivering a speech, Yogi Adityanath shouted at Asaduddin Owaisi by saying “baith jaiye aap.” Owaisi promptly complied.ConclusionThis video has been doctored. Originally, Yogi lashed out at Congress members during a speech in the Lok Sabha on August 14, 2014. Owaisi's part comes almost 3 minutes after this incident, and Owaisi was talking to the deputy speaker, who asked him to remain seated.JHOOTH BOLE KAUVA KAATEThe number of crows determines the intensity of the lie.1 Crow: Half True2 Crows: Mostly lies3 Crows: Absolutely false Want to send us something for verification? Please share it on our  at 73 7000 7000  You can also send us an email at factcheck@intoday.com",NA,https://www.indiatoday.in/fact-check/story/owaisi-wasnt-silenced-by-yogi-at-the-parliament-viral-video-edited-1933069-2022-04-03
7,fact-check,Fact Check: This is not Pak MPs fighting ahead of no-confidence motion against Imran Khan,"(3, 4, 2022)","The crucial no-trust vote against Pakistan Prime Minister Imran Khan was scheduled to be held in the country’s National Assembly today, April 3. However, the voting was rejected by the deputy speaker, who called it a ‘foreign conspiracy’. Following this, Imran Khan advised the President to dissolve the National Assembly.

Amid this continuing political tension in Pakistan, a video showing ruckus is being circulated on social media with claims that it shows MPs inside the Pakistan National Assembly fighting each other ahead of the no-confidence motion.The caption to the post reads as follows, “Fresh visuals from #Pakistan National Assembly ahead of #NoConfidenceMotion MPs are kicking and punching each other. This is what #ImranKhan gave to Pakistan #PTIGovernment Section 144.” The archived versions of the post can be seen here.India Today Anti Fake News War Room (AFWA) has found that the claim along with the video is misleading. This is a 2021 video from the Sindh Assembly.AFWA probeIn the video, the logo of the Odisha-based channel ‘Kanak News’ can be seen in the top-right corner.We did a reverse search of the key frames of the video with appropriate keywords and found a longer version of the same video uploaded on the YouTube channel of Kanak News on March 4, 2021.As per the headline provided by Kanak News, the video is from Pakistan’s Sindh Assembly.We further ran a keyword search and found the same video and screenshots from it carried by multiple media organisations from Pakistan and India in March 2021 as from the Sindh assembly.As per these reports, the video shows a physical brawl between members of Imran Khan’s Pakistan Tehreek-i-Insaf (PTI) and the Pakistan Peoples Party (PPP) ahead of a Senate election. The fight was over three of the PTI MPs switching to PPP ahead of the Senate election.The incident was also tweeted by Pak-based journalists on March 2, 2021.Scenes when three dissident PTI MPAs attended Sindh Assembly ahead of Senate elections pic.twitter.com/sOZigAHqUA— Murtaza Ali Shah (@MurtazaViews) March 2, 2021
No-confidence motion against Imran KhanAbout a month back, the Opposition parties in Pakistan submitted a no-confidence motion against Prime Minister Imran Khan in the National Assembly. Following this, a no-trust vote was scheduled to be held in Pakistan’s National assembly on April 3 to decide whether Imran Khan can continue as the PM of Pakistan. However, the motion was rejected by the deputy speaker, who called it a ‘foreign conspiracy’As per the latest reports, the President of Pakistan has dissolved the National Assembly on the advice of Imran Khan. While Imran Khan has asked the people to prepare for fresh elections, the opposition has said they will not leave the Parliament until the rejection of the no-confidence motion and dissolution of assemblies are reversed.It is however clear that the video in circulation is old and not related to the no-confidence motion. INDIA TODAY FACT CHECK      ClaimVideo shows MPs fighting each other in Pakistan National Assembly ahead of the no-confidence motion. ConclusionThe video is from March 2021. It shows lawmakers of Imran Khan’s Pakistan Tehreek-e-Insaf (PTI) attacking 3 other parliamentarians for ‘switching sides’ before the Senate elections.JHOOTH BOLE KAUVA KAATEThe number of crows determines the intensity of the lie.1 Crow: Half True2 Crows: Mostly lies3 Crows: Absolutely false Want to send us something for verification? Please share it on our  at 73 7000 7000  You can also send us an email at factcheck@intoday.com",NA,https://www.indiatoday.in/fact-check/story/fact-check-this-is-not-pak-mps-fighting-ahead-of-no-confidence-motion-imran-khan-1933015-2022-04-03
8,fact-check,"Fact Check: No, BCCI hasn't introduced a 'Mixed Cap' contest for IPL's best all-rounder","(3, 4, 2022)","The 15th edition of the Indian Premier League (IPL) has reignited excitement across the country's cricketing frenzy. Just a few days into the tournament, a claim on social media captured the attention of fans.

The post stated that the BCCI has decided to introduce a third cap after the Orange and Purple ones—given to the highest run-getter and highest wicket-taker, respectively—for the leading all-rounder of the tournament. The new addition will be called the 'Mixed Cap"". It will be half orange and half purple. One such post has been archived here.The India Today Anti Fake News War Room has found that the claim is misleading. The BCCI has not introduced a third cap to reward the best all-rounder in IPL 2022.AFWA ProbeWe started by running multiple keyword combinations on Google to retrieve any authentic information on the development. However, there was nothing to be found despite repeated tries.We then searched the official websites of both the BCCI and IPL. Both have dedicated sections for news and announcements that are constantly updated. We learned that the last announcement regarding the franchise league was on media rights. The said report, inviting tender for media rights of the cash-rich league, was published on both sites on March 29.  While there have been no updates posted on this announcement on either website, there were no previous reports on the Mixed Cap either--we confirmed.We proceeded to the social media handles next. Similar to the website, we found that the BCCI's latest tweet on the tournament was regarding the media rights of the IPL during the writing of this report.NEWS - Board of Control for Cricket in India (BCCI) announces release of Invitation to Tender for Media Rights to the Indian Premier League Seasons 2023-2027.More details here - https://t.co/8DfoQCYrA2 #TATAIPL— BCCI (@BCCI) March 29, 2022
We couldn't find any information on the Mixed Cap on the handles of BCCI secretary Jay Shah and president Sourav Ganguly either. It is highly unlikely for a development like this to be missed out on the official social media handles of the cricket body or its office bearers.We went back to the IPL website once again to check the ""Stats"" section where the season figures and chart-toppers are listed. The IPL website hosts four subheads on the stats page: batting, bowling, MVP, and fairplay. There was no separate list of the best-performing all-rounders. If the league was officially tracking the top-performing all-rounders, it should have been listed here for transparency and other reasons. For further clarity, we decided to take up the issue with the sports desk. India Today's sports team was able to confirm that there has been no official announcement from the BCCI about the introduction of a third cap. At our request, they checked with sources at the BCCI and confirmed that the claim is baseless.Multiple sports journalists opined that such an announcement probably won't be made until after the season has begun. Such a major development is likely to be announced much in advance of the first game. While the Orange Cap and Purple Cap are pretty straight competitions, handed to the top scorer and top wicket-taker, the best all-rounder can't be judged that easily. It will take a whole bunch of rules based on which they can be compared.Hence, there is no evidence to support the claim that the BCCI has announced a third ""Mixed Cap"" to honour the best performing all-rounder in IPL 2022. INDIA TODAY FACT CHECK      ClaimBCCI announces the introduction of ""Mixed Cap"" to honour the best all-rounder of IPL 2022.ConclusionIndia's cricket body hasn't announced the introduction of a third cap. The stats section of the IPL website isn't keeping a tally of the best all-round performances in the way most runs and most wickets are counted for the Purple Cap and Orange Cap competitions. There is no official confirmation on the introduction of a third.JHOOTH BOLE KAUVA KAATEThe number of crows determines the intensity of the lie.1 Crow: Half True2 Crows: Mostly lies3 Crows: Absolutely false Want to send us something for verification? Please share it on our  at 73 7000 7000  You can also send us an email at factcheck@intoday.com",NA,https://www.indiatoday.in/fact-check/story/bcci-hasnt-introduced-mixed-cap-contest-ipl-best-all-rounder-1932973-2022-04-03
9,fact-check,Fact Check: Congress MLA Gurjeet Singh wasn't absent from Punjab Assembly during Chandigarh resolution,"(3, 4, 2022)","On March 27, Union Home Minister Amit Shah made a significant announcement after landing in Chandigarh. He assured government employees in the Union Territory that they would get the same benefits offered under the central service rule.

After this, the Aam Aadmi Party government of Punjab passed a resolution in the Assembly on April 1. The resolution sought the transfer of the Union Territory of Chandigarh to Punjab. Members of the Opposition, including Congress, Shiromani Akali Dal, and Bahujan Samaj Party, supported the resolution.Meanwhile, a postcard has gone viral on social media claiming that two Congress legislators—Rana Gurjeet Singh and Raja Warring—and SAD MLA Ganieve Kaur Majithia did not vote in Punjab’s favour during the resolution.The viral post in Punjabi carried the images of the three MLAs along with Punjabi text that roughly translates to, ""Those who did not vote for Chandigarh, in favour of Punjab."" A caption has also been added with a sarcastic tone that reads, ""And then they say we are the guardians of Punjab."" Archived versions of similar claims can be seen here and here.India Today's Anti Fake News War Room (AFWA) has found this claim to be misleading. Congress MLA Rana Gurjeet Singh was present in the assembly when the resolution was passed. However, the other two MLAs were indeed absent from the assembly on the said day.AFWA Probe With the help of a few keyword searches, we first tried to trace the names of the MLAs who remained absent when the resolution was passed. It led us to an article by The Indian Express on April 2, 2022.The report mentioned that the ruling Aam Aadmi Party had slammed Congress MLAs Sukhpal Singh Khaira and Amarinder Singh Raja Warring for not being present when the resolution was passed. This confirmed that Warring was absent from Assembly during the special session. However, if Gurjeet Singh had missed the session, his name would also have been featured in this story. This prompted us to investigate further. We found that The Tribune was live reporting the developments at the assembly session on April 1. It noted that Akali Dal MLA Ganieve Kaur Majithia remained absent during the session. She is the only MLA who has not taken her oath yet. But, we didn’t come across anything which mentioned Congress MLA Gurjeet Singh's absence. So, we checked his social media handles for clues.We found an Instagram post by Singh on April 1. He posted this picture of himself with some of his colleagues alongside a caption that reads, ""All set to attend the special session of Punjab Vidhan Sabha."" In this picture, Gurjeet is seen in a green turban.View this post on InstagramA post shared by Rana Gurjeet Singh (@rana.gurjeet.singh)
Then we ran some more keywords to find the videos of the assembly session. We found a 2 hour 45 minute-long YouTube clip of the session in which the resolution to seek Chandigarh’s authority was passed.In the video, just after the voice vote for the resolution, a frame appeared at the 2 hours, 44 minutes, and 48 second mark. In that frame, a member was spotted in a similar outfit as Gurjeet Singh on the Congress pavilion—opposite the AAP members’ bench. After zooming into the screenshot of the frame, we understood it could be Gurjeet himself. On further searching, we found another YouTube video of Rana Gurjeet Singh talking to journalists outside the assembly about the resolution. He extended the Congress party’s support to AAP for the resolution.As suspected, the attire of the Congressman was the same as the person from the longer video checked earlier.We tried reaching out to Singh for further details. However, he didn’t respond to multiple attempts. We called another Congress MLA from Fatehgarh, Churian, and former minister, Tripat Rajinder Singh Bajwa, for some confirmation.He said that the resolution was passed unanimously. Bajwa confirmed that ""Congress supported the resolution and Rana Gurjeet was there till the very last minute. Sukhpal Khaira had to leave as he had to attend the ED case date.""We have also left a text to Gurjeet seeking his version of this. This article will be updated when we receive a reply.Hence, it can be said that the viral post on the absence of Congress MLA Gurjeet Singh from the Punjab Assembly during the special one-day session to pass the Chandigarh resolution is misleading.(With inputs from Yash Mittal, New Delhi) INDIA TODAY FACT CHECK      ClaimWhen the Punjab assembly passed the resolution seeking to transfer Chandigarh to the state, Congress MLAs Rana Gurjeet Singh and Raja Warring, along with SAD's MLA Ganieve Kaur Majithia did not vote in its favour.ConclusionCongress MLA Rana Gurjeet Singh was present at the assembly during the voice vote to pass the resolution. However, Raja Warring and SAD MLA Ganieve Kaur Majithia remained absent during the session.JHOOTH BOLE KAUVA KAATEThe number of crows determines the intensity of the lie.1 Crow: Half True2 Crows: Mostly lies3 Crows: Absolutely false Want to send us something for verification? Please share it on our  at 73 7000 7000  You can also send us an email at factcheck@intoday.com",NA,https://www.indiatoday.in/fact-check/story/congress-mla-gurjeet-singh-wasnt-absent-punjab-assembly-during-chandigarh-resolution-1932962-2022-04-03
10,fact-check,Fact Check: 2018 and 2020 videos shared as recent wildfire near Chernobyl nuclear plant in Ukraine,"(31, 3, 2022)","As per the news reports, Ukrainian nuclear operator company Energoatom said that the Russian military dug trenches in the Red Forest, the ten-square-kilometre area surrounding the Chernobyl plant — the site of the notorious nuclear accident that occurred in 1986 — and received “significant doses of radiation.”

Following that, amid reports of Russian troops leaving the Chernobyl nuclear power plant and heading towards Ukraine’s border with Belarus, a video circulated on social media with claims that it showed a forest fire near the plant. The India Today Anti Fake News War Room (AFWA) found that the video going viral was misleading. The clips in the video were years old and not recent.AFWA probeWe reverse-searched keyframes from the video in question and found the same footage shared by multiple media outlets and YouTube channels in 2018 and 2020.For instance, we found around four clippings from the viral video in a news report published by Hospodáské Noviny, a Czech daily, on April 14, 2020. Per the report, the footage was from a forest fire near the Chernobyl power plant in 2020. The video was credited to Radio Free Europe.Similarly, some aerial shots from the viral video were shared by multiple news outlets, including Agence France-Presse, in April 2020 as from a forest fire in Chernobyl. A series of wildfires occurred in the Chernobyl Exclusion Zone in April 2020. Fires also broke out near the Chernobyl Nuclear Power Plant at the time.We can trace back one of the shots in the viral video to 2018, when several YouTube channels had shared it as from a forest fire in Chernobyl.Recently, wildfires erupted in the vicinity of the Chernobyl nuclear reactor and Ukraine claimed that Russian control hampered its effort to control the flames.It is, however, clear that the viral video is old and does not show recent clips of any forest fire in Chernobyl. INDIA TODAY FACT CHECK      ClaimVideo shows wildfires near the Chernobyl nuclear power plant in Ukraine that was seized by Russia. ConclusionThese clips are from forest fire incidents in Chernobyl in 2018 and 2020. However, in March 2022, wildfires erupted in the vicinity of the Chernobyl nuclear reactor.JHOOTH BOLE KAUVA KAATEThe number of crows determines the intensity of the lie.1 Crow: Half True2 Crows: Mostly lies3 Crows: Absolutely false Want to send us something for verification? Please share it on our  at 73 7000 7000  You can also send us an email at factcheck@intoday.com",NA,https://www.indiatoday.in/fact-check/story/fact-check-2018-2020-videos-wildfire-chernobyl-nuclear-plant-ukraine-1932099-2022-03-31
11,fact-check,Fact Check: 2017 video of doctor collapsing after heart attack in Bengaluru shared as recent Mumbai incident,"(31, 3, 2022)","CCTV footage of a doctor collapsing after allegedly experiencing a heart attack was widely circulated on social media. The video showed a doctor writing something in a file at what appears to be a hospital reception desk. After some time, the doctor was seen collapsing. Hospital staff ran to assist her.

According to the social media posts, the person seen in the video was Dr. Sunitha, a cardiologist at Vinayak Hospital in Mumbai.A screenshot from one such post can be seen below.ALSO READ | Fact Check: Shocking suitcase murder in Uttarakhand given false communal twist on Twitter The archived versions of similar posts can be seen here, here, and here.The India Today Anti Fake News War Room (AFWA) found the viral CCTV footage was from a hospital in Bengaluru. It was also from 2017.AFWA probeReverse-searching the keyframes of the viral CCTV footage revealed that the same video had been shared on the internet as early as 2018. While this video was shared on more than one occasion, no actual information about the video seemed available.However, when we looked carefully, some clues emerged.A date stamp could be seen at the top-left corner of the video that informed us it was from November 26, 2017, a Sunday.ALSO READ | Image of 2018 WB violence goes viral as from BirbhumAssuming the incident took place on the mentioned date, we searched online with relevant keywords for the source of this video. We found the video uploaded to “Newsflare” on the very same date as seen in the CCTV footage. The headline read, “Doctor collapses from massive heart attack in hospital”. Per the description under the video, it showed how Dr. Sunitha collapsed following a massive heart attack at the Vinayaka hospital in Bangalore, India. A spokesperson of the hospital, Dr. Bharath said, “We rushed her to the ICU and gave her the best possible treatment including an intracardiac injection. But she failed to respond and passed away. She was diabetic and her high sugar level [sic] was very high. But she had not disclosed her condition to the hospital.”Live TVALSO READ | Fact Check Video: Yogi Adityanath didn't ask people to boycott 'Pathan'To verify this, we contacted Vinayaka Hospital in Bangalore. According to the hospital's spokesperson, ""This is an incident that happened at our hospital six years ago. Dr. Sunitha, a physician, was on the scene. She was diabetic.” The spokesperson added that the hospital had received several calls regarding this after the video went viral on social media.It is thus clear that the CCTV footage was from a 2017 incident at the Vinayaka Hospital in Bangalore — not from Mumbai or from any recent time as posts online have claimed.(With inputs from Sanjana Saxena)Live TVALSO READ | Fact Check: Did Putin enjoy Zelenskyy’s comedy performance years ago? No, viral video is doctored INDIA TODAY FACT CHECK      ClaimCCTV footage from Vinayak hospital, Mumbai, shows how Dr. Sunitha, a cardiologist, collapsed and died following a massive heart attack.ConclusionThis is neither a recent video nor from Mumbai. This video is from 2017 and the incident occurred at the Vinayaka Hospital in Bangalore.JHOOTH BOLE KAUVA KAATEThe number of crows determines the intensity of the lie.1 Crow: Half True2 Crows: Mostly lies3 Crows: Absolutely false Want to send us something for verification? Please share it on our  at 73 7000 7000  You can also send us an email at factcheck@intoday.com",NA,https://www.indiatoday.in/fact-check/story/video-of-doctor-collapsing-after-heart-attack-in-bengaluru-shared-as-recent-mumbai-incident-1931926-2022-03-31
12,fact-check,NA,NA,NA,NA,https://www.indiatoday.in/fact-check/video/yogi-adityanath-didnt-ask-people-to-boycott-pathan-1931608-2022-03-30
