SN,category,headline,date,content,keywords,link
1,fact-check,Fact Check: Old image of mob attack victim painted in Love-Jihad hues,"(4, 9, 2020)","An image showing a Hindu woman with injury marks on her face is viral on social media with the claim that she was subjected to domestic violence by her Muslim husband.

The caption to one such image uploaded on Facebook in the Hindi language translates into English as, “This woman from Assam left her husband and younger daughter to marry a jihadi Zakir Hussain and become Rubia! Now, Hussain is painting her face with injuries.”India Today Anti Fake News War Room (AFWA) has found that the claim is misleading. The woman in the image is former Congress MLA from Assam, Rumi Nath. The photo in the claim dates back to 2012 when Nath was attacked by a mob and is not linked to domestic violence.The archived versions of the post can be seen here, here and here.AFWA probe Rumi Nath, who was twice the member of Assam Legislative assembly representing the Borkhola constituency is seen along with her second husband Jakie Zakir in the viral image.With the help of reverse image search, we found similar images of injured Rumi carried in multiple media reports in 2012.According to a report in India Today published on July 5, 2012, the incident took place on June 29, 2012. A mob of around 100 people barged into a Hotel in Karimganj district in Assam, where Rumi and her husband Zakir were staying and thrashed the couple.As per the report, police had arrested five people for beating up the couple.In a video interview with India Today, Rumi also clarified that the attack on her had no communal motive but was rather a “political conspiracy”.The image of Rumi used in the viral posts was also pulled out from this interview. Some reports from 2012 also mentioned how the assault on Rumi led to violent protests and a bandh in the Barak Valley in South Assam.As per an NDTV report on the incident, Rumi married Zakir, a Muslim, and converted to Islam a month before the incident took place. She allegedly did not divorce her first husband, a Hindu, with whom she had a two-year-old daughter. This led let to outrage among the public.Rumi Nath, an MBBS doctor by profession was first elected to the Assam Assembly in 2006 on a BJP ticket. She later moved to the Congress and won the Borkhola Assembly seat a second time during the 2011 elections.It is true that Rumi converted to Islam to marry Zakir. However, it is also clear from the media reports that the viral image is from 2012 when Rumi was assaulted by a mob and is not related to domestic abuse by her Muslim husband. INDIA TODAY FACT CHECK      ClaimImage shows a Hindu woman with injury marks on her face allegedly subjected to domestic violence by her Muslim husband. ConclusionThe woman in the image is former Congress MLA from Assam, Rumi Nath, who was injured during a mob attack in 2012. The injury marks are not linked to domestic violence.JHOOTH BOLE KAUVA KAATEThe number of crows determines the intensity of the lie.1 Crow: Half True2 Crows: Mostly lies3 Crows: Absolutely false Want to send us something for verification? Please share it on our  at 73 7000 7000  You can also send us an email at factcheck@intoday.com","['Fact check india today', ' old image of mob attack', ' love jihad fake image']",https://www.indiatoday.in/fact-check/story/fact-check-old-image-mob-attack-victim-painted-love-jihad-hues-1718616-2020-09-04
2,fact-check,Fact Check: Did burqa replace Khaki for an IPS officer in Maharashtra?,"(3, 9, 2020)","A picture of a girl in hijab seated behind a desk and surrounded by men in uniform, with a Maharashtra Police board behind, is circulating on social media with the claim that the first Muslim woman IPS officer from Urdu medium joined office in a burqa, thus violating the force’s dress code.

Multiple Facebook users with a caption in Hindi that translates to, “First IPS from Urdu medium becomes an SP in Maharashtra. On her first day, she adopted the Islamic dress code instead of police dress code. Congratulations to the Shiv Sena government. Its contribution to Ghazwa-e-Hind will be admirable.” India Today Anti Fake News War Room (AFWA) has found the claim to be false. The girl in the image is 14-year-old Sahrish Kanwal, who was symbolically made the DSP for a day in Maharashtra’s Buldhana, ahead of International Women’s Day this year.The claim is quite viral on Facebook. The archived versions can be seen here, here and here.With the help of reverse image search, we found that the event was reported by The Times of India on March 5. As per this report, ahead of International Women’s Day on March 8, a 14-year-old girl was made the superintendent of police (SP) for a day in Buldhana district of Maharashtra.Sahrish Kanwal, from the Zilla Parishad Urdu High School in Malkapur tehsil, took over as SP after the Buldhana district administration gave an opportunity to bright girls of government schools to act as top administrative officials for a day.The YouTube Channel of “The Times of India” published the video of the event on March 5, 2020. The viral image of the girl sitting surrounded by police personnel can be seen here.India Today had earlier debunked another misleading claim related to the same viral image that can be read here.Hence, it is confirmed that the viral claim of a woman IPS officer joining work in a burqa is false. INDIA TODAY FACT CHECK      ClaimFirst Muslim woman IPS officer from Urdu medium takes charge as SP in Maharashtra wearing a burqa, thus violating the dress code. ConclusionThe girl in the image is 14-year-old Sahrish Kanwal who was symbolically made SP for a day ahead of International Women’s Day.JHOOTH BOLE KAUVA KAATEThe number of crows determines the intensity of the lie.1 Crow: Half True2 Crows: Mostly lies3 Crows: Absolutely false Want to send us something for verification? Please share it on our  at 73 7000 7000  You can also send us an email at factcheck@intoday.com",NA,https://www.indiatoday.in/fact-check/story/fact-check-did-burqa-replace-khakhi-for-an-ips-officer-in-maharashtra-1718392-2020-09-03
3,fact-check, Fact Check: The curious case of a 'desecrated' Kali idol in a Bengal temple,"(3, 9, 2020)","Several pictures of a burnt idol of Goddess Kali are circulating on social media with the claim that hooligans from the Muslim community were behind the act in West Bengal's Murshidabad district.

BJP MP Arjun Singh tweeted the pictures and wrote, ""The jihadi nature of Didi's politics is now hell bent on destroying Hindu religion and culture. See how one religious group has attacked and destroyed a temple and burned the idol of Maa Kali in Murshidabad area of West Bengal. Shameful."" Speaking to India Today, temple authorities refuted any communal angle to the incident and said they were yet to ascertain the cause of fire.Several social media users  were more direct in their accusations. The archived version of Arjun Singh's tweet can be seen here.AFWA probeSpeaking to India Today, temple committee secretary Sukhdev Bajpai said, ""Nothing has been stolen from the temple as is being claimed by some people. It is most likely that the idol of Goddess Kali caught fire by accident. We have not filed any FIR since we do not suspect foul play.""Earlier, replying to Arjun Singh's tweet, Murshidabad police shared a notice issued by the committee of the said temple, located in Murshidabad's Alampur village.The notice in Bengali translates to, ""The idol of Goddess Kali caught fire on the night of August 31. Hindus and Muslims have cordial relations in this area. We do not believe this incident could be a fallout of religious hatred. The temple was not broken into and nothing was stolen. But some people have been giving this incident a communal colour. We request all of you not to disturb peace. The administration is helping us.""Sharing the notice, Murshidabad police tweeted, ""As stated by mandir committee it was a fire accident. Temple authorities are taking necessary action. Local police and administration coordinating.""West Bengal Police also posted a screenshot of Arjun Singh's tweet and said, ""Legal action is being taken. Please don't get carried away by misleading, provocative and mischievous posts.""pic.twitter.com/8ufX7uYC7g— West Bengal Police (@WBPolice) September 2, 2020Since both the mandir committee secretary and police are denying any communal angle to the incident, we can say the viral claim of Muslims setting fire to an idol of Goddess Kali in a Bengal temple is misleading. INDIA TODAY FACT CHECK      ClaimAn idol of Goddess Kali was burnt by Muslim miscreants in a temple in West Bengal’s Murshidabad district. ConclusionBoth the temple committee and police have denied a communal angle to the incident.JHOOTH BOLE KAUVA KAATEThe number of crows determines the intensity of the lie.1 Crow: Half True2 Crows: Mostly lies3 Crows: Absolutely false Want to send us something for verification? Please share it on our  at 73 7000 7000  You can also send us an email at factcheck@intoday.com",NA,https://www.indiatoday.in/fact-check/story/fact-check-the-curious-case-of-a-desecrated-kali-idol-in-a-bengal-temple-1718010-2020-09-03
4,fact-check,Fact Check: Netizens walk down the aisle of communal hatred over Pak child marriage,"(2, 9, 2020)","A picture of a minor girl in bridal wear sitting beside a middle-aged man has gone viral on social media with communally-charged claims.

Several Facebook users have claimed that the 10-year-old girl was married off to a 40-year-old man named Shivnath Chaturvedi, who happens to be the cousin of her late father Ashok Chaturvedi.The caption of the post in Hindi translates to, “Ten-year-old Anita was married to 40-year-old Shivnath Chaturvedi, cousin of her late father Ashok Chaturvedi. Such a shameless religion. Shame on the pandit who solicited the marriage. Shame on those people who feasted at the event. Shame on the faith that justifies child marriage.” Several other Facebook users  claim the 10-year-old girl is Ameena, who was married off to a 40-year-old Muslim man, who is a cousin of her late father. Both claims are made by mostly Indian Facebook users. India Today Anti Fake News War Room (AFWA) has found the viral claims to be misleading. The incident is from Punjab province in Pakistan. The 10-year-old girl was sold off by her widowed mother to a 40-year-old man named Tariq Mehmood. Police had foiled the marriage and arrested the man.The archived versions of the posts can be seen here and here.Using reverse image search, we found that several Pakistani Twitter handles had posted the image, condemning the incident.Some NGOs related to social work in Pakistan have claimed this incident to be from Ahmedpur Sharqia in Punjab province.Taking this as a clue, we searched the Internet using related Urdu keywords and came across several news websites and portals in Pakistan which had published this incident on August 18.As per these news reports, Punjab police had foiled an attempted child marriage, reaching the venue at just the right time. The incident took place at Ram Kali area in Ahmedpur Sharqia in Punjab’s Bahawalpur district.The 10-year-old girl, who had lost her father a few years ago, was sold off by her mother to his 40-year-old cousin named Tariq Mehmood. Police arrested the man and took the child into safe custody. As per reports, police were investigating the incident and searching for other people involved, who had fled the scene. The reports do not mention the identity of the minor or her religion.Hence, the various communally-charged claims made on Facebook about the child marriage are misleading as the incident has no connection to India and took place in Pakistan. INDIA TODAY FACT CHECK      ClaimA 10-year-old girl was married off to her late father’s cousin, 40-year-old Shivnath Chaturvedi. ConclusionThe incident is from Pakistan’s Punjab province. The 10-year-old girl was sold off by her widowed mother to 40-year-old Tariq Mehmood.JHOOTH BOLE KAUVA KAATEThe number of crows determines the intensity of the lie.1 Crow: Half True2 Crows: Mostly lies3 Crows: Absolutely false Want to send us something for verification? Please share it on our  at 73 7000 7000  You can also send us an email at factcheck@intoday.com",NA,https://www.indiatoday.in/fact-check/story/fact-check-netizens-walk-down-the-aisle-of-communal-hatred-over-pak-child-marriage-1718007-2020-09-02
5,fact-check,Fact Check: Egypt pipeline fire goes viral as scenes from Sweden riots ,"(2, 9, 2020)","A Quran-burning event on August 28 led to massive violence in the Swedish city of Malmo. Hundreds of demonstrators set fire to vehicles and pelted stones at police. The riots were heavily criticised by netizens.

Amid this, a video of thick plumes of smoke billowing from a massive fire is circulating on social media with accompanying claims giving an impression that this is what Muslims did during the riots in Sweden. In the 30-second video, three cars can be seen in flames on the roadside, as people scream in panic and help others to escape.The Hindi translation of one such viral post says, “Peacefuls were only 3% in Sweden 20 years ago. Now, they’re 73% and this is the result. Population control law should be the first priority and we expect the Modi government to bring that. Don’t be silent, raise your voice. Else, what happened in Delhi, Bengaluru and Sweden will also happen to you.” # 20 3% 20 3 73% #__  , #, # .. .. pic.twitter.com/D0F7aHQF0L— 5k (@UmaShankar2054) September 1, 2020
India Today Anti Fake News War Room (AFWA) has found the post to be misleading. First, the video is from Egypt when a major fire broke out in July due to leakage in an oil pipeline. Second, the claim that Muslims in Sweden are 73 per cent is far from reality.The video is also viral on Facebook. The archived version can be seen here.AFWA investigation Using InVID, we reverse-searched keyframes of the video and found reports related to the incident. The reports say the footage is of a massive fire that broke out along Egypt’s Cairo-Ismailia road when a crude oil pipeline exploded on July 14, 2020. Many other international news organisations had also covered the incident.As per Reuters, the fire broke out due to crude oil leakage in the Shuqair-Mostorod pipeline just outside Cairo. Reportedly, 17 people were injured and about 20 cars torched, mostly abandoned by motorists.Hence, it is clear that the video has nothing to do with the August 28 Sweden riots.Muslim population in Sweden A 2017 report by think tank Pew Research Center said the estimated Muslim population in Sweden in 2016 was 8.1 per cent. This, however, does not include migrants and asylum seekers.Findings by Brookings say Sweden has been a safe haven for refugees, and after Canada and Australia, it has taken in most refugees per capita. In 2015, Sweden received a record high 1,62,877 asylum applications, primarily from Syria, Iraq, and Afghanistan — or about 1.6 per cent of Sweden’s total population.International grantmaking organisation Open Society Foundations said in a research report of 2007 that it is difficult to collect specific data on Muslims in Sweden due to regulations governing the collection of data based on religious affiliation.The report said that in 2000, the estimated Muslim population in Sweden was 3.25 lakh. Calculating it with Sweden’s total population of 88.6 lakh then, around 3.6 per cent people in Sweden would be from the Muslim community.Therefore, 20 years ago, the Muslim population in Sweden was around 3 per cent as said in the viral post, but it is around 10 per cent now and not 73 per cent as is being circulated on social media. INDIA TODAY FACT CHECK      ClaimThese are visuals from the riots in Sweden. Muslims were 3 per cent in Sweden 20 years back, but now they are 73 per cent.ConclusionThe video is from Egypt when an oil pipeline caught fire recently. The claim that Muslims in Sweden are 73 per cent is far from reality.JHOOTH BOLE KAUVA KAATEThe number of crows determines the intensity of the lie.1 Crow: Half True2 Crows: Mostly lies3 Crows: Absolutely false Want to send us something for verification? Please share it on our  at 73 7000 7000  You can also send us an email at factcheck@intoday.com",NA,https://www.indiatoday.in/fact-check/story/egypt-pipeline-fire-sweden-riots-fact-check-1717826-2020-09-02
6,fact-check,Fact Check: Did Muslims in Switzerland demand removal of Swiss cross from the flag?,"(1, 9, 2020)","The Swedish city of Malmo witnessed raging violence on August 28 after a copy of the Quran was burned by members of a far-right Danish party. A day after, reports of clashes in Norway breaking out during an anti-Islam rally also surfaced.

Amid this, an image purportedly showing Muslim refugees in Switzerland burning the Swiss flag went viral on social media. According to the claim, Muslim men burnt the Swiss flag in 2019, demanding the removal of the Cross from the flag.The Claim The caption to one such image uploaded on Twitter read, “Last year #Muslim #refugees in #Switzerland demanded removal of #Cross from the #SwissFlag. How thankless a community can be to a country which has given them refuge on their homeland?”India Today Anti Fake News War Room (AFWA) has found that the claim is false. This is an old image from Pakistan. The flag being burnt in the image is not Swiss but Danish.Similar claims are also shared on Facebook. The archived versions of the claims can be seen here, here, here and here.AFWA probe With the help of reverse image search, we found that the picture in question is almost 14-years-old, dating back to 2006. But the image has been circulating on social media since at least 2016 with claims that Muslim men are burning the Swiss flag.Also, with a simple Google search, it was clear that the flag in the viral image is not the flag of Switzerland but the Denmark flag.The flag of Switzerland has a white cross with equilateral arms in the centre of a square red field. On the other hand, the flag of Denmark which is also red in colour has an off-centre white cross that extends to the edges of the flag - as seen in the viral image. The flags of the two countries.The Truth On further search, we found that the image is part of a 2006 outrage that hit several Muslim countries following the publication of cartoons featuring prophet Mohammed in a Danish newspaper.We found the image uploaded on the British-American stock image site, Getty Images in the year 2006. According to the site, the image was taken in Pakistan on February 23, 2006, by photographer Rizwan Tabassum for AFP.The description of the photograph titled, “Pakistani Muslims torch a Danish flag” reads, “Pakistani Muslims torch a Danish flag during a demonstration in Karachi, 23 February 2006. Pakistani hardline Islamic parties continued countrywide protests denouncing the publication of cartoons depicting Prophet Mohammed in several European newspapers.”Danish Cartoon controversy The Prophet Muhammad Cartoon controversy exploded after a Danish newspaper Jyllands-Posten published a dozen cartoons of the Prophet under the headline “The Face of Muhammad” on September 19, 2005.Thousands protested and hundreds died in a worldwide protest against the cartoon in 2005 and in 2006. Several western newspapers reprinted cartoonist Kurt Westergaard's cartoon, the one that had caused the controversy, in protest of an alleged plot to kill him.The image in question was taken during one such protest against the reprinting of the cartoon by the western newspapers. The protestors were angry about the cartoon, not the cross on the flag. Also, no credible media report was found regarding the torching of the Swiss flag by the Muslim community in Switzerland. INDIA TODAY FACT CHECK      ClaimImage shows Muslim refugees in Switzerland burning the Swiss flag in 2019 demanding the removal of the cross from the flag.ConclusionThis is a 2006 image from Pakistan where people burnt the Danish flag protesting the depiction of Prophet Muhammad in Western newspapers.JHOOTH BOLE KAUVA KAATEThe number of crows determines the intensity of the lie.1 Crow: Half True2 Crows: Mostly lies3 Crows: Absolutely false Want to send us something for verification? Please share it on our  at 73 7000 7000  You can also send us an email at factcheck@intoday.com",NA,https://www.indiatoday.in/fact-check/story/fact-check-did-muslims-in-switzerland-demand-removal-of-swiss-cross-from-the-flag-1717563-2020-09-01
7,fact-check,Fact Check: Afzal Guru at peace over Pranab’s death? That’s a fake Rana Ayyub tweet,"(1, 9, 2020)","A screenshot of a tweet purportedly made by journalist Rana Ayyub is going viral on social media which says 2001 Parliament attack convict Afzal Guru is now at peace after the passing away of Pranab Mukherjee. The former President had rejected Afzal Guru’s mercy plea, leading to his hanging.

The tweet, with an image of Mukherjee, says, “The man who rejected martyr Afzal Guru’s petition is dead. Afzal Guru is at peace today!”Multiple Facebook and Twitter users have shared the screenshot, condemning Rana Ayyub. Some of these Twitter accounts are even followed by Prime Minister Narendra Modi and other Union ministers. India Today Anti Fake News War Room (AFWA) has found that the screenshot is photoshopped. Rana Ayyub has made no such tweet linking Pranab Mukherjee’s death to Afzal Guru’s hanging.The archived versions of the posts can be seen here, here, here. The post is also viral on Facebook.AFWA probe On Tuesday, September 1, Rana Ayyub tweeted the viral screenshot and complained against it to Twitter.Hello @TwitterIndia this photoshopped tweet is being circulated and shared by thousands on all social media leading to targeted abuse and harassment pic.twitter.com/0RQtEEe37f— Rana Ayyub (@RanaAyyub) September 1, 2020
AFWA found that the viral image is indeed photoshopped, which can be identified easily on two counts. As we have shown below, the timestamp, seen beside every tweet, is missing in this image. Secondly, the editing and overlaying of Pranab Mukherjee’s picture is also evident. We searched through Rana Ayyub’s original Twitter account using “Spoonbill” and found that she has not changed or removed anything after July 28 from her account. We also found that she has not tweeted anything related to Pranab Mukherjee’s death since August 31.Checking her Twitter account, we found that Rana Ayyub has always been a staunch critic of Afzal Guru’s conviction and hanging.Afzal Guru had alleged that Davinder Singh introduced him to one of the men who later attacked Parliament. He also claimed it was Singh who asked him to arrange for a car and a place to stay for the attacker.https://t.co/1MkNQORiV7— Rana Ayyub (@RanaAyyub) January 14, 2020
But the viral screenshot of a tweet in Rana Ayyub’s name where she’s saying that Afzal Guru is at peace after Pranab Mukherjee’s death is photoshopped. INDIA TODAY FACT CHECK      ClaimJournalist Rana Ayyub has tweeted that “martyr” Afzal Guru will now feel at peace after the demise of former President Pranab Mukherjee who’d rejected his mercy plea. ConclusionThe screenshot of the tweet is photoshopped. Rana Ayyub has made no such tweet linking Pranab Mukherjee’s death to Afzal Guru.JHOOTH BOLE KAUVA KAATEThe number of crows determines the intensity of the lie.1 Crow: Half True2 Crows: Mostly lies3 Crows: Absolutely false Want to send us something for verification? Please share it on our  at 73 7000 7000  You can also send us an email at factcheck@intoday.com",['Fact Check: Afzal Guru at peace over Pranab’s death? That’s a fake Rana Ayyub tweet '],https://www.indiatoday.in/fact-check/story/fact-check-afzal-guru-at-peace-over-pranab-s-death-that-s-a-fake-rana-ayyub-tweet-1717555-2020-09-01
