SN,category,headline,date,content,keywords,link
1,fact-check,Fact Check: Who’s this soldier holding a baby at Kabul airport?,"(23, 8, 2021)","The Kabul airport has witnessed chaotic scenes since the Taliban took over the Afghan capital, with desperate families trying to flee the country. Pictures of foreign soldiers helping women and children cross over the barricades have flooded social media.

Amid this, a picture of a soldier holding a baby is circulating on social media with the claim that this is a United States soldier rescuing an Afghan kid. Several Instagram and Facebook users have posted the picture with the caption, “US soldiers rescuing children in Afghanistan”. It is true that the US army and forces of other countries are helping distressed Afghan citizens trying to flee the country. But India Today Anti Fake News War Room (AFWA) has found that the man in the viral picture is a British corporal from the parachute regiment.Using reverse image search, we found a “Sky News” article with the same picture. The headline of the article says, “Afghanistan: The story behind the picture British soldier says image of him with child in Kabul sums up what the guys are doing”.As per this report, the soldier seen in the viral image with a child was filmed by Sky News. He is a British corporal from the parachute regiment.The picture was part of a sequence filmed by Sky News camera operator Toby Nash at Kabul airport. Later, the Sky News team met the corporal who explained the incident. “The baby got passed over, to the side over the razor wire. First came the baby and then came the mum and the pram, but she was on her own,” he said. The British Army is also helping Afghan citizens in this challenging environment along with other foreign forces at the Kabul airport.As per the Sky News report, the British soldier was not even aware when the photograph was taken. He said he was only doing his job, no different than all his colleagues. He hopes the baby and her mother made it out safely and can begin a new life wherever it may be. INDIA TODAY FACT CHECK      ClaimThese are United States soldiers rescuing children in Afghanistan.ConclusionIt is true that the US army along with forces of other nations are helping distressed Afghan citizens trying to flee the country through Kabul airport. But this particular picture is of a British corporal from the parachute regiment.JHOOTH BOLE KAUVA KAATEThe number of crows determines the intensity of the lie.1 Crow: Half True2 Crows: Mostly lies3 Crows: Absolutely false Want to send us something for verification? Please share it on our  at 73 7000 7000  You can also send us an email at factcheck@intoday.com",NA,https://www.indiatoday.in/fact-check/story/fact-check-soldier-holding-a-baby-at-kabul-airport-1844446-2021-08-23
2,fact-check,"Fact Check: This man is a defence journalist, not the pilot who carried hundreds of Afghan evacuees","(23, 8, 2021)","Within a week of the Taliban taking over Afghanistan, thousands of people, including terrified Afghan citizens, have been evacuated from the country by the United States and other nations.

On August 15, a heart-wrenching photo went viral on social media showing hundreds of evacuees crammed on the floor of a US Air Force C-17 aircraft from Kabul to Qatar.Now, an image of a man is circulating on social media with the claim that he was the pilot of the aircraft that rescued hundreds of evacuees from Afghanistan. “US Pilot Marcus Weisgerber.......who saved 760 afghans in one trip. Hat off,” reads the caption of one such post. The archived version of the post can be seen here.India Today Anti Fake News War Room (AFWA) has found the claim along with the image to be misleading. The man in the picture is indeed Marcus Weisgerber, but he is a US defence and security journalist and not a pilot.AFWA probe We did a reverse search of the viral picture and found that it was uploaded on Facebook in January 2013 by a user named Marcus Weisgerber. The account has multiple images of the same man. However, though the account says Weisgerber lives in Washington DC, there was not much information about his profession.On further search, we found the Twitter handle of the same person. According to his Twitter bio, Weisgerber is the global business editor at Defence One, a US-based news portal that primarily covers defence news. The author page of Weisgerber on the Defence One website can be seen below. On August 17, 2021, Weisgerber had also tweeted an image of evacuees packed inside a US aircraft. He, along with another journalist, Tara Copp, had reported about the evacuation mission for Defence One.JUST IN: ""The Crew made the decision to go"" — Inside RCH 871, which saved 640 from the Taliban ... from @TaraCopp and me https://t.co/r4YvGqJZ4b pic.twitter.com/CI1mAmqjHT— Marcus Weisgerber (@MarcusReports) August 16, 2021
Also, according to reports, the image was first published by Defence One.The heroic crew On August 20, CNN did an exclusive interview with the crew members of the C-17.A photo of a military aircraft packed with evacuees flying out of Afghanistan went viral. There were 823 evacuees on board, the crew told CNN.https://t.co/0Az8NNBXVh pic.twitter.com/DhI8FQKES0— New Day (@NewDay) August 20, 2021
According to a report from this interview, the crew members include Lieutenant Colonel and C-17 commander Eric Kut who authorised the mission, Technical Sergeant Justin Triola, Airman First Class Nicolas Baron, Captain Cory Jackson, First Lieutenant Mark Lawson, Staff Sergeant Derek Laurent and Senior Airman Richard Johnson.While it was previously believed that the plane carried 640 people, the crew in its interview with CNN clarified that they flew with 823 people, including men, women and children, from Kabul to Qatar.There was nobody by the name Marcus Weisgerber on the crew list. It is, therefore, clear that the man in the viral picture is a US-based defence journalist and not a C-17 pilot.READ: Fact Check: Old video from Syria shared as Taliban opening fire in AfghanistanALSO READ: Fact Check: Video from Iran shared as Afghan women protesting against Taliban in Kabul ALSO READ: Fact Check: Taliban is forcibly marrying minors, but this ‘Al Jazeera’ screenshot is morphed INDIA TODAY FACT CHECK      ClaimThis is Marcus Weisgerber, the pilot of US aircraft C-17, which evacuated over 700 Afghan refugees in a single flight. ConclusionThe man in the picture is Marcus Weisgerber, the global business editor of US defence and security news website Defence One. There was no Marcus Weisgerber among the rescue crew that flew over 800 Afghans out of Kabul.JHOOTH BOLE KAUVA KAATEThe number of crows determines the intensity of the lie.1 Crow: Half True2 Crows: Mostly lies3 Crows: Absolutely false Want to send us something for verification? Please share it on our  at 73 7000 7000  You can also send us an email at factcheck@intoday.com",NA,https://www.indiatoday.in/fact-check/story/defence-journalist-pilot-afghan-evacuees-kabul-airport-1844437-2021-08-23
3,fact-check,Fact Check: Old video from Syria shared as Taliban opening fire in Afghanistan,"(20, 8, 2021)","Many people took to the streets in Afghanistan against the Taliban takeover of the country. According to reports, several died, and many were injured after Taliban fighters opened fire on the protesters in several provinces.

A 17-minute-27-second video is viral on social media with the claim that the Afghanistan forces were engaged in a crossfire with the Taliban fighters.One such post, which has garnered more than 723K views until the time of filing this story, can be seen below.The archived version of the post can be seen here.India Today Anti Fake News War Room (AFWA) has found that the claim along with the video is misleading. This video is from Syria and is at least seven years old.AFWA probeIn the beginning of the video, one can see flags that resemble that of Syria and Iraq’s painted on the shutter of a building. Between the mark of 6:19 to 6:23 in the video, the text reads “More reinforcements arrive to help in the battle for Al-Ramouseh District”.Al-Ramouseh is a suburb in south Aleppo, Syria. We can also notice a watermark ‘WAR CLASHES’ on the screen throughout the video. Taking a cue from this, we did a reverse search of the keyframes from the video with appropriate keywords and found similar visuals published by multiple media reports dating back to 2014.We found a longer version of the same video on a YouTube channel named ‘WarClashes’ on April 20, 2014. The headline to the video reads, ‘Heavy Clashes During The Battle For Al-Ramouseh Aleppo | Syria War 2014’.On a further search, we also found same visuals published by Al Jazeera on their Arab language website on April 12, 2014.According to this report, the video shows an armed Syrian opposition force in Aleppo seizing the buildings surrounding the Air Force Intelligence headquarters in Aleppo, after battles with the regime forces.This Al Jazeera video also shows the logo of Ahl al-Sham, which was an Aleppo-based joint command structure and umbrella organisation of four main Syrian opposition factions. A multiple-window comparison of the visuals from the viral video and the one carried by Al Jazeera can be seen below. In 2014, visuals from the same video were also shared by multiple other sites reporting the conflict in Syria's Aleppo.Aleppo used to be Syria's largest city, with about 2.3 million people living there, until the civil war between the Syrian government led by President Bashar al-Assad and a group of rebels. It was also the country's centre for industry and finance.It is, however, clear that the video in question is from Syria, not Afghanistan and it is at least seven years old.All fact check stories around Afghanistan by AFWA can be accessed here.The world watched helplessly as #Taliban took over #Afghanistan, trampling upon #HumanRights and enforcing their strict version of #Sharia. But not every news coming out of the information black hole is true. #AFWACheck busts fake claims surrounding the #Afghanistancrisis.(1/n)— India Today Fact Check (@AFWACheck) August 20, 2021
 INDIA TODAY FACT CHECK      ClaimAfghanistan forces fighting the Taliban.ConclusionThis video dates back to 2014 and shows Syrian rebel outfits engaged in a crossfire with the regime’s forces. Meanwhile, in Afghanistan, injuries and some deaths were reported after Taliban opened fire at protesters in some provinces.JHOOTH BOLE KAUVA KAATEThe number of crows determines the intensity of the lie.1 Crow: Half True2 Crows: Mostly lies3 Crows: Absolutely false Want to send us something for verification? Please share it on our  at 73 7000 7000  You can also send us an email at factcheck@intoday.com",['Fact Check: Old video from Syria shared as Taliban opening fire in Afghanistan'],https://www.indiatoday.in/fact-check/story/fact-check-old-video-from-syria-shared-as-taliban-opening-fire-in-afghanistan-1843481-2021-08-20
4,fact-check,Fact Check: Video from Iran shared as Afghan women protesting against Taliban in Kabul ,"(20, 8, 2021)","The world watched in admiration as a handful of women protested against the Taliban in Kabul, even as the group, not exactly known for honouring women’s rights, looked on. The protest came at a time reports of Taliban fighters barring women from joining work and punishing them for dressing “inappropriately” poured in from across the country.

In this context, a video of a group of burqa-clad women marching through a street with the Afghan flag is circulating on social media with the claim that it shows Afghan women protesting on the streets of Kabul as Taliban militants look on.The caption of one such video reads, “We all know that without women, social processes would be much more difficult, their courage and determination have always been decisive. Afghan women protest in Kabul before the Taliban.” The archived versions of the posts can be seen here and here.India Today Anti Fake News War Room (AFWA) has found the claim along with the video to be misleading. The video is of a protest held against the Taliban by Afghan women in Iran.AFWA probe Such a mass women’s rally in Afghanistan against the Taliban would have surely made news. But a Google search revealed only a small group of women holding placards and demanding gender rights on a street in Kabul. This was reportedly the first agitation of its kind since the Taliban took control of Afghanistan.These brave women took to the streets in Kabul to protest against Taliban. They simplify asking for their rights, the right to work, the right for education and the right to political participation.The right to live in a safe society. I hope more women and men join them. pic.twitter.com/pK7OnF2wm2— Masih Alinejad (@AlinejadMasih) August 17, 2021
A simple keyword search led us to videos similar to the viral one, with users saying the protest took place in Qom, Iran.Demonstrators in Qom shame #Taliban supports and chant we don't want ""Islamic Emirate of Afghanistan"" pic.twitter.com/sMpj75FjLH— (@mamlekate) August 16, 2021
We found news reports of anti-Taliban protests by Afghans in Iran in the cities of Tehran, Mashhad and Qom.We then reached out to Seyedali Pourtabatabaie, the editor of Qom News, a news website based in Qom, and Fateme Karimkhan, an Iran-based journalist.The journalists confirmed to us that the video in question is from Enghelab Street, locally known as Chahar Mardan, in Qom, and it shows Afghan women protesting against the Taliban. The Google Map location of the street can be seen here.Seyedali also shared with us a few images and a video shot by him from Enghelab Street. We can see the statues on the street and a money exchange as seen in the viral video here. A video of Enghelab Street shot from the same spot where the viral video was taken can be seen below.Hence, it is clear that the viral video is from Iran and not Afghanistan.ALSO READ: Fact Check: Old video from Syria shared as Taliban executing woman in AfghanistanALSO READ: Fact Check: Man clinging on to a wing and a prayer? No, there is a catch  INDIA TODAY FACT CHECK      ClaimVideo shows women in Kabul, Afghanistan, protesting on the streets as Taliban militants look on. ConclusionThe video is of Afghan women in Iran’s Qom protesting against the Taliban. Protests by women, however, have broken out in different parts of Afghanistan against the Islamist militia.JHOOTH BOLE KAUVA KAATEThe number of crows determines the intensity of the lie.1 Crow: Half True2 Crows: Mostly lies3 Crows: Absolutely false Want to send us something for verification? Please share it on our  at 73 7000 7000  You can also send us an email at factcheck@intoday.com",NA,https://www.indiatoday.in/fact-check/story/video-iran-afghan-women-protesting-taliban-kabul-1842964-2021-08-20
5,fact-check,"Fact Check: Taliban is forcibly marrying minors, but this ‘Al Jazeera’ screenshot is morphed","(18, 8, 2021)","Amid reports of Taliban fighters forcibly marrying girls, sometimes as young as 12, in their areas of dominance, a tweet attributed to Al Jazeera is circulating on social media.

“Taliban started abducting minor girls from their home. The parents who are refusing to give their daughters to Taliban are being killed by Taliban Fighters,” reads the apparent tweet that also has a disturbing picture of a bleeding girl surrounded by Islamist fighters.The caption along with the purported screenshot says, “Hindus will still vote for free electricity. We are same people that cheated our own to British and mughals.” The archived version can be seen here.India Today Anti Fake News War Room (AFWA) has found that the viral screenshot is morphed, and till the time of filing this story, no such tweet was posted from any Twitter handle of Al Jazeera. The picture used in the tweet is from 2016 and shows a stage act put up by some Afghan artists. It is, however, true that several incidents of young Afghan girls being kidnapped and forcibly married by the Taliban have been reported recently.AFWA probe The first major clue that raised doubts regarding the authenticity of the tweet was the name of the handle where “Al Jazeera” has been misspelt as “Al Jajeera”.While the display name is “Al Jajeera English”, the Twitter handle is “@AJENews”. In reality, the Twitter handle of “Al Jazeera English” is “@AJEnglish”, while “@AJENews” is the handle of “Al Jazeera Breaking News”. We then conducted a keyword search and found that neither “Al Jazeera English” nor “Al Jazeera Breaking News” posted any such tweet till the time of filing this story.Image lifted from 2016 play Reverse-searching the image used in the viral tweet, we found it in a 2016 report published by the “Los Angeles Times”.Here, the image was posted with the caption, “Afghan artists reenact the mob killing of Farkhunda Malikzada, 27, an Afghan woman who was beaten to death on March 19, 2015, after being falsely accused of burning a copy of the Koran in Kabul.” The picture was taken by Associated Press photographer Rahmat Gul.We found the viral image and several other images from the same event in AP archives. The blood-curdling truth As the Taliban was capturing key provinces in Afghanistan, there were reports of its fighters forcibly kidnapping and marrying teenage girls.Some Afghan students residing in Chandigarh had also confirmed the same to India Today.Reportedly, the Taliban had asked for a list of girls above 15 and widows under 45 to be married to their fighters.However, Taliban spokesperson Suhail Shaheen dismissed the claims as baseless and a “poisonous propaganda”.Therefore, it is clear that though the situation for women is extremely miserable in Afghanistan under Taliban rule, the Al Jazeera tweet on abducton of minor girls is morphed. INDIA TODAY FACT CHECK      ClaimAl Jazeera tweet says Taliban has begun abducting minor girls in Afghanistan and killing parents resisting the move. ConclusionIt is true that there have been reports of Taliban forcibly kidnapping and marrying young girls in Afghanistan. However, the screenshot is morphed, and no such tweet has so far been posted from any Twitter handle of Al Jazeera.JHOOTH BOLE KAUVA KAATEThe number of crows determines the intensity of the lie.1 Crow: Half True2 Crows: Mostly lies3 Crows: Absolutely false Want to send us something for verification? Please share it on our  at 73 7000 7000  You can also send us an email at factcheck@intoday.com",NA,https://www.indiatoday.in/fact-check/story/fact-check-taliban-is-forcibly-marrying-minors-but-this-al-jazeera-screenshot-is-morphed-1842527-2021-08-18
6,fact-check,NA,NA,NA,NA,https://www.indiatoday.in/fact-check/video/fact-check-video-video-of-mock-isis-sex-slave-market-viral-as-afghan-women-on-sale-1842495-2021-08-18
7,fact-check,Fact Check: Image of burqa-clad women in chains walking behind man is edited,"(18, 8, 2021)","Earlier this week, almost two decades after they were overthrown, the Taliban seized Afghanistan’s capital Kabul and took full control of the country. These developments have once again brought to the fore discussions on women’s rights in Afghanistan under the new regime.

In this context, an image is circulating on social media purportedly showing three burqa-clad women walking through a road with their legs chained. A man walking ahead of them seem to be holding another end of the chain.One such claim along with the picture says, “1990’s Taliban Afghanistan — When women were dragged with shackles on their feet. There used to be 2/3 wives of a husband in every house, whose feet were tied with chains.”Some other posts claim this is a recent image after the Taliban captured Afghanistan. The archived versions of the posts can be seen here and here.India Today Anti Fake News War Room (AFWA) has found that the picture is morphed. In the original image, the women are not chained.However, it is also true that the Taliban are strongly against girls’ education and women taking up jobs or participating in public life. The Taliban want women to be fully covered and remain in their houses and be accompanied by a male companion in case they want to step outside. There are harsh punishments, including death, if the rules are not followed.Tracing the viral imageWe did a reverse search of the picture in circulation and found the original version on the cover page of an Arabic book, “Female infanticide: Between sacred texts and the masculine complex” published in 2014. In this image, we can clearly see that there is no chain tied around the ankles of the women. A further search revealed that the original image has been in circulation on the Internet at least since 2006.The earliest version of the original image was found on the photography site “Trek Earth”, published in 2006. According to this site, the image was shot by photographer Murat Duzyol in 2003 in Erbil, Iraq.“I am a photojournalist living in Istanbul and taking pictures for 30 years. I took the said photo in 2003. The man was part of a condolence meeting for Iraqi civilians killed after a Friday prayer in Erbil. As people were returning to their homes, such a composition randomly appeared on the street. It was an instant snapshot and completely natural,” Murat told AFWA.“The women obviously knew each other, but I’m not sure they knew the man. During the 2nd Gulf War, I went to Iraq a few times and took pictures as a journalist. Unfortunately, many of my photos have been manipulated. But this photo is mostly circulating on social media. I have warned many people about this many times. But the result did not change,” he added. However, over the years, multiple articles have used the original image to describe gender roles in Afghanistan and how women are customised to walk a few inches behind their husbands.A comparison between the viral image and its original version can be seen below. The young women in miniskirtsMeanwhile, the image of the young women in miniskirts shared by users from 1960 was originally shot in 1972 in Kabul by photographer Laurence Brun. Hence, it is clear that the image showing burqa-clad women is at least 18 years old and the chains have been digitally altered to the original click. INDIA TODAY FACT CHECK      ClaimImage shows women in burqas walking in chains behind a man in Afghanistan after Taliban took over the country.ConclusionThis image is digitally altered. The original image does not show the women’s ankles chained. Also, the picture is nearly two decades old. The Taliban, however, do not recognise women’s rights.JHOOTH BOLE KAUVA KAATEThe number of crows determines the intensity of the lie.1 Crow: Half True2 Crows: Mostly lies3 Crows: Absolutely false Want to send us something for verification? Please share it on our  at 73 7000 7000  You can also send us an email at factcheck@intoday.com",NA,https://www.indiatoday.in/fact-check/story/fact-check-image-of-burqa-clad-women-in-chains-walking-behind-man-edited-1842488-2021-08-18
8,fact-check,Fact Check: Old video from Syria shared as Taliban executing woman in Afghanistan,"(18, 8, 2021)","Protests have broken out in Afghanistan against the Taliban after the Islamist militia took over the country. Women too have been participating in the protests over fears that they would've no rights under the new regime.

Amid this, a video of armed men executing a woman in public is circulating on social media with the claim that she was shot in the head by the Taliban in Afghanistan for dressing ""inappropriately"".""This woman in Afghanistan was killed by Taliban for not wearing the proper cloth,"" reads the caption along with the video. India Today Anti Fake News War Room (AFWA) has found that the video is from Syria and more than six years old.The archived versions of the posts can be seen here and here.Old video resurfacesReverse-searching keyframes from the video, we found it on multiple news websites. According to a ""Daily Mail"" report dated January 15, 2015, Al-Qaeda fighters publicly shot and killed a woman accused of adultery.The incident took place at Maarat al-Numan in northwestern Syria. Even ISIShad reportedly condemned the killing.CNN had also covered the incident. The Syrian Observatory for Human Rights (SOHR) said in its report that the Al-Qaeda's Syria wing, Al-Nusra Front, executed the woman outside the city of Idlib.The killers had even rejected the woman's request to see her children before she died.Therefore, it is clear that though the Taliban has been committing gross human rights abuses in Afghanistan, the viral video is six years old and from Syria. INDIA TODAY FACT CHECK      ClaimVideo shows a woman being shot in the head by Taliban in Afghanistan for not dressing ""appropriately"". ConclusionThis is a 2015 video from Syria. It shows Al-Qaeda executing a woman accused of adultery. However, the Taliban has also been committing gross human rights violations in Afghanistan.JHOOTH BOLE KAUVA KAATEThe number of crows determines the intensity of the lie.1 Crow: Half True2 Crows: Mostly lies3 Crows: Absolutely false Want to send us something for verification? Please share it on our  at 73 7000 7000  You can also send us an email at factcheck@intoday.com",['Fact Check: Old video from Syria shared as Taliban executing woman in Afghanistan'],https://www.indiatoday.in/fact-check/story/fact-check-old-video-from-syria-shared-as-taliban-executing-woman-in-afghanistan-1842439-2021-08-18
9,fact-check,Fact Check: This video of Taliban threatening India is two years old,"(18, 8, 2021)","Since the day Taliban captured Kabul, speculations remain high as to what the new dispensation’s stand on India and Kashmir would be. Amid this, a video has gone viral with the claim that the Taliban has warned India on Kashmir after taking control of Afghanistan.

Several Facebook users have posted the video in which a Taliban commander is seen threatening the Narendra Modi government for “challenging” the Mujahideen. “If the Modi government kills one Mujahideen, a hundred Mujahideen will take revenge,” the man says.The Facebook caption along with the video says, “India are you ready: Taliban fighters warning India / India is Taliban Next target”.India Today Anti Fake News War Room (AFWA) has found that the video is two years old. The new Taliban regime has not issued any threat to India so far.The archived versions of the viral posts are saved here and here.Old video resurfacesWith the help of reverse image search, we found that the viral clip is available on the Internet for more than two years. Facebook users from Pakistan had posted the video in February 2019 with anti-India captions.Several users from Pakistan had also uploaded the same clip around the same time on YouTube. The YouTube title written in Urdu translates to, “The Afghan Taliban’s open warning to India, even if it dares to attack Pakistan”.The video had emerged at a time the Donald Trump administration was planning to pull out of Afghanistan. The man talking in the viral clip also refers to the possible US pullout.We could not identify the man in the video as news regarding this was not published widely on mainstream media. It was mostly circulated on social media.So far, the new Taliban leadership in Kabul has not made any threat against India or Kashmir. At their first press conference, the Taliban spokesperson said no threat will be posed to any country from Afghanistan.In an exclusive interview with India Today, Taliban spokesperson Mohammad Suhail Shaheen had said the group does not want to be part of the rivalry between India and Pakistan.Therefore, it is clear that the viral video of a Taliban commander threatening India is not connected to the new dispensation in Afghanistan. INDIA TODAY FACT CHECK      ClaimThe Taliban has warned India over Kashmir. Their next target is India and Kashmir. They have threatened that if the Modi government kills one Mujahideen, a hundred Mujahideen will take revenge. ConclusionThe video is two years old. The new Taliban dispensation has not issued any threat to India so far.JHOOTH BOLE KAUVA KAATEThe number of crows determines the intensity of the lie.1 Crow: Half True2 Crows: Mostly lies3 Crows: Absolutely false Want to send us something for verification? Please share it on our  at 73 7000 7000  You can also send us an email at factcheck@intoday.com",NA,https://www.indiatoday.in/fact-check/story/fact-check-this-video-of-taliban-threatening-india-is-two-years-old-1842426-2021-08-18
10,fact-check,"Fact Check: This beautiful expressway is in Karnataka, not Kashmir ","(18, 8, 2021)","A beautiful image of a road is being shared on social media with the claim that it is the much-awaited ring road that connects 53 villages and five districts in Kashmir.

 The archived version of the post can be seen here.India Today Anti Fake News War Room (AFWA) has found the claim along with the image to be misleading. The viral picture shows part of the NICE ring road in Bengaluru. The Srinagar ring road project is at the land acquisition stage.AFWA probe The e-foundations of Srinagar and Jammu ring road projects were laid by Prime Minister Narendra Modi in May 2018.However, with the help of reverse image search, we found that the viral picture has been carried by several websites and news reports since 2008 as from Karnataka. In 2018, a Facebook page also shared the picture as a glance of the Bengaluru-Mysore infrastructure corridor.A similar picture of the same location, but taken from a different angle, was also carried by “Business Insider” in 2014.Observing the viral image and the one carried by “Business Insider”, we can understand that the road has a water body on one side and a building with a brown roof on the other. We then searched for the Bengaluru-Mysore infrastructure corridor on Google Maps and Google Earth, and found the same building with brown roof marked as the Nandi Infrastructure Corridor Enterprises (NICE) office. A water body can be seen opposite this structure.Given below is a view of the same location on Google Earth. We further checked for images of the NICE office on Google Maps. Comparing these images with the picture in circulation, we can confirm that the building seen in the viral image is indeed the NICE office. Another image from the same location uploaded by a user on Google Maps gives us a clue that the viral picture might have been shot from the flyover at the NICE Road Cloverleaf junction. The Srinagar ring road The NHAI’s ambitious project of Srinagar ring road will traverse through 52 villages and five districts of Pulwama, Budgam, Baramulla, Srinagar and Bandipora.According to reports, the project is at the stage of land acquisition and not yet complete. Reports say the project is facing delays as many landowners allege they are not given fair compensation by authorities in lieu of land.Hence, it is clear that the viral picture is of the NICE ring road in Bengaluru and not related to Srinagar.(Illustrations by Keshav Kapil) ALSO READ: Fact Check: Old video from Syrian civil war shared as Taliban capturing Kabul presidential palaceALSO READ: Fact Check: Did CNN praise Taliban for wearing masks during attacks? No, it's satire INDIA TODAY FACT CHECK      ClaimHere’s a glance of the ambitious Srinagar ring road that will traverse through 52 villages and five districts in Kashmir. ConclusionThis is a part of the NICE ring road in Bengaluru, Karnataka. The Srinagar ring road project is not yet complete.JHOOTH BOLE KAUVA KAATEThe number of crows determines the intensity of the lie.1 Crow: Half True2 Crows: Mostly lies3 Crows: Absolutely false Want to send us something for verification? Please share it on our  at 73 7000 7000  You can also send us an email at factcheck@intoday.com",NA,https://www.indiatoday.in/fact-check/story/beautiful-expressway-karnataka-not-kashmir-1842106-2021-08-18
11,fact-check,"Fact Check: Man clinging on to a wing and a prayer? No, there is a catch ","(18, 8, 2021)","Most of us have seen heart-wrenching visuals of terrified Afghans attempting to cling on to planes leaving Kabul airport to escape marauding Taliban forces. Two people even fell from the sky and lost their lives after the flight took off. Media reports say the men had tied themselves to the wheels of the aircraft.

Meanwhile, a video of a person lying on the turbine engine of a flying aircraft is going viral on social media. It is being said that the video shows an Afghan citizen trying to flee his country after Taliban occupation.A Facebook page posted the video with the caption, “Citizens of Afghanistan scared of TB occupation hugging deaths and riding on the wings of the Airplane.” Till the filing of this story, the post had garnered around 4 lakh views and over 2,000 shares.India Today Anti Fake News War Room (AFWA) has found that the video was created digitally. It is, however, true that thousands of people have been swamping Kabul airport, camping on the runways and even attempting to cling on to aircraft in a desperate bid to leave Afghanistan.AFWA probe We noticed that in the comment section, several people pointed out that the video is old and not related to Afghanistan.A reverse search of the keyframes led us to a Pinterest video in which a person is seen sitting on a chair on a flying aircraft and having a drink! The video was watermarked ‘Huy Qun Hoa’. This clue directed us to the Facebook profile of Vietnamese graphic designer Mai Xuan Huy. Mai has mentioned in the bio section of his Facebook page that he specialises in Photoshop skills.We found that Mai had posted the viral video on Facebook on August 17, 2020, with a caption in Vietnamese that roughly translates to, “Experience the reclining seats of Vietnam”.On Mai’s Facebook page, we found the link to his Youtube channel. Here, the viral clip was posted in December 2020 along with a couple of other clips, in which the guy in the viral video is seen sitting, lying, working on a computer, and even cooking on the turbine engine!Vietnamese media describe Mai as ‘Photoshop Saint’According to a Philippines website, these airplane videos by Mai had gone viral on social media in March 2020. This creative effort by Mai provided comic relief to people who were fed up with living in confinement due to the pandemic.As per Vietnamese website “Zing News”, Mai is popular as ‘photoshop saint’ in Vietnam.Hence, it is clear that the viral video is at least a year old and in no way related to the ongoing crisis in Afghanistan. It was created digitally by graphic designer Mai Xuan Huy from Vietnam.ALSO READ: Fact Check: Old video from Syrian civil war shared as Taliban capturing Kabul presidential palace ALSO READ: Fact Check: Did CNN praise Taliban for wearing masks during attacks? No, it's satire INDIA TODAY FACT CHECK      ClaimVideo shows an Afghan man risking his life and clinging on to an aircraft to escape the Taliban. ConclusionThe video was created digitally by a graphic designer from Vietnam named Mai Xuan Huy. It is, however, true that many people clung on to aircraft leaving Kabul airport and some even fell to their death.JHOOTH BOLE KAUVA KAATEThe number of crows determines the intensity of the lie.1 Crow: Half True2 Crows: Mostly lies3 Crows: Absolutely false Want to send us something for verification? Please share it on our  at 73 7000 7000  You can also send us an email at factcheck@intoday.com",NA,https://www.indiatoday.in/fact-check/story/man-clinging-on-to-wing-afghanistan-taliban-kabul-airport-1842101-2021-08-18
12,fact-check,Fact Check: This video does not show Ashraf Ghani fleeing Afghanistan,"(17, 8, 2021)","Former Afghan President Ashraf Ghani fled the country along with other officials soon after Taliban entered Kabul on Sunday, August 15. As per reports, he first went to neighbouring Tajikistan, from where he left for Oman. In a lengthy Facebook post, Ghani said he left Afghanistan to avoid bloodshed.

Many in Afghanistan condemned Ghani's escape, and social media too was not far behind. Now, a video of the former Afghan President boarding a flight is circulating on social media with the claim that it shows Ghani fleeing his country after Taliban took over.""Ashraf Ghani fleeing Afghanistan as Taliban takes control over the country. Ghani proved how much he loves his country and the people of Afghanistan,"" reads one such caption along with the video.Ashraf Ghani fleeing Afghanistan as Taliban takes control over the country.Ghani proved how much he loves his country and the people of Afghanistan. pic.twitter.com/cDqfcVD9B9— Afroz Alam (@AfrozJournalist) August 15, 2021
India Today Anti Fake News War Room(AFWA) has found that the viral post is not completely true. This video was taken last month when Ghani was leaving for a two-day visit to Uzbekistan.The archived version of the tweet can be seen here. The video with similar claims is also going viral on Facebook.READ: Ashraf Ghani: The Afghan president who failed to make peace with TalibanAFWA investigationUsing reverse image search, we found a screenshot of the video in some news articles from July 15, saying Ghani left Afghanistan to attend an international summit in Uzbekistan.With the help of keywords, we found that ""Tolo News"", a leading media outlet in Afghanistan, had tweeted the same video on July 15 with the caption, ""President Ashraf Ghani left Kabul this morning for a two-day visit to Uzbekistan, the Presidential Palace said.""President Ashraf Ghani left Kabul this morning for a two-day visit to Uzbekistan, the Presidential Palace said. #Afghanistan pic.twitter.com/cheJg9rg8P— TOLOnews (@TOLOnews) July 15, 2021
As per a report by ""Tolo News"", Ghani visited Uzbekistan to attend an international summit named ""Central and South Asia: Regional Connectivity, Challenges and Opportunities"". Indian external affairs minister S Jaishankar had also attended the conference.Therefore, it is clear that a month-old video is being wrongly circulated as Ghani fleeing Afghanistan after Taliban took over the country.As per reports Ghani escaped from Afghanistan on August 15 with four cars and a helicopter full of cash. Some reports say he is likely to head to the United States.Live TVREAD | Cost of America's war against the Taliban, financial and humanALSO READ | Unite to ensure Afghanistan isn't used as platform for terrorist outfits: Guterres tells UNSCWATCH | What does rise of Taliban in Afghanistan mean for India, Pak, US? | Experts weigh in INDIA TODAY FACT CHECK      ClaimVideo of former Afghan president Ashraf Ghani fleeing after Taliban took control of the country.ConclusionThough Ghani has indeed fled Afghanistan, the video was taken last month when he was leaving for a two-day visit to Uzbekistan.JHOOTH BOLE KAUVA KAATEThe number of crows determines the intensity of the lie.1 Crow: Half True2 Crows: Mostly lies3 Crows: Absolutely false Want to send us something for verification? Please share it on our  at 73 7000 7000  You can also send us an email at factcheck@intoday.com",NA,https://www.indiatoday.in/fact-check/story/afghanistan-president-ashraf-ghani-viral-video-fact-check-1841675-2021-08-17
