SN,category,headline,date,content,keywords,link
1,fact-check,Fact Check: This image of men in police gear and civil clothes is not linked to farmers’ stir,"(2, 2, 2021)","Security has been strengthened in sensitive places across the Capital since protesting farmers clashed with police on Republic Day, and with some locals at Singhu border two days later.

On social media, several users have picked on an image of a group of men in civil dress, donning helmets and other protective gear usually worn by law enforcement agencies. Many have sarcastically remarked that Delhi Police is deploying its personnel for the farmers’ protests in jeans and sweatshirts. Others in comments section said they are BJP and RSS workers.One such claim in Hindi translates to, “The great Delhi Police where people are sent on duty at the farmers’ agitation wearing jeans and sweatshirts.” The same picture has also been shared with tweets in Punjabi asking which state’s police have jeans as their new uniform.India Today Anti Fake News War Room (AFWA) has found the claims to be misleading. The picture is over a year old and was taken during anti-CAA protests in Delhi. The men belong to the Anti-Auto Theft Squad (AATS), whose members mostly operate in plain clothes while controlling an unruly mob.The archived versions of the posts can be seen here, here, and here.AFWA probeUpon reverse-searching the viral image, we found it in a report by “The Free Press Journal” dated December 17, 2019.The headline of the article reads, “Cop or RSS volunteer who’s the guy in plain clothes seen during CAA protests in Delhi?”Several social media handles had also shared the same picture on December 17, 2019, linking it to the protests against Citizenship Amendment Act. Many had then alleged that it was right-wing activists in police gear.#HinduphobicJamia@PMOIndia @narendramodi#WeAgainstCAB #IndiaRejectsCAB #CAAAgainstConstitution pic.twitter.com/phui1S1RyI— Kuldeep Bharti (@Kuldeepbharti81) December 17, 2019
This makes it clear that the viral image is more than a year old and not related to the ongoing farmers’ protest.Who are the men in civil dress?In 2019, the same picture was shared along with the Facebook profile of one ABVP member “Bharat Sharma”, with the claim that the man in red sweatshirt in the viral image is him. At that time, AFWA  had spoken to MS Randhawa, then DCP (Central), and Delhi Police public relations officer to figure out the identity of the man seen in the picture.Randhawa had confirmed to AFWA that the men seen with protective gear in the viral image are part of a specialised unit called Anti-Auto Theft Squad (AATS), whose members mostly operate in plain clothes while controlling an unruly mob.He added that the man in red sweatshirt is Arvind, a constable posted with AATS, and the group was deployed near New Friends Colony to control the violence that broke out at Jamia Millia Islamia University on December 15, 2019, in connection with the anti-CAA protests.Hence, it is clear that the viral picture is over a year old and not related to the ongoing farmers’ agitation. The men in the picture are part of Anti-Auto Theft Squad, whose members are mostly deployed in civil dress.READ | Fact Check: No, 200 policemen in Delhi haven't resigned in support of farmersREAD | Delhi Police prepared with 'anti-sword squad' in case of violence during farmers' protestWATCH | Farmer unions announce 3-hour nationwide 'chakka jam' on Feb 6 INDIA TODAY FACT CHECK      ClaimPicture shows men in civil dress deployed by Delhi Police at farmers’ protest. ConclusionThis picture is from the 2019 Jamia violence and the men belong to the Anti-Auto Theft Squad (AATS) whose members mostly operate in plain clothes.JHOOTH BOLE KAUVA KAATEThe number of crows determines the intensity of the lie.1 Crow: Half True2 Crows: Mostly lies3 Crows: Absolutely false Want to send us something for verification? Please share it on our  at 73 7000 7000  You can also send us an email at factcheck@intoday.com","['India', ' New Delhi', ' Farmers Protest', ' Delhi Police', ' Attacks', ' Violence', ' Republic Day', ' Singhu Border', ' AATS', ' CAA', ' Anti-CAA protests in Delhi', ' three new farm laws']",https://www.indiatoday.in/fact-check/story/fact-check-this-image-of-men-in-police-gear-and-civil-clothes-is-not-linked-to-farmers-stir-1764978-2021-02-02
2,fact-check,Fact Check: Pro-Khalistan rally in San Francisco passed off as farmers’ agitation in India,"(31, 1, 2021)","An image of a man holding a placard against the Ram temple has gone viral with the claim that it was taken during the ongoing farmers’ agitation.

Many Twitter and Facebook users have shared the picture, raising questions on the real intent of the protests. Delhi BJP leader Kapil Mishra tweeted the picture asking if they are farmers, while some others have linked it with the Republic Day violence in the Capital. India Today Anti Fake News War Room (AFWA) has found that the picture is from San Francisco, United States, where a pro-Khalistan rally was held on Republic Day in front of the Indian consulate. Anti-India and pro-Khalistan slogans were raised. Protest against the farm laws was also on the agenda.The archived versions of the posts are saved here, here, here and here.The truthOn Facebook, some users had commented below the viral picture that it was from an event in California. Using a combination of keyword search and reverse image search, we found that the original picture with a broader view was posted by a Reddit user a couple of days back.The viral image was tweeted by several verified users, including filmmaker Vivek Ranjan Agnihotri, on January 29, calling it a Khalistani protest in Silicon Valley.In the meantime, Khalistanis in the Silicon Valley of USA. Farmers Protest? Really? Are you so naive? pic.twitter.com/k2MHyR4Pcw— Vivek Ranjan Agnihotri (@vivekagnihotri) January 29, 2021
Agnihotri had also tweeted a video of a protest from California, where Khalistan flags are clearly visible.We found that on January 26, a pro-Khalistan demonstration took place in front of the Indian consulate in San Francisco, California. Pro-Khalistan slogans were raised, anti-India banners were displayed and posters demanding the release of Khalistani leaders were seen at the protest site. Farms laws too were part of the protest agenda.A local news website at San Francisco had covered the event, which can be seen here.Comparing the viral image and the picture posted by Agnihotri with the Google Street View Image of the Indian consulate in San Francisco and some other buildings, we are confirmed that the location is the same.Hence, it can be said that the viral image showing a placard against Ram mandir is not from any farmer’s protest in India. The image is from San Francisco, where Pro-Khalistan supporters demonstrated in front of the Indian consulate on January 26. INDIA TODAY FACT CHECK      ClaimThis picture of a man holding a placard against the Ram temple at Ayodhya was taken during the ongoing farmers’ agitation. ConclusionThe picture is from San Francisco, United States, where a pro-Khalistan rally was held on Republic Day in front of the Indian consulate. Anti-India and pro-Khalistan slogans were raised. Protest against the farm laws was also on the agenda.JHOOTH BOLE KAUVA KAATEThe number of crows determines the intensity of the lie.1 Crow: Half True2 Crows: Mostly lies3 Crows: Absolutely false Want to send us something for verification? Please share it on our  at 73 7000 7000  You can also send us an email at factcheck@intoday.com",NA,https://www.indiatoday.in/fact-check/story/fact-check-pro-khalistan-rally-in-san-francisco-passed-off-as-farmers-agitation-in-india-1764565-2021-01-31
3,fact-check,"Fact Check: No boyfriend, no entry? These college circulars are too filmy to be true","(31, 1, 2021)","With just days to go before Valentine’s Week commences, two bizarre circulars apparently issued by SRM Institute of Science and Technology at Kattankulathur near Chennai and St. John’s College in Agra have gone viral on social media.

Both circulars talk about a new rule according to which it would now be mandatory for all female students to have a boyfriend. This step, as the viral circulars claim, is being taken for “security reasons”. The circulars also say that single girls won’t be allowed inside the campus, and in order to enter the college premises, girls will have to show a recent picture with their boyfriend.While the circular issued in the name of SRM has the alleged signature and stamp of the registrar, the one issued in the name of St. John’s was apparently signed by one Professor Ashish Sharma the associate dean of academic affairs.A Facebook user shared the purported SRM circular with the caption, “Pls forward this to Education Minister n Seal College Immediaty”. The archived version of this post can be seen here. Another Facebook user hared the circular apparently issued by St. John’s with the caption, “Notification.” The archived version of this post can be seen here.India Today Anti Fake News War Room (AFWA) has found that the circulars are morphed. Both SRM and St. John’s have called these notices fake.While some users have doubted the authenticity of these notices, many believe them to be true and are posting comments like, “How can educational institutions issue such notices?” Both circulars are viral on Facebook.There are several indicators that the circulars may not be genuine. Both letters have almost the same content, which is quite unlikely. We scanned the official websites and social media pages of both SRM and St. John’sClarification by SRM We found that SRM had issued a clarification but did not find any such notice which makes it mandatory for female students to have a boyfriend on its website, calling the viral circular fake. As per the notice, the institute has also filed a complaint with police to ascertain the source of the message. The complete notice issued by the institution can be seen below. We spoke to Dr S Ponnusamy, the registrar in-charge of SRM Institute of Science and Technology. “During the pandemic, we have sent several circulars to students under our official letterhead. Possibly, somebody has mischievously used one of those letterheads to create this fake circular. This is quite unfortunate and wehave lodged a police complaint,” he said.No Prof Ashish Sharma at St. John’s Agra’s St. John’s College has also called the letter fake and advised students to ignore it. The college has issued a clarification on its official Facebook page. The clarification has a notice signed by the principal, Professor SP Singh. The complete Facebook post can be seen below.


Speaking to India Today’s local correspondent Arvind Sharma, Professor Singh said that the viral letter is fake and bears the signature of a fictitious person named Professor Ashish Sharma. There is no faculty named Ashish Sharma in St. John’s College, Agra. Professor Singh’s complete version can be heard in this video.Thus, it is clear that the circulars issued in the names SRM Institute of Science and Technology, Chennai, and St. John’s College, Agra, mandating female students to have a boyfriend are morphed. INDIA TODAY FACT CHECK      ClaimSRM Institute of Science and Technology, Chennai, and St. John’s College, Agra, have issued circulars making it mandatory for female students to have a boyfriend. ConclusionThe circulars are fake. None of the two institutions have issued any such circular.JHOOTH BOLE KAUVA KAATEThe number of crows determines the intensity of the lie.1 Crow: Half True2 Crows: Mostly lies3 Crows: Absolutely false Want to send us something for verification? Please share it on our  at 73 7000 7000  You can also send us an email at factcheck@intoday.com",NA,https://www.indiatoday.in/fact-check/story/fact-check-no-boyfriend-no-entry-these-college-circulars-are-too-filmy-to-be-true-1764478-2021-01-31
4,fact-check,"Fact Check: No, 200 policemen in Delhi haven't resigned in support of farmers","(31, 1, 2021)","A post circulating on social media claims that 200 policemen in Delhi have tendered mass resignation in solidarity with the protesting farmers. This comes after clashes between farmers and police on Republic Day and between protesters and locals at Singhu border two days back. Farmers have been demonstrating along Delhi's borders for over two months now demanding a repeal of three farm laws.

""200 policemen in Delhi have given collective resignation in support of farmers. The party has just begun,"" says one such tweet in Hindi. India Today Anti Fake News War Room (AFWA) has found the claim to be false. Delhi Police has confirmed to India Today that there has been no mass resignation among its ranks.The archived versions of similar posts can be seen here, here, here, here and here.AFWA probeA mass resignation in Delhi Police, that too in support of the ongoing farmers' agitation, would have definitely made headlines. However, we could not find any credible media report substantiating the claim.For better clarity, India Today reached out to Anil Mittal, a Delhi Police public relations officer. Rubbishing the viral claim, Mittal said there has been no such collective step by Delhi Police personnel.""The social media claim is false. There has been no mass resignation in Delhi Police in support of farmers. Our personnel who were injured during the Republic Day violence are still recuperating in different hospitals,"" Mittal said.The Press Information Bureau has also confirmed the viral claim to be false.Meanwhile, on January 30, the Delhi Police Mahasangh, along with family members of personnel injured in the January 26 clashes, staged a demonstration against the violence. They were joined by retired as well as serving Delhi Police personnel.Delhi Police on January 29 had served notices to 12 farmers' leaders to join the investigation into the Republic Day violence. Therefore, it is clear that the post claiming 200 Delhi Police personnel resigned in solidarity with the protesting farmers is untrue. INDIA TODAY FACT CHECK      ClaimAs many as 200 Delhi Police personnel have submitted collective resignation in solidarity with the protesting farmers.ConclusionThere has been no such mass resignation in Delhi Police in support of farmers. Delhi Police has also confirmed the same.JHOOTH BOLE KAUVA KAATEThe number of crows determines the intensity of the lie.1 Crow: Half True2 Crows: Mostly lies3 Crows: Absolutely false Want to send us something for verification? Please share it on our  at 73 7000 7000  You can also send us an email at factcheck@intoday.com",NA,https://www.indiatoday.in/fact-check/story/fact-check-no-200-policemen-in-delhi-havent-resigned-in-support-of-farmers-1764456-2021-01-31
5,fact-check,Fact Check: Unrelated image shared as police action against protesting farmers,"(30, 1, 2021)","Scores of farmers and policemen were injured in the violence that erupted during the tractor rally in Delhi on Republic Day. Social media too is filled with pictures of the clashes.

Amid this, an image collage, one of a Nihang Sikh waving a sword at security personnel and another of an old man with a bandaged head and bruises on his face, is viral on social media with the claim that it is how police responded to the farmer who tried to attack them.The caption in Kannada along with one such image collage translates to, “This is the condition of a fake farmer who waved a sword at police.”Similar claims in Hindi translate to, “Look at what happened to him. Before and After”. India Today Anti Fake News War Room (AFWA) has found the claim to be misleading. While the first image of the Nihang Sikh is from January 26, the second one is of a farmer belonging to Kirti Kisan Union who met with a road accident in December last year.AFWA probeA reverse image search revealed that the first picture was carried in several news reports on January 26. According to the reports, the picture is from the violence that broke out at the tractor rally on Republic Day.“The Indian Express”, which carried the picture, captioned it as, “A Nihang supporter of farmers clashes with police at Ghazipur border during their ‘Kisan Gantantra Parade’.” According to the post, the men in the images are members of Kirti Kisan Union who met with an accident while they were on their way to join the protesting farmers at Delhi’s borders.When we did a reverse search of the second picture, we found it on Facebook among a set of images of a mangled tractor and some Sikh men with bruises on their faces. This post was made by Facebook page “Kirti Kisan Union” on December 28, 2020. The verified Facebook page of Bikram Singh Majithia, the general secretary of Shiromani Akali Dal, had also posted the same set of images on December 27, 2020, wishing a speedy recovery to the injured farmers.We also found a “News18 Punjab” report published on December 28, 2020, confirming that the pictures are of a road accident that took place near Khanna in Punjab.For better clarity, we reached out to Jitender Singh, the Punjab state secretary of Kirti Kisan Union, who confirmed that the picture is more than a month old.“The image is of an accident that took place near Khanna on December 26, 2020. There were almost twelve people in that tractor including our union members and some Nihang Sikhs from Wadala village. They were on their way to Delhi when their tractor was hit by another vehicle from behind,” Singh said.“While two of our members were severely injured in the head, others had minor injuries. After primary treatment, they continued for Delhi and are presently at the Kundli border. The Nihang Sikhs dispersed from the accident spot. Our members still have bruises on their faces,” Singh added.Assistant sub-inspector of Doraha police station Gurmail Singh who had visited the accident site in December last year also confirmed the incident.Hence, it is clear that the image of an old man with bruises on his face and a bandage on his head is of a Kirti Kisan Union member who had met with a road accident in Punjab almost a month before the Republic Day violence in Delhi. INDIA TODAY FACT CHECK      ClaimA fake farmer who waved a sword at security personnel during the Republic Day violence in Delhi was left with a bandaged head and bruised face. ConclusionWhile the image of a Nihang Sikh waving a sword at policemen is from the January 26 tractor rally, the second picture of the injured man is from December 2020. This man had met with a road accident in Punjab en route Delhi.JHOOTH BOLE KAUVA KAATEThe number of crows determines the intensity of the lie.1 Crow: Half True2 Crows: Mostly lies3 Crows: Absolutely false Want to send us something for verification? Please share it on our  at 73 7000 7000  You can also send us an email at factcheck@intoday.com",['Fact Check: Unrelated image shared as police action against protesting farmers '],https://www.indiatoday.in/fact-check/story/fact-check-unrelated-image-shared-as-police-action-against-protesting-farmers-1764295-2021-01-30
6,fact-check,Fact Check: Video of water tanker hitting women en route farmers' protest has no political connection,"(30, 1, 2021)","Amid the violent clashes that took place between the agitating farmers and Delhi police, a viral video on social media shows some women, who were on their way to take part in the farmers’ protest, being hit by a tanker.

If a post on a Twitter video is to be believed, in a moment of rage a BJP official hit some women when they were on their way to participate in the farmers’ protest march in Delhi.The Hindi caption to the video translates to, “Some women who were on way to take part in the farmers’ protest were hit and run over by an angry BJP worker with a water tanker. However, no media organisation showed these visuals and questioned the BJP leaders. Shameful.”The archived version of the post can be seen here.The primary member of the Congress, Alka Lamba also posted the video on her Twitter handle with the same claim stating that the incident is “shameful” and “gruesome”.The archived version of her tweet can be seen here.India Today Anti Fake News War Room (AFWA) has found that the claims made with this video are mostly false. The incident took place on January 26, 2021, in Amritsar. It was a local accident and had no political connection. THE TRUTH BEHIND THE VIRAL CLAIMWhile investigating the video, AFWA found that the incident took place in Amritsar where the water tanker hit five women, two of whom died, and three others were severely injured.The women were heading towards the Vallah Chowk to take part in an agitation supporting the farmers’ protest. Several media channels had reported the incident.For further clarifications about the accident, AFWA contacted Sanjeev Kumar, SHO of Vallah Police station, and Jagmohan Singh, DCP Law and Order Amritsar City Police. Both confirmed to AFWA that the incident was a local accident and no political connection. They also said the accident took place as the driver had lost control over his tanker.“The incident has no political connection. We have arrested the errant driver. A case had also been registered with the Vallah police station,” said Singh.Hence, it is clear that the claims made with this video on social media are mostly false. INDIA TODAY FACT CHECK      ClaimIn a moment of rage, a BJP official hit some women with a water tanker and ran over them, when they were on their way to participate in the farmers’ protest march in Delhi. ConclusionThe incident took place in Amritsar on January 26, 2021. A senior Amritsar City Police official confirmed that it was a local accident and had no political connection. The accident took place when the driver lost control of the tanker.JHOOTH BOLE KAUVA KAATEThe number of crows determines the intensity of the lie.1 Crow: Half True2 Crows: Mostly lies3 Crows: Absolutely false Want to send us something for verification? Please share it on our  at 73 7000 7000  You can also send us an email at factcheck@intoday.com",NA,https://www.indiatoday.in/fact-check/story/fact-check-video-of-water-tanker-hitting-women-en-route-farmers-protest-has-no-political-connection-1764205-2021-01-30
7,fact-check,Fact Check: Seven-year-old image from UP wrongly linked to farmers’ agitation,"(29, 1, 2021)","Amid the ongoing battle between farmers agitating against the three farm laws and police in Delhi, an image of a man wearing a Modi t-shirt attacking police personnel has gone viral. The image has been linked to the ongoing farmers’ protest.

Multiple Twitter and Facebook users have posted this image with Bangla, Hindi, and English captions.According to some of the posts with a Bangla caption, the person in the image disguised himself as a farmer and attacked the police to defame the protest against the farm laws. The caption also stated that his identity lies in the Modi t-shirt he’s wearing. India Today Anti-Fake News War room (AFWA) found that the viral image is seven-year-old and is from Uttar Pradesh. It has no connection with the ongoing farmers’ protest. On June 30, 2014, Bharatiya Janata Party (BJP) workers clashed with police in UP during protests against the Akhilesh Yadav government over rising crime rates in the state.The archived versions of the posts are saved here, here, and here.Truth behind the viral imageWith the help of reverse image search, we found the image in question was published as part of multiple media reports in 2014. The Telegraph has given the photo courtesy to Press Trust of India (PTI).The caption for the photo reads, “A BJP activist fights with a policeman during the protest outside the Assembly in Lucknow on Monday (PTI).” According to these news reports, on June 30, 2014, BJP as an opposition party protested against the ruling Samajwadi Party government against the spiralling cases of crime in Uttar Pradesh. During this protest, BJP workers fought police batons and water cannons outside the state Assembly in Lucknow.The same photo also went viral last year with the claim that this was a BJP worker fighting against the West Bengal police, which was debunked by the fact-checkers.Here again the image went viral with a misleading claim that it is linked to the ongoing farmers’ agitation. INDIA TODAY FACT CHECK      ClaimThe person in the photo disguised himself as a farmer and attacked police to defame the protest against farm laws. His identity lies in the Modi t-shirt he’s wearing. ConclusionThis is a seven-year-old photo from Uttar Pradesh. On June 30, 2014, BJP workers clashed with the police during protests against the Akhilesh Yadav government over rising crime rates in the state.JHOOTH BOLE KAUVA KAATEThe number of crows determines the intensity of the lie.1 Crow: Half True2 Crows: Mostly lies3 Crows: Absolutely false Want to send us something for verification? Please share it on our  at 73 7000 7000  You can also send us an email at factcheck@intoday.com","['farmers protest', ' delhi borders', ' farmers', ' singhu', ' protest', ' bharat bandh']",https://www.indiatoday.in/fact-check/story/fact-check-seven-year-old-image-from-up-wrongly-linked-to-farmers-agitation-1764071-2021-01-29
8,fact-check,Fact Check: This video of police damaging CCTV is not linked to January 26 tractor rally,"(29, 1, 2021)","The tractor rallies organised in Delhi on January 26 by farmers against the three farm laws had turned violent, resulting in clashes between protesters and police.

In this context, a video, purportedly showing security personnel trying to break a CCTV camera installed near a petrol pump, is being shared on social media blaming police for the violence on Republic Day.The caption in Hindi along with the video translates to, “I stand with Farmers. Now you can see who did the violent agitation, farmers or Modi’s police. #BoycottBJP”.I stand with Farmers#BoycottBJP pic.twitter.com/yDlrFhev2v— Ashok Danoda (@ashokdanoda) January 27, 2021India Today Anti Fake News War Room (AFWA) has found the claim along with the video to be false. This video is almost one year old and several media reports had linked it to the anti-CAA protests.The archived versions of similar posts can be seen here, here, here and here.AFWA probeWith the help of keyword search, we found the video in question shared by several news websites in February 2020. According to these reports, the video allegedly shows police damaging CCTV cameras at the Khureji Khas neighbourhood in East Delhi.We also found a screen grab from the same video carried in a report by The Quint. This portal spoke to a few shopkeepers near the petrol pump seen in the video who confirmed that the video is indeed from Khureji Khas. Quoting one of the shopkeepers, the report said, “The police broke the CCTV cameras that we had put up in our shops too. The one in the video was put up by the protesters at Khureji.”The Logical Indian had also shared the same video on its verified Facebook page on February 26, 2020.We found another report by Scroll.in on February 26, 2020, which has similar videos of police allegedly breaking CCTV cameras at the Khureji Khas anti-CAA protest site.According to reports, a sit-in protest site at Khureji Khas against the Citizenship Amendment Act (CAA) was cleared by Delhi Police on February 26, 2020.Several verified Twitter handles had also shared the video then. .@AmitShah @DelhiPolice ? ?pic.twitter.com/OapB7Jxyqw— (@30guptavivek) February 26, 2020Hence, it is clear that the video of police allegedly breaking CCTV cameras is linked to the anti-CAA protests in Delhi last year and not to the farmers’ agitation this Republic Day. INDIA TODAY FACT CHECK      ClaimVideo shows police breaking CCTV cameras during the violence that erupted in Delhi on Republic Day.ConclusionThis video is almost a year old. Several media reports in February 2020 had linked it to anti-CAA protests in East Delhi.JHOOTH BOLE KAUVA KAATEThe number of crows determines the intensity of the lie.1 Crow: Half True2 Crows: Mostly lies3 Crows: Absolutely false Want to send us something for verification? Please share it on our  at 73 7000 7000  You can also send us an email at factcheck@intoday.com",['Fact Check: This video of police damaging CCTV is not linked to January 26 tractor rally '],https://www.indiatoday.in/fact-check/story/fact-check-this-video-of-police-damaging-cctv-is-not-linked-to-january-26-tractor-rally-1763750-2021-01-29
9,fact-check,Fact Check: Dr Kafeel Khan was not part of tractor rally in Delhi on Republic Day ,"(28, 1, 2021)","The Republic Day violence in Delhi by protesting farmers has been the talking point on and off social media. Authorities have been cracking down on rioters who broke barricades, damaged vehicles and attacked policemen after some farmers' unions diverted from the routes designated for their tractor rally.

Meanwhile, a picture of Dr Kafeel Khan on a tractor is being widely circulated on social media with the claim that he was part of the January 26 tractor rally in Delhi. Khan was an accused in the Gorakhpur infant deaths case.A Facebook page named ""B.J.P West Bengal"" had posted the picture with a caption in Bengali that translates to, ""He is Dr Kafeel Khan, known for the Uttar Pradesh infant deaths case. He went to the farmers' protest in Delhi on a tractor. It seems he is also a farmer apart from being a doctor.""


 
Posted by B.J.P West Bengal on Wednesday, 27 January 2021This is not the official Facebook page of Bengal BJP. The archived version of the viral post can be seen here.The verified Twitter handle of filmmaker Ashoke Pandit also shared the picture and wrote a caption in Hindi which translates to, ""Meet Kafeel Khan, the oxygen thief from Gorakhpur. Today, he is spreading violence in Delhi as a farmer.""!! #___ #____ pic.twitter.com/R3bprp9S2T— Ashoke Pandit (@ashokepandit) January 27, 2021
India Today Anti Fake News War Room (AFWA) has found the claim along with the picture to be false. This is a screenshot from a video Khan had posted on social media, where he was giving tutorials on basic mechanisms of a tractor. On January 26, Khan was in Jaipur participating in a Republic Day programme. He did not visit Delhi in the last one month.AFWA investigationUsing a combination of InVID and reverse image search, AFWA found that the picture circulated on social media is actually a screenshot from a video Khan had posted on his Twitter handle and YouTube channel.The video where he was giving tutorials on the basic mechanism of a tractor was posted by Khan on January 26 morning. The background of the video suggests that it was shot in a village. No other tractor could be seen in the background.To further confirm the incident, we contacted Khan directly. The pediatrician said he is presently in Jaipur and has not visited Delhi in the last one month. ""The video was shot in Langareeyawas in Jaipur district,"" he said.Khan said the video was shot on January 25, a day before the tractor rally. And on January 26, he was in Shaheen Institution at Jhotwara in Jaipur hoisting the Tricolour. In fact, he'd retweeted two videos on his Twitter handle on January 26, where he was seen observing Republic Day.AFWA then contacted Shoyeb Khan, the principal of Shaheen Institution, who acknowledged that Khan was in his school on January 26. Hence, it is proved that Khan was not part of the tractor rally in Delhi on Republic Day.(With inputs from Arpit Basu in New Delhi)  INDIA TODAY FACT CHECK      ClaimThis picture of Dr Kafeel Khan, an accused in the Gorakhpur infant deaths case, was taken at the tractor rally in Delhi on Republic Day.ConclusionThis is a screenshot of a video Khan had posted on social media, where he was giving tutorials on the basic mechanisms of a tractor. On January 26, he was in Jaipur participating in a Republic Day programme organised by a school. Khan did not visit Delhi in the last one month. JHOOTH BOLE KAUVA KAATEThe number of crows determines the intensity of the lie.1 Crow: Half True2 Crows: Mostly lies3 Crows: Absolutely false Want to send us something for verification? Please share it on our  at 73 7000 7000  You can also send us an email at factcheck@intoday.com",['Fact Check: Dr Kafeel Khan was not part of tractor rally in Delhi on Republic Day\xa0'],https://www.indiatoday.in/fact-check/story/fact-check-dr-kafeel-khan-was-not-part-of-tractor-rally-in-delhi-on-republic-day-1763724-2021-01-28
10,fact-check,Fact Check: Pulwama attack protest pictures shared as January 26 tractor rally violence,"(27, 1, 2021)","According to police, 17 government vehicles were damaged and over 300 barricades broken by protesting farmers in Delhi on January 26.

Amid this, a set of images showing cars on fire is viral on social media with the claim that these are scenes from the protest. One such caption read, “Latest images from Delhi..” India Today Anti Fake News War Room (AFWA) has found the claim to be misleading. These are 2019 images from a protest held in Jammu against the Pulwama terror attack.The archived versions of similar posts can be seen here and here.AFWA probe Let us now verify the three images separately. With the help of reverse image search, we found the above pictures in a 2019 article by “The Quint”. As per the report, the pictures were taken in Jammu on February 15, 2019, during a protest against the killing of 40 CRPF personnel in Pulwama in a suicide attack the day before. Both the pictures are credited to news agency Press Trust of India (PTI).The caption of the first image says, “Vehicles set on fire by protestors against the killing of CRPF personnel in the Pulwama terror attack, during a shutdown call given by Jammu Chamber of Commerce and Industry (JCCI) in Jammu.” The caption of the second image says, “Policemen patrol a street after vehicles set on fire by protestors against the killing of CRPF personnel in the Pulwama terror attack in Jammu.” The third picture in the viral set shows protesters gathered around a pile of burning tyres. We traced this picture to the website of international news agency Associated Press. Hence, it is clear that the images in question are almost two years old and part of a protest held in Jammu after the Pulwama terror attack. These pictures are not related to the violence witnessed in Delhi on January 26.Live TVRead | Fact Check: Video of cops pursuing sand mafia passed off as UP police chasing farmerRead | Fact Check: Truth of the flag hoisted at Red Fort by protesting farmers Watch | Edited clip of Mamata reciting Islamic prayers linked to Netaji event controversy INDIA TODAY FACT CHECK      ClaimImages show vehicles vandalised during the January 26 violence in Delhi. ConclusionThese are 2019 images from a protest held in Jammu against the Pulwama terror attack. However, Delhi too witnessed massive violence by protesting farmers on Republic Day. JHOOTH BOLE KAUVA KAATEThe number of crows determines the intensity of the lie.1 Crow: Half True2 Crows: Mostly lies3 Crows: Absolutely false Want to send us something for verification? Please share it on our  at 73 7000 7000  You can also send us an email at factcheck@intoday.com",NA,https://www.indiatoday.in/fact-check/story/fact-check-pulwama-attack-protest-pictures-shared-as-january-26-tractor-rally-violence-1763381-2021-01-27
11,fact-check,Fact Check: Video of cops pursuing sand mafia passed off as UP police chasing farmer,"(27, 1, 2021)","Republic Day in Delhi was marred by violence after protesting farmers broke barricades, damaged vehicles and attacked policemen after diverting from the routes designated for their tractor rallies.

Meanwhile, a video of a police Scorpio chasing a tractor has gone viral on social media. The man on the tractor drives haphazardly on an uneven riverbank, trying hard to dodge the police in hot pursuit. At the end of the video, the man drives his tractor inside the river. An annoyed policeman steps out of the Scorpio and looks helplessly as the tractor reaches almost the other end of the river.It is being said that this video shows Uttar Pradesh police chasing a farmer who was going to participate in the tractor rally on January 26. A Facebook user shared this video with the caption, “UP POLICE chasing a Farmer’s tractor going for Republic day parade. The tractor driver farmer is a Rockstar.”


India Today Anti Fake News War Room (AFWA) has found that the video has no connection with the R-Day tractor rally in Delhi. The video is of Uttarakhand police allegedly chasing the mining mafia. This incident took place on January 20.The archived version of the post can be seen here. The video along with similar claims is being widely shared on Facebook.AFWA probe We did a keyword search and found that a YouTube user had shared the same video on January 22. The user said the video is from Uttarakhand and shows police chasing a man involved in illegal mining. This caption gave us two possible clues about the video. Using a combination of keywords such as “Uttarakhand police chasing tractor” and “illegal mining”, we found a Gujarati news report by “ABP Asmita” which explains the story behind the viral video.The description of this video says, “A video of Uttarakhand police and mining mafia is going viral. In fact, the police had received a complaint about illegal mining in Kashipur. Police rushed to the spot with Scorpio to stop him. Seeing the police, the mafia took a tractor and started fleeing. Police also ran their car behind the tractor. However, the mafia landed the tractor in the river.”“Zee News” had also published a report about this incident on January 22.A video report by “Amar Ujala” published on January 22 carries the statement of Kashipur ASP Rajesh Bhatt. He says, “Illegal sand mining on the bank of river Kosi is a cause of concern. Police had received a complaint about illegal mining. When they reached the spot and chased the people involved in illegal mining, they escaped.”Ramesh Chandra, the local correspondent of India Today, confirmed that the chase took place at Bazpur in Uttarakhand’s Udham Singh Nagar district on January 20. We also sent the viral video to the Uttarakhand Police spokesperson. He told us that the tractor seen in the viral video has been seized by police.Therefore, it is clear that a video of Uttarakhand Police chasing a man allegedly involved in illegal sand mining is being wrongly circulated as Uttar Pradesh Police chasing a farmer on his way to Delhi to participate in the January 26 tractor rally.However, there have been allegations that the UP administration stopped many tractors which were on their way to Delhi to participate in the R-Day tractor rallies. INDIA TODAY FACT CHECK      ClaimAn Uttar Pradesh Police vehicle is seen here chasing a farmer’s tractor that was going to participate in the Republic Day tractor rally in Delhi. ConclusionThe video shows Uttarakhand Police chasing the illegal sand mining mafia. The incident took place on January 20 on the banks on River Kosi at Bazpur in Uttarakhand’s Udham Singh Nagar district.JHOOTH BOLE KAUVA KAATEThe number of crows determines the intensity of the lie.1 Crow: Half True2 Crows: Mostly lies3 Crows: Absolutely false Want to send us something for verification? Please share it on our  at 73 7000 7000  You can also send us an email at factcheck@intoday.com",['Fact Check: Video of cops pursuing sand mafia passed off as UP police chasing farmer '],https://www.indiatoday.in/fact-check/story/fact-check-video-of-cops-pursuing-sand-mafia-passed-off-as-up-police-chasing-farmer-1763360-2021-01-27
12,fact-check,Fact Check: Rahul Gandhi did not suggest replacing Indian Army with labourers at China border,"(26, 1, 2021)","A video of Rahul Gandhi speaking at a public meeting in Tamil Nadu is viral on social media with the claim that the Congress leader suggested replacing the Indian Army with labourers, farmers and workers at the volatile China border.

In the 26-second video, Gandhi is heard saying, “You are using the Indian Army, the Indian Navy, the Indian Air Force to protect India from China. If you use India’s labourers, India’s farmers, India’s workers, you will not need the Army, Navy and Air Force to be standing over there. China will not have the guts to come inside.”The caption along with one such video says, “Since Rahul Gandhi thinks that Indian Army can be replaced by Farmers & labourers, We request #NarendraModi ji #AmitShah ji please remove the VIP security provided to #rahulgandhi & replace it by Indian Farmers & labourers.”India Today Anti Fake News War Room (AFWA) has found that the viral clip is taken out of context from a longer speech Gandhi made on BJP’s economic policies. He was accusing the Centre of favouring a few big industrialists instead of helping the farmers and labourers of the country. Gandhi said China gathered strength to intrude into India due to the country’s weakening economy.The archived versions of similar posts can be seen here, here and here.AFWA probeWith the help of keyword search, we found the longer version of the video uploaded on the official YouTube channel of Rahul Gandhi on January 24, 2021. The video description says, “Interaction with weaver community at Odanilai, Erode”.After listening to this hour-long interaction, it can be clearly understood that Gandhi was speaking in the context of India’s economy and did not suggest replacing the Indian Army with labourers or farmers.In his speech, Gandhi accused the Centre of favouring a few big industrialists. He said if the government had instead focused on making the country’s economy self-sufficient by strengthening farmers, weavers and labourers, China would not have gathered the confidence to intrude into Indian territory. The Congress leader was responding to a demand by one of the weavers for special protection policies for the power loom sector.“China has seen that the Indian economy is on its knees. China can see that every single action of the Indian government is designed to strengthen five or six businesspeople and weaken India’s real strength the labourers, the workers, and the weavers. I can guarantee you that if India’s labourers, farmers and weavers were strong, were protected, and were given opportunities, China would never dare to come inside India,” Gandhi is heard saying in the video.He further says that if farmers, small and medium businesses were strong, then China, including its President, would be using products manufactured in India.“I can also guarantee you that if India’s farmers, labourers, small and medium businesses were strong, then the President of China would be wearing a shirt made in India. I can guarantee you that Chinese people would be driving Indian cars, that Chinese people would be flying Indian airplanes, that Chinese houses would have Indian carpets. Why is this not happening? Because our government is insisting on helping five to six of India’s rich businesspeople and killing and destroying India’s true strength,” he added.It was only after this that Gandhi said, “You are using the Indian Army, the Indian Navy, the Indian Air Force to protect India from China. If you use India’s labourers, India’s farmers, India’s workers, you will not need the Army, Navy and Air Force to be standing over there. China will not have the guts to come inside.” This can be heard at 17 minutes and 12 seconds into the original video.Several media houses had also reported Gandhi’s interaction with the weavers at Erode. The Congress leader was on a three-day campaign tour of Tamil Nadu for the upcoming assembly elections.Hence, it is clear that the viral video has been taken out of context. Gandhi was blaming India’s “weak economy” for Chinese intrusion and not suggesting replacing the Indian Army with labourers, farmers and workers.READ | Country's loss...: Rahul Gandhi as clashes break out during farmers' tractor rallyREAD | Mr 56 hasn't said 'China' in months: Rahul Gandhi's jibe at PM Modi after India-China clash in SikkimWATCH | Edited clip of Mamata reciting Islamic prayers linked to Netaji event controversy INDIA TODAY FACT CHECK      ClaimRahul Gandhi thinks that the Indian Army can be replaced by labourers and farmers.ConclusionThis statement is taken out of context from a longer speech where Gandhi said if farmers and labourers were made self-reliant, India’s economy would strengthen, and China wouldn’t have dared enter India.JHOOTH BOLE KAUVA KAATEThe number of crows determines the intensity of the lie.1 Crow: Half True2 Crows: Mostly lies3 Crows: Absolutely false Want to send us something for verification? Please share it on our  at 73 7000 7000  You can also send us an email at factcheck@intoday.com",NA,https://www.indiatoday.in/fact-check/story/fact-check-rahul-gandhi-did-not-suggest-replacing-indian-army-with-labourers-at-china-border-1762983-2021-01-26
