SN,category,headline,date,content,keywords,link
1,fact-check,"Fact Check: Can you get electrocuted through a geyser? Well, better be safe than sorry","(2, 11, 2021)","Winter's almost here and it's time for those hot showers. But what if you're told that bathing with the geyser switched on might get you electrocuted? Terrifying, right?

At least that's what some social media users claim while sharing a scary animation of a person getting electrocuted while bathing with the geyser on.Many have even attributed the video to Uttar Pradesh Police. The archived version can be viewed here. UP Police has not shared this video. This was confirmed to us by Rahul Srivastava, Additional SP ATS and Incharge of Social Media Cell, UP Police.We spoke to several experts who said it is quite possible to get an electric shock from a geyser if the earthing is not proper or if the bathroom wiring or geyser parts are faulty. However, given the kind of safety features modern geysers are equipped with, the probability of such an incident is low.In order to understand the risks associated with an electric geyser, let us first understand how it works.Geyser is an advanced version of immersion rodThe way an electric geyser functions is similar to the simple immersion rod, which we dip in a bucket of water to heat it up. It has a metallic tank fitted with two pipes - one acts as the inlet of cold water and the other as the outlet of hot water.A metallic heating element heats up the water in this tank by converting electrical energy into heat energy. A thermostat ensures that the water's temperature does not heat up above a certain value. The tank is covered with an external casing. There is a layer of insulation between the internal tank and the external casing which is meant to prevent heat loss. Is it possible to get shock from a geyser?The short answer is YES. There have been several incidents of people losing their lives due to electric shock from a geyser.In order to understand when a geyser can give an electric shock, we contacted Dr Navneet Gupta, professor at the department of electrical and electronics engineering at BITS Pilani.""In general, the probability of a person getting an electric shock while using the geyser with the switch still on is quite low because these days geysers come with multiple safety features. However, sometimes due to 'jugaad' (faulty/damaged) wiring and earthing issues, accidents might happen,"" Dr Gupta told AFWA.There can be several reasons for getting an electric shock from a geyser:Corrosion of heating element: Under normal conditions, the geyser's heating element is wrapped in a protective insulation layer that prevents current from seeping into water. But over time, the metal of the heating element can corrode and the electric current can leak into the water directly.Improper earthing: Earthing is a significant safety feature for any electrical appliance. Dr Prabhakar Tiwari, associate professor at Gorakhpur's Madan Mohan Malaviya University of Technology, says, ""Under normal conditions, any electrical charge leaked through the circuit seeps into the ground through the earthing wire. But if the earthing does not function properly and a short circuit happens, it might cause an electric shock.""Faulty wiring: If the wiring is not proper, there is a chance of the electric current moving into unintended parts of the equipment and can be a cause of shock.MCB not working: A Miniature Circuit Breaker (MCB) cuts off electricity in case of abnormal power fluctuations. If the MCB is not present, the chances of shock increase.It's advisable to get your geyser checked once in a while to be sure that there is no corrosion in the internal parts and the wiring is proper.To sum it up, it's unlikely that you'll get a shock from your geyser if the wiring is fine. However, it is a good practice to heat up the water and then switch off the geyser while using it. INDIA TODAY FACT CHECK      ClaimOne should never take a shower while the geyser is on. This can lead to the person getting electrocuted.ConclusionThough such incidents have been reported, they are rare and occur only when the earthing or geyser parts are faulty. However, geysers these days are equipped with advanced safety features.JHOOTH BOLE KAUVA KAATEThe number of crows determines the intensity of the lie.1 Crow: Half True2 Crows: Mostly lies3 Crows: Absolutely false Want to send us something for verification? Please share it on our  at 73 7000 7000  You can also send us an email at factcheck@intoday.com",NA,https://www.indiatoday.in/fact-check/story/fact-check-can-you-get-electrocuted-through-geyser-well-better-be-safe-than-sorry-1872464-2021-11-02
2,fact-check,Fact Check: Indira over Shivaji? Why social media flak for Uddhav is misplaced,"(1, 11, 2021)","A photograph of Shiv Sena chief and Maharashtra chief minister Uddhav Thackeray has gone viral showing him standing with folded hands in front of the portrait of late Prime Minister Indira Gandhi. A wall painting of Chhatrapati Shivaji can be seen in the background of the wooden plank upon which Gandhi’s portrait is mounted.

Netizens have shared the picture with the claim that Thackeray has insulted Marathi icon Shivaji by putting a wooden plank on his portrait to accommodate Gandhi’s picture.Twitter user “Smita Deshmukh” posted the picture and wrote, “A wooden plank on Chhatrapati Shivaji Maharaj to accommodate his new Matoshri. I’ve seen everything now.”The screenshot of Deshmukh’s tweet has been shared by multiple users on Facebook. India Today Anti Fake News War Room (AFWA) has found that the picture was clicked on October 31 at Thackeray’s residence-cum-office. Gandhi’s photograph was kept on a wooden stand away from the wall and it wasn’t covering Shivaji’s portrait either. The angle of the picture has confused netizens.Critical angle The viral picture was originally tweeted by the Maharashtra CM’s office on October 31 with a caption in Marathi which translates to, “Chief minister Uddhav Balasaheb Thackeray paid homage to former Prime Minister Indira Gandhi on the occasion of her death anniversary. He also appealed to build a strong nation on the occasionof National Resolution Day.”Several users replied to Deshmukh on Twitter pointing out that it was the angle of the photograph that has created confusion. User Walter Menezes posted images of Prince William as an example where a shot of him raising three fingers was misconstrued as a rude gesture from a different angle. Taking this as a clue, we tried to find other videos or images of the same event taken from different angles by other media outlets.We found that the same event was covered by DD Sahyadri News, which uploaded a video story on its YouTube channel on October 31. At 28 seconds into the video, we can see Thackeray garlanding Gandhi’s portrait.After closely examining the screengrabs of DD Sahyadri News, we found that the wooden tripod stand was not leaning on the wall against Shivaji’s portrait. There was a clear gap between the wall and the tripod. In the DD Sahyadri News video, we found only one shot of Gandhi’s portrait from the front. Observing it carefully, we saw that only a corner portion of the Shivaji portrait is visible behind Gandhi’s picture. It means the stand was not placed right in front of Shivaji’s portrait but at the side. Thackeray had also paid tributes to Iron Man Sardar Vallabhbhai Patel, whose portrait was kept on another wooden stand alongside Gandhi’s.We spoke to Sahil Joshi, the chief of Maharashtra’s Aaj Tak bureau, who was present at the event.According to him, a large portrait of Chhatrapati Shivaji adorns the wall of Thackeray’s meeting room. “The wooden stands were kept at the side of the portrait. There was roughly 2-3 feet distance between the stands and the wall. Since the photographer had taken the picture from the right, it looks like the stands are leaning on Shivaji’s portrait, but it was not so,” Joshi said.We found earlier pictures of Thackeray garlanding portraits of other respected personalities at the same room and these photographs were taken from the same angle. In none of these pictures, the wooden stands have covered the Shivaji portrait.Hence, it is only the angle from which the viral image was taken that has created the confusion. The wooden stand upon which Indira Gandhi’s picture was mounted had neither leaned on the wall nor did it cover the Shivaji portrait from the front. INDIA TODAY FACT CHECK      ClaimShiv Sena chief Uddhav Thackeray has insulted Marathi icon Chhatrapati Shivaji by putting a wooden plank on his portrait to accommodate Indira Gandhi’s picture. ConclusionThe picture was clicked on October 31 at Uddhav’s residence-cum-office. Indira Gandhi’s photograph was kept on a wooden stand away from the wall and it wasn’t covering Shivaji’s portrait either. The angle of the picture has confused netizens.JHOOTH BOLE KAUVA KAATEThe number of crows determines the intensity of the lie.1 Crow: Half True2 Crows: Mostly lies3 Crows: Absolutely false Want to send us something for verification? Please share it on our  at 73 7000 7000  You can also send us an email at factcheck@intoday.com",NA,https://www.indiatoday.in/fact-check/story/fact-check-indira-over-shivaji-why-social-media-flak-for-uddhav-is-misplaced-1872170-2021-11-01
3,fact-check,Fact Check: Has India never won against New Zealand in any ICC event?,"(1, 11, 2021)","After losing to Pakistan in their first match, India’s hopes to qualify for the semis of the T20 World Cup took a huge dent on Sunday as Virat Kohli’s men suffered another defeat against New Zealand.

With this defeat, social media users started analysing India’s performance against the Kiwis, especially in ICC events such as limited over tournaments and T20 World Cups. Many Facebook users have claimed, “India has never beaten New Zealand in ICC events.”India Today Anti Fake News War Room (AFWA) has found the claim to be misleading. It is true that India never won against the Black Caps in a T20 World Cup match. But in the 50-over format, India has won three of the eight ICC World Cup matches against New Zealand.While investigating the claim, we first conducted a keyword search to find head-to-head World Cup clashes between India and New Zealand.T20 World Cups We found a media report published after Sunday’s clash, which said that India and New Zealand have played three matches in T20 World Cups so far and the Men in Blue have lost all three. Before the match on Sunday, India had lost to New Zealand in the 2016 and 2007 T20 World Cups.ICC World Cups We found an India Today report dated July 9, 2019, which was just before the first semi-final of the last limited over World Cup.The report says that till then, India had played seven limited over World Cup matches against New Zealand. Of these, New Zealand had won four, while Team India won three. Since India lost the 2019 World Cup semi-final against the Kiwis, the present World Cup head-to-head status would be 5-3 in favour of New Zealand.A keyword search on the ESPN-cricinfo website also confirmed the same. It further shows that India had played only one match against New Zealand in ICC Champions Trophy, which it lost. A detailed search on this website revealed that India had won two group matches against New Zealand in the 1987 World Cup in Bengaluru and Nagpur. Then again, a Sourav Ganguly-led side had defeated New Zealand in the 2003 World Cup in Pretoria, South Africa.Hence, we can conclude that the viral claim is misleading. India has beaten New Zealand thrice in limited over World Cup matches.Also read: Fact Check: Netizens drive on the wrong side of facts on PM Modi’s Italy tourAlso read: Fact Check: False statement attributed to Dr Devi Shetty on Puneeth Rajkumar’s death goes viral INDIA TODAY FACT CHECK      ClaimIndia has never beaten New Zealand in ICC events. ConclusionIndia has played three T20 World Cup matches against New Zealand and lost all of them. But in the 50-over format, India has won three of the eight matches against New Zealand – two in 1987 and one in the 2003 World Cup.JHOOTH BOLE KAUVA KAATEThe number of crows determines the intensity of the lie.1 Crow: Half True2 Crows: Mostly lies3 Crows: Absolutely false Want to send us something for verification? Please share it on our  at 73 7000 7000  You can also send us an email at factcheck@intoday.com",['Fact Check: Has India never won against New Zealand in any ICC event? '],https://www.indiatoday.in/fact-check/story/fact-check-has-india-never-won-against-new-zealand-in-any-icc-event-1872132-2021-11-01
4,fact-check,Fact Check: False statement attributed to Dr Devi Shetty on Puneeth Rajkumar’s death goes viral,"(1, 11, 2021)","The untimely death of Kannada superstar Puneeth Rajkumar on October 29 has shocked everyone. Reports say he suffered a massive heart attack after a two-hour workout in the gym.

But did renowned heart surgeon Dr Devi Shetty say it was excessive fitness mania that led to the 46-year-old actor’s death?Soon after the death of Rajkumar, who was considered a role model by many for his fitness routine, a viral message attributed to Dr Shetty claims the actor died because of “doing too much to be fit”.“In the last few years, I have lost at least 8 to 9 people known to me personally, and a few celebrities too, who were in their 40s who died because of doing too much to be ‘fit’. Unfortunately, they only looked fit, six packs and all. Today Puneeth Rajkumar gets added to this list. In anything in life, MODERATION is the mantra. Any extreme of zero or 100 is not correct,” reads the message, apparently by Dr Shetty The message is mostly circulating on WhatsApp but many on Facebook have also shared it. However, India Today Anti Fake News War Room (AFWA) has found that the viral statement has been wrongly attributed to Dr Shetty. His office has called the message “fake”.Reaction from Narayana Health As soon as the message went viral, attributing it to Dr Shetty, the founder chairman of Narayana Health, his office reacted on Twitter to refute the claim.Replying to one of many such posts, Narayana Health issued a statement along with the viral message. The statement reads, “NH would like to clarify that this forwarded message, supposedly from Dr Devi Shetty, is fake and did not originate from his office. Any reference or attribution made to him is incorrect”.pic.twitter.com/SMKBZtyj6W— Narayana Health (@NarayanaHealth) October 30, 2021
Did Dr Shetty comment on Rajkumar’s death? Rajkumar died on October 29 and we tried to find if Dr Shetty has reacted anywhere to the same.We found a tweet by “Times Now” on October 29. Dr Shetty had participated in a TV discussion the same evening after the actor’s death.But at the very beginning of the discussion, he had clarified that he would not discuss about Rajkumar’s death or his heart condition.The eminent cardiac surgeon spoke about how Indians are genetically three times more vulnerable to heart attacks compared to Europeans. He warned that every 40-year-old Indian male is a heart patient unless proven otherwise. He also advised tests such as ECG, echocardiogram and cardiac CT angiograms, especially for people who exert themselves in gyms routinely.However, in the TV discussion, he never said anything similar to the viral message.Who’s the original author of the viral message? When the Facebook page “Campaign against Nutrition Quacks and Courses” posted the viral message on October 30, several users commented that it has been falsely attributed to Dr Shetty and the original author is “Purnima Ranganath”.Accepting their fault, the Facebook page attributed the viral message to “Purnima Ranganath”. Since the Facebook profile of “Purnima Ranganath” is private, we could not find the original post. AFWA tried to contact her to confirm about the viral message. We will update the article once the response comes.Also read: Fact Check: Netizens drive on the wrong side of facts on PM Modi’s Italy tourAlso read: Fact Check: These viral photos are of Rohingya, not the aftermath of Tripura clashes  INDIA TODAY FACT CHECK      ClaimAfter Kannada superstar Puneeth Rajkumar’s death, Dr Devi Shetty said he died because of “doing too much to be fit”. Everything should be done in moderation, Dr Shetty advised. ConclusionThe viral statement has been wrongly attributed to Dr Shetty. His office has called the message “fake”.JHOOTH BOLE KAUVA KAATEThe number of crows determines the intensity of the lie.1 Crow: Half True2 Crows: Mostly lies3 Crows: Absolutely false Want to send us something for verification? Please share it on our  at 73 7000 7000  You can also send us an email at factcheck@intoday.com",NA,https://www.indiatoday.in/fact-check/story/fact-check-false-statement-attributed-to-dr-devi-shetty-on-puneeth-rajkumar-s-death-goes-viral-1871800-2021-11-01
5,fact-check,Fact Check: Netizens drive on the wrong side of facts on PM Modi’s Italy tour,"(31, 10, 2021)","Prime Minister Narendra Modi is presently in Italy to attend the G20 summit. On Saturday, October 30, he also visited Pope Francis at his Vatican City residence.

Soon after, a picture of Modi is circulating on social media with the claim that, in a major humiliation, the PM was forced to take a taxi during his stay in Italy. The picture shows PM Modi along with a black vehicle that apparently has the 'taxi' logo on it.The claim in Hindi translates to, ""(The PM) has to ride a taxi in Italy. If we, being in the Opposition, are not able to tolerate it, imagine the condition of Bhakts who are forced to see the humiliation of their God on foreign soil."" India Today Anti Fake News War Room (AFWA) has found that the picture is doctored.The archived versions of the posts are saved here and here.AFWA probe The viral picture has the watermark of news agency ANI, which was our biggest clue. We visited the official Twitter handle of ANI and found the original image posted at 1.23 pm on October 30.""Prime Minister Narendra Modi departs from the Vatican after his meeting with Pope Francis,"" reads the tweet along with a set of three images, including the viral one.Prime Minister Narendra Modi departs from the Vatican after his meeting with Pope Francis pic.twitter.com/KXdOyKvPSA— ANI (@ANI) October 30, 2021
However, here we found the taxi logo on PM Modi's vehicle missing. Comparing this picture with the viral one, it becomes clear that the viral picture is an edit hit job. We also found a video with the same caption uploaded by ANI on their YouTube channel. The exact frame can be seen in this video at 0.39 seconds.Therefore, it is confirmed that the viral image of PM Modi apparently riding a taxi in Italy is morphed.(Inputs by Riddhish Dutta in Kolkata)  INDIA TODAY FACT CHECK      ClaimPrime Minister Narendra Modi humiliated in Italy, had to take a taxi for his trips.ConclusionThe picture is morphed. The original image tweeted by ANI does not have the ‘taxi’ logo on PM Modi’s vehicle. The picture was captured on October 30 while the PM was leaving Vatican City after meeting Pope Francis.JHOOTH BOLE KAUVA KAATEThe number of crows determines the intensity of the lie.1 Crow: Half True2 Crows: Mostly lies3 Crows: Absolutely false Want to send us something for verification? Please share it on our  at 73 7000 7000  You can also send us an email at factcheck@intoday.com",NA,https://www.indiatoday.in/fact-check/story/fact-check-netizens-drive-on-the-wrong-side-of-facts-on-pm-modi-s-italy-tour-1871797-2021-10-31
6,fact-check,NA,NA,NA,NA,https://www.indiatoday.in/fact-check/video/fact-check-old-video-falsely-shared-as-tripura-cop-helping-rioters-destroy-muslims-houses-1871720-2021-10-31
7,fact-check,NA,NA,NA,NA,https://www.indiatoday.in/fact-check/video/photos-rohingya-muslim-tripura-clashes-quran-india-today-afwa-1871677-2021-10-31
8,fact-check,NA,NA,NA,NA,https://www.indiatoday.in/fact-check/video/fact-check-video-no-blue-moon-on-halloween-this-time-1871463-2021-10-30
9,fact-check,Old video falsely shared as Tripura cop helping rioters destroy Muslims’ houses,"(29, 10, 2021)","A video of a policeman chanting ‘Jai Shree Ram’ while walking through a narrow road with a group of people is viral on social media with the claim that this is how Tripura cops are helping rioters destroy mosques and Muslims’ houses.

In the video, some men can be seen wearing saffron scarfs and waving saffron flags. Part of a Hindi slogan - “Ghar-ghar bhagwa chhayega’ can also be heard towards the end. This video is being widely shared against the backdrop of the recent attacks on a mosque and Muslim properties in Tripura.A Twitter user shared this video with the caption, “This is Tripura Police. Leading the rioters to burn Muslims' houses, mosques and their shops, with their slogans. #SaveTripuraMuslim #TripuraAntiMuslimsRiots.” The Archived version of this tweet can be seen here.India Today Anti Fake News War Room (AFWA) has found that the viral video has been doing the rounds since at least 2018. Hence, it is certainly not related to the recent violence in Tripura.AFWA probe Using keyword search, we found that a longer version of the viral video was shared on Facebook on March 26, 2018. In this version, two slogans - ‘Ghar-ghar bhagwa chha gaya, Ram raj fir aa gaya’ and ‘Ek hi nara, ek hi naam, Jai Shree Ram, Jai Shree Ram’ can be heard.Here, the video was shared with a caption in Hindi which translates to: “This is Yogi Adityanath’s Rambhakt police. The policeman raised the slogans of Lord Ram.” A YouTuber had also shared this video on November 25, 2018 with the caption, “In Ayodhya, police too said Jai Shree Ram.”An officer from the Tripura police department confirmed to India Today that the video in question is not from the northeastern state.On October 26, 2021, a mosque was vandalised and two shops were set ablaze at the Chamtilla area of North Tripura during a Vishva Hindu Parishad (VHP) protest procession. Following these incidents, section 144 was imposed in the area. BJP has formed a five-member probe committee from the party’s minority cell to investigate what led to the violence.We could not independently verify the exact timing and location of the video.Evidently, an old video is being falsely circulated as Tripura police supporting rioters to burn Muslims’ homes. INDIA TODAY FACT CHECK      ClaimThis video shows a Tripura cop accompanied by a group supporting rioters to destroy houses of Muslims. ConclusionThis video has been on the internet for at least three years. It is not related to the recent violence that took place in Tripura.JHOOTH BOLE KAUVA KAATEThe number of crows determines the intensity of the lie.1 Crow: Half True2 Crows: Mostly lies3 Crows: Absolutely false Want to send us something for verification? Please share it on our  at 73 7000 7000  You can also send us an email at factcheck@intoday.com","['tripura communal violence', ' tripura violence against muslims', ' mosque attacked in tripura', ' fake news of violence in tripura']",https://www.indiatoday.in/fact-check/story/old-video-falsely-shared-as-tripura-cop-helping-rioters-destroy-muslims-houses-1871252-2021-10-29
10,fact-check,"Fact Check: These viral photos are of Rohingya, not the aftermath of Tripura clashes ","(29, 10, 2021)","Photos of a woman crying with a child and men carrying burnt copies of the Quran are being circulated on social media with the claim that they are from a recent unrest in Tripura.

Recently, several reports of clashes between different communities were reported from the north-eastern state. Soon after, these images were shared widely.One such post can be seen below. The archived versions of similar posts can be seen here and here.India Today Anti Fake News War Room (AFWA) has found that the claim along with the images is misleading. While the first photo is of a Rohingya Muslim woman detained by the Border Security Force (BSF) at the India-Bangladesh border, the second is from a blaze at a Rohingya refugee camp at Kanchan Kunj in Delhi.AFWA probe Image 1 With the help of a reverse search on Google, we found the first image carried by multiple media outlets on reports about the Rohingya crisis. The image has been used with credit to Reuters and is at least from 2019.After a further search, we found the same image carried by Reuters on January 22, 2019. According to the description provided by Reuters, the photo shows a Rohingya Muslim woman detained by BSF soldiers while crossing the border from Bangladesh at Raimura village on the outskirts of Tripura capital Agartala. Image 2 We found the same image of men carrying burnt copies of the Quran uploaded along with a set of other photos by independent journalist and founder of an NGO (Miles2Smile) working for victims of violence - Aasif Mujtaba on his Facebook and Instagram profile on June 13. According to Aasif’s post, the image is from a blaze that happened in June 2021 at a Rohingya settlement at Kanchan Kunj in Delhi.When AFWA reached out to Aasif, he told us that the images were clicked by photojournalist Md Meharban who was present during relief operations after blaze at Kanchan Kunj. We then contacted Md Meharban who confirmed to us that the images were indeed clicked by him.After the photo started circulating with the claim that it was from Tripura, Aasif also reposted the same set of images on Twitter and clarified that the images are from a Rohingya refugee camp in Delhi, and not Tripura.These images are from the recent fire mishap at Rohingya Refugee camp at Kanchan Kunj, New Delhi and not from Tripura. We got these images when @miles2smile_ started the relief work in June this year.Kindly do not share the misinformation #TripuraAntiMuslimRiots pic.twitter.com/T0voGcTLtU— Aasif Mujtaba (@MujtabaAasif) October 28, 2021
The Rohingya refugee camp fire of June 12 was reported by multiple media houses. The incident had burned down the temporary houses of around 53 families. No casualties were reported.Unrest in TripuraRecently, a mosque, some shops, and houses owned by members of the Muslim community were allegedly vandalised during a Vishwa Hindu Parishad rally in North Tripura’s Panisagar. To bring the situation under control, the local administration has now imposed restrictions under Section 144 CrPC in Panisagar and neighbouring Dharmanagar. However, the Tripura Police on Thursday said that the law-and-order situation in the state is ""absolutely normal"" and no mosque was set on fire there.It is, however, clear that the images in circulation are old and not from Tripura. INDIA TODAY FACT CHECK      ClaimThese are photos from the recent violence in Tripura. ConclusionThe first image shows a Rohingya Muslim woman with her daughter after they were detained by BSF soldiers while crossing the border from Bangladesh in 2019. The second photo of men carrying burnt copies of the Quran is from a fire mishap at a Rohingya Refugee camp in Delhi in June this year.JHOOTH BOLE KAUVA KAATEThe number of crows determines the intensity of the lie.1 Crow: Half True2 Crows: Mostly lies3 Crows: Absolutely false Want to send us something for verification? Please share it on our  at 73 7000 7000  You can also send us an email at factcheck@intoday.com",NA,https://www.indiatoday.in/fact-check/story/fact-check-these-viral-photos-are-of-rohingya-not-the-aftermath-of-tripura-clashes-1871180-2021-10-29
11,fact-check,Fact Check: Artwork circulates as fulgurite found on seashore ,"(28, 10, 2021)","A set of two stunning images from a seaside, purportedly of a fulgurite, is viral on social media. “When Lightning Strikes Sand. It’s called fulgurite,” reads the caption of one such post on Facebook.

Fulgurite is natural silica-rich glass formed when lightning strikes slightly wet sand or bare rock. They are commonly less than three centimetres and cylindrical. India Today Anti Fake News War Room (AFWA) has found the claim, along with the images, to be misleading. These are images of a sandcastle created by academic and artist Matt Kaliner.AFWA PROBEReverse-searching the images, we found that they were carried by multiple websites in 2015. According to these websites, the photographs show a sandcastle created by Matt Kaliner, a sociology lecturer at Wellesley College in the United States. He’s also an architect.  Beautiful images of sandcastles, including the viral ones created by Kaliner, were carried by 'The Atlantic' in a report published in August 2015. Kaliner has made such sandcastles on beaches around Boston, Puerto Rico and Mexico. “I am motivated entirely by the sheer joy of playing on the beach, and making something out of what I can find that day,” Kaliner was quoted by “The Atlantic” as saying. Kaliner began the practice more than a decade ago and his work started gaining public attention after he started posting it on Flickr.In an interview with Boston University radio that features his sandcastles, Kaliner had explained that his sandcastles are made from driftwood, a bit of string and dripped sand. “The principle is you use anything you find on the beach,” he’d added in the interview.Images of some natural fulgurite can be seen below. Hence, it is clear that the images in question are not natural fulgurites, but sandcastles created by a US-based artist. INDIA TODAY FACT CHECK      ClaimImages show fulgurites created on the seashore when lightning struck the sand. ConclusionThese are sand castles created by academic and artist Matthew Kaliner of the United States. In an interview, Kaliner had explained that his sandcastles are made from driftwood, a bit of string and dripped sand. JHOOTH BOLE KAUVA KAATEThe number of crows determines the intensity of the lie.1 Crow: Half True2 Crows: Mostly lies3 Crows: Absolutely false Want to send us something for verification? Please share it on our  at 73 7000 7000  You can also send us an email at factcheck@intoday.com",NA,https://www.indiatoday.in/fact-check/story/artwork-circulates-as-fulgurite-found-on-seashore-1870741-2021-10-28
12,fact-check,Fact Check: Is this UP Police’s ‘cure’ for those cheering India’s T20 defeat to Pakistan? ,"(28, 10, 2021)","Uttar Pradesh police have so far arrested seven people for celebrating Pakistan’s victory against India in the T20 World Cup match. As per reports, chief minister Yogi Adityanath has said that those celebrating Pakistan’s victory will face sedition charges.

In this context, a video of a man in uniform thrashing three youths inside a vehicle and forcing them to say “Pakistan Murdabad” is circulating on social media with the claim that this was how UP Police thrashed those celebrating Pakistan’s victory over India in the T20 match. However, India Today Anti Fake News War Room (AFWA) has found that the video is four years old and not connected to the recent developments.The archived versions of the posts are saved here and here.AFWA probeUsing InVID and reverse image search, we found that the video circulated widely on social media in 2017. Senior journalists such as Hamid Mir and Ahmer Khan had tweeted the video claiming it to be from Kashmir.This is an act of weakness from an Army who cannot win Kashmir.Indian soldiers forcing Kashmiri students to raise slogans against Pakistan pic.twitter.com/0899xfwoYz— Hamid Mir (@HamidMirPAK) April 15, 2017
The video was also uploaded on YouTube on April 16, 2017, with the title: Indian Forces brutally beat up Kashmir Youth only to make them chant “Pakistan Murdabad”. News websites such as “ScoopWhoop” and “The Indian Express” had reported about the video in 2017. But it wasnot clear who shot the video and where it was shot.The video created controversy on social media, forcing the Army to take note. Defence spokesman Col Rajesh Kalia had said the veracity of the video was being ascertained, according to “The Indian Express” report. “Action will be taken against those found guilty of misconduct,” Col Kalia had added.Therefore, it is confirmed that though celebrations broke out in parts of India after its defeat to Pakistan in the T20 match, the video in question is at four years old. INDIA TODAY FACT CHECK      ClaimThese men were raising ‘Pakistan Zindabad’ slogans after India’s defeat in the T20 World Cup match. Uttar Pradesh police thrashed them black and blue.ConclusionUP police have so far arrested seven people for celebrating Pakistan’s victory against India in the T20 match. But the viral video is from 2017 and it had created much controversy then.JHOOTH BOLE KAUVA KAATEThe number of crows determines the intensity of the lie.1 Crow: Half True2 Crows: Mostly lies3 Crows: Absolutely false Want to send us something for verification? Please share it on our  at 73 7000 7000  You can also send us an email at factcheck@intoday.com",NA,https://www.indiatoday.in/fact-check/story/fact-check-is-this-up-police-s-cure-for-those-cheering-india-s-t20-defeat-to-pakistan-1870695-2021-10-28
