SN,category,headline,date,content,keywords,link
1,fact-check,"Fact Check: No, Centre has not removed the nationality column from Indian passports","(8, 1, 2021)","A message claiming that the Indian government has removed the column for nationality in Indian passports is going viral on social media.

The claim in Hindi in the form of a WhatsApp message attributed to one Syed Etemad Uddin advocate translates to, ""Legal Update: Modi government has removed the ""Nationality"" column from Indian passports. So, make sure not to destroy or lose your old passports."" India Today Anti Fake News War Room (AFWA) has found the claim to be false. The official spokesperson to the Ministry of External Affairs confirmed to Indian Today that the nationality column is maintained in all travel documents including the passport, issued by the Indian government.The archived versions of similar posts can be seen here, here and here.AFWA probeAny move from the Central government to remove the nationality column from passports would have made headlines. However, we couldn't find any credible reports from any Indian media houses.The Ministry of External Affairs (MEA) is responsible for the issuance of Passports to Indian Citizens.Upon checking the Passport Seva website of the MEA, we couldn't find any notification regarding a change in the nationality column.We noted that nationality is still asked in the passport application form that is available on the Passport Seva website.For better clarity, we then reached out to Anurag Srivastava, the official spokesperson of the Ministry of External Affairs.Srivastava confirmed that the viral claim is false and the ministry has not removed the nationality column from any of its travel documents.""It is absolutely incorrect. In all categories of travel documents issued by the government, the nationality column is maintained, and there has been no change in the same,"" Srivastava clarified.AFWA also received a copy of the latest Indian passport issued on December 12, 2020. The ""Nationality"" column is clearly visible on the top of this passport. Earlier in February 2020, when Citizenship (Amendment) Act, 2019 (CAA) and National Register of Citizens (NRC) were being debated in the country, top government officials clarified that Aadhaar, voter ID card and passport were not citizenship documents.However, it is clear that the viral claim about the nationality column being removed from Indian passports is false. The Indian government still has the nationality column in all the categories of travel documents.(With inputs from Geeta Mohan)Live TVRead | Fact Check: This 'SSC' notice on new 'Tier-0' level exam to deal with server woes is fakeRead | Fact Check: Ex-Army man's video in support of farmers' protest shared with misleading claimsWatch | Fact Check: Is this an aerial shot of farmers protest ground at Singhu border? INDIA TODAY FACT CHECK      ClaimThe Indian government has removed the nationality column from Indian passports. ConclusionThe Ministry of External Affairs confirmed to India Today that the nationality column has not been removed from the passport or any other travel document issued by the Indian government.JHOOTH BOLE KAUVA KAATEThe number of crows determines the intensity of the lie.1 Crow: Half True2 Crows: Mostly lies3 Crows: Absolutely false Want to send us something for verification? Please share it on our  at 73 7000 7000  You can also send us an email at factcheck@intoday.com",NA,https://www.indiatoday.in/fact-check/story/fact-check-no-centre-has-not-removed-the-nationality-column-from-indian-passports-1757293-2021-01-08
2,fact-check,NA,NA,NA,NA,https://www.indiatoday.in/fact-check/video/fact-check-is-this-an-aerial-shot-of-farmers-protest-ground-at-singhu-border-1757255-2021-01-08
3,fact-check,Fact Check: Ex-Army man's video in support of farmers' protest shared with misleading claims,"(8, 1, 2021)","Several videos in support of the farmers' protest are viral on social media by men claiming to be army jawans. One such video that went viral on social media was of a Sikh man saying how he got labelled a ""terrorist"" for standing with the protesting farmers at the Delhi border, while he was hailed as a patriot when he stood at the China border wearing the uniform.

In the video, the man says, ""Prime Minister Narendra Modiji, I want to tell you one thing. When I was wearing this uniform and standing at the China border, I was a patriot. But when I removed the uniform and stood at Delhi border, I became a traitor, a terrorist, a Khalistani.""The full video can be seen below: A jawan asks questions, will bhakts and their god respond?#FarmersProtest pic.twitter.com/nmYFOj3auq— India Resists (@India_Resists) December 28, 2020
Now, according to a viral claim on social media, the man in this viral video is Punjabi singer and actor ""Goldy Manepuria"", who falsely claimed to be an Indian soldier and provoked protesting farmers through his video. Several media outlets also published articles supporting this claim.The caption in Hindi along with the screenshot of one such article translates to, ""The fake characters of a fake movement. A video has gone viral on social media in which a person claiming to be an Indian soldier is trying to provoke the farmers. When the investigation was done, it was found that he's a Punjabi singer and actor, and is not associated with the Indian Army. The name of the person is Goldy Manepuria. He's wearing an Army uniform in the viral video."" India Today Anti Fake News War Room (AFWA) has found the claim to be misleading. Though the man in the viral video is an artist, he did serve in the 175 Medium Regiment of the Indian Army from 2002-18.The archived versions of similar posts can be seen here, here and here.AFWA probeSearching the Internet using the keyword ""Goldy Manepuria"", we found an article by ""The Tribune"" carrying a picture of the same man seen in the viral video. According to the article published on January 4, Goldy is an ex-Army man based out of Punjab's Gurdaspur.We further found a Facebook page in the name of ""Goldy Manepuria"". According to the page, Goldy is a singer and writer. However, we found that the person has also shared several images of him in Army uniform on this page. We then reached out to Goldy, who confirmed to us that his real name is Manjinder Singh and he is an ex-Army man who served the Indian army for nearly 16 years.""I served the Indian Army from 2002-18. I was in the 175 Medium Regiment and served as Lance Havildar for almost four years. My last posting was at Siachen Glacier,"" he said.""My real name is Manjinder Singh and I'm from Manepuria village in Punjab's Gurdaspur district. People fondly call me Goldy. I'm not a full-time artist. I do music programmes at times with friends. Other times, I'm a farmer. It was very disheartening when people called us terrorists for protesting against the farm laws. That's the reason I'd put up that video,"" Goldy said.He also shared with us an image of his Army canteen card. Hence, the claim that Goldy Manepuria is a Punjabi artist who falsely claimed to be an Indian soldier is untrue. Goldy did serve in the Indian Army for 16 years and he's also a part-time singer.Live TV--- ENDS ---READ | Fact Check: Picture of 2013 Kumbh Mela gathering passed off as farmers' protestALSO READ | Fact Check: Fake 'National Geographic' magazine cover featuring farmers' protest goes viralWATCH | Farmers vs govt over farm laws: Who will blink first? INDIA TODAY FACT CHECK      ClaimA Punjabi singer and actor called Goldy Manepuria falsely claimed to be an Indian soldier and provoked protesting farmers through a video.ConclusionGoldy, whose real name is Manjinder Singh, did serve in the Indian Army for 16 years and he’s also a part-time singer.JHOOTH BOLE KAUVA KAATEThe number of crows determines the intensity of the lie.1 Crow: Half True2 Crows: Mostly lies3 Crows: Absolutely false Want to send us something for verification? Please share it on our  at 73 7000 7000  You can also send us an email at factcheck@intoday.com","[""support of the farmers' protest"", ' Sikh man army jawan farmer', ' Prime Minister Narendra Modiji', ' Khalistani farmers protest', ' Goldy Manepuria']",https://www.indiatoday.in/fact-check/story/fact-check-ex-army-man-s-video-in-support-of-farmers-protest-shared-with-misleading-claims-1756947-2021-01-08
4,fact-check,Fact Check: This 'SSC' notice on new 'Tier-0' level exam to deal with server woes is fake,"(7, 1, 2021)","Has the Staff Selection Commission (SSC) introduced a new 'Tier-0' level exam to deal with heavy traffic on its servers? This is what some social media users are claiming based on an apparent SSC notice doing the rounds.

SSC recruits staff for different posts in various ministries and departments of the Government of India and in subordinate offices. For this, it conducts competitive examinations that have several stages or levels called 'tiers'.The SSC has recently published a notification for the 'Combined Graduate Level Examination, 2020'. This exam is held in four tiers - the first two online, and the rest offline.Since then, a viral notice purportedly issued by SSC is doing the rounds on social media. It says, ""In the view of increasing Load on SSC server , the commission has decided to introduce a new Tier named ""Tier-0"". This will be qualifying in nature. The Candidate can only apply For Jobs after qualifying it. Further details will be shared in due course.""A Twitter user wrote, ""They have added a ""TIER-0"" in SSC exam. Only those students who can break through this server down stage will be eligible for TIER-1. Complete mental torture."" India Today Anti Fake News War Room (AFWA) has found that the notice which is being circulated on social media in the name of SSC is morphed. SSC has not issued any such notice.Another Facebook user shared the viral notice with a caption in Hindi which translates to, ""While UPSC is heading from tier 1 to tier 2, SSC has moved to tier 0. I'm clueless whether this should be called a step ahead or backward."" The archived version of this post can be seen here. Many Facebook users are sharing the notice with a dig at SSC.AFWA investigationWe found that the font used in the viral notice is different from the one used in notices posted on the official website of SSC. Also, the text alignment in the viral notice is different from official SSC notices.The notice in circulation has several grammatical errors as well, which is highly unlikely in an official order. This clearly means that the viral notice is morphed and has been created using a template of an original notice issued by SSC. Even the Press Information Bureau (PIB) has called the viral notice ""fake"" and clarified that SSC has not issued any such notice.A notice allegedly issued by the SSC claims that due to the increasing load on SSC servers a new tier named 'Tier-0' has been introduced and candidates can only apply for jobs after qualifying it.#PIBFactCheck: This notice is #Fake. No such notice has been issued by the SSC. pic.twitter.com/nco7f7xw13— PIB Fact Check (@PIBFactCheck) January 6, 2021
No mention on SSC websiteWe did not find any such notice about the introduction of 'Tier-0' level examination on the official website of SSC.While the viral notice is dated January 3, 2021, the last notice on the SSC website was issued on January 1. This notice is related to the last date for submitting online applications for 'Combined Graduate Level Examination, 2020'.Speaking to India Today, an SSC official confirmed that no such notice related to introduction of 'Tier-0' level in the examination has been issued by SSC till now.Coaching centres clueless about viral noticeSSC aspirants and coaching centres who closely follow latest developments and news related to the exam have also not heard about such a notice. A faculty in one such SSC coaching centre in Delhi, Baljeet Kaur, told AFWA, ""As the last date for submitting online application approaches, many a times the server crashes. Due to this, at times, the last date is extended. But it is really strange that people are sharing such morphed notices. This creates confusion among students.""Thus, it is clear that a morphed notice is being circulated in the name of SSC. The commission has not come up with any such order about introduction of a 'Tier-0' level in the examinations to deal with increasing traffic on its servers. INDIA TODAY FACT CHECK      ClaimDue to increasing load on Staff Selection Commission servers, a new 'Tier-0' level exam has been introduced and candidates can only apply for jobs after qualifying it.ConclusionThe notice which is being used as evidence to the claim is morphed. No such order has been issued by SSC.JHOOTH BOLE KAUVA KAATEThe number of crows determines the intensity of the lie.1 Crow: Half True2 Crows: Mostly lies3 Crows: Absolutely false Want to send us something for verification? Please share it on our  at 73 7000 7000  You can also send us an email at factcheck@intoday.com","[""Fact Check: This 'SSC' notice on new 'Tier-0' level exam to deal with server woes is fake""]",https://www.indiatoday.in/fact-check/story/-ssc-notice-on-new-tier-0-level-exam-to-deal-with-server-woes-fake-1756925-2021-01-07
5,fact-check,"Fact Check: This Batman wanted to save the city, but the video is not from Capitol Hill","(7, 1, 2021)","Even as supporters of Donald Trump laid siege to Capitol Hill, a video of a man dressed in Batman suit started circulating on social media with the claim that this was how one of the protesters turned up.

Several Facebook users shared the clip with the caption, ""Batman arrived at The US Capitol"".The short clip shows a man dressed as the caped crusader against evil, walking through a cloud of smoke, creating a surreal scene from Christopher Nolan's ""The Dark Knight Rises"". People start cheering in surprise, seeing someone in such realistic Batman attire.India Today Anti Fake News War Room (AFWA) has found that the viral clip is from last year when a man named Bob Gable, also known as ""Bucks County Batman"", showed up at an anti-racism protest in Philadelphia against the killing of African-American George Floyd by a white police officer.The archived versions of the post are saved here, here and here.When 'Batman' lent a helping handLooking through the viral clip carefully, we found that almost at the end of the clip, a man can be seen holding a placard that read, ""Justice George Floyd"". With the help of keyword search, we found some articles about a man turning up in a Batman costume in Philadelphia during the 'Black Lives Matter' protests after the killing of African-American George Floyd by a white police officer in Minneapolis. These articles were published last year around May and June.Several Twitter users had also posted the viral video on May 31, 2020, with the caption, ""Batman has arrived at a protest in Philadelphia looking for corrupt police officers"".An article published in ""The Philadelphia Inquirer"" on June 12, 2020, had identified the man as Bob Gable (43), a father of two and better known as ""Bucks County Batman"". Gable, who had turned up in a $12,000 Batsuit, told the website that he went to the protest to ""help in any way that I could"", to hand out water and to listen to young protesters.The Instagram user ""Bucks County Batman"" had uploaded the viral video on May 31, 2020, with the caption, ""Saving my city, be right back""View this post on InstagramA post shared by (@buckscountybatman)Hence, it is clear that the viral video showing a man in Batman costume is not associated with the recent protests in Capitol Hill, but from a 'Black Lives Matter' demonstration last year in Philadelphia. INDIA TODAY FACT CHECK      ClaimA protester dressed as Batman had arrived at the US Capitol Hill along with Donald Trump supporters who stormed the building on January 6.ConclusionThis clip is from last year when a man named Bob Gable, also known as ""Bucks County Batman"", showed up at an anti-racism protest in Philadelphia against the killing of African-American George Floyd by a white police officer.JHOOTH BOLE KAUVA KAATEThe number of crows determines the intensity of the lie.1 Crow: Half True2 Crows: Mostly lies3 Crows: Absolutely false Want to send us something for verification? Please share it on our  at 73 7000 7000  You can also send us an email at factcheck@intoday.com","['Fact Check: This Batman wanted to save the city', ' but the video is not from Capitol Hill']",https://www.indiatoday.in/fact-check/story/this-batman-wanted-to-save-city-but-video-not-capitol-hill-1756915-2021-01-07
6,fact-check,"Fact Check: After Capitol Hill siege by Trump supporters, Merkel’s parody tweet goes viral","(7, 1, 2021)","Hours after Donald Trump supporters stormed the United States Capitol Hill to stop the Congress from certifying President-elect Joe Biden’s election victory, a message said to be from German Chancellor Angela Merkel has gone viral on social media.

In the message attributed to Merkel, she says that her “departure from office is going to be very boring”, in an apparent reference to the Capitol Hill violence. Several Facebook and Twitter accounts have posted the message. India Today Anti Fake News War Room (AFWA) has found that the message was actually tweeted by a parody account of Merkel which people mistook as real. The German Chancellor does not have an official Twitter account.The archived versions of the posts are saved here, here and here.Origin of the messageAs several Facebook users claimed that Merkel had made the tweet, we looked for her official Twitter account and found none. Instead, we came across a Twitter account in her name with the handle “@Queen_Europe”, which had actually posted the viral message on January 7, 2021. This tweet had gathered 65,000 retweets till the filing of this story.I can assure you that my departure from office is going to be very boring.— Angela Merkel (@Queen_Europe) January 6, 2021
The Twitter bio of this handle mentions that it is a parody account. But the unverified Twitter account has a huge follower base. With more than 2.3 lakh followers and counting, the account is operational since 2011, and according to “TweetBeaver”, has so far posted over 3,000 tweets.As per German news website “Deutsche Welle”, the account was closed mysteriously in 2012. After some time, it was re-activated with the same handle, i.e. “@Angela_D_Merkel”. It was again closed and then re-opened with a new handle “@Queen_Europe”.In 2012, in an interview with “Deutsche Welle”, the impersonator with the hidden identity had said, “Essentially, I’m someone who grew up in Brussels, in Euroland, as part of the European generation. I just have a cynical take on all this, and that’s what I wanted to get across with this account.”The German Chancellor has no official Twitter account so far.There have been talks about her retirement plan though. As per news reports, Merkel, who has been leading Germany for 15 years, is not supposed to run for office for the fifth time and has decided to step down this year after four terms in office.Live TVALSO READ | Fact Check: Picture of 2013 Kumbh Mela gathering passed off as farmers' protestALSO READ | Fact Check: Fake 'National Geographic' magazine cover featuring farmers' protest goes viral INDIA TODAY FACT CHECK      ClaimAfter Donald Trump supporters laid siege to the US Capitol Hill, German Chancellor Angela Merkel tweeted that her departure from office is going to be “very boring”.ConclusionThe tweet was posted by a parody account of Merkel which people mistook as real. The German Chancellor does not have an official Twitter account.JHOOTH BOLE KAUVA KAATEThe number of crows determines the intensity of the lie.1 Crow: Half True2 Crows: Mostly lies3 Crows: Absolutely false Want to send us something for verification? Please share it on our  at 73 7000 7000  You can also send us an email at factcheck@intoday.com",NA,https://www.indiatoday.in/fact-check/story/fact-check-after-capitol-hill-siege-by-trump-supporters-merkel-s-parody-tweet-goes-viral-1756809-2021-01-07
7,fact-check,Fact Check: Picture of 2013 Kumbh Mela gathering passed off as farmers' protest,"(6, 1, 2021)","An aerial view of hundreds of tents on an open ground is circulating on social media with the claim that this is how the ""world's largest protest"" - the farmers' agitation near Delhi's Singhu border - looks like.

The text along with the picture says, ""Picture from worlds largest protest, Singhu border, Delhi."" India Today Anti Fake News War Room (AFWA) has found that the picture used is of the 2013 Maha Kumbh Mela at Prayagraj. Also, there is no credible report that says the ongoing farmers' agitation in India is the world's largest.The archived versions of similar posts can be seen here, here and here.AFWA probeReverse-searching the viral image, we found it in a blog on the 2013 Maha Kumbh Mela, which was held in Prayagraj (previously Allahabad) in Uttar Pradesh.Taking a cue from this, we further searched the Internet and found several similar pictures of the 2013 Maha Kumbh Mela on the stock image site ""Alamy"". The caption of one such picture reads, ""Tents/landscape during Maha Kumbh mela 2013 in Allahabad, India"".According to the image description provided by ""Alamy"", the photograph was clicked on February 8, 2013, at ""Allahabad Sangam Nagri, Bhulai Ka Pura Road, Govindpur, Teliarganj"". Here is a comparison between the viral image and the ""Alamy"" image. An aerial view of the ongoing farmers' agitation uploaded by ""The Lallantop"" on its YouTube channel can be seen below.Attended by millions of devotees, the Maha Kumbh Mela is a Hindu pilgrimage held at one of the four holy destinations in India - Prayagraj, Haridwar, Nashik and Ujjain - every 12 years by rotation. As per news reports, the 2013 Maha Kumbh Mela was attended by nearly 100 million devotees across the globe.Is this farmers' protest the world's largest?The ongoing farmers' agitation against the three farm laws is one of the largest protests in recent years. While more and more people are joining the movement, the number of farmers agitating at Singhu, Tikri and Ghazipur borders is in thousands.Some reports also suggest that the ongoing protests are the largest-ever mobilisation of farmers in independent India. However, no credible report states it is the world's biggest.In 2012, when the Nirbhaya incident shook the nation, citizens poured on to the streets in thousands demanding justice for the young woman who was gang-raped and tortured on a moving bus in the national Capital.In 2018, thousands of farmers from 24 Indian states marched to Delhi demanding a law for guaranteed minimum support price (MSP) and freedom from debts. In 2019 and the first half of 2020, India witnessed nationwide protests against the Citizenship (Amendment) Act and National Register of Citizens (NRC).Even internationally, we have had multiple instances of mass mobilisation recently, such as the Hong Kong protests against China, climate strike and Black Lives Matter protests.Hence, it is clear that the viral image is of the 2013 Maha Kumbh Mela held at Prayagraj that was attended by nearly 100 million people and not of the ongoing farmers' protest. Also, there is no credible report suggesting that the farmer's agitation against the Centre's farm laws is the biggest in the world. INDIA TODAY FACT CHECK      ClaimAerial view of farmers' protest near Delhi's Singhu border.ConclusionPicture is of the 2013 Maha Kumbh Mela held in Prayagraj, Uttar Pradesh, which was attended by nearly 100 million devotees.JHOOTH BOLE KAUVA KAATEThe number of crows determines the intensity of the lie.1 Crow: Half True2 Crows: Mostly lies3 Crows: Absolutely false Want to send us something for verification? Please share it on our  at 73 7000 7000  You can also send us an email at factcheck@intoday.com","['Farmers protest', ' Fact check']",https://www.indiatoday.in/fact-check/story/fact-check-picture-of-2013-kumbh-mela-gathering-passed-off-as-farmers-protest-1756553-2021-01-06
8,fact-check,Fact Check: Fake 'National Geographic' magazine cover featuring farmers' protest goes viral,"(5, 1, 2021)","Did National Geographic magazine dedicate its ""Winter 2020"" edition to the agitating farmers?An image that looks like a magazine cover with ""National Geographic"" written on it, along with a picture of a man wearing a turban, has gone viral with the claim that the cover story of the magazine features the ongoing farmers' protests at the Delhi border.

Several Facebook and Twitter users have shared the image and thanked National Geographic for the gesture. India Today Anti Fake News War Room (AFWA) has found that the said cover image is actually an imaginary artwork by an Instagram user. The National Geographic has not featured the farmers' agitation as a cover story in any of its editions till now.The archived versions of the posts are saved here, here and here.The truthWe looked thoroughly through the National Geographic website, but could not find any recent article or cover image highlighting the farmers' agitation in India.Rather, the recent editions of the magazine feature issues that are not even remotely related to the farmers' protests. Looking carefully, we found ""@anoopreet"" written at the right-hand bottom corner of the image. Searching through social media, we found the user's Instagram account.On January 3, 2021, she had posted this ""imagined cover"", mentioning clearly that this is her artistic creation based on a photograph clicked by photojournalist Ravi Choudhary of PTI.Ravi Choudhary had posted this picture on Instagram on December 27, 2020, with the caption, ""The Green revolutionaries of 2020!"" Hence, it is confirmed that the viral image circulated with the claim that it is the cover image of National Geographic magazine is actually an artwork of an Instagram user. The magazine has till now not featured the protest on the cover of any of its editions. INDIA TODAY FACT CHECK      ClaimThe Winter 2020 edition of National Geographic magazine is dedicated to the farmer's protest, with a cover image of a farmer wearing a turban. ConclusionThe said cover image is actually an imaginary artwork by an Instagram user. The National Geographic did not feature the farmers' agitation as a cover story in any of its editions till now.JHOOTH BOLE KAUVA KAATEThe number of crows determines the intensity of the lie.1 Crow: Half True2 Crows: Mostly lies3 Crows: Absolutely false Want to send us something for verification? Please share it on our  at 73 7000 7000  You can also send us an email at factcheck@intoday.com",NA,https://www.indiatoday.in/fact-check/story/fact-check-fake-national-geographic-magazine-cover-featuring-farmers-protest-goes-viral-1756171-2021-01-05
9,fact-check,Fact Check: Placard seeking release of Kashmiri separatists is not from farmers' protest,"(5, 1, 2021)","A picture of a young man in turban, holding a placard demanding the release of separatist Kashmiri leaders, is viral on social media with the claim that it is a scene from the ongoing farmers' agitation.

The text on the placard says, ""RELEASE ALL MAINSTREAM & PRO-FREEDOM KASHMIRI LEADERSHIP"". Names of Sikh groups Dal Khalsa and Shiromani Akali Dal (Amritsar) can be seen at the bottom of the placard.The Hindi caption with the picture, posted on the verified Twitter handle of Delhi BJP spokesperson Naveen Kumar, translates to, ""In the last three decades, terrorists have snatched away many a people from the lap of their mothers. When Hurriyat leaders stood in support of those terrorists, the heart cried a lot. Now that Narendra Modi has locked them up in jail, youth in the farmers' protest want them released. Seeing this, the soul of their ancestors would also cry."" India Today Anti Fake News War Room (AFWA) has found the claim to be misleading. This picture is from December 9, 2019, when Dal Khalsa and SAD (Amritsar) took out a rally from Amritsar to observe World Human Rights Day. The organisers wanted to march till Srinagar but were stopped at the Jammu border.The archived versions of similar posts can be seen here, here and here.AFWA probeReverse-searching the picture, we found it in a news report published by ""babushahi.com"" on March 11, 2020. But the article had no mention of the whereabouts of the picture. We then reached out to Dal Khalsa spokesperson Kanwar Pal Singh who confirmed to us that the picture is from a Dal Khalsa march held in December 2019.""The picture in circulation is from a march by Dal Khalsa and SAD (Amritsar) from Amritsar to Srinagar. We were planning to observe World Human Rights Day by holding a sit-in at Lal Chowk in Srinagar on December 10. However, the march was stopped at Madhopur-Kathua interstate border on December 9. The man in the picture is Angad Singh from Srinagar. He was in Amritsar at the time and decided to join our march,"" Kanwar Pal Singh said.The sequence of events was corroborated by a ""Hindustan Times"" report dated December 9, 2019.Kanwar Pal Singh also shared with us a picture of Angad Singh from the march. We compared this with a cropped version of the same image carried by news portal ""Sikh24.com"" on December 9, 2019. We then reached out to Angad Singh, who is presently in Srinagar.Speaking to AFWA, he said, ""I am the person seen in this picture. This image has been circulating on social media with different claims since 2019. I was doing a diploma course from Amritsar in 2019. When Dal Khalsa organised a march to Srinagar, I joined them. This picture was clicked on December 9, 2019, at Pathankot border.""""After lockdown, I left Amritsar and enrolled for a degree course at Kashmir University. I never visited the protesting farmers at Delhi's borders,"" he added.We found Angad in the same attire and holding the same placard as seen in the viral picture in some video reports on the Srinagar march. The title of one such video uploaded on December 10, 2019, on Republic World's YouTube channel says, ""Akali Dal And Dal Khalsa Activists Stopped From Entering Jammu And Kashmir"". Angad has also shared some images from the December 2019 march on his Facebook profile.Here is a comparison between the viral image and a picture shared by Angad on Facebook from the same location on December 9, 2019. On December 10, 2020, at Tikri border, the Bharatiya Kisan Union (Ugrahan) had put up posters of several activists currently in jail, to mark World Human Rights Day.However, it is clear that the viral picture of a Sikh youth demanding the release of imprisoned Kashmiri leaders is from a 2019 march and not related to the ongoing farmers' agitation against the three farm laws. INDIA TODAY FACT CHECK      ClaimYouth at farmers' protest holds up placard demanding release of separatist Kashmiri leaders.ConclusionYouth at farmers' protest holds up placard demanding release of separatist Kashmiri leaders.JHOOTH BOLE KAUVA KAATEThe number of crows determines the intensity of the lie.1 Crow: Half True2 Crows: Mostly lies3 Crows: Absolutely false Want to send us something for verification? Please share it on our  at 73 7000 7000  You can also send us an email at factcheck@intoday.com","[""Fact Check: Placard seeking release of Kashmiri separatists is not from farmers' protest""]",https://www.indiatoday.in/fact-check/story/fact-check-placard-seeking-release-of-kashmiri-separatists-is-not-from-farmers-protest-1756164-2021-01-05
10,fact-check,Fact Check: Picture of Pride parade from Kolkata goes viral as JNU protest against Hindu culture,"(4, 1, 2021)","A picture of a woman in a fancy wardrobe, with some others seen standing in the background, has gone viral on social media with the claim that these are students of Delhi's Jawaharlal Nehru University (JNU) protesting against Hindu women wearing saree and sindoor.

Claiming that this protest was carried out as part of a demonstration against the Citizenship Amendment Act (CAA), many social media users are questioning why such a movement was targeting Hindu culture.Several Facebook () and Twitter users have shared the picture with similar claims. A long Facebook post in Hindi associated the woman in the viral image with JNU and called such ""Leftist ideology"" a ""mental perversion"". India Today Anti Fake News War Room (AFWA) has found that the picture was taken in 2019 at a Pride parade in Kolkata. The woman is a visual artist and activist named Panchali Kar, who never studied in JNU. But though Pride parades primarily celebrate the LGBTQIA+ community, anti-CAA slogans were raised at this march.The archived versions of the posts are saved here, here, here and here.Not a JNU eventUsing reverse image search, we found the viral picture in an article on Bengali news portal ""Khas Khabar, where the woman has been identified as Panchali Kar, a visual artist known for her controversial Facebook posts and images.We found the viral image was posted on Panchali's Facebook page on December 30, 2019. The caption of the post reads, ""Pride, 2019."" The location was Baghbazar Street in Kolkata.There is not a single mention of JNU in Panchali's entire Facebook profile. When India Today reached out to her, she said, ""I have friends from JNU, but I personally have zero connection with JNU as an institution."" She said the viral picture is from the Kolkata Pride Walk of 2019.As per some web portals that had covered the event extensively, this is an annual event for the LGBTQIA+ community, which took place in Kolkata on December 29, 2019. Panchali took part in the event. Though Pride parades primarily celebrate the LGBTQIA+ way of life, their sexual preferences, achievements, CAA and NRC also found a place in the 2019 event.""At the 2019 Pride walk, we did raise slogans against NRC and CAA, because, why not? This was and still is a major crisis. But claiming that this picture is from an anti-CAA rally is hilarious,"" Panchali said, adding that this had happened with her earlier as well, when her pictures were downloaded and used in an incorrect context.Hence, it is clear that the claim along with the picture that it is a protest by JNU students against Hindu culture and CAA is misleading. INDIA TODAY FACT CHECK      ClaimThese are JNU students questioning why a Hindu woman should wear saree and sindoor. By wearing weird dresses, they are protesting against Hindu culture and CAA. ConclusionThis picture was taken in 2019 at a Pride parade in Kolkata. The woman is activist Panchali Kar, who never studied in JNU. Though Pride parades primarily celebrate the LGBTQIA+ community, anti-CAA slogans were raised at this march.JHOOTH BOLE KAUVA KAATEThe number of crows determines the intensity of the lie.1 Crow: Half True2 Crows: Mostly lies3 Crows: Absolutely false Want to send us something for verification? Please share it on our  at 73 7000 7000  You can also send us an email at factcheck@intoday.com",['fact check'],https://www.indiatoday.in/fact-check/story/picture-of-pride-parade-kolkata-goes-viral-jnu-protest-hindu-culture-1755869-2021-01-04
11,fact-check,Fact Check: Farmer seen collapsing on video at Singhu Border has not passed away,"(4, 1, 2021)","Several farmers have lost their lives in Punjab, Haryana and Delhi during the ongoing protests against three contentious farm laws introduced by the Centre. While most have died due to accidents or natural causes, some have also died by suicide in solidarity with the agitating farmers.

Amid this, a shocking video has gone viral on social media showing a man collapsing on a road after which some nearby people came to rescue him. It is being claimed that the video is of a farmer who died after collapsing at Singhu Border during the ongoing protests.The caption in Hindi translates to, “Farmer at Singhu Border dies live on camera. Those who only see pizza and biryani, jeans and BMW in farmers’ protests and think they are terrorists should also have a look.”, , pic.twitter.com/d16BpifUPB— Kavish (@azizkavish) January 3, 2021
India Today Anti Fake News War Room (AFWA) has found the claim along with the video to be untrue. The man seen in the video suffered a cardiac arrest at Singhu Border on January 3, but he is stable now.Some verified Twitter handles have also posted the video. The archive of the viral post can be seen here.AFWA investigationWe found that a journalist from Punjab named Gagandeep Singh had posted a video on Twitter in which a man, identifying himself as orthopaedist Lovepreet Singh Pabla, is seen clarifying the incident. Pabla says that the man who collapsed and whose video is going viral with the claim that he passed away is not dead.This morning, the news of the death of a farmer due to a fall has gone viral. Be sure to listen to this video. https://t.co/BiqrusJKDI pic.twitter.com/2DBm6rbesA— Gagandeep Singh (@Gagan4344) January 3, 2021
We found Dr Pabla’s contact number on the Internet and reached out to him. Pabla said the farmer seen in the viral video collapsed in front of him at Singhu Border on January 3, and reiterated that he is not dead. Pabla is an orthopaedist at Waves Hospital in Punjab’s Hoshiarpur district.“Our team, which visits the borders of Delhi every weekend to provide medical assistance to the farmers, checked the old man and found his blood pressure low,” Pabla said.The team diagnosed him after which he regained consciousness and returned to Amritsar for further treatment. Pabla told AFWA that the man’s name is Iqbal Singh and he had come to Singhu Border along with his relatives from Amritsar to participate in the protest.Pabla also posted the clarification video about the rumour on Facebook.With Dr Pabla’s help, AFWA contacted Iqbal Singh’s brother Jasbir Singh and nephew Amanbir Siali. Both assisted Iqbal Singh at the hospital in Amritsar and told us that he had suffered a severe heart attack, but is now stable and out of danger. Iqbal Singh is admitted at Randhawa Hospital in Amritsar.As per Jasbir Singh, 74-year-old Iqbal Singh retired from the post of sub-divisional officer (SDO) at the Public Works Department in Uttar Pradesh. He doesn’t receive government pension due to some legal issues, the reason why he is stressed out and has medical problems.Amanbir told AFWA that Iqbal Singh went to Singhu Border with him to protest against the farm laws as they are also farmers. Apart from this, journalist Gagandeep Singh also tweeted a photo of Iqbal Singh after he regained consciousness at Singhu Border.pic.twitter.com/QWlbBx94cI— Gagandeep Singh (@Gagan4344) January 3, 2021
Hence, it can be concluded that the claim in the viral post is false. The man seen collapsing in the video has not passed away and is recuperating in a hospital. INDIA TODAY FACT CHECK      ClaimVideo captures moment a farmer collapsed and died at Singhu Border during the ongoing protests. ConclusionThe farmer, Iqbal Singh, suffered a cardiac arrest at Singhu Border on January 3. His brother and nephew told us he is under treatment at a hospital in Amritsar and out of danger.JHOOTH BOLE KAUVA KAATEThe number of crows determines the intensity of the lie.1 Crow: Half True2 Crows: Mostly lies3 Crows: Absolutely false Want to send us something for verification? Please share it on our  at 73 7000 7000  You can also send us an email at factcheck@intoday.com",['Fact Check: Farmer seen collapsing on video at Singhu Border has not passed away'],https://www.indiatoday.in/fact-check/story/fact-check-farmer-seen-collapsing-on-video-at-singhu-border-has-not-passed-away-1755846-2021-01-04
12,fact-check,Fact Check: Netizens mistake artwork for cloud pattern over Mumbai,"(4, 1, 2021)","A stunning image, apparently of mammatus clouds, is circulating on social media with the claim that the sight was photographed over Mumbai skies. Mammatus are pouch-like cellular patterns hanging from the undersides of clouds, often rain-bearing ones.

The caption, along with one such picture, says, ""Incredible mammatus cloud formation as seen in Mumbai, India."" The picture credit has been given to one Brent Shavnore. India Today Anti Fake News War Room (AFWA) has found the claim to be untrue. The image in question is an artwork by United States-based digital artist Brent Shavnore and not a real photograph.The archived versions of similar posts can be seen here, here and here.AFWA probeWe did a reverse search of the viral image with the keyword ""Brent Shavnore"" and found the same picture uploaded on August 29, 2020, on Facebook and Instagram pages of a user called Brent Shavnore.The image caption reads, ""The finest souls are those who gulped pain and avoided making others taste it."" Shavnore marked his location as Mumbai.


 
The finest souls are those who gulped pain and avoided making others taste it.Posted by Brent Shavnore on Saturday, 29 August 2020
When AFWA reached out to Shavnore through Instagram, he confirmed to us that the image in question is an artwork done by him and not a real photograph.""It's artwork that I created and not a real photograph. Soon I'm launching a course called Digital Storm Art Workshop where I'll teach the process of creating such images,"" Shavnore said.A similar work with mammatus clouds by Shavnore on an image of the Manhattan skyline can be seen here.Also, when we reverse-searched the viral image, we found the original picture without the mammatus clouds on stock photography website ""iStock"". The image description says, ""Panoramic view of south central Mumbai at golden hour"" Can Mumbai witness mammatus clouds now?Mammatus clouds are the rarest form of clouds primarily composed of ice. Often considered as indicators of a coming storm, they can remain static in the sky for around 10-15 minutes.When we reached out to GP Sharma, president of Skymet Weather Services, a private Indian company that provides weather forecast and solutions, he confirmed to us that there is no possibility of Mumbai witnessing mammatus clouds at this time of the year.""Though we can make out from the viral image that it is an artificial work, mammatus clouds actually look like this if they appear. But the time of their appearance depends upon the season and the region,"" Sharma said.""For the last several years, we have not seen mammatus clouds over the Mumbai region because of climate change. Also, this is clearly an off-season for Mumbai for any sort of weather activity apart from light thunderstorms. Hence, mammatus clouds cannot appear over Mumbai at this point,"" Sharma clarified.Hence, it is clear that the viral image is not a real photograph, but an artwork. According to experts, it has been years since mammatus clouds appeared over the Mumbai skyline and they are not expected at this time of the year. INDIA TODAY FACT CHECK      ClaimPicture shows mammatus clouds formed over Mumbai. ConclusionThis is an artwork by US-based digital artist Brent Shavnore and not an actual photograph. Mumbai has not seen mammatus clouds for several years.JHOOTH BOLE KAUVA KAATEThe number of crows determines the intensity of the lie.1 Crow: Half True2 Crows: Mostly lies3 Crows: Absolutely false Want to send us something for verification? Please share it on our  at 73 7000 7000  You can also send us an email at factcheck@intoday.com",NA,https://www.indiatoday.in/fact-check/story/fact-check-netizens-mistake-artwork-for-cloud-pattern-over-mumbai-1755764-2021-01-04
