SN,category,headline,date,content,keywords,link
1,fact-check,Fact Check: Fake letter claims PM Modi wants Giriraj Singh as chief minister of Bihar,"(10, 11, 2020)","Is Union minister Giriraj Singh PM Modi’s choice as the chief minister of Bihar? Singh is the BJP MP from Begusarai and known to be a hardliner in party circles.

A letter dated November 5, purportedly written by Prime Minister Narendra Modi to BJP president JP Nadda is circulating on social media, in which the former expresses willingness to make Singh the Bihar CM.The letter is mostly circulating on WhatsApp. Several Twitter users  have also posted the viral letter along with a caption that says, “Even before the Bihar election results, PM Modi has selected the CM of #Bihar , Giriraj Singh would be next CM of Bihar.”Part of the letter reads, “I am happy to inform you that Bharatiya Janata Party isthe only party who follow democratic norms, my vote for Shri Giriraj Singh as Chief Minister Bihar out of three candidates. Shri Giriraj Singh contribution to accomplish the mile stone of Ram Mandir is extra ordinary and commendable” India Today Anti Fake News War Room (AFWA) has found the letter to be fake. The signature, language, style and other indicators suggest that it was not written by PM Modi.The archived versions of the posts are saved here, here and here.The viral letter in question has several glaring discrepancies which indicate that it is not from the Prime Minister’s office. The language, emblem colour, style and signature of PM Modi do not match with original letters written by him earlier.LanguageThe letter is full of grammatical errors, highly unlikely to be one released from the PMO. For example, “milestone” and extraordinary” are single words, but in the letter, they have been used as two separate words.Style and emblem Comparing one of PM Modi’s earlier letters written to Mahendra Singh Dhoni with the viral one, we found the style of both the letters is different. The dateline in the original letter is also mentioned in Hindi, but in the viral letter, it is only in English.The emblem colour in the letter written to Dhoni is golden, whereas the viral letter has a black-and-white emblem.Viral letter  PM’s original letter  Signature Comparing PM Modi’s original signature with the one in the viral letter, we can notice differences here too. The ‘N’ in the viral letter has curves, unlike the original signature.The elliptical loop around ‘N’ is bold and strong in the original signature, and quite hesitant in the viral one. The two dots at the end of PM Modi’s signature in the letter written to Dhoni are horizontal and on the same line. But in the viral signature, the dots are uneven.Viral letter  PM’s original letter  Moreover, there are no credible news reports which suggest PM Modi has endorsed Giriraj Singh as Bihar chief minister. Earlier too, fact-checkers had debunked a fake latter that had gone viral in the PM’s name.Therefore, it can be concluded that the viral letter claiming PM Modi has endorsed Giriraj Singh as the CM of Bihar even before election results were declared is fake.Also read: Fact Check: No, former PM Manmohan Singh is not a chief guest at Joe Biden's swearing-in ceremonyAlso read: Fact Check: Time magazine cover mocking Trump exit from White House is not real INDIA TODAY FACT CHECK      ClaimOn November 5, days before the Bihar election results, PM Modi wrote a letter to BJP president JP Nadda expressing willingness that Giriraj Singh be made the chief minister of Bihar. ConclusionThe viral letter is fake. The signature, language, style and other indicators suggest that the letter was not written by PM Modi.JHOOTH BOLE KAUVA KAATEThe number of crows determines the intensity of the lie.1 Crow: Half True2 Crows: Mostly lies3 Crows: Absolutely false Want to send us something for verification? Please share it on our  at 73 7000 7000  You can also send us an email at factcheck@intoday.com",['Fact Check: Fake letter claims PM Modi wants Giriraj Singh as chief minister of Bihar '],https://www.indiatoday.in/fact-check/story/fact-check-fake-letter-claims-pm-modi-wants-giriraj-singh-as-chief-minister-of-bihar-1739824-2020-11-10
2,fact-check,"Fact Check: No, former PM Manmohan Singh is not a chief guest at Joe Biden's swearing-in ceremony","(9, 11, 2020)","Joseph R. Biden Jr. or Joe Biden as he is famously called is expected to be sworn in as the 46th President of the United States of America on January 20, 2021, amid talks of a scaled-down event owing to the coronavirus pandemic.

Amid this, multiple social media handles from India are now claiming that former Indian Prime Minister, Manmohan Singh will be the chief guest at Biden's swearing-inceremony.One such claim in Hindi translates to, ""Breaking, Dr Manmohan Singh of India will be the chief guest for the swearing-in of the new American President Biden."" India Today Anti Fake News War Room (AFWA) has found that the claim is false. Dr Singh's office confirmed to AFWA that until the night of November 9, the former PM's office has not received an invitation to the oath-taking ceremony of Biden.The archived versions of similar posts can be seen here, here and here.AFWA probePresident-elect Biden has advocated a strong relationship with India throughout his career, both as a senator as well as vice president.In 2008, when Biden was chairman, Senate Foreign Relations Committee, he worked towards the US Senate's approval of US-India Civil Nuclear Agreement.However, we could not find any report on the US inviting any of the Indian leaders including Dr Singh to the swearing-in of President-elect Biden. Also, swearing-in ceremonies usually have only guests and not a chief guest. We could also not find reports on previous swearing-in ceremonies in the US which had a chief guest.When AFWA contacted Dr Singh's office, the office confirmed to us that the former Prime Minister has not received any such invites and the viral claim is false.""Dr Singh has not received any such invite and the viral claim is false. In fact, how can Biden invite guests to the oath-taking ceremony when the results are not officially declared and legal proceedings are still going on,"" the office of Dr Singh told AFWA.According to The New York Times report published on November 9, it is the Joint Congressional Committee that plans the swearing-in ceremony of both the President-elect and Vice President-elect of the US.The current committee began its preparation for the 2021 swearing-in in June and is planning to hold the ceremony on January 20, says the report.On who is expected to attend the ceremony, the report only mentions the American officials and other dignitaries who are traditionally seated on the platform.There is no mention of the international guests who are expected for the swearing-in of the President-elect.Thus, it is clear that until the time of filing this story, former Prime Minister Manmohan Singh did not receive an invitation for the swearing-in of President-elect Joe Biden. INDIA TODAY FACT CHECK      ClaimFormer Indian PM Dr Manmohan Singh will be the chief guest of the swearing-in ceremony of US President-elect Joe Biden.ConclusionUntil November 9, Dr Singh did not receive an invitation to attend Joe Biden's swearing-in ceremony.JHOOTH BOLE KAUVA KAATEThe number of crows determines the intensity of the lie.1 Crow: Half True2 Crows: Mostly lies3 Crows: Absolutely false Want to send us something for verification? Please share it on our  at 73 7000 7000  You can also send us an email at factcheck@intoday.com",NA,https://www.indiatoday.in/fact-check/story/fact-check-no-former-pm-manmohan-singh-is-not-a-chief-guest-at-joe-biden-swearing-in-ceremony-1739511-2020-11-09
3,fact-check,Fact Check: Netizens beef up misleading post to target Kamala Harris,"(8, 11, 2020)","Suspense over the nail-biting United States poll verdict came to an end on Saturday after Democrat Joe Biden defeated Donald Trump to become the President-elect. The verdict also confirmed that Kamala Harris of Indian and African descent would be the next Vice-President.

Soon after, a picture of Harris consuming meat went viral on social media with the claim that after winning the elections, she had beef in ""happiness"". Netizens are also commenting that eating beef made Harris, a ""half-Brahmin"", the enemy of India ""by default"". India Today Anti Fake News War Room (AFWA) has found that the picture was taken last year, when Harris was relishing pork at a fair.Many Facebook users posted the picture and wrote, ""After becoming vice president in happiness taking bite of beef The meat eating half brahmin black Vice President. By default India's enemy (beef eater) #KamalaHarris"".While some users commented saying it's her choice what to eat, others criticised Harris, believing the post to be true. The archived version of the post can be seen here.AFWA investigationUsing Google reverse search, we found the viral picture in a report by ""Daily Mail"", published on August 10, 2019. As per this article, Harris visited the Iowa State Fair where she had grilled pork chops. Iowa is a state in the US. Some other pictures of her having pork were also used in the report.Harris had also tweeted a video on August 11, 2019, of her enjoying pork. She captioned it, ""Finally got my pork chop!""Finally got my pork chop! pic.twitter.com/3LUSKorixU— Kamala Harris (@KamalaHarris) August 11, 2019
This video by Harris also annoyed some social media users because after posting it, she tweeted to wish Eid Mubarak on the occasion of Eid al-Adha.Here, we are not confirming her food preferences, but merely establishing that the viral post is misleading as this picture of Harris is not a recent one and was taken while she was having pork at a fair last year. However, part of the claim on her Brahmin lineage is true as according to reports, her mother Shyamala Gopalan Harris was from the Brahmin community in Tamil Nadu. INDIA TODAY FACT CHECK      ClaimAfter winning the United States elections, Vice President-elect Kamala Harris consumed beef to celebrate.ConclusionThe picture was taken in August 2019 when Harris was having pork in a fair.JHOOTH BOLE KAUVA KAATEThe number of crows determines the intensity of the lie.1 Crow: Half True2 Crows: Mostly lies3 Crows: Absolutely false Want to send us something for verification? Please share it on our  at 73 7000 7000  You can also send us an email at factcheck@intoday.com",NA,https://www.indiatoday.in/fact-check/story/fact-check-netizens-beef-up-misleading-post-to-target-kamala-harris-1739195-2020-11-08
4,fact-check,Fact Check: Time magazine cover mocking Trump exit from White House is not real,"(8, 11, 2020)","Democrat candidate Joe Biden won the United States elections in a closely contested fight with his Republican rival and incumbent President Donald Trump. On social media, the purported cover page of 'Time' magazine is going viral that shows Trump's silhouette from behind, exiting a doorway. The cover title says, ""Time to go"".The viral image is mostly circulating on WhatsApp. Several Twitter users have posted the image, with the caption saying, ""Loving the Time magazine front cover: #TrumpOut"".

 India Today Anti Fake News War Room (AFWA) has found that the viral image is not a genuine Time magazine cover, but a fabricated mock job. The image does not appear in Time's online vault that displays all published covers.The archived versions of the viral posts can be seen here, here, here, here and here.The viral picture does not match with Time's layout. When we closely look at any original Time magazine cover, we find that it has a standard style of mentioning the date of issue on the top right-hand side; also, ""time.com"" is mentioned at the bottom right-hand corner. But these elements are missing from the viral image. We also found that the viral image does not appear in ""The Vault"" section of Time that displays all published covers of the magazine.The viral image was being circulated a few months back too. In May this year, a Time spokesperson had confirmed to Reuters via mail that the image was not an authentic magazine cover. INDIA TODAY FACT CHECK      ClaimTime magazine's new cover has the title ""Time...to go"" and the silhouette of Donald Trump from the rear, exiting through a doorway. ConclusionThe viral image is not a genuine Time magazine cover, but a fabricated mock job. It does not appear in Time's online vault that displays all published covers.JHOOTH BOLE KAUVA KAATEThe number of crows determines the intensity of the lie.1 Crow: Half True2 Crows: Mostly lies3 Crows: Absolutely false Want to send us something for verification? Please share it on our  at 73 7000 7000  You can also send us an email at factcheck@intoday.com",['Fact Check: Time magazine cover mocking Trump exit from White House is not real'],https://www.indiatoday.in/fact-check/story/fact-check-time-magazine-cover-mocking-trump-exit-from-white-house-is-not-real-1739181-2020-11-08
5,fact-check,Fact Check: Old video from Russia shared as electoral fraud in recent US elections,"(8, 11, 2020)","Democrat candidate Joe Biden beat incumbent Donald Trump in the United States Presidential elections in a closely fought contest, with the latter raising accusations of electoral fraud and asking the Supreme Court to intervene in vote count.

On social media, a CCTV footage showing some people stuffing what appear to be voting papers into a ballot box is going viral with the claim that this was how election results were rigged in the US.The Hindi caption along with one such video translates to, ""Those who conduct elections are themselves casting fake votes in the US. Obviously, Donald Trump will go to the Supreme Court. This is why the liberal gang is so happy."" @realDonaldTrump SC pic.twitter.com/PuXqKzzMdC— Pushpendra Kulshreshtha (@ThePushpendra_) November 6, 2020
India Today Anti Fake News War Room (AFWA) has found that it is a two-year-old video from Russia and not related to the recent US elections.Similar claims are also shared on Facebook. The archived versions can be seen here and here.AFWA probeUsing InVID tool and appropriate keywords, we found that the video is from the 2018 Russian presidential elections. We found the same video uploaded by global news agency AFP (https://www.youtube.com/watch?v=gwi-Ao-3n20) on its official YouTube channel on March 18, 2018.The headline of the video reads, ""CCTV shows apparent ballot stuffing in Russian vote"".""Election observers highlighted CCTV footage provided by Russia's Electoral Commission which appeared to show staff putting extra votes into a ballot box at a polling station in the Russian city of Lyubertsy on the outskirts of Moscow. The Electoral Commission has acknowledged this instance appears to show fraud, and has said fraudulent votes will be cancelled,"" the video description reads.We also found reports by the Washington Post and Independent confirming that the video is from Moscow's Lyubertsy. Referring to the video, the ""Independent"" said, ""It's not known how many papers were placed in the box each time; however, on a number of occasions, the officials seem to be lifting multiple sheets. This happens a total of 11 times over approximately 13 minutes.""The reports also said that the Russian Electoral Commission acknowledged the instance as fraud and said fraudulent votes will be canceled. Therefore, it is clear that the viral CCTV footage showing ballot-stuffing is not from the US but Russia, and is more than two years old. INDIA TODAY FACT CHECK      ClaimVideo shows polling staff casting fake votes in the US elections 2020.ConclusionThis is a 2018 video from Russia's presidential election.JHOOTH BOLE KAUVA KAATEThe number of crows determines the intensity of the lie.1 Crow: Half True2 Crows: Mostly lies3 Crows: Absolutely false Want to send us something for verification? Please share it on our  at 73 7000 7000  You can also send us an email at factcheck@intoday.com","['US elections', ' Elections in US']",https://www.indiatoday.in/fact-check/story/fact-check-old-video-russia-shared-electoral-fraud-recent-us-elections-1739017-2020-11-08
6,fact-check,"Fact Check: No, Pornhub logo did not appear on CNN during the US poll coverage","(7, 11, 2020)","As the final outcome of the US Presidential election is hinged on a few states where a flood of mail-in ballots is still being counted, voters have something to laugh at during the lengthy counting process.

A hilarious video clip on social media appears to show an adult website logo on CNN's screen during the live US poll coverage. An 11 seconds long viral clip shows Pornhub logo suddenly appearing on the top of a giant screen showing a map detailing the voting pattern in Pennsylvania.CNN news anchor John King hurriedly closes down the tab, giving a shocking look at the camera. The viral clip has no audio and appears to have been caught on a smartphone.This viral clip circulated on Twitter and Facebook with a caption ""CNN had Pornhub open"" has raisedenough curiosity among the users.
India Today Anti-Fake News War room (AFWA) found the viral video is morphed. The original video of CNN does not show any ""Pornhub"" banner on the giant screen.The archived versions of the posts are saved here, here, here, and here.AFWA PROBEAs soon as the morphed clip went viral, some users on Twitter raised a red flag about the same. User Lewis Wake slowed down the video and zoomed in to show how the ""Pornhub"" logo wobbled as it shrunk out of frame.ENHANCE!Here it is zoomed in at 3 frames per second.This is such a lazy attempt but people are lapping it up immediately. pic.twitter.com/nQxoZz0mJ0— Lewis Wake (@lewiswake) November 6, 2020
Verified Twitter user and CNN contributor Tancredi Palmeri posted the original video. The original video shows a black tab appears on top of the giant screen and anchor John King swiftly flicks it away from the screen. This video has clear audio with multiple graphics plate on the screen.This is the original video from CNN on which was edited the Pornhub fake pic.twitter.com/bcyMwZfYPU— Tancredi Palmeri (@tancredipalmeri) November 6, 2020
ConclusionThus, it is clear that the viral clip which aroused a lot of curiosity on social media about Pornhub's logo appearing on CNN's screen is morphed. The original video does not show any logo of the adult website.(With inputs from Nikhil Rampal) INDIA TODAY FACT CHECK      ClaimPornhub banner appears on CNN's screen during the live election coverage of the US Presidential poll. ConclusionThe viral video is morphed. The original video of CNN does not show any Pornhub banner on the screen.JHOOTH BOLE KAUVA KAATEThe number of crows determines the intensity of the lie.1 Crow: Half True2 Crows: Mostly lies3 Crows: Absolutely false Want to send us something for verification? Please share it on our  at 73 7000 7000  You can also send us an email at factcheck@intoday.com","['Fact Check: No', ' Pornhub logo did not appear on CNN during the US poll coverage']",https://www.indiatoday.in/fact-check/story/fact-check-no-pornhub-logo-did-not-appear-on-cnn-during-the-us-poll-coverage-1738728-2020-11-07
7,fact-check,Fact Check: This heartbreaking video of 6-year-old pushing stretcher in hospital is not from Bihar,"(6, 11, 2020)","The third and the final phase of the Assembly election in Bihar is scheduled to take place on November 7. Amid this, Bihar Pradesh Congress Committee's social media handles have shared an eight-second video of a small boy pushing a stretcher, with a claim that the distressing scene is from a hospital in Bihar.

The caption of the video which is in Hindi translates as, ""This video shaming humanity shows the ruthlessness of the BJP-JDU government in Bihar. After winning the election with the precious vote of the public, they leave people to die in hospitals.""- #____ pic.twitter.com/L8QcvAnJCA— INCBihar (@INCBihar) November 6, 2020
India Today Anti Fake News War Room (AFWA) has found that the claim is misleading. The video is from Deoria district hospital in Uttar Pradesh. The ward boy of the hospital's surgical ward was removed after this video went viral in July 2020.Congress also shared the same video on INC Bihar's official Facebook page.The archived versions of similar posts can be seen here, here and here.AFWA PROBE With the help of the Invid tool and appropriate keywords, we found that the viral video is from Uttar Pradesh and not Bihar.We found that the same video was uploaded on the YouTube channel of Aaj Tak on July 20, 2020. The title of the video reads, ""UP: Ignored for not giving bribe! VIDEO of child pushing stretcher in hospital goes viral"".According to the report, the incident took place in the Deoria district of Uttar Pradesh. A minor was helping his mother push a stretcher to take his grandfather, who suffered from multiple fractures to different wards.Mirror Now, Amar Ujala, The Lallantop and Live Hindustan also uploaded the same video on their official YouTube channel.We also found reports by India Today and The Times of India confirming that the incident took place in Uttar Pradesh. The reports said the mother and her six-year-old son had to push the stretcher themselves as they couldn't pay the ward boy who was demanding Rs 30 for each trip of the service.According to the India Today report, after the video went viral, Deoria District Magistrate Amit Kishore visited the hospital and confirmed to media that the video is from Deoria district hospital. He also said that the ward boy who denied help to the family is removed from the ward. The District Magistrate also said a probe has been ordered in the matter.Here is the video of the Deoria District Magistrate addressing the media -https://t.co/daKq5GZi6n https://t.co/dserIYGgQM— DM Deoria (@dmdeoria) July 20, 2020
We also found that Keshav Chand Yadav, former National President of Indian Youth Congress had also shared the viral video on July 20 on his verified Twitter handle as being from Uttar Pradesh., .. , , ? pic.twitter.com/9CtymqFbWN— Keshav Chand Yadav (@keshavyadaviyc) July 20, 2020
Thus it is clear that the video showing a six-year-old boy pushing a stretcher along with his mother is from Uttar Pradesh's Deoria district hospital and not from Bihar.Live TV--- ENDS ---READ | Fact Check: No BSF jawans were killed in this bus accident in BiharALSO READ | Fact check: No, Munger victim Anurag Poddar’s mother is not deadWATCH | Who's winning the battle for Bihar? INDIA TODAY FACT CHECK      ClaimA video shows a minor boy pushing a hospital stretcher in Bihar. It reveals the ruthlessness of the BJP-JD(U) government.ConclusionThis video is from Uttar Pradesh’s Deoria district hospital. The incident took place in July 2020.JHOOTH BOLE KAUVA KAATEThe number of crows determines the intensity of the lie.1 Crow: Half True2 Crows: Mostly lies3 Crows: Absolutely false Want to send us something for verification? Please share it on our  at 73 7000 7000  You can also send us an email at factcheck@intoday.com","['Assembly election in Bihar', "" Bihar Pradesh Congress Committee's social media"", ' video of a small boy pushing a stretcher', ' BJP-JDU government in Bihar', "" INC Bihar's official Facebook page"", ' Deoria district of Uttar Pradesh']",https://www.indiatoday.in/fact-check/story/fact-check-this-heartbreaking-video-of-6-year-old-pushing-stretcher-in-hospital-is-not-from-bihar-1738698-2020-11-06
8,fact-check,Fact Check: No BSF jawans were killed in this bus accident in Bihar,"(6, 11, 2020)","Even as elections are underway in Bihar, an image of an overturned bus surrounded by Border Security Force (BSF) personnel is viral on social media. The image is circulated with a claim that as many as nine jawans were killed in a bus accident while on their way for election duty in Darbhanga district.

The claim which is in Hindi translates to, ""Nine soldiers martyred after a bus full of BSF personnel going for election duty overturned in Darbhanga district. Salutes to them. Jai Hind."" India Today Anti Fake News War Room (AFWA) has found that the claim is misleading. Ten BSF personnel, including the driver, were injured after a bus carrying them overturned at Darbhanga-Muzaffarpur border in Bihar on November 4. However, no life was lost in the accident.The archived versions of similar posts can be seen here, here, here and here.AFWA PROBEWhen we did a keyword search on the internet, we couldn't find any recent report on nine BSF jawans being killed in a bus accident during election duty in Bihar. However, reports were found on BSF jawans injured after a bus carrying them overturned in Bihar on November 4.According to a report by Live Hindustan, 10 BSF personnel including the driver were injured after their bus overturned into a pit about 10 feet down the road. The jawans were on their way to Singhwada for election duty. The incident took place between Thakania and Budhkara village of Katra police station area of Muzaffarpur district on Singhwara-Barri Kothi road, according to the report.A report by Aaj Tak published on November 5 said the condition of the BSF personnel are stable and they were admitted to the nearby Community Health Center for treatment. The reports also carried similar images of an overturned bus.AFWA reached out to Aaj Tak's Bihar bureau chief Sujeet Jha who confirmed to us that the accident was not major and the injured BSF personnel were taken to a health centre in Singhwara, Darbhanga district.We contacted Dr Premchand, medical officer of Singhwara Pubic Health Centre who treated the 10 BSF personnel. The doctor confirmed to AFWA that all 10 jawans were discharged the same day.Rubbishing the viral claims, Dr Premchand said, ""The viral claims are false. All the 10 BSF personnel had very minute injuries. None of them was in serious condition. All 10 jawans were discharged the same day,""According to a November 3 report by The New Indian Express, a Sashastra Seema Bal (SSB) jawan was killed after he was run over by an unidentified vehicle while on his way to attend election duty in Bihar's East Champaran district. The incident happened on November 2 night near Dumra Chowk in the Kotwa police station area.However, no news of the death of nine BSF soldiers was found.It is clear that the viral photo with the claim of nine BSF soldiers dying in a bus crash is misleading. All soldiers got away with minor injuries and were discharged from the hospital. INDIA TODAY FACT CHECK      ClaimNine BSF jawans on way to Bihar election duty were killed after a bus carrying them overturned in Darbhanga district. Conclusion10 BSF jawans on election duty were injured in a bus accident on November 4 at Darbhanga- Muzaffarpur border. However, all the jawans survived with minor injuries.JHOOTH BOLE KAUVA KAATEThe number of crows determines the intensity of the lie.1 Crow: Half True2 Crows: Mostly lies3 Crows: Absolutely false Want to send us something for verification? Please share it on our  at 73 7000 7000  You can also send us an email at factcheck@intoday.com",['Fact Check: No BSF jawans were killed in this bus accident in Bihar'],https://www.indiatoday.in/fact-check/story/no-bsf-jawans-killed-bus-accident-bihar-1738633-2020-11-06
9,fact-check,Fact Check: Old pic viral as Erdogan's 'snub' to Macron amid Turkey-France tensions,"(5, 11, 2020)","Did Turkish President Recep Tayyip Erdogan publicly refuse to shake hands with his French counterpart Emmanuel Macron recently? Amid a bitter feud between Turkey and France over the latter's fight against radical Islam, a picture of the two heads of state is being circulated on social media with exactly this claim.

On Thursday, terming Erdogan's response as ""declarations of violence"", France raised the possibility of sanctions against Ankara. Amid this, several Facebook users shared a picture that shows Macron reaching out to shake hands, while Erdogan looks the opposite way.The caption along with the picture says, ""Turkey president Rajab Tayub Erdogan refused to hand shake with France president Macron."" India Today Anti Fake News War Room (AFWA) has found that the viral image is two years old. Macron met Erdogan during the annual United Nations General Assembly session at the UN headquarters in New York on September 25, 2018, where they greeted each other and shook hands.The archived versions of the posts can be seen here, here, here and here.Truth about the handshakeUsing reverse image search, we found the picture was originally posted on the website of ""Getty Images""in September 2018.The picture was originally clicked by news agency AFP.According to the caption, both leaders met at the UN headquarters in New York on September 25, 2018, during the annual UNGA session.We found ""Getty Images"" had uploaded another picture of the duo shaking hands from the same event.Both pictures have the same caption, and the photo credit to the same photographer - Ludovic Marin of AFP. The caption says, ""French President Emmanuel Macron (L) meets with his couterpart Turkish President Recep Tayyip Erdogan at the UN headquarters during the annual United Nations General Assembly in New York City on September 25, 2018."" (Courtesy: Getty Images)Relations between France and Turkey have deteriorated after Macron's remarks on Islamic fundamentalism following the beheading of a teacher in Paris. The claim about Erdogan refusing to shake hands with Macron is baseless as the two have not met recently. The viral image is two years old and has been used out of context. INDIA TODAY FACT CHECK      ClaimTurkish President Recep Tayyip Erdogan refused to shake hands with Emmanuel Macron as controversy rages over the French President's remarks against radical Islam. ConclusionThe picture was clicked during a moment when Macron met Erdogan during the annual UNGA session in New York on September 25, 2018. The two did greet each other and shake hands.JHOOTH BOLE KAUVA KAATEThe number of crows determines the intensity of the lie.1 Crow: Half True2 Crows: Mostly lies3 Crows: Absolutely false Want to send us something for verification? Please share it on our  at 73 7000 7000  You can also send us an email at factcheck@intoday.com",NA,https://www.indiatoday.in/fact-check/story/fact-check-old-pic-viral-as-erdogan-snub-to-macron-amid-turkey-france-tensions-1738386-2020-11-05
10,fact-check,Fact Check: This is not a Congress leader arrested for plotting attack on Hindus,"(5, 11, 2020)","Two images - one of a man in handcuffs and another of bullets and grenades - are going viral on social media with the claim that a Muslim leader of the Congress was arrested in Assam for planning to carry out genocide against Hindus.

The Hindi caption along with the images translates to, ""Congress leader from Assam Amjat Ali arrested with weapons and bullets in apple boxes. He was planning to kill kafirs. Police caught him. Hindus, they are fully prepared."" India Today Anti Fake News War Room (AFWA) has found the viral claim to be false. No Congress leader was arrested with weapons in Assam recently. The two-year-old images along with the claim are from Bangladesh and Kashmir.The archived versions of similar posts can be seen here, here and here.Who's the man arrested? We could not find credible reports from Assam regarding the arrest of a Congress leader on charges of hiding explosives and plotting an attack. AFWA shared the viral post with GP Singh, ADGP (law and order), Assam, who confirmed to us that the man in handcuffs is not from Assam and no such arrest of a Congress leader has been reported in the state.""No such arrest has been reported in Assam till now. Also, the man in the picture cannot be from Assam as the police uniform is not ours. Our cyber cell is looking into the matter,"" Singh told AFWA.We checked with India Today's Assam correspondent Hemanta Kumar Nath, who also confirmed that there has been no such arrest of a Congress leader, even in the bordering districts of the state. He further said there is no prominent Congress leader by the name Amjat Ali in Assam.For better clarity, we did a reverse image search of both the images.Reverse-searching the image of the man in handcuffs, we found it is more than two years old and from Bangladesh. Also, as pointed out by GP Singh, we noticed the uniform of the officers standing beside the man closely resembles that of Bangladesh and not India.We found that the same picture was carried by several news reports from Bangladesh in May 2018.According to these reports, the man in the image is Mobarak Hossain, a local madrasa teacher from Trishal Upazila of Mymensingh district in Bangladesh. He was arrested for allegedly sexually harassing a minor girl, who later killed herself.We found some other reports in Bangla on the incident. These carried a different picture of the same man. ""The Daily Star"" reported the incident in English on May 6, 2018.The weaponsWe also did a reverse search of the second image of bullets and grenades lying beside apples.We found the same image uploaded on the official Twitter handle of Jammu and Kashmir Police on October 29, 2018. The caption says, ""A brief exchange of fire on the outskirts of Srinagar city. Three suspected militants arrested among them one is injured. Arms and ammunition recovered. Investigations started.""A brief exchange of fire on the outskirts of Srinagar city. Three suspected militants arrested among them one is injured.Arms and ammunition recovered. Investigations started. pic.twitter.com/lT9AoRnu5H— J&K Police (@JmuKmrPolice) October 29, 2018
The same picture was carried by local news reports as well.The reports said a ""suspicious"" vehicle heading towards Srinagar was intercepted by police, and grenades and ammunition found concealed beneath apple boxes. Three militants were arrested after a brief shootout.A similar claim went viral in 2018 as well, and ""BoomLive"" had debunked it then.Therefore, it is clear that no Congress leader has been arrested in Assam recently on charges of hiding explosives and plotting an attack on Hindus. The images used with the viral claim are over two years old and from Bangladesh and Kashmir.Live TVREAD | Fact Check: Tejashwi Yadav did not receive any ‘Youngest Politician’ award in LondonALSO READ | Fact Check: Video of police assault on Muslim woman falsely linked to FranceWATCH | Covid situation deteriorating in National Capital due to rising air pollution INDIA TODAY FACT CHECK      ClaimCongress leader from Assam Amjat Ali was arrested and weapons and explosives recovered from him. He was planning genocide against Hindus.ConclusionNo such arrest has been reported recently. The man is a madrasa teacher in Bangladesh held for sexually harassing a minor girl. The weapons were recovered after an encounter in Kashmir. Both images are from 2018.JHOOTH BOLE KAUVA KAATEThe number of crows determines the intensity of the lie.1 Crow: Half True2 Crows: Mostly lies3 Crows: Absolutely false Want to send us something for verification? Please share it on our  at 73 7000 7000  You can also send us an email at factcheck@intoday.com",NA,https://www.indiatoday.in/fact-check/story/fact-check-this-is-not-a-congress-leader-arrested-for-plotting-attack-on-hindus-1738264-2020-11-05
11,fact-check,Fact Check: Tejashwi Yadav did not receive any ‘Youngest Politician’ award in London,"(5, 11, 2020)","As elections are underway in Bihar, a picture of RJD leader Tejashwi Yadav wearing a suit and talking to another man is being shared on social media with the claim that he was conferred the ‘Youngest Politician’ award in London.

The claim in Hindi translates to, “Enough with 9th fail taunts. Tejashwi Yadav was conferred the ‘Youngest Politician’ award in London at an age when your father used to sell tea.”Text in Hindi superimposed on the picture translates to, “Someone was begging at the age of 30 even after producing fake certificates. Someone was making a mark for himself in London at the age of 30 even as a 9th fail.” India Today Anti Fake News War Room (AFWA) has found the claim along with the picture to be false. This 2016 image is of Tejashwi interacting with members of the Institution of Civil Engineers (ICE) in London. He has not received any ‘Youngest Politician’ award in London.The archived versions of similar posts can be seen here and here.AFWA probeUsing reverse image search, we found an uncropped version of the viral image shared by Tejashwi himself in 2016 on his verified Twitter handle. The caption of the image reads, “Attending a knowledge sharing session with ICE members in London”.Attending a knowledge sharing session with ICE members in London pic.twitter.com/2onU6Ad3Lg— Tejashwi Yadav (@yadavtejashwi) August 11, 2016
On his official Facebook page, Tejashwi, who was then deputy chief minister of Bihar, had also shared the transcript of his speech at ICE where he spoke about efforts in improving the transportation infrastructure of Bihar.We also found news reports from 2016 on Tejashwi’s London visit.According to reports, Tejashwi was on a trip to England from August 8-15, 2016. During his visit to London on August 10, he addressed members of ICE in London and participated in a ‘knowledge transfer’ session where he presented his vision for Bihar.However, we couldn’t find any credible source reporting about Tejashwi receiving the ‘Youngest Politician’ award in London.We also checked the website of ICE and found that it does not offer any award for young political leaders.Therefore, it is clear that Tejashwi was not conferred with any ‘Youngest Politician’ award in London. The picture in circulation is from a 2016 event that Tejashwi addressed in London as deputy CM of Bihar.(Inputs by Dheeshma Puzhakkal in New Delhi)Live TVALSO READ | Fact Check: Morphed screengrab of Rana Ayyub’s old interview goes viral with false claimsALSO READ | Fact Check: Video of police assault on Muslim woman falsely linked to France INDIA TODAY FACT CHECK      ClaimAt the age of 30, RJD leader Tejashwi Yadav was conferred the ‘Youngest Politician’ award in London.ConclusionNo credible report said anything about Tejashwi receiving such an award. The picture is from an event he addressed in London in 2016 as deputy CM of Bihar.JHOOTH BOLE KAUVA KAATEThe number of crows determines the intensity of the lie.1 Crow: Half True2 Crows: Mostly lies3 Crows: Absolutely false Want to send us something for verification? Please share it on our  at 73 7000 7000  You can also send us an email at factcheck@intoday.com",NA,https://www.indiatoday.in/fact-check/story/fact-check-tejashwi-yadav-did-not-receive-any-youngest-politician-award-in-london-1738213-2020-11-05
12,fact-check,Fact Check: Video of police assault on Muslim woman falsely linked to France,"(5, 11, 2020)","Social media is witnessing hectic activity as several Muslim countries face off with French President Emmanuel Macron over his remarks on radical Islam after a teacher's beheading in Paris.

Amid this, a video of a handcuffed woman being slammed on the ground face-first is being widely circulated with the claim that French police tried to rip off a Muslim woman's burqa and assaulted her when she resisted.Several Facebook users posted the video with the caption, ""French police arrest young Muslim girl and by force this Nazi police forcefully trying to take her scarf off from young lady's head, after thatso horrible western democracy.""India Today Anti Fake News War Room (AFWA) has found that the video has no connection with France. The incident took place in Calgary, Canada, in 2017, after the woman was arrested for violating a court-ordered curfew. The police officer is presently under trial.The archived versions of the posts can be seen here, here and here. Many users have posted the same content on Facebook as can be seen here.Not a French copUsing InVID and reverse image search, we found the incident has been widely reported in Canadian media recently, along with a longer version of the viral video.As per news reports, the video was released by a court on October 26. However, the incident took place almost three years back on December 13, 2017.The video shows policeman Alex Dunn escorting the woman named Dalia Kafi into the arrest processing unit to have her picture taken. As Dunn attempts to remove her headscarf, she tries to stop him. Eventually, Dunn is seen throwing the handcuffed woman face-first to the ground. As per media reports, Dunn was charged in 2019 and is presently on trial over the assault. He, however, has not been released from the force and is serving in an administrative role. Kafi was arrested for allegedly violating a court-ordered curfew.Therefore, it can be concluded that the viral video has no connection to France or the ongoing controversy over Macron's comments against Islamic fundamentalism. The viral video is three years old and from Canada. INDIA TODAY FACT CHECK      ClaimFrench police arrested a young Muslim girl and tried to take off her headscarf forcefully. When she resisted, police threw her to the ground. ConclusionThe incident took place in Calgary, Canada, in 2017, after the woman was arrested for violating a court-ordered curfew. The police officer is presently on trial.JHOOTH BOLE KAUVA KAATEThe number of crows determines the intensity of the lie.1 Crow: Half True2 Crows: Mostly lies3 Crows: Absolutely false Want to send us something for verification? Please share it on our  at 73 7000 7000  You can also send us an email at factcheck@intoday.com",['Fact Check: Video of police assault on Muslim woman falsely linked to France '],https://www.indiatoday.in/fact-check/story/fact-check-video-of-police-assault-on-muslim-woman-falsely-linked-to-france-1738071-2020-11-05
