SN,category,headline,date,content,keywords,link
1,fact-check,"Fact Check: No, this video does not show RSS workers killing Dalit IAS officer ","(10, 10, 2020)","A disturbing CCTV footage of a group of men dragging a man out of his car and stabbing him to death is circulating on social media with the claim that it shows RSS workers from Nagpur murdering a Dalit IAS officer. The claim further says the men later gang raped the officer’s minor daughter inside the car.

The caption in Malayalam along with the video translates to, “In Nagpur, RSS activists hack and stab a Dalit IAS officer to death. Horror scenes of his 16-year-old daughter being gang raped in the car.”India Today Anti Fake News War Room (AFWA) has found the claim along with the video to be false. The video is of a gambling den kingpin being stabbed to death by rivals in Maharashtra’s Nagpur city.The claim is viral on Facebook in Malayalam. The archived version can be seen here.AFWA probeUsing InVID tool and appropriate keywords, we found the same clip in a video story uploaded on YouTube by “The Lallantop” on September 27, 2020.The video description says, “Kishor Binekar alias Balya, a suspected gambling den kingpin, was allegedly stabbed to death by five unidentified persons at a petrol pump signal. Police said Binekar, also having several offences against him, was followed by the assailants on bikes. His car was blocked by one of the assailants. Binekar was dragged out and stabbed outside the car in full public view. Here is the video!”We also found reports on the incident by “The Times of India” and “Outlook”, confirming that the victim was a gambling den kingpin.There are also reports on Nagpur Crime Branch arresting the accused in the case.However, there is no mention of gang rape in any of the report.For better clarity, we reached out to the office of Nagpur Zonal DCP Vanita Sahu. The office confirmed to us that the incident took place on September 26 and the man murdered was a gambling den kingpin. It also said there was no rape associated with the incident.AFWA also spoke to sub-inspector JN Rajput from Sitabuldi police station, under whose jurisdiction the incident took place.“Both the victim and accused have criminal backgrounds. Also, the victim was driving the car alone. There was no woman with him. The murderers entered the car in an attempt to hijack it. But they couldn’t. All the accused have been arrested. More than 15 years back, Kishor had killed the father of the main accused, Chetan. The murder was an act of planned revenge by Chetan and his friends. Further investigation is on,” the officer said.Hence, it is clear that the man being stabbed to death in the viral video is not a Dalit IAS officer but a gambling den kingpin from Nagpur. INDIA TODAY FACT CHECK      ClaimVideo shows Dalit IAS officer being stabbed to death and his daughter being gang raped by RSS workers in Nagpur. ConclusionThe victim was the kingpin of a gambling den in Nagpur who was killed by his rivals. JHOOTH BOLE KAUVA KAATEThe number of crows determines the intensity of the lie.1 Crow: Half True2 Crows: Mostly lies3 Crows: Absolutely false Want to send us something for verification? Please share it on our  at 73 7000 7000  You can also send us an email at factcheck@intoday.com","['Fact Check: No', ' this video does not show RSS workers killing Dalit IAS officer\xa0']",https://www.indiatoday.in/fact-check/story/rss-workers-killing-dalit-ias-officer-fact-check-1730314-2020-10-10
2,fact-check,Fact Check: Trump's fake tweet claims of him getting a shot of the Russian vaccine  ,"(9, 10, 2020)","Though the current Covid-19 status of US President Donald Trump is still unclear, he is hoping to re-assume campaigning from Saturday, October 10, as per the media reports.

Donald Trump and First lady Melania Trump had tested positive for coronavirus on October 2. However, just four days later, Trump returned to the White House after leaving the military hospital where he was being treated for Covid-19. He staged a dramatic return as he entered the White House without a protective mask while he was still infected.Amid this, a screenshot of a tweet allegedly posted by Trump is going viral on social media which claims that the US president had taken a shot of the Russian Covid-19 vaccine recently. The tweet says, “I just got the vaccine shot for Covid-19 at the White House. The vaccine is the one was created in Russia. I received the shot at 8 am and I wanted to let you all know that it’s completely safe with no side effects whatsoever and that feel shaky .”This screenshot has been shared with the caption, “Positive news everyone! We can relax.” The archived version of the tweet can be seen here.India Today Anti Fake News War Room (AFWA) has found the claim to be totally false. US President Donald Trump has not posted any such tweet.The claim is viral on Facebook as well as Twitter.AFWA probeUS President Donald Trump has neither tweeted nor given any statement about him receiving a shot of the Russian Covid-19 vaccine.We scanned the Twitter account of Donald Trump and his archived tweets. We did not find any such tweet by him.The screenshot of Donald Trump's alleged tweet which is viral on social media shows the posting date as October 2, 2020. We found that on this date, he had tweeted about him and his wife Melania testing positive for coronavirus.Tonight, @FLOTUS and I tested positive for COVID-19. We will begin our quarantine and recovery process immediately. We will get through this TOGETHER!— Donald J. Trump (@realDonaldTrump) October 2, 2020
Moreover, the viral tweet has several grammatical errors which Trump wouldn't commit in any case. Also, the last line of the tweet has some words written in the Belarusian language which translates to meaningless words in English.According to a CNBC report, when Trump was asked about his view on the Russian vaccine 'Sputnik V', he had said, ""We don't know much about it. We hope it works, we do, we hope it works.""Thus, it is clear that the viral tweet of the US President Donald Trump is morphed and completely baseless. INDIA TODAY FACT CHECK      ClaimUS President Donald Trump had allegedly tweeted recently that he has received a shot of the Russian vaccine.  ConclusionUS President Donald Trump has neither tweeted nor given any statement about receiving a shot of the Russian vaccine.  JHOOTH BOLE KAUVA KAATEThe number of crows determines the intensity of the lie.1 Crow: Half True2 Crows: Mostly lies3 Crows: Absolutely false Want to send us something for verification? Please share it on our  at 73 7000 7000  You can also send us an email at factcheck@intoday.com","[""Fact Check: Trump's fake tweet claims of him getting a shot of the Russian vaccine \xa0""]",https://www.indiatoday.in/fact-check/story/fact-check-trump-fake-tweet-claims-of-him-getting-shot-russian-vaccine-1730163-2020-10-09
3,fact-check,Fact Check: Video from Unnao falsely shared as UP Police's atrocity against Hathras victim's family,"(9, 10, 2020)","Amid nationwide uproar over the Hathras incident, a civil rights NGO approached the Supreme Court to transfer the case to the Central Bureau of Investigation (CBI).

While the NGO is demanding that proper witness protection to be accorded in the case, a video which shows some armed policemen searching a house and collecting documents is viral on the internet.It is said that this scene is from the house of the Hathras victim. The Hindi caption to one such video translates to, ""It is shameful to see the police brutality at the Hathras victim's house.""Similar claims are also viral in the Telugu language, saying it purportedly shows Uttar Pradesh police taking away important documents of the Hathras victim from her house.India Today Anti Fake News War Room (AFWA) has found that the claim is misleading. The video is from Unnao in Uttar Pradesh.In the video, a man can be heard saying how the police barged into their house and took away important documents.The archived versions of the posts can be seen here and here.AFWA probeWith the help of the InVid tool and appropriate keywords, we found that the video was uploaded on Twitter on October 1, 2020, with a claim that the incident took place in Unnao.The Hindi caption to the tweet translates to, ""In Unnao, a family had to pay the price for opposing the setting up of the police post on their land. Because of their opposition, the police barged into their house and took away important documents. This is an incident from the Chaklavanshi town of Mankhi police station area.""Unnao police replied to this tweet with Additional Superintendent of Police Vinod Kumar Pandey's statement. Pandey confirmed that the incident happened at Unnao, a complaint has been registered and an investigation is going on in the matter.@Uppolice https://t.co/LvsNCD8avu— Arvind Rawat (@Arvindrawat01) October 1, 2020AFWA also reached out to India Today's Unnao correspondent who confirmed that the incident happened on September 30, 2020, in Unnao at the house of a woman named Sundhara.We also contacted the office of Unnao SP Anand Kulkarni. The spokesperson to the SP's office told AFWA that there is an ongoing land fight between the family and the Gram Panchayat.SI Swadesh Yadav of Mankhi Police station visited the spot for settling the issue. However, the visit led to a clash between the police officers and the family. A case has been registered against both the parties, clarified the spokesperson.We also found a few news reports confirming that the incident took place in Unnao and not Hathras.According to a report by Patrika, the family was quoted saying the incident happened because the Mankhi police wanted to build a post on their land. The family obtained a stay order against it which irked the police leading to a scuffle.Patrika Uttar Pradesh has also uploaded the viral video on their YouTube channel along with the version of the family and the police team.Also, no other credible sources have reported about Uttar Pradesh police barging in the house of Hathras victim and taking away important documents.Hence it is clear that the viral video is from Unnao district in Uttar Pradesh and not related to the Hathras incident. INDIA TODAY FACT CHECK      ClaimViral video shows armed policemen barging into Hathras victim's home and taking away important documents. ConclusionThe incident is from Unnao in Uttar Pradesh where a family's opposition to a police post being constructed on their land led to a scuffle.JHOOTH BOLE KAUVA KAATEThe number of crows determines the intensity of the lie.1 Crow: Half True2 Crows: Mostly lies3 Crows: Absolutely false Want to send us something for verification? Please share it on our  at 73 7000 7000  You can also send us an email at factcheck@intoday.com","[""Fact Check: Video from Unnao falsely shared as UP Police's atrocity against Hathras victim's family ""]",https://www.indiatoday.in/fact-check/story/fact-check-video-from-unnao-falsely-shared-as-up-police-s-atrocity-against-hathras-victim-s-family-1730013-2020-10-09
4,fact-check,"Fact Check: Rhea did not tweet on her bail, it’s a fake account","(8, 10, 2020)","Rhea Chakraborty got bail on Wednesday after spending almost a month in jail in the Bollywood drug racket probe, initiated post Sushant Singh Rajput’s death. Soon after, a tweet, purportedly made by her, started doing the rounds on social media in which she asked what her crime was.

“Got bail after being in jail for 28 days, after all what was the crime.?” reads the tweet made from the handle “@tweet2_rhea”. Some verified Twitter handles also retweeted it, believing it was posted by Rhea herself. India Today Anti Fake News War Room (AFWA) has found that the Twitter handle “@tweet2_rhea” does not belong to Rhea Chakraborty. It is a fake account impersonating her original Twitter handle, which is “@Tweet2Rhea”.Similarities and differencesComparing the fake and original Twitter accounts, we found there are enough similarities between the two which could easily mislead a user. The fake handle, “@tweet2_rhea” is almost the same as the original “@Tweet2Rhea”.The screenshots of their Twitter bios also look similar with the same photos and description saying, “smile a lot, because one day your teeth will fall off..: D”.In the fake account, “#justiceforssr #justiceforrhea CT-15” is added to the bio. But the biggest difference is that Rhea has a verified Twitter handle with a blue tick.Rhea’s Twitter account Fake handle Deciphering the fake accountAs per data given by “TweetBeaver”, this fake account was created on July 8, 2020. This account is now being followed by over 1,100 people, including some verified users. We found that Rhea has not tweeted anything from her handle “@Tweet2Rhea” after July 16. On that day, she had appealed to the Home Minister for a CBI inquiry into the death of Sushant Singh Rajput. After that, the account remained silent for weeks.The fake handle, on the other hand, kept on tweeting about various issues ranging from politics to Hathras while Rhea was in jail for 28 days. Simultaneously, it kept appealing for Rhea’s bail. Using “foller.me”, we found the range of subjects upon which this Twitter account reacted. In the last three months, it posted 3,335 tweets. Hence, it can be concluded that the viral tweet was not made by Rhea. She did not speak on her bail till the filing of this article.Live TV--- ENDS ---ALSO READ | Fact Check: No, Deepika did not appear before NCB in a t-shirt with pro-farmer messageALSO READ | Fact Check: Nagma goofs up again, calls anti-govt activist Vajpayee’s niece INDIA TODAY FACT CHECK      ClaimOn October 7, Rhea tweeted that she got bail after spending 28 days in jail. She asked what her crime is.ConclusionThe tweet was made by a fake account impersonating Rhea. Till the filing of this story, she did not say anything about her bail.JHOOTH BOLE KAUVA KAATEThe number of crows determines the intensity of the lie.1 Crow: Half True2 Crows: Mostly lies3 Crows: Absolutely false Want to send us something for verification? Please share it on our  at 73 7000 7000  You can also send us an email at factcheck@intoday.com","['Rhea Chakraborty', ' fact check', ' rhea bail', ' Rhea Chakraborty bail', ' drug menace', ' drug racket', ' bollywood drug racket', ' bollywood drug menace', ' sushant singh rajput death case', ' fake account', ' cyber crime']",https://www.indiatoday.in/fact-check/story/fact-check-rhea-did-not-tweet-on-her-bail-it-s-a-fake-account-1729725-2020-10-08
5,fact-check,"Fact Check: Nagma goofs up again, calls anti-govt activist Vajpayee’s niece","(8, 10, 2020)","Congress leader and former actress Nagma tweeted a video of a woman criticising the BJP government, claiming that she is the niece of late Prime Minister Atal Bihari Vajpayee.

The 2-minute-20-second video was posted by Nagma from her Twitter handle “@nagma_morarji” on October 6. Text laid over the video in Hindi says, “Honourable Atal Bihari Vajpayee's niece finally broke her silence”.The Congress politician wrote a caption in Hindi which translates to, “Atal ji’s niece is saying that RSS and BJP have a dangerous agenda of dividing the country and they are pursuing it. They are destroying the unity and integrity of the country together with the godi media. They are not able to provide jobs to youth, solve farmers’ issues or provide safety to women.” India Today Anti Fake News War Room (AFWA) has found that the woman in the video is not Vajpayee’s niece Karuna Shukla, but social activist Atiya Alvi, who was talking about the Citizenship Amendment Act (CAA) at Jantar Mantar in January this year.Several Facebook users have also shared the clip. The archived versions are saved here , here and here.We found the same clip was circulated with the same claim earlier this year during the peak of anti-CAA protests. Tracing the videoThe viral clip mentions “HNP News” as the source. Using keyword search, we found the original video on YouTube posted on January 3. This video is 14 minutes long.We came to know from the video posted by the news channel that the woman is Atiya Alvi, a social activist who was speaking about CAA from Jantar Mantar in January this year. Vajpayee’s niece Karuna is much older than the woman in the viral video. She left BJP and joined Congress in 2014. This was reported in mainstream news websites.Hence, it is clear that the claim made by Congress leader Nagma about another Congress leader is misleading. The woman seen in the clip is not former PM Vajpayee’s niece Karuna Shukla, but social activist Atiya Alvi.A few days earlier, Nagma fell for a prank on a dance reality show and made false allegations against the BJP on Twitter. She later deleted the tweet.Live TV--- ENDS ---ALSO READ | Fact Check: Bengal BJP chief posts misleading tweet to depict farmers’ support for ModiALSO READ | Fact Check: Video of woman being thrashed circulated as caste atrocity in UP INDIA TODAY FACT CHECK      ClaimAtal Bihari Vajpayee’s niece has accused RSS and BJP of trying to divide the country. In a video, she has also criticised them over unemployment, farmers’ issues and women’s safety.ConclusionThe woman in the viral video is not Vajpayee’s niece Karuna Shukla, but social activist Atiya Alvi, who was talking about the Citizenship Amendment Act at Jantar Mantar in January this year.JHOOTH BOLE KAUVA KAATEThe number of crows determines the intensity of the lie.1 Crow: Half True2 Crows: Mostly lies3 Crows: Absolutely false Want to send us something for verification? Please share it on our  at 73 7000 7000  You can also send us an email at factcheck@intoday.com","['Fact Check', ' Nagma goofs up again', ' Nagma goof up', ' Nagma claims', ' anti-government activist', ' anti-government', ' Vajpayee’s niece', ' ']",https://www.indiatoday.in/fact-check/story/fact-check-nagma-goofs-up-again-calls-anti-govt-activist-vajpayee-s-niece-1729413-2020-10-08
6,fact-check,Fact Check: Video of woman being thrashed circulated as caste atrocity in UP,"(7, 10, 2020)","Amid nationwide uproar over the Hathras incident, a disturbing video of a group of men assaulting a woman is viral on social media with the claim that they are upper caste men from Uttar Pradesh, who were beating the woman for fetching water from a public well.

Throughout the video, the woman can be seen crying in pain as the men whip and slap her, pull her hair and shove her to the ground. The Tamil caption with one such video translates to, “Look at the injustice done to women in Yogi’s Uttar Pradesh. Upper caste men are beating a woman for fetching drinking water from a public well.”. #bjpagainstdalith #bjpagainstnation pic.twitter.com/dtSmv77SGi— _ (@Raja_Muthamil) October 4, 2020
India Today Anti Fake News War Room (AFWA) has found the claim to be false. The incident is from Gujarat wherein a tribal girl was beaten up by members of her community for eloping with a man.Archived versions of some of the videos can be seen here, here and here. The video also went viral with a similar claim in June this year.AFWA probeUsing InVID and appropriate keywords, we found the video is not from UP, but a village in Gujarat. The incident took place on May 21 this year. We found screen grabs of the video in several news articles.According to a report by “News18” titled, “Gujarat: Minor Tribal Girl Brutally Thrashed for Eloping, Video Goes Viral”, this incident took place at Bilvant village near Bodeli town in Chhota Udepur district, Gujarat, on May 21.As per the report, the woman being thrashed in the video is a 16-year-old girl from a tribal community who’d recently eloped with a 20-year-old man from her village.Quoting Deputy Superintendent of Police AV Katkad, the article said the men were angry at the girl as they consider eloping to be an act that would bring disrespect to their community.According to a report by “The Times of India” published on May 28, police registered an offense against 15 people for being involved in the incident. They were also booked under the Protection of Children from Sexual Offences (POCSO) Act.We also found the same video on several news websites with the same information.A similar claim was debunked by fact-check website “Boom Live” in May.Hence, it is clear that the viral video is not from UP, but Gujarat, and the woman was not thrashed for using a public well, but by her own community members for eloping with her lover.Live TVALSO READ | Fact Check: This woman abused by policemen is not the Hathras victim’s motherALSO READ | Fact Check: Were Rahul and Priyanka caught joking on way to meet Hathras victim’s kin? INDIA TODAY FACT CHECK      ClaimVideo shows upper caste men in Uttar Pradesh thrashing a woman for fetching water from a public well.ConclusionThe video is from Gujarat where a tribal girl was thrashed by members of her own community for eloping with a man.JHOOTH BOLE KAUVA KAATEThe number of crows determines the intensity of the lie.1 Crow: Half True2 Crows: Mostly lies3 Crows: Absolutely false Want to send us something for verification? Please share it on our  at 73 7000 7000  You can also send us an email at factcheck@intoday.com",NA,https://www.indiatoday.in/fact-check/story/fact-check-video-of-woman-being-thrashed-circulated-as-caste-atrocity-in-up-1729365-2020-10-07
7,fact-check,Fact Check: Bengal BJP chief posts misleading tweet to depict farmers’ support for Modi,"(7, 10, 2020)","Amid protests by Opposition workers and farmers’ unions against the Centre’s agriculture reforms, West Bengal BJP chief and Lok Sabha MP Dilip Ghosh put out a picture on Twitter in support of his party and Narendra Modi.

The picture shows bunches of paddy saplings placed in a field in such a way that it reads “BJP” and “Modi”. Ghosh claimed the picture was taken in a village in Bengal’s South Dinajpur district and depicts farmers extending their gratitude to the Prime Minister. India Today Anti Fake News War Room (AFWA) has found the claim along with the picture to be misleading. The photo was taken in Bihar’s Kaimur district in July this year.Ghosh tweeted the picture on October 6 and wrote, “Picture taken from Puntor Village of Kumarganj assembly (Dakshin Dinajpur). Farmers of Bengal, extending their gratitude towards Hon’ble Prime Minister... #BJP4Farmers”The tweet is also being shared on Facebook. The Twitter handle of West Bengal BJP has also retweeted Ghosh’s misleading tweet. The archived version can be seen here.AFWA investigation Using a reverse search, we found the viral picture in a photo gallery of “Outlook”. Here, the caption says: Farm workers put bunches of paddy saplings in a formation that reads “BJP MODI”, ahead of Bihar Assembly polls, in Kaimur district of Bihar.The picture was credited to news agency PTI.We also found the picture in the photo archive section of PTI. As per the news agency, it was taken on July 12 in Kaimur district of Bihar. West Bengal has witnessed protests and counter-protests over the farm reform laws. While Trinamool Congress and CPI(M) took out rallies against the reforms, BJP held several “Krishak Suraksha Yatras” in support of the laws, assuring farmers that they’ll get a better price for their produce.But it is certain that the picture tweeted by Dilip Ghosh is almost three months old and was taken in Bihar. INDIA TODAY FACT CHECK      ClaimPicture of paddy saplings placed in such a way that they read “BJP” and “Modi” was taken in a village in Bengal’s South Dinajpur district. This shows farmers support the Prime Minister.ConclusionThe picture was taken in Bihar’s Kaimur district in July this year.JHOOTH BOLE KAUVA KAATEThe number of crows determines the intensity of the lie.1 Crow: Half True2 Crows: Mostly lies3 Crows: Absolutely false Want to send us something for verification? Please share it on our  at 73 7000 7000  You can also send us an email at factcheck@intoday.com",['Fact Check: Bengal BJP chief posts misleading tweet to depict farmers’ support for Modi '],https://www.indiatoday.in/fact-check/story/fact-check-bengal-bjp-chief-posts-misleading-tweet-to-depict-farmers-support-for-modi-1729322-2020-10-07
8,fact-check,"Fact Check: No, Kerala has not banned Raksha Bandhan celebrations in medical colleges","(7, 10, 2020)","More than two months after Raksha Bandhan, a viral claim on social media says the director of medical education in Kerala, Dr Ramla Beevi, has banned celebrations in all government-run medical colleges in the state because it is a Hindu festival. The claim is viral with one of Beevi’s images in which she is seen donning a hijab.

The claim ays, “If you want religious neutrality so bad, then set a good example yourself and remove your hijab! Kerala Medical Education Director Dr Ramla Beevi bans Raksha Bandhan in Govt medical colleges as the festival is Hindu.” India Today Anti Fake News War Room (AFWA) has found the claim to be misleading. The circular issued by Beevi says celebrations in government medical colleges should be held with prior permission.Some media outlets have carried articles on similar claims, which are also viral on Facebook The archived versions can be seen here, here, here and here.AFWA probe On September 11, Beevi issued a circular in Malayalam stating that no celebrations such as Raksha Bandhan can be held in government-run medical colleges in Kerala without prior permission. The subject line of the circular loosely translates to, “About celebration of Raksha Bandhan in medical colleges”.AFWA acquired a copy of the circular which talks about a particular incident where RSS had organised Raksha Bandhan in a state-run medical college without prior permission.“A Raksha Bandhan celebration organised by RSS in one of the state-run medical colleges without prior permission has come to our notice and we have taken serious note of the matter,” the circular in Malayali says.“We have already informed the institute concerned not to hold such celebrations without prior permission. In this context, all institution heads are to note that these celebrations can only be conducted in government medical colleges with prior permission from the institution head and government authorities,” it added.The circular does not say a ban has been imposed on Raksha Bandhan.For better clarity, AFWA contacted Beevi, who rubbished the viral claim and said, “Last year, there was a clash between two groups over Raksha Bandhan celebrations organised at a medical college in Ernakulam district.”“During inquiry, it was revealed that the institution head was unaware about the event. Through this circular, we have only asked students to seek prior permission from institution heads before holding such events. We have not banned any celebration. Students can celebrate any festival they want,” Beevi added.On October 6, “Times Now” published a news report on the controversy quoting CPI(M) leader AN Shamseer, who said no Hindu celebration has been banned and the order only seeks prior permission.Also, we couldn’t find any credible news report regarding a ban on Raksha Bandhan in Kerala.Hence, it is clear that the viral claim saying Raksha Bandhan has been banned in all government medical colleges in Kerala because it is a Hindu festival is false. The government has only asked students to take prior permission before such celebrations.Also read: Fact Check: Sitting in Pakistan, this fake China expert wants to ‘shutdown’ Indian Sukhoi!Also read: Fact Check: Truth behind this tree carved in the shape of a giant hand INDIA TODAY FACT CHECK      ClaimThe director of medical education in Kerala has banned Raksha Bandhan celebrations in all government medical colleges in the state because it is a Hindu festival.ConclusionThe order stated that Raksha Bandhan celebrations in medical colleges in Kerala
should be held with prior permission.JHOOTH BOLE KAUVA KAATEThe number of crows determines the intensity of the lie.1 Crow: Half True2 Crows: Mostly lies3 Crows: Absolutely false Want to send us something for verification? Please share it on our  at 73 7000 7000  You can also send us an email at factcheck@intoday.com","['Raksha Bandhan', 'Kerala', '']",https://www.indiatoday.in/fact-check/story/fact-check-no-kerala-has-not-banned-raksha-bandhan-celebrations-in-medical-colleges-1729207-2020-10-07
9,fact-check,Fact Check: Truth behind this tree carved in the shape of a giant hand,"(6, 10, 2020)","A magnificent picture of a tree carved in the shape of a hand is being circulating on social media. It is being said that this tree is located at Dogripora village in Pulwama district of Jammu and Kashmir.

The picture has been shared with the caption, ""Tree Carving. North Kashmir dogripora.."" India Today Anti Fake News War Room (AFWA) has found the claim to be misleading. The viral picture is of ""The Giant Hand of Vyrnwy"" in Wales, United Kingdom.The archived version of the post can be seen here. The claim is being shared by several Facebook users.Reverse-searching the viral picture, we found it was a tree once regarded as UK's tallest but which had to be felled due to safety reasons. Located at the Lake Vyrnwy estate in Wales, it was later transformed into a beautiful sculpture of a hand by artist Simon O'Rourke.We found the viral image in a website where it has been shared with the title, ""The Giant Hand of Vyrnwy. Sculptured by Simon O'Rourke. Standing 50ft or nearly 15.5 meters.""With the help of keyword search, we found an article by BBC News about how the tree was converted into a beautiful sculpture. According to the article, this tree was once taller than a 20-storey building with a height of around 209 feet.Simon O'Rourke, the artist who created the sculpture, has shared his experience on his website too. There are several pictures of ""The Giant Hand of Vyrnwy"" in the ""Alamy"" stock photo website as well.We did not find any report about any such tree carved in the shape of a hand in Kashmir's Dogripora. Thus, it is clear that the viral picture of a tree carved in the shape of a human hand is not from J&K but Lake Vyrnwy in Wales, UK.ALSO READ | Fact Check: Sitting in Pakistan, this fake China expert wants to 'shutdown' Indian Sukhoi!ALSO READ | Fact Check: Were Rahul and Priyanka caught joking on way to meet Hathras victim's kin? INDIA TODAY FACT CHECK      ClaimIn Kashmir's Dogripora village, a tree has been beautifully carved in the shape of a hand.ConclusionThe tree carved in the shape of a giant hand is located at Lake Vyrnwy in Wales, United Kingdom. It is known as ""The Giant Hand of Vyrnwy"".JHOOTH BOLE KAUVA KAATEThe number of crows determines the intensity of the lie.1 Crow: Half True2 Crows: Mostly lies3 Crows: Absolutely false Want to send us something for verification? Please share it on our  at 73 7000 7000  You can also send us an email at factcheck@intoday.com",NA,https://www.indiatoday.in/fact-check/story/fact-check-truth-behind-this-tree-carved-in-the-shape-of-a-giant-hand-1729041-2020-10-06
10,fact-check,"Fact Check: Sitting in Pakistan, this fake China expert wants to ‘shutdown’ Indian Sukhoi!","(6, 10, 2020)","Amid ongoing border tensions between India and China, a purported Chinese columnist Zhong Xin has claimed that the People’s Liberation Army Air Force (PLAAF) has shot down an Indian Sukhoi Su-30 fighter jet in Tibet.

 “Breaking News: Our Air force has shut down Indian fighter jet Sukhoi Su30 in Tibet,” reads the tweet that has been shared by several users on social media. The archived version can be seen here.Breaking News: Our Air force has shutdown Indian fighter jet Sukhoi su30 in Tibet.— Zhong Xin (@ZhongXN) October 3, 2020
However, neither the Indian or Chinese governments nor any credible media outlet has issued a statement regarding such an incident. The Press Information Bureau (PIB) has called this claim fake and said no such incident has taken place.Claim: A tweet claims that an IAF Sukhoi Su-30 fighter jet has been shot down by PLA Air Force in #Tibet.#PIBFactCheck: The claim is #FAKE. No such incident has taken place. pic.twitter.com/SFHUTYiOsD— PIB Fact Check (@PIBFactCheck) October 4, 2020
India Today Anti Fake News War Room (AFWA) did a detailed forensic analysis of this Twitter user called “Zhong Xin” who claims to be from China Grove in Texas, United States. However, we found that this person is most likely sitting in Pakistan and propelling fake news against India.There are several red flags which indicate that this person is lying about his identity and location. Let us look into eight such points that expose him.1. Funny English  As per the bio of the Twitter handle “@ZhongXN”, this person is a Chinese columnist who specialises in Chinese and Pakistani current affairs, but he has misspelt “current affairs” as “current affair” in the bio section.In one of his tweets, he claims to be from China, but has misspelt the word “Chinese” as “Chines”. Even in the tweet on Sukhoi, he prefers shutting down the fighter jet instead of shooting them down!According to the Twitter bio, this profile was opened on Friday, March 20 this year. He has made only 43 tweets till October 6.2. Made in China?  The so-called columnist from China “Zhong Xin” follows six verified Twitter handles, mostly belonging to media organisations. It is strange that this person does not follow any person or organisation related to China, except “Ecns.cn”.He does not even follow Chinese Premier Xi Jinping, the Chinese foreign ministry or Beijing’s mouthpiece “Global Times”.3. Uses morphed picture of Indian Army chief  On August 25, this person shared a morphed picture former Indian Army chief General Dalbir Singh Suhag. He possibly misrecognised him as the present Chief of Defence Staff, General Bipin Rawat, since in the caption he addressed him as “Rawat”.The original picture of General Suhag can be seen in this “Firstpost” article.4. Hiding behind a stolen profile picture  The display picture used by the Twitter handle “@ZhongXN” belongs to Feng Wang, a professor of sociology at the University of California, United States. When we reverse-searched the display picture, we found the same image of Professor Wang on an educational website.When AFWA approached professor Feng Wang, he confirmed that this is his photo which was more than a decade old, calling it a fraud that he would report to Twitter. ""At that time, I was working as the director of the Brookings-Tsinghua Center for Public Policy at Tsinghua University, Beijing"", said Professor Wang.5. Maximum tweets about Pakistan  The user claims to be living in Texas, but there is not a single tweet about the United States. His tweets are mostly about Pakistan or China.The hashtags #pakistan and #imrankhanvoiceofpeace have been used the maximum times by this account, as per data obtained from “thevisualized.com"".6. Most followers from Lahore, Karachi  As per the Twitter bio, this person lives in China Grove, Texas, US. But when we searched the Twitter handle on “Followerwonk” website, we found that the mapped location of most of his followers is from Pakistan and not the US. In Pakistan, most of his followers are from Lahore and Karachi.This app uses the location field in the Twitter app to find the geographical location which might not always be the real location, but it is unlikely that location data of all the followers of this person would be false. This also suggests that the user might be from Pakistan.7. Has been changing Twitter handles  Every Twitter account has a permanent ID. The Twitter handles can be changed multiple times but the ID remains the same.We found the Twitter ID of this account using “Tweetbeaver” and searched the same on Google. The Twitter ID “1241027886594875393” revealed that this person had projected himself as “Hui Yin” and “Zhong Xin” in the past. At that time, he had 226 and 967 followers respectively.8. Tweeting at odd hours  We use “foller.me” website to see at what time a person is most active. This website gives a rough idea about a person’s activity hours. But the data shown is in Universal Time Coordinated (UTC) system.If we assume that the user actually lives in Texas, then he is most active between 3 am and 6 am, which is possible but unusual. However, if we convert his activity hours according to Pakistan time, it suggests that most of his tweets are made in the afternoon between 1 pm and 4 pm.This also suggests that the person is possibly based in Pakistan and not in the US as he claims.Update: We had approached Professor Feng Wang of The University of California whose photo has been used to create this fake identity. He responded after this story was published. The story has been updated with his version. INDIA TODAY FACT CHECK      ClaimExpert on China claims People’s Liberation Army Air Force (PLAAF) has shot down an Indian Sukhoi Su-30 fighter jet in Tibet. ConclusionThe claim is completely baseless. The tweet has been made from a fake handle with a stolen identity that regularly indulges in anti-India propaganda.JHOOTH BOLE KAUVA KAATEThe number of crows determines the intensity of the lie.1 Crow: Half True2 Crows: Mostly lies3 Crows: Absolutely false Want to send us something for verification? Please share it on our  at 73 7000 7000  You can also send us an email at factcheck@intoday.com",NA,https://www.indiatoday.in/fact-check/story/fact-check-sitting-in-pakistan-this-fake-china-expert-wants-to-shutdown-indian-sukhoi-1729040-2020-10-06
11,fact-check,Fact Check: This woman abused by policemen is not the Hathras victim’s mother ,"(6, 10, 2020)","Amid protests over the Hathras incident, a video of police high-handedness against a woman is viral on social media with the claim that cops in Uttar Pradesh kicked and abused the victim’s mother before burning her body.

The caption of the 25-second video, shot inside a police station, says, “Uttar Pradesh. Before burying the body of the girl in Hadara, the Yogi police detained the family members, including the mother, and beat the mother when she told them that she wanted to see my mole’s (daughter’s) body.”Though Hathras is misspelt as “Hadara” and the user wrote “burying” instead of burning, it is understood that he is referring to the alleged gang rape incident.India Today Anti Fake News War Room (AFWA) has found the claim to be false. This video from Hamirpur in Uttar Pradesh is a few months old and has no link to the Hathras incident.The archived versions of similar posts can be seen here, here and here.AFWA probeUsing InVID and appropriate keywords, we found the viral video and its grabs were carried in several news reports.According to a “Live Hindustan” report published on September 29, the incident took place in Hamirpur district of UP a few months back, even though the video became viral recently.We also found the video in a report by “Dainik Bhaskar”.The report identifies the woman as a vegetable vendor from Ambedkar Nagar who allegedly opened her shop during lockdown.Hamirpur Superintendent of Police Narendra Kumar Singh was quoted by “The Times of India” as saying that the cop seen in the video is station officer Shyam Pratap. As per the report, the SP has also directed Circle Officer (Sadar) Anurag Singh to probe the matter.On September 29, the official Twitter handle of Hamirpur Police also confirmed that taking cognizance of the incident, the officer seen in the video has been shifted to the office of the inspector concerned and an inquiry has been ordered against him.No credible reports say the Hathras victim’s family was detained or taken to a police station on the night of her cremation. Therefore, it is clear that the viral video is not from Hathras, but Hamirpur district in UP, and a few months old. INDIA TODAY FACT CHECK      ClaimBefore burning the Hathras victim’s body, Uttar Pradesh Police detained and beat up her mother as she pleaded to see her daughter’s body one last time.ConclusionThe incident is a few months old and took place in Uttar Pradesh’s Hamirpur. According to reports, the woman was a vegetable vendor who opened her shop during lockdown.JHOOTH BOLE KAUVA KAATEThe number of crows determines the intensity of the lie.1 Crow: Half True2 Crows: Mostly lies3 Crows: Absolutely false Want to send us something for verification? Please share it on our  at 73 7000 7000  You can also send us an email at factcheck@intoday.com","['Fact Check', ' Rahul Gandhi', ' Priyanka Gandhi Vadra', ' caught joking', ' Hathras victim’s kin', ' Hathras victim', ' Hathras gangrape case', ' Hathras rape case', ' Hathras live', ' Hathras case live', ' Hathras crime', ' crime in uttar pradesh', ' crime in india']",https://www.indiatoday.in/fact-check/story/hathras-case-woman-abused-police-fact-check-1728897-2020-10-06
12,fact-check,Fact Check: Were Rahul and Priyanka caught joking on way to meet Hathras victim’s kin?,"(5, 10, 2020)","A picture and a video of Rahul and Priyanka Gandhi are circulating on social media linking it to their recent visit to Hathras. Several Facebook and Twitter users have claimed that both were cracking jokes and laughing on their way to meet the victim’s family. Netizens mocked them saying this is how serious they are about the incident.

In the viral picture, the Gandhi siblings are seen in a jovial mood with their arms around each other. Several Facebook users have posted the image with a sarcastic caption in Hindi which translates to, “Opposition leaders going to Hathras with immense sadness on their faces.” The archived versions of the posts can be seen here, here and here.India Today Anti Fake News War Room (AFWA) has found the claim with the image to be misleading. The picture was taken in April last year when Rahul and Priyanka met at Kanpur airport in Uttar Pradesh. The two were headed in different directions to attend their respective party meetings and were clicked sharing a lighter moment.This picture was published on several news websites on April 27, 2019.According to these reports, on that day, Rahul was on his way to Amethi for election campaigning from Kanpur airport when he came across his sister who was headed to a different meeting. The duo exchanged greetings and posed for photos.Rahul reportedly pulled her leg and said jokingly, “Let me tell you what it means to be a good brother. I am going on a massive, massive ride but I have got a small helicopter, and Priyanka is going on a really small ride but she has got a big helicopter,” to which the two laughed.The picture was tweeted by several Congress handles and the video was posted on Rahul’s Facebook page the same day.Hence, it can be concluded that the viral picture is over a year old and has no relation to the Hathras incident.The viral videoA short clip of the Gandhi siblings inside a car has also gone viral. While Priyanka is seen behind the steering wheel, Rahul is seated by her side.Several political leaders have attacked the duo claiming that it shows their lack of genuine intention as both were cracking jokes and laughing while on their way to Hathras.In the 16-second video, Rahul and Priyanka are heard exchanging some words, though it is not clearly audible what transpires between them. Then the giggling sound is heard., , , UP , ,UP pic.twitter.com/qZlCJg0Viz— Shalabh Mani Tripathi (@shalabhmani) October 3, 2020
The viral video was recently shared by several Congress leaders where the giggling can be heard clearly. Some other party leaders have edited out  the giggling part and shared only 10 seconds of the video. According to these tweets, both the leaders were on their way to Hathras to meet the victim’s family on October 3.In the video, we cannot see the faces of Rahul and Priyanka clearly as it was taken from behind. We are not sure exactly who was laughing, but since the same video has been shared by several Congress leaders along with the giggling sound, we cannot rule out the possibility of the video being real.Live TV--- ENDS ---ALSO READ | Fact Check: No, this man standing next to BJP leaders is not the father of Hathras rape accusedALSO READ | Fact Check: Picture of Yogi watching Hathras victim’s ‘live’ cremation is morphedLive TV--- ENDS ---Live TV--- ENDS ---Live TV--- ENDS ---Live TV--- ENDS --- INDIA TODAY FACT CHECK      ClaimRahul and Priyanka Gandhi were snapped cracking a joke on their way to meet the family of the Hathras victim. This shows how serious they are about the incident.ConclusionThe picture was taken in April last year when the Gandhi siblings met at Kanpur airport, and has no connection to the Hathras incident. The sound of giggling can be heard in the video but we are not sure who was laughing as their faces are not clearly visible.JHOOTH BOLE KAUVA KAATEThe number of crows determines the intensity of the lie.1 Crow: Half True2 Crows: Mostly lies3 Crows: Absolutely false Want to send us something for verification? Please share it on our  at 73 7000 7000  You can also send us an email at factcheck@intoday.com","['Fact Check', ' Rahul Gandhi', ' Priyanka Gandhi Vadra', ' caught joking', ' Hathras victim’s kin', ' Hathras victim', ' Hathras gangrape case', ' Hathras rape case', ' Hathras live', ' Hathras case live', ' Hathras crime', ' crime in uttar pradesh', ' crime in india']",https://www.indiatoday.in/fact-check/story/fact-check-were-rahul-and-priyanka-caught-joking-on-way-to-meet-hathras-victim-s-kin-1728691-2020-10-05
