SN,category,headline,date,content,keywords,link
1,fact-check,Fact Check: Avalanche video from Nepal shared as Uttarakhand glacier burst,"(8, 2, 2021)","A video of a huge mass of snow sliding down a mountain is being circulated on social media with the claim that it shows the glacier burst in Uttarakhand’s Chamoli on Sunday.

A portion of Nanda Devi glacier broke off on February 7 morning, triggering an avalanche and flooding that washed away hydroelectric stations and homes, leaving at least 15 people dead and over 100 missing till last reports. Two NTPC hydel power projects, Tapovan-Vishnugad and Rishi Ganga, were extensively damaged and scores of labourers trapped in tunnels as the waters came gushing in.The 30-second video is being shared with a caption in Hindi which translates to, “Video of glacier breaking off in Uttarakhand’s Chamoli”. Onlookers can be heard hooting with excitement in the clip.India Today Anti Fake News War Room (AFWA) has found the claim along with the video to be misleading. This video is of an avalanche at Kapuche Glacier Lake in Nepal in January 2021. No lives were lost in the incident.Some netizens also claimed that this is the first video captured of the Uttarakhand glacier burst. The archived versions of similar posts can be seen here, here and here.AFWA probeWith the help of InVID tool, we found that the video is from last month and it shows an avalanche in Nepal. It was uploaded on January 9, 2021, by an Instagram user naren32 with the caption, Deadliest avalanche.On January 11, the user uploaded a longer version of the same video on his Instagram handle and YouTube channel, stating that it is an avalanche at Kapuche Lake in Nepal.The description to the YouTube video says, “Huge Avalanche ( ) at Kapuche Lake Sikles. The Kapuche Glacier lake is located at an altitude of 2546 meters from sea level. It lies inside the small village Sikles of Kaski district in the Annapurna region. This lake has been declared as the lowest altitude glacier lake in the world. We had to spend overnight at lake in order to catch this moment and it eventually paid off we were filming ourselves and all of sudden avalanche started, rest is history”.Taking a cue from this, we did a keyword search on the Internet and found reports confirming that the video is from Kapuche Glacier Lake at Parche in Nepal’s Kaski district.According to reports, a tourist named Shambhu Adhikari stumbled upon this view as he was recording himself playing a guitar.We also found a report on the avalanche by The Weather Channel published on January 26, 2021. The report also says there were no casualties in the incident. Further, India Today’s Kathmandu correspondent confirmed to us that the video is from Nepal.Hence, it is clear that the video in question is around a month old and of an avalanche at Kapuche Glacier Lake in Nepal.With inputs from Sourabh Bhatnagar in New Delhi  INDIA TODAY FACT CHECK      ClaimThis is the video of the glacier breaking off in Uttarakhand’s Chamoli. ConclusionThis video is of an avalanche at Kapuche Glacier Lake in Nepal in January 2021. There were no casualties in the incident. Meanwhile, until February 8 morning, at least 15 people have been reported dead and many are still missing after the glacier burst in Chamoli district on Sunday.JHOOTH BOLE KAUVA KAATEThe number of crows determines the intensity of the lie.1 Crow: Half True2 Crows: Mostly lies3 Crows: Absolutely false Want to send us something for verification? Please share it on our  at 73 7000 7000  You can also send us an email at factcheck@intoday.com",['Fact Check: Avalanche video from Nepal shared as Uttarakhand glacier burst '],https://www.indiatoday.in/fact-check/story/fact-check-avalanche-video-from-nepal-shared-as-uttarakhand-glacier-burst-1767146-2021-02-08
2,fact-check,Fact Check: This emotional post about a farmer and his soldier son is misleading,"(7, 2, 2021)","A set of two pictures, one of them showing a man embracing a young Sikh soldier, is going viral on social media in the context of the ongoing farmers’ agitation. It is being claimed that soon after getting leave, the soldier came to meet his father at Delhi border, where he has been protesting against the farm laws for 75 days.

 India Today Anti Fake News War Room (AFWA) has found the claim along with the pictures to misleading. The picture was taken not in Delhi but Punjab’s Ludhiana.The claim is being widely circulated on Facebook and Twitter. Some verified Twitter handles have also shared the post. The archived version can be seen here.75, #FarmersProtests pic.twitter.com/Rccka2r8bD— VINOD JHAKAR (@VinodJakharIN) February 6, 2021
AFWA investigation We did not find any credible news report regarding the viral pictures. But with the help of some clues in the pictures, AFWA ascertained that they are from Ludhiana.The viral pictures show a board of shipping company “FedEx” behind the men and another with “PARKING BUS STAND” written on it. Though it can’t be seen clearly, a closer look at the second board reveals “LUDHIANA” printed just below the words “BUS STAND”. Some other boards in Punjabi can also be seen. Using related keywords, we found that a “FedEx” outlet is indeed located near Ludhiana bus stand. AFWA reached out to the owner of this “FedEx” outlet Surinder Bansal with the help of the contact number given on the Internet.Bansal confirmed to us that the viral pictures are from outside his shop near Ludhiana bus stand. He, however, could not tell us anything about the soldiers seen in the pictures.Our Ludhiana correspondent visited the same place and clicked some pictures to authenticate the information given by Bansal. These pictures show exactly the same boards as seen in the viral photographs. We also have a video of this location in which the board of “PARKING BUS STAND” can be seen.India Today could not verify the identity of the soldiers or the two other men seen in the viral pictures. But it is clear that they were clicked at Ludhiana and not Delhi, and the accompanying post is also misleading.(With inputs from Munish Atrey in Ludhiana) INDIA TODAY FACT CHECK      ClaimSoon after getting leave, this soldier rushed to Delhi border to meet his father, who has been protesting against the farm laws for 75 days.ConclusionThe pictures are not from Delhi, but Ludhiana in Punjab. However, the people seen in the photographs could not be identified.JHOOTH BOLE KAUVA KAATEThe number of crows determines the intensity of the lie.1 Crow: Half True2 Crows: Mostly lies3 Crows: Absolutely false Want to send us something for verification? Please share it on our  at 73 7000 7000  You can also send us an email at factcheck@intoday.com",NA,https://www.indiatoday.in/fact-check/story/fact-check-this-emotional-post-about-a-farmer-and-his-soldier-son-is-misleading-1766878-2021-02-07
3,fact-check,Fact Check: This video of liquor distribution is not from farmers’ protest,"(7, 2, 2021)","A short clip of a person sitting inside a vehicle and distributing alcohol is circulating on social media with the claim that this is a scene from the ongoing farmers’ protests. The video shows a group of young and old men holding glasses and bowls from outside as the person in the vehicle pours liquor on them.

The 31-second video is being shared with the caption, “Farmers protests. Free liquor distribution.”


India Today Anti Fake News War Room (AFWA) has found the claim along with the video to be misleading. The video is available on the Internet at least since April last year, while the three farm laws against which farmers are protesting were passed by the Centre in September 2020.The archived versions of similar posts can be seen here, here and here.AFWA probe We did a reverse image search of keyframes of the video and found that it was up on the Internet months before the passing of the three farm laws. Many Facebook users had shared the video in April 2020.However, the central government passed the three farm Bills only in September 2020 during the monsoon session of Parliament. Introduced as ordinances in June 2020, they were passed in both Houses of Parliament amid ruckus by Opposition members. The President gave his assent on September 27, 2020.The laws led to agitation by some farmers’ groups who alleged that they will be left at the mercy of corporates. Punjab witnessed protests for weeks, and late November onwards, farmers’ unions gheraoed Delhi.Hence, it is clear that the video in circulation showing the distribution of alcohol is not related to the ongoing farmers’ protests in India. INDIA TODAY FACT CHECK      ClaimVideo shows free alcohol distribution among farmers protesting against the three farm laws. ConclusionWhile the farm laws were passed by the Centre in September 2020, this video has been circulating on social media since much before. Hence, the video is not related to the ongoing farmers’ agitation.JHOOTH BOLE KAUVA KAATEThe number of crows determines the intensity of the lie.1 Crow: Half True2 Crows: Mostly lies3 Crows: Absolutely false Want to send us something for verification? Please share it on our  at 73 7000 7000  You can also send us an email at factcheck@intoday.com",NA,https://www.indiatoday.in/fact-check/story/fact-check-this-video-of-liquor-distribution-is-not-from-farmers-protest-1766842-2021-02-07
4,fact-check,Fact Check: This viral tweet on ‘Hindu Mukt India’ by Bollywood singer is fake,"(6, 2, 2021)","International pop artist Rihanna and environmental activist Greta Thunberg have extended their support to the ongoing farmers’ protest in India. Multiple Indian celebrities from movies and sports too supported the farmers’ agitation against the Centre’s three farm laws.

Amid this, a screenshot of a communally charged tweet purportedly by Indian playback singer Caralisa Monteiro is viral on social media.According to the screenshot, Monteiro tweeted, “Every time a Hindu is killed, I get orgasmic pleasure. Modi might dream Congress Mukt Bharat, but we will get Hindu Mukt India soon. Amen!”Several netizens lashed out at the singer sharing the alleged “Hindu Mukt India” tweet along with the screengrab of a video from 2016 where she supported the Aam Aadmi Party (AAP) during Goa’s Assembly elections.The caption in Hindi to one such post translates as “This is Kejriwal's AAP Bollywood Brand Ambassador Caralisa Monteiro. She gets orgasmic pleasure in killing Hindus. The truth is that the Hindus of Delhi have decorated their pyre by voting for a wicked Maoist like Kejriwal for free.” Several netizens also tweeted the same screengrab demanding action against the Bollywood singer for her alleged tweet that invokes communal hatred.India Today Anti Fake News War Room (AFWA) has found that the viral tweet in the name of Monteiro is fake. The singer also clarified through her verified Twitter handle that the tweet was not made by her and case has been registered on this matter.The archived versions of similar posts can be seen here, here, and here.AFWA probeDuring our investigation, we couldn’t find the tweet in question on the timeline of Monteiro's verified Twitter handle. Neither could we find an archived version of the tweet on any of the archiving sites.The date of posting mentioned on the viral screengrab is January 1, 2021. However, we found that only one tweet from the singer dated January 1, is currently available on her handle. This tweet was regarding a Logical Indian report on a gang rape survivor and it was made around 8:50 pm.Also, the name of the device used for posting a tweet from any given user’s account is seen in the space after the time and date of every tweet. However, the space for the name of the device is vacant in the viral tweet.The number of retweets, quote tweets and likes that are usually seen below the space for date and time are also missing in the viral screenshot. It is highly unlikely for a controversial tweet made by the verified handle of Monteiro, who has over 36.4K followers, to not get any likes or retweets.Here is a comparison between a text-only tweet posted by Monteiro on her verified Twitter handle on February 4, 2021, and the viral screengrab in question. Moreover, the singer herself clarified when the tweet in question went viral. “This is a fake tweet and will be reported. Not language I use. And not how I speak. Will formally lodge a complaint regarding this,” Monteiro tweeted in response to one such viral post. Later, she also said a case has been registered on the matter.Hence it is clear that the viral tweet on a “Hindu Mukt India” is fake and not tweeted by singer Caralisa Monteiro.READ | Fact Check: List of UP Congress' minority cell members viral with communal twistREAD | Fact Check: This article praising PM Modi was not published by ‘The New York Times’READ | Fact Check: This ‘Islamophobic’ news headline about Kerala cricketer Azharuddeen is fakeWATCH | Edited clip of Mamata reciting Islamic prayers linked to Netaji event controversy INDIA TODAY FACT CHECK      ClaimIndian singer Caralisa Monteiro tweeted a communally charged post that declares India will be “Hindu Mukt” soon.ConclusionThe viral post purportedly by Monteiro is fake. The singer clarified that she has not tweeted any such thing and has also filed a complaint in this matter.JHOOTH BOLE KAUVA KAATEThe number of crows determines the intensity of the lie.1 Crow: Half True2 Crows: Mostly lies3 Crows: Absolutely false Want to send us something for verification? Please share it on our  at 73 7000 7000  You can also send us an email at factcheck@intoday.com",NA,https://www.indiatoday.in/fact-check/story/viral-tweet-on-hindu-mukt-india-by-bollywood-singer-is-fake-1766680-2021-02-06
5,fact-check,Fact Check: Morphed photo shows Congress workers offering cake to Mia Khalifa's poster,"(6, 2, 2021)","After international pop artist Rihanna and environmental activist Greta Thunberg, former adult film star Mia Khalifa too tweeted in support of the ongoing farmers' agitation against Centre's three farm laws in India.

Amidst this, an image showing a group of Congress party workers offering cake to Khalifa's poster is viral on social media. The caption to one such image reads, ""So much enslaved mentality? Height of Appeasement... uff.. the Congi Way ! @INCIndia most effective n anti India ideology!?""So much enslaved mentality ?Height of Appeasement... uff.. the Congi Way !@INCIndia most effective n anti India ideology !? pic.twitter.com/fYy2LQCS2H— (@IMehla) February 6, 2021
Verified Twitter handle of BJP member Major Surendra Poonia also tweeted ( https://twitter.com/MajorPoonia/status/1358064664534413316 ) the same image.India Today Anti Fake News War Room (AFWA) has found that the viral image is morphed. The original image dates back to 2007 and has the Indian Youth Congress supporters celebrating the birthday of Congress leader Rahul Gandhi.The archived versions of similar posts can be seen here, here, here and here.AFWA probeWith the help of reverse image search, we found the original version of the image on the stock image site Getty Images. In this image, the men can be seen offering cake to Congress leader Rahul Gandhi.According to the information provided by Getty images, the image shows Indian Youth Congress supporters celebrating Gandhi's 37th birthday. The image was taken on June 19, 2007, in front of Congress party president Sonia Gandhi's residence in New Delhi. The original image was also carried by a Times of India news report with credits to AFP on June 19, 2007. The title of the report reads, ""Rahul Gandhi turns 37 today.""Hence, it is clear that the image of Congress workers feeding cake to Mia Khalifa's photo is morphed and is more than a decade old. INDIA TODAY FACT CHECK      ClaimImage shows a group of Congress party workers offering cake to former adult film actress Mia Khalifa's poster.   ConclusionThis image is morphed. The original image shows the Indian Youth Congress supporters celebrating Congress leader Rahul Gandhi's 37th birthday. The image was clicked in the year 2007. JHOOTH BOLE KAUVA KAATEThe number of crows determines the intensity of the lie.1 Crow: Half True2 Crows: Mostly lies3 Crows: Absolutely false Want to send us something for verification? Please share it on our  at 73 7000 7000  You can also send us an email at factcheck@intoday.com",NA,https://www.indiatoday.in/fact-check/story/morphed-photo-congress-workers-offering-cake-mia-khalifa-poster-1766686-2021-02-06
6,fact-check,Fact Check: List of UP Congress' minority cell members viral with communal twist,"(6, 2, 2021)","If a viral image of a document is to be believed, the Congress party in Uttar Pradesh did not appoint even a single district chairman from the Hindu community. A list of UP Congress’ district chairmen is viral on social media with a claim that it only consists of Muslim names.

The image is doing the rounds on the internet with the caption “Congress be renamed as Indian Muslim League now....as conspiring to divide the nation again....”@INCIndia Congress be renamed as Indian Muslim League now....as conspiring to divide the nation again....@INCIndia @RahulGandhi pic.twitter.com/s1iT2OQW7C— Raizada YVS (@yvs_raizada) February 5, 2021
India Today Anti Fake News War Room (AFWA) found that the viral post is misleading. This is a list of the district chairmen appointed by the Congress in December 2020 for its MINORITY DEPARTMENT in Uttar Pradesh. Hence, the list has names only from the Muslim/minority community.The misleading post is doing the rounds on Facebook and Twitter. The same photo with a Hindi caption was also viral last year in December.Archive of the post can be seen here.AFWA probeWith the help of appropriate keyword search, we found that the same photo was uploaded from the Twitter handle of “INC Sandesh” on December 9, 2020. According to the caption of this tweet, these are appointments for Uttar Pradesh PCC (Pradesh Congress Committee) Minority Department.INC COMMUNIQUEImportant Notification regarding appointment of District Chairmen/City Chairmen for Uttar Pradesh PCC Minority Dept pic.twitter.com/OOw52l731X— INC Sandesh (@INCSandesh) December 9, 2020
During that time, news agency ANI had also tweeted about the appointments of these district chairmen for UP Congress’ minority cell.Congress appoints District Chairmen/City Chairmen for Uttar Pradesh Congress Committee Minority department pic.twitter.com/YkJYl1boIx— ANI UP (@ANINewsUP) December 9, 2020
“It is understood that the district chairman for Congress minority cell would only be from the minority community, and not the majority (Hindu),” Saad Siddiqui, former National Coordinator, Minority Department, All India Congress Committee told AFWA.We also found that the Goa unit of Bharatiya Janata Party recently declared a state executive committee for “BJP Minority Morcha” and tweeted a list of the committee members’ names. The list here as well consists of only names from the minority community.BJP Goa State President Shri @ShetSadanand declared the State Executive Committee of BJP Minority Morcha under the leadership of President Shri Haider Shah. pic.twitter.com/6YGNp49X4F— BJP Goa (@BJP4Goa) February 4, 2021
Hence, it can be safely concluded that the viral post is misleading. The Congress had indeed appointed only Muslims/minorities for the designation of District Chairman in UP, but it is because the appointments are for the minority department.READ | Fact Check: This article praising PM Modi was not published by ‘The New York Times’ READ | Fact Check: This ‘Islamophobic’ news headline about Kerala cricketer Azharuddeen is fakeWATCH | Edited clip of Mamata reciting Islamic prayers linked to Netaji event controversy INDIA TODAY FACT CHECK      ClaimImage of a document shows how Congress did not appoint a single district chairman from the Hindu community in Uttar Pradesh. All district chairmen are Muslims.ConclusionThis is the list of the District Chairmen appointed by the Congress in December 2020 for its Minority Department in Uttar Pradesh. This is why the list has names from the Muslim/minority community only.JHOOTH BOLE KAUVA KAATEThe number of crows determines the intensity of the lie.1 Crow: Half True2 Crows: Mostly lies3 Crows: Absolutely false Want to send us something for verification? Please share it on our  at 73 7000 7000  You can also send us an email at factcheck@intoday.com",NA,https://www.indiatoday.in/fact-check/story/fact-check-list-of-up-congress-minority-cell-members-viral-with-a-communal-twist-1766657-2021-02-06
7,fact-check,Fact Check: Video of Nihang Sikhs attacking bus is not related to farmers’ protest,"(5, 2, 2021)","Following the clashes between Delhi police and protesting farmers during the January 26 tractor rally, security has been beefed up in Delhi and the National Capital Region (NCR). Amid this, a video showing a group of Nihang Sikhs arguing with a bus driver and attacking the bus with swords is viral on social media. It is being claimed that it is a scene from the ongoing farmers’ protest. The bus belongs to Pepsu Road Transport Corporation (PRTC), a state-run bus operator in Punjab.

The caption in Hindi to one such video translates to, “Government property demolished under the guise of farmers. Attack on government buses. Some people with poor mentality resort to violence in the name of religion. This is clearly visible in the video. The driver of the #PRTC bus has parked the bus aside. #FarmersProtest #KisanProtest #kisanandolan #NewsUpdate #delhi #farmersprotestchallenge #farmersprotestchallenge #BJP4IND #kissan #news #instagram #india #Haryana #Punjab.”India Today Anti Fake News War Room (AFWA) has found that the claim is misleading. This is a 2019 video from Kapurthala district of Punjab. The incident reportedly took place after the bus allegedly hit one of the horses that the Nihang Sikhs were riding on.The archived versions of similar posts can be seen here and here.AFWA probeWith the help of a keyword search, we found the same video uploaded on multiple YouTube channels since at least September 2019.One such video uploaded on September 23, 2019, on the YouTube channel of P24 News, can be seen below.We also found multiple media reports on the incident. According to a news report by The Tribune dated September 20, 2019, the incident happened after the PRTC bus allegedly hit one of the horses of the Nihang Sikhs by accident. Roadways officials at the Kapurthala depot also confirmed the incident to The Tribune.Amar Ujala, Dainik Bhaskar, Jagran, and Asianet News had also reported regarding the incident in September 2019.According to the Jagran report, the incident happened near Gurudwara Shri Tahli Sahib on the Kapurthala-Nakodar Road of Kapurthala district, Punjab. Bus number PB09-X-3613 of Kapurthala depot was travelling to Kapurthala from Nakodar on the morning of September 14, 2019. The news report also identified the bus driver as Nirmal Singh.Hence, it is clear that the video in question is more than a year old and not related to the ongoing farmers’ protest. INDIA TODAY FACT CHECK      ClaimVideo shows a group of Nihang Sikhs attacking a public bus and resorting to violence during the ongoing farmers’ protest.ConclusionThis is a 2019 video from Kapurthala district in Punjab. The incident reportedly took place after the bus allegedly hit one of the horses the Nihang Sikhs were riding on, by accident.JHOOTH BOLE KAUVA KAATEThe number of crows determines the intensity of the lie.1 Crow: Half True2 Crows: Mostly lies3 Crows: Absolutely false Want to send us something for verification? Please share it on our  at 73 7000 7000  You can also send us an email at factcheck@intoday.com","['New Delhi', ' Delhi Violence', ' Farmers Protest', ' Clash between police and farmers', ' Republic day', ' Tractor Rally', ' NCR', ' Nihang Sikhs', ' Attacks', ' Sword', ' Indian Government', ' Three farm law', ' Violence', ' Punjab', ' Bus attacked']",https://www.indiatoday.in/fact-check/story/video-of-nihang-sikhs-attacking-public-bus-is-not-related-to-farmers-protest-1766429-2021-02-05
8,fact-check,Fact Check: This is not a widowed professor carrying his baby to class,"(4, 2, 2021)","Many a time, we come across inspiring stories of how single moms and dads have conquered their parenting journeys. Now, an adorable picture collage of a man carrying a baby on his chest while teaching is viral on social media with the claim that he is a college professor who lost his wife during childbirth. The claim says he is looking after the baby and taking classes at the same time.

The verified Twitter handle of Awanish Sharan, a 2009 batch IAS officer of Chhattisgarh cadre, posted the collage with the caption, “His wife passed away during Childbirth. But he has taken responsibility for taking the child and college classes together. The real life Hero.” India Today Anti Fake News War Room (AFWA) has found the claim to be misleading. These are 2016 images of a Mexican professor carrying the baby of one of his students so that she could take notes without interruption.The archived versions of similar posts can be seen here, here, and here.AFWA probeWith the help of reverse image search, we found the same pictures in a 2016 report by “CNN Spanish”.According to the report, the man in the pictures is Moisés Reyes Sandoval, a law professor at the Inter-American University for Development in Acapulco, Mexico. The report says that the baby he’s carrying is of his 22-year-old student, Yalena Salas, who despite having multiple responsibilities in life, decided to pursue studies.According to what the professor told CNN, the baby began crying when he started dictating a series of definitions on international law, making it difficult for the mother to handle the baby and attend class. That is when the professor took the baby so the mother could take notes without interruption.Sharing the moment, Sandoval on July 6, 2016, had also posted one of the viral pictures on his personal Facebook account.The caption of the post in Spanish translates to, “I have a student, who has not dropped out of school despite her different roles, so I decided to carry her son, without interrupting the class to take notes.” Sandoval’s kind gesture towards a young mother determined to study against all odds was also reported by the local media in 2016.Sandoval’s wife is very much alive and they have a son together. On June 21, 2020, his wife Ariana Ibarra shared a picture of Sandoval and their child and wrote a loving post to wish him on Father’s Day. Sandoval’s present Facebook bio reads, “Local Deputy of the 7th District of Acapulco, Vice President of the Guerrero Congress, Lawyer.”Hence, it is clear that the viral pictures are of a professor in Mexico who was carrying the child of one of his students so that she could take notes without interruption. INDIA TODAY FACT CHECK      ClaimPictures of a professor who lost his wife during childbirth. He is looking after the child and taking classes at the same time.ConclusionThis is Moisés Reyes Sandoval, a university professor in Mexico, who decided to carry his student’s child so she could take notes uninterrupted.JHOOTH BOLE KAUVA KAATEThe number of crows determines the intensity of the lie.1 Crow: Half True2 Crows: Mostly lies3 Crows: Absolutely false Want to send us something for verification? Please share it on our  at 73 7000 7000  You can also send us an email at factcheck@intoday.com",NA,https://www.indiatoday.in/fact-check/story/fact-check-this-is-not-a-widowed-professor-carrying-his-baby-to-class-1765933-2021-02-04
9,fact-check,Fact Check: These antique steel-wheeled tractors have no connection with farmers’ protests,"(3, 2, 2021)","After the January 26 tractor rally fiasco in Delhi, police have become cautious so as to avoid further violence by protesting farmers. As per reports, iron spikes and nails have been planted on roads along the Delhi border to stop the entry of tractors.

Amid this, a post circulating on social media claims farmers are preparing tractors with steel wheels and no tyres or tubes to overcome the obstacles. The posts are being shared with pictures of some unique tractors. India Today Anti Fake News War Room (AFWA) has found that these pictures are all old and unrelated. Most are stock images of vintage tractors randomly picked from websites and not related to the ongoing farmers’ protests.The archived versions of the posts are saved here, here and here.With the help of reverse image search, we found the origin of these pictures, and for the sake of convenience, numbered them too.First picture This picture of a tractor with metal wheels has been available on the Internet since 2015. A Tumblr user put out this photo in 2015 with the caption, “Modern tractor on steel wheels, pretty much the norm in my area with the old order menonites.” Second picture This picture is a screen grab taken from a YouTube video posted by “Small Scale IndustrY Ideas” on July 18, 2019. The title of the video says: Tractor IRON “Cage Wheels” Handmade The Proletariat Workers / Small Scale IndustrY.This video can also be found on the website “Machinery Extreme”.Third picture This is an antique Massy-Harris Model 55 farm tractor found in the stock shots of the website “Dreamstime”.Fourth picture This picture of a blue tractor with steel wheels is also available on the Internet since 2013. A video of this tractor can be found in the YouTube channel “Bontrager Entertainment” where the video description says, “Brief history of farming and reason for using steel wheels by the Horse & Buggy Mennonites of New York.”Fifth picture This green-coloured steel-wheeled tractor is an antique piece whose wallpaper images are also up for sale on websites such as “Amazon”.We found about this tractor’s legacy in an American blog which had mention of the 1930s John Deere tractors. Hence, it can be concluded that the images used in the viral Facebook post claiming that these are steel-wheeled tractors farmers are making to run through iron spikes and nails on Delhi’s roads are false. All these images are old and not related to the ongoing farmers’ agitation. INDIA TODAY FACT CHECK      ClaimProtesting farmers are now making tractors with steel wheels, without tyres and tubes, after the government planted iron spikes and nails on the roads to stop entry of tractors. ConclusionThese pictures are all old and unrelated. Most are stock images of vintage tractors randomly picked from websites and not related to the ongoing farmers’ protest.JHOOTH BOLE KAUVA KAATEThe number of crows determines the intensity of the lie.1 Crow: Half True2 Crows: Mostly lies3 Crows: Absolutely false Want to send us something for verification? Please share it on our  at 73 7000 7000  You can also send us an email at factcheck@intoday.com",['Fact Check: These antique steel-wheeled tractors have no connection with farmers’ protests '],https://www.indiatoday.in/fact-check/story/fact-check-these-antique-steel-wheeled-tractors-have-no-connection-with-farmers-protests-1765672-2021-02-03
10,fact-check,Fact Check: This article praising PM Modi was not published by ‘The New York Times’ ,"(3, 2, 2021)","An article eulogising Prime Minister Narendra Modi, said to be written by the editor-in-chief of “The New York Times”, is being widely circulated on social media. Joseph Hope, the said editor, calls Modi a “dangerous patriot” whose leadership skills and political acumen are posing a serious threat to other superpowers.

Many Twitter and Facebook users have shared the content, claiming that it was published by “The New York Times”. The same article was also posted in some blogs with the title “*Who is Modi?* commented by *New York Times Editor-in-Chief Joseph Hope”.“Narendra Modi’s sole aim is to make India a better Country.. If he is not stopped, in the future India will become the most Powerful Nation in the World.. It will surprise the United States, the United Kingdom, and Russia..” reads part of the text. India Today Anti Fake News War Room (AFWA) has found that “The New York Times” has not published the article. It said there is nobody by the name “Joseph Hope” in the organisation and its editor Dean Baquet has written no such article on Modi.The archived versions of these posts are saved here, here, here and here.Not an NYT article The language of the viral article makes it look suspicious from the very beginning. The lousy sentences and grammatical errors are unlike the editorial standards of “The New York Times”.We searched “The New York Times” but could not find any such article or opinion piece on its website. We then looked for “Joseph Hope” in the website’s “Our People” section but could not find any such name in the list of profiles. This was strange given the fact that Joseph Hope has been claimed to be the editor-in-chief of NYT in the social media posts.We found an independent researcher named “Joseph Hope” who writes for Asia Times. But none of his articles match with the viral one.For further clarification, India Today reached out to Danielle Rhoades Ha, vice president, communications, at NYT. She mailed back refuting the viral claim, saying no such article was published in The New York Times and “No one named Joseph Hope works for The New York Times”.She further said, “The editor of The New York Times is Dean Baquet and he has not said or written the attached message. Our newsroom is independent and relies on original reporting from more than 1,700 journalists; our global report can be found at NYTimes.com.”In October 2020, “The New York Times” had written an article on the Indo-China border tensions, wherein it said, “Mr. Modi, a Hindu nationalist, has been criticized heavily for actions that have disenfranchised Muslims in India”.Hence, it is clear that the viral message claiming NYT editor-in-chief Joseph Hope wrote an article praising PM Modi is false. Neither does any Joseph Hope work at NYT nor has anyone else at the media organisation written such an article about PM Modi. INDIA TODAY FACT CHECK      ClaimIn an article written by Joseph Hope, the editor-in-chief of ‘The New York Times’, he has called Narendra Modi “a dangerous patriot” whose leadership skills and political acumen are posing a serious threat to other superpowers. Conclusion‘The New York Times’ has not published the article. It said there is nobody by the name “Joseph Hope” in the organisation and its editor Dean Baquet has written no such article on Modi.JHOOTH BOLE KAUVA KAATEThe number of crows determines the intensity of the lie.1 Crow: Half True2 Crows: Mostly lies3 Crows: Absolutely false Want to send us something for verification? Please share it on our  at 73 7000 7000  You can also send us an email at factcheck@intoday.com",NA,https://www.indiatoday.in/fact-check/story/fact-check-this-article-praising-pm-modi-was-not-published-by-the-new-york-times-1765308-2021-02-03
11,fact-check,Fact Check: This was not the rush at Borivali station after local trains resumed in Mumbai,"(2, 2, 2021)","Train services in Mumbai resumed for the general public after 10 months on February 1. Suburban train operations, the lifeline of Mumbai, were suspended on March 23, 2020, due to the coronavirus pandemic, and had resumed for certain groups since July 15, 2020.

In this context, a 20-second clip of a railway station tightly packed with commuters is circulating on social media with the claim that this is the scene from Mumbai’s Borivali station after train services commenced for the general public.The caption along with one such video uploaded on Facebook says, “First day after covid Suburban train services open for all commuters....A scene from Borivali today...”While the resumption of train services comes as a much-needed relief for Mumbaikars, this video has created panic among netizens because Mumbai has seen a spike in Covid-19 cases in January 2021 in comparison to December 2020.India Today Anti Fake News War Room (AFWA) has found the claim along with the video to be misleading. This clip is at least five years old. The Western Railway has confirmed that the present situation at Borivali station is not similar to the visuals being circulated. On February 1, around 12.4 lakh commuters used Western Railway, under which Borivali falls, while on an average, 35 lakh people travel every day.The archived versions of similar posts can be seen here, here and here.AFWA probe With the help of InVID tool and appropriate keywords, we found the same video uploaded on a YouTube channel on March 12, 2016. “Amazing mumbai local crowd,” reads the headline of the video.The video was also shared in December 2020 and January 2021, which makes it clear that it is old and not related to the February 1 reopening of Mumbai local trains.For better clarity on the matter, India Today reached out to Sumit Thakur, chief public relations officer of Western Railway, who confirmed to us that the situation at Borivali station is not similar to the video in question.“Around 12.4 lakh people travelled on February 1 by Western Railway on which Borivali is located, while on an average, 35 lakh people used to travel through this route every day. This is an old video that is being used by social media users with false claims,” Thakur said.We also found a tweet from the official handle of Western Railway, Mumbai Central Division, confirming that security forces are deployed at Mumbai’s suburban sections to regulate the crowd, and no large crowd was reported from any of the sections.The video seems to be a fake one, as local trains resumed for general public only on yesterday after almost 10 months. Sufficient uniformed staff are deployed at stations to regulate the crowd. No such instance of crowd congregation has been reported from across suburban section.— Sr.DSC/MUMBAI/W.R. (@rpfwrbct) February 2, 2021
At present, the general public is not allowed to travel by local trains between 7 am and 12 noon and between 4 pm and 9 pm, which are considered peak travel hours. A glimpse of Borivali station on February 1 uploaded by the verified Twitter handle of “Free Press Journal” can be seen below.Back to normal? A glimpse of commuters in Borivali, as Mumbai reopens local trains for the general public after more than 10 months#MumbaiLocalTrains #Mumbaikar #MumbaiLocal @WesternRly pic.twitter.com/kl6DX4Vv0K— Free Press Journal (@fpjindia) February 1, 2021
Hence, it is clear that the video in question is at least five years old and not related to the resumption of local trains in Mumbai.(With inputs from Vidya in Mumbai) INDIA TODAY FACT CHECK      ClaimVideo shows the crowd at Mumbai’s Borivali station on February 1, the day suburban trains resumed for the general public after a 10-month gap. ConclusionThis video is at least five years old. Western Railway, under which Borivali falls, has confirmed that on February 1, around 12.4 lakh people travelled on this zone as against the average of 35 lakh.JHOOTH BOLE KAUVA KAATEThe number of crows determines the intensity of the lie.1 Crow: Half True2 Crows: Mostly lies3 Crows: Absolutely false Want to send us something for verification? Please share it on our  at 73 7000 7000  You can also send us an email at factcheck@intoday.com",['Fact Check: This was not the rush at Borivali station after local trains resumed in Mumbai '],https://www.indiatoday.in/fact-check/story/fact-check-this-was-not-the-rush-at-borivali-station-after-local-trains-resumed-in-mumbai-1765304-2021-02-02
12,fact-check,Fact Check: Viral video of Japan’s lightning-fast electric train is not real,"(2, 2, 2021)","Will a train journey in Japan take lesser time than a flight? Some netizens certainly believe so!

A video of a train ride is being shared on social media along with the claim that the new electric train in Japan is twice as fast as an F-16 fighter aircraft. Many Facebook users have posted the nearly five-minute video of a train ride captured from inside. A speedometer and map show the journey on screen.The caption says, “Japan’s new electric train 4800km/h. From Osaka to Tokyo 515km takes 10 minutes. 4 times faster than aircraft. 2 times faster than F 16. Great job done by Japanese...”India Today Anti Fake News War Room (AFWA) has found that this is not a real train journey but a time-lapse video of a high-speed bullet train journey from Osaka to Tokyo. This journey normally takes 2.5 hours.The archived versions of the posts are saved here, here, and here.Truth behind the videoA watermark on the top left corner of the viral video reads “Fermata Studio”. With the help of keyword search, we found it is a YouTube channel that mostly uploads simulation and time-lapse videos of trains and aeroplanes.In the “about” section, the YouTuber expressed concern about the channel’s immense popularity that has also affected him adversely, as he also received online abuses for the videos. This has led him to withdraw several videos, he said.“I may release those videos again, or I may remake them, but I don’t know how I will do right now. This channel has become a bit desolate, but I plan to continue making new videos at a slower pace. I have been collecting promising material and fantasies, so please be patient,” reads part of the section.We found the archived version of the original YouTube video created and uploaded by “Fermata Studio”. The title says, “[High-Speed Simulation] Operating Shinkansen Bullet Train, Osaka to Tokyo (515km) in 10 min”. The original video is 10 minutes and 13 seconds long, from which the viral video has been chopped out.It has been declared by the YouTuber that it is a time-lapse video. The description says: This movie is a fiction. Normally it takes 2.5 hours from Shin-Osaka to Tokyo. Made by a method called “Time variant hyper-lapse/time-lapse”.But this video is not available right now. The YouTuber has said that many fact-check websites have debunked various misleading claims that went viral with the video.“AFP Fact Check” in an article said they have spoken to the YouTuber, who said, “I have been filming window views from trains and aircrafts for the last seven years. Using those videos, I wanted to create a science fiction video that would allow people to experience extreme speed that is impossible in reality.”“Fermata Studio” has uploaded many more time-lapse videos of aeroplanes and trains on the channel.As per news reports, Japan’s bullet train has the capability of reaching a highest speed of 400 kms per hour. But the viral claim saying Japan’s electric train runs at 4,800 kms per hour is false. And the video used with the claim is a time-lapse video of a bullet train journey.READ | Fact Check: This is not an Australian astronaut jumping from spaceship to EarthREAD | Fact Check: No boyfriend, no entry? These college circulars are too filmy to be true INDIA TODAY FACT CHECK      ClaimThis video was captured from inside a new electric train in Japan that runs at 4,800 kms per hour. It completed the 515-km journey from Osaka to Tokyo in just 10 minutes. It is four times faster than an aircraft.ConclusionThis is a time-lapse video of a high-speed bullet train journey from Osaka to Tokyo. This journey normally takes 2.5 hours.JHOOTH BOLE KAUVA KAATEThe number of crows determines the intensity of the lie.1 Crow: Half True2 Crows: Mostly lies3 Crows: Absolutely false Want to send us something for verification? Please share it on our  at 73 7000 7000  You can also send us an email at factcheck@intoday.com",NA,https://www.indiatoday.in/fact-check/story/fact-check-viral-video-of-japan-lightning-fast-electric-train-is-not-real-1764990-2021-02-02
