SN,category,headline,date,content,keywords,link
1,fact-check,Fact Check: Pak Army brutality passed off as Muslims being assaulted in India,"(21, 4, 2021)","A video of soldiers thrashing some men is circulating on social media with the claim that the incident is from India where Muslims are being dragged out of their houses and beaten up by the Indian Army.

The clip shows men in military uniform whipping and kicking a couple of men as officers stand by giving instructions.Several Facebook users have posted the video with a caption in Hindi which translates to, “RSS has fully captured India. Muslims are being dragged out of their houses and beaten.” India Today Anti Fake News War Room (AFWA) has found that the video is of Pakistani Army interrogating and assaulting suspected Taliban sympathisers. The video had surfaced on social media in 2009 and led to criticism against the Pakistani Army.The archived versions of the posts are saved here, here and here.AFWA probeWe found that in 2019, some YouTube users had uploaded the video with the claim that this was Indian Army thrashing Kashmiri Muslims.With the help of InVID, we sliced up the video into keyframes, and after running a reverse search on each frame, found news reports on the incident. In 2011, several news websites had used the video, saying this was Pakistani soldiers interrogating members of the “Taliban”.Digging deeper, we found that the video had surfaced on social media in 2009. As per “BBC News”, “Pakistani soldiers are seen apparently abusing Taliban suspects” in the video. The Pakistani Army had said they were examining the video as this was a serious accusation. It was not clear where the video was shot, but it was probably somewhere in the Swat region. As per some news articles, the Pakistan human rights commission had received numerous reports of extrajudicial killings and reprisals by security forces in Swat Valley after the army took control of the area from Taliban.Therefore, it is confirmed that the viral video has no connection with India and it was brutality by Pakistani Army against suspected Taliban sympathisers.READ | Fact Check: Video of Delhi cop being assaulted goes viral as atrocities by Bengal BJP workersREAD | Fact Check: Picture of man injured in Mewat violence passed off as atrocities on Hindus in Bengal INDIA TODAY FACT CHECK      ClaimIndia is now fully under the control of RSS. This is how Muslims are dragged out of their houses and thrashed.ConclusionThis video is of Pakistani Army interrogating and assaulting suspected Taliban sympathisers. The video had surfaced on social media in 2009 and led to criticism against the Pakistani Army.JHOOTH BOLE KAUVA KAATEThe number of crows determines the intensity of the lie.1 Crow: Half True2 Crows: Mostly lies3 Crows: Absolutely false Want to send us something for verification? Please share it on our  at 73 7000 7000  You can also send us an email at factcheck@intoday.com",NA,https://www.indiatoday.in/fact-check/story/fact-check-pak-army-brutality-passed-off-as-muslims-being-assaulted-in-india-1793220-2021-04-21
2,fact-check,Fact Check: Video of Delhi cop being assaulted goes viral as atrocities by Bengal BJP workers,"(19, 4, 2021)","The high-voltage elections in West Bengal are being played out on the social media theatre as well, with supporters of different political parties taking a dig at their rivals. The state still has three more phases to go, and elections here have been marked by sporadic incidents of violence.

Amid this, a short clip of two people assaulting a policeman inside a house has gone viral with the claim, “See how BJP leader Rinku Verma is assaulting a policeman on duty. And their leaders are talking about building a Sonar Bangla.”In this 1-minute-6-second video, the men are seen abusing and slapping the cop repeatedly, while another policeman is trying to stop them.India Today Anti Fake News War Room (AFWA) has found that the video has no connection with Bengal, and the incident is from Delhi’s Uttam Nagar area.The archived versions of similar claims can be seen here, here and here.AFWA probe While taking a closer look at the video, the first thing that struck us was the emblem attached on the policeman’s arm. At around five seconds into the video, we could see the emblem properly and found that it was not of West Bengal Police.At around 20 seconds, we could see the letters “D” and “P” next to the epaulette on the policeman’s shoulder. This convinced us that the man is associated with Delhi Police.Taking a cue from this, we did a keyword search and found a similar video posted by “The Times Of India”.The caption of the video, posted on April 15, says, “A video of a Delhi police cop is being assaulted by some people inside a house has gone viral on social media. The cop is being repeatedly slapped and abused. Delhi Police has initiated a probe after the incident came into their knowledge. showing an on-duty policeman being assaulted by a gym-owner on April 1 in the Uttam Nagar area of Delhi.”For further clarity, we did a keyword search that led us to several media reports on the incident.According to these reports, the policeman who is being assaulted has been identified as Sushil. He is presently posted at Baba Haridas Nagar police station. Earlier, he was the personal security officer (PSO) to a person named Sanjay Gupta, a property dealer by profession.Since Gupta had registered two cases of extortion in 2016 and 2018, Delhi Police had provided him with PSOs.On April 1, Sushil had an argument with one of Gupta’s relatives named Ashwani. Following this, Gupta’s younger brother Rinku, a gym owner, and his accomplice Kaku beat up the policeman.Police had registered a case against three people, including Rinku, and withdrawn PSOs provided to Gupta.Therefore, it is clear that the viral video is from Delhi and has no connection to Bengal or any BJP leader of the state. INDIA TODAY FACT CHECK      ClaimVideo of Bengal BJP leader Rinku Verma beating up cop on duty. This is how they will make ‘Sonar Bangla’. ConclusionThe incident is from Delhi. Sushil, the PSO of Delhi-based businessman Sanjay Gupta, was recently assaulted by the latter’s relatives over an argument. Delhi Police had booked three people and withdrawn Gupta’s security.JHOOTH BOLE KAUVA KAATEThe number of crows determines the intensity of the lie.1 Crow: Half True2 Crows: Mostly lies3 Crows: Absolutely false Want to send us something for verification? Please share it on our  at 73 7000 7000  You can also send us an email at factcheck@intoday.com",NA,https://www.indiatoday.in/fact-check/story/fact-check-video-of-delhi-cop-being-assaulted-goes-viral-as-atrocities-by-bengal-bjp-workers-1792580-2021-04-19
3,fact-check,Fact Check: Did VK Singh tweet seeking hospital bed for his own ‘Covid-positive’ brother?,"(19, 4, 2021)","Amid the coronavirus scare, a tweet attributed to Ghaziabad BJP MP and former Army chief VK Singh has gone viral for the wrong reason.

Several Twitter users such as Tehseen Poonawalla have posted the screenshot of a tweet by the Union minister seeking a hospital bed for a Covid-infected person.Singh’s tweet tags the Ghaziabad district magistrate and says “Please check this out”. The subsequent text in Hindi translates to, “Please help us. My Covid-infected brother needs a hospital bed. But we can’t find a bed in Ghaziabad.”Social media users were prompt to point out that such is the pathetic condition of Ghaziabad that an MP and former Army chief has to seek help on Twitter to get his Covid-infected brother a hospital bed.Poonawalla, uploading the screenshot of Singh’s tweet, wrote, “The crisis is terrible, imagine the MP of Ghaziabad and former army chief are trying to find beds via Twitter. I hope @gen_VKSingh ji finds a bed for his brother asap” India Today Anti Fake News War Room (AFWA) has found that Singh had not tweeted for his own brother. The MP clarified to India Today and on Twitter that he had tagged the Ghaziabad DM for another person who was looking for a hospital bed for his brother.Tweet that led to confusionSingh had posted the tweet on April 18 but later deleted it as it led to confusion among netizens and sparked a controversy. The archived version of the tweet can be seen here.Thereafter, the former Army chief clarified by posting a fresh tweet, saying: Tweet was forward of a tweet to DM and says “please look into this”. The forwarded tweet is in Hindi. Bed needs have been sorted out by DM & CMO, hence to DMAm amazed at IQ level of trawls and fastest finger channels. Tweet was forward of a tweet to DM and says ""please look into this"". Forwarded tweet is in hindi. Bed needs have been sorted out by DM & CMO , hence to DM. Suggest correct your understanding. https://t.co/BVZyZgQoDG— Vijay Kumar Singh (@Gen_VKSingh) April 18, 2021
For further clarification, AFWA reached out to the minister on WhatsApp, who sent us the original tweet. “Now you will be able to see the mischief. Read the tweet; it does not concern my own brother,” Singh replied to us.We found that the MP was actually looking for a bed for the brother of one Chandra Prakash Rai, who hails from Gorakhpur. AFWA spoke to Rai over the phone, who said the plea was for his brother Nilesh who lives in Sahibabad and is suspected to have been infected by the coronavirus.Rai said the family has been desperately looking for a hospital bed, and hence, he sought the Ghaziabad MP’s help by tagging him in a tweet.Singh, instead of retweeting Rai’s post, copied the text, which led to confusion. Later, after the fiasco on social media, he posted the original tweet seeking help for the person concerned.Even though the renewed surge in cases, coupled with reports of unavailability of hospital beds, has created panic among people, it is clear that Singh’s tweet was not for his own brother. INDIA TODAY FACT CHECK      ClaimThis is the pathetic condition of Ghaziabad where an MP and former Army chief VK Singh has to seek help on Twitter to get his Covid-infected brother a hospital bed. ConclusionVK Singh had not tweeted for his own brother. The MP clarified to India Today and on Twitter that he had tagged the Ghaziabad DM for another person who was looking for a hospital bed for his brother.JHOOTH BOLE KAUVA KAATEThe number of crows determines the intensity of the lie.1 Crow: Half True2 Crows: Mostly lies3 Crows: Absolutely false Want to send us something for verification? Please share it on our  at 73 7000 7000  You can also send us an email at factcheck@intoday.com",['Fact Check: Did VK Singh tweet seeking hospital bed for his own ‘Covid-positive’ brother? '],https://www.indiatoday.in/fact-check/story/fact-check-did-vk-singh-tweet-seeking-hospital-bed-for-his-own-covid-positive-brother-1792544-2021-04-19
4,fact-check,Fact Check: Raj Babbar’s old statement on Naxalites linked to recent Bijapur attack,"(18, 4, 2021)","A screenshot of a newspaper clipping in Hindi is circulating on social media with the claim that after the recent Bijapur attack by Naxalites, Congress leader Raj Babbar called them revolutionaries. A total of 22 CRPF jawans were martyred in the dastardly Naxal ambush in Chhattisgarh on April 3.

Several Facebook users have posted the screenshot of the news item, the headline of which translates to, “Raj Babbar said Naxalites are bringing a revolution”.Some Facebook users posted it with a caption in Hindi saying, “22 security personnel were martyred in a battle with Naxals at Bijapur in Chhattisgarh. But Raj Babbar says Naxals are bringing revolution. Should Raj Babbar get any security after this comment?” India Today Anti Fake News War Room (AFWA) has found that it is an old statement by Babbar and not given in the context of the Bijapur incident.The archived versions of the Facebook posts are saved here, here and here.What AFWA found Using keyword search, we found several news reports on this controversial statement by Babbar on November 4, 2018.As per these reports, the Congress Rajya Sabha MP was addressing a press conference in Chhattisgarh’s Raipur. While commenting on Naxal activity in the state, he had said the “revolution” undertaken by them should be resolved through dialogue.Babbar had further said, “People whose rights have been taken away, who are in misery, who are not being given their right worth, are laying their lives to get back their rights. However, usage of guns by either party will not lead to any solution. A solution will only come out by addressing their problems and having a conversation with them.”The video of Babbar’s media briefing was tweeted by news agency ANI.#WATCH Goliyon se faisle hal nahi hote.Unke sawaal ko address karna padega, aur unko darra kar, ya lalach dekar kranti ke jo log nikle huye hain unhe rok nahi sakte hain. Na idhar ki bandook se hal niklega na udhar ki, baatcheet se hal niklega:Raj Babbar in Raipur (3.11) pic.twitter.com/7A2VeA3hzk— ANI (@ANI) November 4, 2018We could not find any credible news report saying the Congress leader has termed Naxalites “revolutionaries” after the Bijapur attack. Rather, in a tweet, he had condemned the attack and called “Naxalism” an enemy of internal security. He also condoled with the martyrs’ families.22 ?pic.twitter.com/0AGbzoqrpK— Raj Babbar (@RajBabbarMP) April 5, 2021Therefore, it is clear that an old statement of Babbar on Naxals has been linked to the recent attack in Chhattisgarh.Live TV--- ENDS ---Read | Breaking all records, Maharashtra reports 67,123 new Covid cases and 419 deaths in 24 hours INDIA TODAY FACT CHECK      ClaimAs per a newspaper clipping, Congress leader Raj Babbar has termed Naxalites “revolutionaries” after the Bijapur attack on April 3, in which 22 jawans were martyred. ConclusionThis is an old statement given by Babbar in 2018. The Congress leader condemned the Bijapur attack and condoled with the martyrs’ families.JHOOTH BOLE KAUVA KAATEThe number of crows determines the intensity of the lie.1 Crow: Half True2 Crows: Mostly lies3 Crows: Absolutely false Want to send us something for verification? Please share it on our  at 73 7000 7000  You can also send us an email at factcheck@intoday.com","['Raj Babbar', ' Bijapur', ' Naxalites', ' Chhattisgarh']",https://www.indiatoday.in/fact-check/story/fact-check-raj-babbarold-statement-on-naxalites-linked-to-recent-bijapur-attack-1792168-2021-04-18
5,fact-check,Fact Check: Old list of blood donors circulated as plasma donors for Covid patients,"(17, 4, 2021)","As India is battling a renewed surge in Covid-19 cases, several states are witnessing a shortage of plasma from recovered patients. Amid this, a list of names with blood groups and phone numbers is circulating on social media with the claim that these people are ready to donate their plasma.

Plasma therapy is a treatment for Covid-19 where antibody-rich plasma from a Covid survivor is extracted and administered to a patient. One such list claiming to be of plasma donors from Delhi-NCR can be seen below. India Today Anti Fake News War Room (AFWA) has found the claim to be misleading. This is an old list of blood donors which is in circulation on social media at least since 2015. It has no relation to the Covid-19 pandemic.The archived versions of the posts can be seen here, here and here.AFWA probeWe did a keyword search of the names mentioned in the viral list and found that the same list containing more than 50 names was shared with the hashtag “#blooddonors” on December 5, 2015, on a Tamil Nadu-based Facebook page The New Face of Society (TNFS).Over the years, the same list was shared by multiple Facebook pages with different claims. In 2016, a Facebook page named BLOOD DONORS shared the same list as from Andhra Pradesh and Telangana.The same list was also shared on a blog called I Love Trichy and medium.com in 2016 and 2017 respectively as a list of blood donors in Tamil Nadu.AFWA tried to contact the phone numbers provided in the list. But while most of them were either non-functional or did not exist, the rest were not responding.Even in 2020, after the Covid-19 pandemic broke out in India, the same list had gone viral, claiming to be of plasma donors. The Quint had then spoken to V Mohan, one of the donors mentioned in the list, who confirmed that the names were of blood donors from Chennai and has nothing to do with plasma donation for Covid patients.Hence, it is clear that the list in circulation is over five years old and not related to the Covid-19 pandemic or plasma donation for coronavirus patients. INDIA TODAY FACT CHECK      ClaimHere are names and contact numbers of people in Delhi-NCR who are ready to donate their plasma for Covid patients. ConclusionThis is an old list of blood donors which is in circulation on social media at least since 2015. It has no relation to the Covid-19 pandemic.JHOOTH BOLE KAUVA KAATEThe number of crows determines the intensity of the lie.1 Crow: Half True2 Crows: Mostly lies3 Crows: Absolutely false Want to send us something for verification? Please share it on our  at 73 7000 7000  You can also send us an email at factcheck@intoday.com",NA,https://www.indiatoday.in/fact-check/story/fact-check-old-list-of-blood-donors-circulated-as-plasma-donors-for-covid-patients-1792153-2021-04-17
6,fact-check,Fact Check: Truth behind the emotional story of this boy selling masks,"(16, 4, 2021)","At a time strict Covid-19 protocols have been introduced to control the second wave of the pandemic, a striking picture of a child selling face masks is circulating on social media. The emotional claim with the picture says the boy is giving away masks for free to those who do not have money, as his mother asked him to help people in need.

Several Facebook users have shared the picture with a caption in Hindi which translates to, “Kid says, if you don’t have money, will give away masks for free, mom has said people need help”. India Today Anti Fake News War Room (AFWA) has found no such emotional story attached to the picture. This is seven-year-old Uzbillah who along with his brother was selling masks at a street corner in Pakistan’s Karachi last year.The archived versions of the posts are saved here and here.What AFWA found Using reverse image search, we found that the original picture of the boy and his brother was published on several international as well as Pakistani websites last year.According to these websites, the picture was taken by news agency Reuters. We found the original picture on the Reuters website, with credits to photographer Akhtar Soomro.The picture caption reads, “Seven-year-old Uzbillah stands with face masks on a stick selling them with his brother at the corner of a street during a lockdown after Pakistan shut all markets, public places and discouraged large gatherings amid an outbreak of coronavirus disease (COVID-19), in Karachi, Pakistan, March 31, 2020. REUTERS/Akhtar Soomro”. Neither Reuters nor any Pakistani media have mentioned any such emotional story that the boy was giving away masks for free to those who don’t have money as advised by his mother.We did not find any excess information on the boy apart from what was mentioned along with the Reuters photograph. Therefore, it can be concluded that the Facebook claim about the child is misleading. INDIA TODAY FACT CHECK      ClaimThis kid selling face masks is giving them away for free to those who cannot afford them as his mother advised him to help the needy. ConclusionWe could not find any such story associated with the boy. This is seven-year-old Uzbillah who along with his brother was selling masks at a street corner in Pakistan’s Karachi in March last year.JHOOTH BOLE KAUVA KAATEThe number of crows determines the intensity of the lie.1 Crow: Half True2 Crows: Mostly lies3 Crows: Absolutely false Want to send us something for verification? Please share it on our  at 73 7000 7000  You can also send us an email at factcheck@intoday.com",['Fact Check: Truth behind the emotional story of this boy selling masks '],https://www.indiatoday.in/fact-check/story/fact-check-truth-behind-the-emotional-story-of-this-boy-selling-masks-1791610-2021-04-16
7,fact-check,Fact Check: This huge stack of cash was not found at the house of a Bengal BJP leader,"(15, 4, 2021)","It’s election season in West Bengal and Internet is full of claims and counterclaims about different political parties.

More recently, a picture of a stack of currency notes is circulating on social media with the claim that the money has been recovered from the house of a BJP leader in Bengal. Some police officers are also seen addressing a press conference.Several Facebook and Twitter users have shared the picture with a sarcastic caption in Hindi which translates to, “Money recovered from the house of a BJP leader in Bengal. He must have been trying to help the poor.” India Today Anti Fake News War Room (AFWA) has found that the viral picture is from November 2019 when Telangana police busted a fake currency racket and arrested five men from Khammam district. Fake notes worth over Rs 6 crore were seized. There has been no recent report of cash recovery from any BJP leader’s house in Bengal.The archived versions of the posts are saved here, here, here and here.The incidentUsing reverse image search, we found that the viral picture was published on several news websites such as “Telangana Today” and “The Times Of India” in November 2019.The same incident, with similar pictures of policemen and the stack of notes, was also reported by “The Financial Express” and tweeted by news agency ANI around the same time.Telangana: Khammam police today arrested five persons for cheating public in guise of exchanging Rs. 2,000 denomination currency notes and offering 20% commission.320 bundles of Rs. 2000 denomination fake notes (around Rs 6.4 crores) seized. pic.twitter.com/ptulXGi1Qb— ANI (@ANI) November 2, 2019As per these reports, Telangana police arrested five men who used to run a fake currency racket. Cops also seized 320 bundles of Rs 2,000 denomination fake notes worth Rs 6.4 crore.The picture went viral last year too with the false claim that the notes were found in the car of an RSS worker in Gujarat. “Aaj Tak” had then debunked the misinformation which can be read here.Live TV--- ENDS ---Read | Mamata Banerjee to EC: Hold remaining phases of Bengal polls in one go, protect people from Covid-19 INDIA TODAY FACT CHECK      ClaimThis huge stack of cash was recovered from the house of a BJP leader in West Bengal. ConclusionThe picture is from November 2019 when Telangana police busted a fake currency racket and arrested five men from Khammam district. Fake notes worth over Rs 6 crore were seized. There has been no recent report of cash recovery from any BJP leader’s house in Bengal.JHOOTH BOLE KAUVA KAATEThe number of crows determines the intensity of the lie.1 Crow: Half True2 Crows: Mostly lies3 Crows: Absolutely false Want to send us something for verification? Please share it on our  at 73 7000 7000  You can also send us an email at factcheck@intoday.com","['fact check', ' BJP', ' Bengal', ' elections']",https://www.indiatoday.in/fact-check/story/fact-check-this-huge-stack-of-cash-was-not-found-at-the-house-of-a-bengal-bjp-leader-1791428-2021-04-15
8,fact-check, Fact Check: Video of Congress MLA from Himachal shared as Nepal MP criticising Modi,"(14, 4, 2021)","A short clip of a politician criticising Narendra Modi in a House is circulating on social media with the claim that the Prime Minister has been the subject of discussion in the Nepal Parliament.

In the 2-minute-20-second video, the man is heard criticising Modi on his foreign visits, demonetisation, economy, petrol prices, as well as the amount spent during former United States President Donald Trump’s visit to India.The caption in Hindi along with the video translates to, “Discussions on Modi ji in Nepal Parliament. Now some people will say they have no right to talk about our country. But after hearing the truth, I am ashamed.”pic.twitter.com/IkKeaegicV— $ufiyan khadim (Prince) (@Prin_313) April 12, 2021
India Today Anti Fake News War Room (AFWA) has found that the video is not from Nepal Parliament, but Himachal Pradesh assembly. The man criticising Modi is Congress MLA from Kinnaur, Jagat Singh Negi.Similar claims are also viral on Facebook. The archived versions can be seen here, here and here.AFWA probeWith the help of keyword search, we found the same video uploaded on the official Facebook page of Himachal Pradesh Congress unit on March 21. According to the video description, the man seen criticising Modi is Congress MLA Jagat Singh Negi.The video description in Hindi translates to, “Hear from Kinnaur Congress MLA Jagat Singh Negi about the Prime Minister of the country”.We also found a longer version of the same video uploaded on the YouTube channel of “Hindustan Live”.“Congress MLA Jagat Singh Negi gave a brilliant speech in Himachal Pradesh Vidhan on privatization. Jagat Singh Negi Targeted the Modi government for selling government companies. The Congress MLA opposed privatization in the Modi government,” says the video description.The same clip was also shared by Negi on his Facebook page on March 18 as a video from the Budget session. Negi is a two-time MLA from Kinnaur and also the former Deputy Speaker of Himachal Pradesh assembly. It is to also note that in the viral video, Negi, along with other legislators, are wearing “Bushehri”, the traditional Himachali headgear that announces one’s political affiliation. The colour of the band covering half the circumference of the cap is green, considered as the colour of Congress. For BJP, the colour is maroon.Hence, it is clear that the video in question is from Himachal Pradesh and has nothing to do with the Nepal Parliament.READ | Fact Check: This article praising PM Modi was not published by ‘The New York Times’ READ | Fact Check: No, this picture of Narendra Modi is not with the staff of Prime Minister’s Office INDIA TODAY FACT CHECK      ClaimVideo shows an MP from Nepal criticising Prime Minister Narendra Modi in Nepal Parliament.ConclusionThe man is Jagat Singh Negi, Congress MLA from Kinnaur in Himachal Pradesh. He was speaking during the Budget session last month.JHOOTH BOLE KAUVA KAATEThe number of crows determines the intensity of the lie.1 Crow: Half True2 Crows: Mostly lies3 Crows: Absolutely false Want to send us something for verification? Please share it on our  at 73 7000 7000  You can also send us an email at factcheck@intoday.com","['Narendra Modi', ' Nepal', ' Nepal Parliament', ' viral video of Modi', ' social media', ' demonetisation', ' economy', ' petrol price', ' diesel price', ' Donald Trump visit to India', ' Himachal Pradesh assembly', ' Congress', ' Kinnaur', ' MLA Jagat Singh Negi', ' Fact Check']",https://www.indiatoday.in/fact-check/story/fact-check-video-of-congress-mla-from-himachal-shared-as-nepal-mp-criticising-modi-1790617-2021-04-14
9,fact-check,Fact Check: Old video from Manipur shared as TMC men raiding Cooch Behar polling booth,"(13, 4, 2021)","On April 10, four people were killed in clashes between locals and CISF personnel at Sitalkuchi in West Bengal’s Cooch Behar district. The CISF alleged that the mob was trying to snatch their weapons, forcing them to open fire. The incident took place on a day the fourth phase of elections in the state was underway.

While the blame game between the Trinamool Congress and BJP continues over the Sitalkuchi violence, a video is circulating on social media with the claim that it shows supporters of Mamata Banerjee storming a polling booth in Cooch Behar. The video shows a group of people trying to ransack a voting centre and security personnel pushing them away. Gunshots can also be heard.The caption along with the video says, “Mamata Banerjee’s supporters mob storming a polling booth in coochbihar, West Bengal. EXCELLENT job done by the CRPF in pushing away the goons #WestBengalPolls”.Mamata Banerjee's supporters mob storming a polling booth in coochbihar, West Bengal.EXCELLENT job done by the CRPF in pushing away the goons...#WestBengalPolls pic.twitter.com/HMXhgANZJp— Krishna ® (@FuriousKrishna) April 13, 2021
India Today Anti Fake News War Room (AFWA) has found the claim along with the video to be misleading. The incident took place at Kiyamgei High Madrassa polling station in Imphal East district of Manipur during the 2019 Lok Sabha elections.The archived versions of similar posts can be seen here, here and here.AFWA probe Using the InVID tool, we found the viral video is from 2019 and not related to Bengal.The same video was carried in a 2019 report by NDTV. According to the report, violence erupted during the 2019 general election at Kiyamgei High Madrassa polling centre in Manipur’s Imphal East district.The incident was also reported by Firstpost, The New Indian Express and Imphal Times.According to these reports, on April 18, 2019, a large number of voters ransacked the polling station over the alleged misconduct of the presiding officer. Following this, security personnel deployed at the voting centre fired tear gas and resorted to lathicharge to disperse the crowd.While the presiding officer, micro observer and at least four civilians were reported injured in the incident, no life was lost. On the other hand, four people were killed in the Sitalkuchi violence on April 10, 2021. An India Today video report showing the moments before the firing can be seen below.Hence, it is clear that the video in question is two years old and not related to the Cooch Behar incident. INDIA TODAY FACT CHECK      ClaimVideo shows supporters of Mamata Banerjee storming a polling booth in West Bengal’s Cooch Behar district. ConclusionThe incident took place at Kiyamgei High Madrassa polling station in Imphal East district of Manipur during the 2019 Lok Sabha elections. Polling was disrupted after voters turned violent over alleged misconduct of the presiding officer.JHOOTH BOLE KAUVA KAATEThe number of crows determines the intensity of the lie.1 Crow: Half True2 Crows: Mostly lies3 Crows: Absolutely false Want to send us something for verification? Please share it on our  at 73 7000 7000  You can also send us an email at factcheck@intoday.com",['Fact Check: Old video from Manipur shared as TMC men raiding Cooch Behar polling booth '],https://www.indiatoday.in/fact-check/story/fact-check-old-video-from-manipur-shared-as-tmc-men-raiding-cooch-behar-polling-booth-1790464-2021-04-13
10,fact-check,Fact Check: Old video of rigging in Bengal shared as visuals from Tripura ADC polls,"(13, 4, 2021)","Elections to the 28-member Tripura Tribal Areas Autonomous District Council were held on April 6 and the results declared on April 10.

Meanwhile, a video showing a man helping voters inside a polling booth is circulating on social media with the claim that this was how the ADC polling was conducted. Text embedded in the video in Bangla translates to, “This is the real picture of ADC polls in Tripura. Did the BJP just call this fair and peaceful election?”India Today Anti Fake News War Room (AFWA) has found the claim along with the video to be misleading. The video has no connection with Tripura. It was shot during the Lok Sabha elections in 2019 inside a polling booth in West Bengal’s Bolpur constituency.The archived version of the post can be seen here.AFWA probeWhile investigating the video, one thing that struck us the most was that none of the voters or polling agents was wearing masks. This has been made mandatory for all elections conducted in the post-Covid situation.Reverse-searching keyframes of the video, we found that the same clip was posted on Facebook on April 30, 2019. The Bangla claim along with the video said, “Hidden camera reveals how the ruling party is rigging polls inside the booth. Video shot inside Amgaria polling booth under Ketugram MLA constituency and Bolpur MP constituency.”Taking this as a cue, we did a keyword search and found a report with the same video on the prominent Bangla news channel “ABP Ananda”. The report uploaded on May 9, 2019, said, “False votes being cast in the presence of polling agents. The video was shot inside a polling booth at Ketugram under Bolpur MP constituency. Election Commission has ordered re-poll.”A further search led us to another report by “The Quint” published on May 9, 2019, which said the Election Commission had announced a re-poll at polling booth number 52 at Ketugram in West Bengal’s Bolpur Lok Sabha constituency. Re-polling will be held on May 12 from 7 am to 6 pm. This parliamentary constituency had voted in the fourth phase on April 29.”Therefore, it is clear that the viral video is from West Bengal, and it was shot inside a polling booth under Bolpur Lok Sabha constituency during the 2019 general elections. It does not have any connection with the recently concluded ADC polls in Tripura.A newly formed alliance of indigenous parties swept the ADC polls, winning 18 of the 28 seats. The alliance Tipraha Indigenous Progressive Regional Alliance or TIPRA is led by former state Congress president Pradyot Kishore Deb Barman. The ruling BJP won nine seats, while one seat went to an independent candidate.READ | Fact Check: TMC to win 26 of 30 Phase 1 seats in Bengal? Viral opinion poll screenshot is fakeREAD | Fact Check: This video of BJP workers attacking a house is not from Bengal INDIA TODAY FACT CHECK      ClaimVideo shows how BJP influenced the Tripura ADC election. ConclusionThe video was shot at Ketugram under Bolpur Lok Sabha constituency in West Bengal during the 2019 general elections. The recent ADC election in Tripura was won by a newly formed alliance of indigenous parties.JHOOTH BOLE KAUVA KAATEThe number of crows determines the intensity of the lie.1 Crow: Half True2 Crows: Mostly lies3 Crows: Absolutely false Want to send us something for verification? Please share it on our  at 73 7000 7000  You can also send us an email at factcheck@intoday.com","['Elections', ' Tripura Tribal Areas Autonomous District Council', ' polling booth', ' ADC polls', ' Tripura', ' BJP', ' Lok Sabha election', ' West Bengal election', ' Bolpur', ' Covid-19', ' elections', ' false vote in Bengal', ' repoll', ' Election commission', ' ECI', ' viral', ' social media']",https://www.indiatoday.in/fact-check/story/fact-check-old-video-of-rigging-in-bengal-shared-as-visuals-from-tripura-adc-polls-1790228-2021-04-13
11,fact-check,Fact Check: Picture of man injured in Mewat violence passed off as atrocities on Hindus in Bengal,"(12, 4, 2021)","It’s poll season in West Bengal, and according to some political experts, this is the most polarised election the state has witnessed so far. Meanwhile, a disturbing image of an injured man with a bandaged head and blood dripping through his face is circulating on social media with the claim that it reflects the atrocities on Hindus in Bengal.

Several Twitter users have posted the picture with the caption, “The media can show the news of the seven seaside crosses, but there are no reports of atrocities on Hindus happening in Bengal. Because their secularism will be in danger.rsh #StandWithBengalHindus”. India Today Anti Fake News War Room (AFWA) has found that though sporadic communal clashes have broken out in Bengal over the last few years, this particular picture is from Mewat in Haryana. The man in the picture was attacked with stones at Punhana during communal clashes last year.The archived versions of the posts are saved here and here.Who’s the injured man?Using reverse search, we found that the viral image was being shared on social media since May 2020 along with the picture of another injured person. Several right-wing Twitter handles and websites had used the pictures to report on communal clashes in Haryana’s Mewat district last year.Some websites had also used a screenshot of a “Navbharat Times” newspaper clipping on the incident. As per these websites, this was the fallout of communal clashes that broke out at Punhana, Mewat, during the first half of May 2020. The man seen in the viral picture is Kapil who along with another man was injured as a mob pelted them with stones.For further clarification, we contacted Monu Prajapat, the local reporter of “Navbharat Times”, who’d covered the incident. He confirmed that the picture was taken during communal tension at Punhana in May 2020. With Prajapat’s help, we reached out to the victim the man seen in the viral picture. The person named Kapil Goyal confirmed to us over the phone that it was indeed him who was badly injured in the incident along with another man called Manish.“There was tension in the area for a few days due to communal clashes. We were riding a bike when suddenly a group of people pelted stones at us. My skull was fractured, and I was hospitalised for one-and-a-half months,” Kapil said. He also sent us a picture of stitches on his head, while he was being treated at the hospital. As per Kapil, an FIR was also lodged at the local police station.Several incidents of communal violence have been reported from Bengal over the last few years. But the viral picture has no connection with Bengal, and it was taken during communal violence in Haryana’s Punhana last year.READ | Ground Report Sitalkuchi: What happened in Cooch Behar on polling day?READ | Battle for Bengal: Can EC avoid another Sitalkuchi in the remaining phases? INDIA TODAY FACT CHECK      ClaimThis picture reflects the atrocities on Hindus in West Bengal.ConclusionThough sporadic communal clashes have broken out in Bengal over the last few years, this particular picture is from Mewat in Haryana. The man in the picture was attacked with stones at Punhana during communal clashes last year.JHOOTH BOLE KAUVA KAATEThe number of crows determines the intensity of the lie.1 Crow: Half True2 Crows: Mostly lies3 Crows: Absolutely false Want to send us something for verification? Please share it on our  at 73 7000 7000  You can also send us an email at factcheck@intoday.com",NA,https://www.indiatoday.in/fact-check/story/fact-check-picture-of-man-injured-in-mewat-violence-passed-off-as-atrocities-on-hindus-in-bengal-1790160-2021-04-12
12,fact-check,Fact Check: This CISF officer was not injured in poll violence in West Bengal’s Sitalkuchi,"(12, 4, 2021)","Four people were killed in firing by CISF jawans at Sitalkuchi in West Bengal’s Cooch Behar district during the fourth phase of elections on April 10. The CISF had alleged that a mob attacked them and tried to snatch their rifles.

The incident led to a war of words with the Trinamool Congress alleging that the deceased were their supporters and the BJP accusing the ruling party of instigating violence. Several BJP leaders such as Suvendu Adhikari, Arjun Singh and Saumitra Khan tweeted a picture of an injured CISF man, claiming he was attacked by Trinamool goons during the poll violence. Some of them have later deleted their posts.The image is widely circulating on social media with the same claim. But though clashes did break out between locals and CISF personnel at Sitalkuchi, India Today Anti Fake News War Room (AFWA) has found that the viral picture has no relation to the incident. The picture is of CISF ASI SP Sharma who was attacked by a langur at Dhanbad on April 9.The archived versions of the posts are saved here and here.AFWA investigationUsing reverse image search, we found that the viral picture was published on the website of “Jagran” on April 10, 2021. As per this news report, the injured man seen in the picture is CISF ASI SP Sharma, who was attacked by a langur while on duty at Baghmara in Dhanbad, Jharkhand.For further clarification, we reached out to CISF sub-inspector Pradeep Kumar in Dhanbad. Kumar confirmed that it is ASI Sharma in the picture, who was attacked by a group of langurs on April 9 at around 6.30 pm. At that time, Sharma was posted at the BK-2 area at Baghmara’s Bharat Coking Coal Limited plant.“These langurs are a nuisance in the area. Several measures were taken to control them but in vain. A group of langurs had attacked Sharma. He tried to defend himself with a lathi, but one particular langur which was very violent attacked him on his face,” Pradeep Kumar said.Hence, it is confirmed that the viral picture of the injured CISF man has no link to the poll violence at Sitalkuchi in West Bengal.READ | Fact Check: Old news of BJP leader's arrest for helping Maoists linked to Bijapur attackREAD | Fact Check: Did the Centre deny ‘martyr’ status to CRPF jawans who lost lives in Bijapur? INDIA TODAY FACT CHECK      ClaimThis was what Trinamool Congress supporters did to CISF jawans at Sitalkuchi in West Bengal under the patronage of Mamata Banerjee.ConclusionThough clashes broke out between locals and CISF personnel at Sitalkuchi on April 10, this picture has no relation to the incident. This is CISF ASI SP Sharma who was attacked by a langur at Dhanbad on April 9.JHOOTH BOLE KAUVA KAATEThe number of crows determines the intensity of the lie.1 Crow: Half True2 Crows: Mostly lies3 Crows: Absolutely false Want to send us something for verification? Please share it on our  at 73 7000 7000  You can also send us an email at factcheck@intoday.com","['West Bengal', ' Cooch Behar', ' Bengal elections', ' Cooch behar firing', ' cooch behar violence', ' shitalkuchi', ' kuchbihar hinsa', ' dilip ghosh', ' sitalkuchi incident', ' west Bengal 5th phase', ' Bengal election violence', ' west Bengal election 2021', ' Bengal election date', ' voter turnout', ' CISF jawan', ' 4th phase Bengal election', ' TMC', ' BJP', ' Suvendu Adhikari', ' Nandigram', ' Saumitra Khan', ' poll violence', ' CISF ASI SP Sharma', ' jawan attacked']",https://www.indiatoday.in/fact-check/story/fact-check-this-cisf-officer-was-not-injured-in-poll-violence-in-west-bengals-sitalkuchi-1790123-2021-04-12
