SN,category,headline,date,content,keywords,link
1,fact-check,"Fact Check: Vaccination every week to prevent Omicron lockdown? No, it’s satire","(16, 12, 2021)","So far, more than 70 Omicron cases have been reported in India. Even the World Health Organization has expressed concern over the alarming rate at which this variant is spreading across the world.

In the backdrop of these developments, some netizens are claiming that scientists at pharma company Pfizer have warned that weekly vaccinations are required to prevent an Omicron-induced lockdown.An alleged news screenshot is being shared as evidence of the claim. The headline of this said article reads, “Pfizer Scientists Warn Weekly Vaccinations May Be Needed For Omicron Variant COVID-19 To Prevent Lockdown”. The archived version of the post can be seen here.India Today Anti Fake News War Room (AFWA) has found that the viral screenshot is from a satire website. It’s not an actual news report. Pfizer has not made any such announcement about a weekly vaccination for Omicron.AFWA probeUsing keyword search, we found that the source of the viral screenshot is an article published on a website named “The Stonk Market”. The website calls itself satire and says its mission is to provide a daily dose of humour. Keanna Ghazvini, a representative for Pfizer, has confirmed to Reuters that Pfizer has not issued such a statement.Scientists around the world are working on ways to deal with rising cases of Omicron, but evidently, an article published on a satire website is being falsely shared as a genuine news report by some netizens. INDIA TODAY FACT CHECK      ClaimScientists at Pfizer have warned that weekly vaccinations are required to prevent an Omicron-induced lockdown. ConclusionThe article was originally published on a satire website. However, some people believed it to be a genuine news report.JHOOTH BOLE KAUVA KAATEThe number of crows determines the intensity of the lie.1 Crow: Half True2 Crows: Mostly lies3 Crows: Absolutely false Want to send us something for verification? Please share it on our  at 73 7000 7000  You can also send us an email at factcheck@intoday.com",NA,https://www.indiatoday.in/fact-check/story/fact-check-vaccination-every-week-to-prevent-omicron-lockdown-no-its-satire-1888548-2021-12-16
2,fact-check,Fact Check: This tale of mummified aliens from Egypt is fictitious,"(16, 12, 2021)","Stories about aliens have always mystified us, and linking them with the mummies and pyramids of Egypt only adds that extra dose of spookiness. One such post with two photos of mummies has gone viral on social media with the claim that these are mummified aliens from Egypt for which scientists have no explanation till now.

The post claims that one Dr Victor Lubeck, a retired professor from the University of Pennsylvania, has discovered the mummies. “The structure of its skeleton does not resemble that of a human’s body. The face is what looks especially different,” the caption says.“The remains were found surrounded by unusual objects that could not be identified. An anonymous source claimed that the mummy does not originate from Earth and that it has greatly troubled Egyptian authorities, who want to keep it a secret. According to the source, in life, the mummy served as an advisor to Pharaoh Osirunet.“Governments refuse to admit the implications that such a discovery has for human history, but they still fail to provide the world with significant explanation for it. This mummy isn’t the only discovery that has reinforced the alien rumors,” reads part of the long caption.  India Today Anti Fake News War Room (AFWA) has found that the viral claim is fictitious. These are images of two mummified baby girls found by Egyptologist Howard Carter while discovering King Tutankhamun’s tomb in 1922. DNA tests suggest that Tutankhamun was most likely the father of the two fetuses.Not an alien With the help of reverse search, we found these two images in several articles on Pharaoh Tutankhamun’s tomb. For many centuries, Tutankhamun’s burial place was hidden until Egyptologist Howard Carter discovered the tomb in 1922. The pharaoh who had ruled Egypt for nearly 10 years died at around 19 under mysterious circumstances more than 3,000 years ago.Carter had found two small coffins in Tutankhamun’s tomb. These were two mummified human fetuses. As per news reports, the Egyptian Supreme Council of Antiquities had released the two undated photos on August 6, 2008.  The department of anatomy at Cairo University had performed autopsies on both the mummies. The postmortem examination revealed that both mummies were female fetuses at five and seven months of gestation.DNA tests were then carried out to determine whether they were Tutankhamun’s children. Between 2007 and 2009, DNA tests on both mummies showed that Tutankhamun was most likely the father of the two fetuses. The degrees of probability were over 99 per cent as published in an article on American Journal of Roentgenology. Professor Salima Ikram, an Egyptologist at the American University in Cairo, said in an interview to “Express”, “There was such a high mortality rate for infants and children in the ancient world that it's not surprising. But it is extraordinary to have them carefully mummified, wrapped up, cocooned, put in these coffins and placed in their father’s tomb.”The claim about Dr Victor Lubeck, said to be a retired professor of Pennsylvania University, is bogus. In 2016, the same name had appeared in another claim about aliens and mummies in 2016. That claim was debunked by international fact-check website “Snopes”.ALSO READ: Fact Check: Old video, image shared as that of earthquake that struck IndonesiaALSO READ: Fact Check: Oops! Twitter’s blue bird crowns the wrong Harnaaz Sandhu  INDIA TODAY FACT CHECK      ClaimThe discovery of this strange looking mummy only strengthens the belief that aliens visited ancient Egypt. Scientists cannot explain anything about this mummy which was uncovered by Dr Victor Lubeck, a retired professor from the University of Pennsylvania. ConclusionThese are two mummified baby girls found by Egyptologist Howard Carter while discovering King Tutankhamun’s tomb in 1922. DNA tests suggest that Tutankhamun was most likely the father of the two fetuses.JHOOTH BOLE KAUVA KAATEThe number of crows determines the intensity of the lie.1 Crow: Half True2 Crows: Mostly lies3 Crows: Absolutely false Want to send us something for verification? Please share it on our  at 73 7000 7000  You can also send us an email at factcheck@intoday.com",NA,https://www.indiatoday.in/fact-check/story/tale-of-mummified-aliens-egypt-fictitious-1888317-2021-12-16
3,fact-check,Fact Check: Oops! Twitter’s blue bird crowns the wrong Harnaaz Sandhu ,"(15, 12, 2021)","The 21-year-old Harnaaz Kaur Sandhu made India proud as she bagged the Miss Universe 2021 title beating contestants from 79 countries.

Soon after, netizens started looking up for Harnaaz’s social media handles, and many, including celebrities, fell for the fake profile trap. While fake social media handles often prop up impersonating celebrities, what was interesting in this case was Twitter awarding a blue tick to a fake handle.We looked into some imposter Twitter handles of Harnaaz. One of them was earlier impersonating a Colombian model and was interacting with users in Spanish. Only when netizens questioned a Punjabi’s Spanish connection did Twitter realise its mistake.So how did Twitter’s blue bird fly to the wrong branch? Soon after the news of Harnaaz’s victory broke out, a Twitter handle “@harnaazsandhu03”, portraying itself as her official account, grabbed the spotlight. This account mainly posted images and videos from the Miss Universe 2021 contest.Numerous celebrities, including Sushmita Sen and Lara Dutta, and politician Shashi Tharoor tagged this handle while posting their wishes for Harnaaz. Even prominent media outlets such as “The Economic Times”, “Business Insider” and “Delhi Times” too tagged the same handle. The follower count of this handle shot up drastically to over 50,000 within a day. Fact-checkers come in picture The handle “@harnaazsandhu03” soon came on the radar of fact-heckers. “Newschecker” pointed out that this handle was earlier active as “@malopezpz” and was sharing content related to Colombian model María Alejandra López Pérez.Interestingly, most of the tweets that interacted with the handle “@malopezpz” were found to be in Spanish. Even Twitter slips up The above account soon got deactivated after gaining a sizeable number of followers. Very soon, another Twitter handle, “@HarnaazSandhu”, became active and was even given a verified status by Twitter. Ajayendra Urmila Tripathi, an OSINT expert and programmer, revealed on Twitter that the verified handle “@HarnaazSandhu” was earlier active as “@harnaazsandhu03” and “@malopezpz”.He told India Today that he has a big database of fake accounts that he regularly tracks. Using this database, he found that the Twitter accounts “@HarnaazSandhu”, “@harnaazsandhu03” and “@malopezpz” belong to the same person. “All three accounts have the same Twitter ID, i.e. 2259459978. A person can change his Twitter handle but his Twitter ID remains the same,” he said. So did Twitter act in haste?‘Blue bird’ flies away What happened next added to the entire confusion. The blue tick was removed from the handle “@HarnaazSandhu”. Following this development, the follower count of this account was first reduced to two from almost 75,000, and then after some time, the handle was suspended by Twitter.The microblogging platform also replied to a user, saying that the account was suspended for violating Twitter rules.We asked Twitter why this handle was first verified and then suspended in such a short span. We are still awaiting their response. Soon after the Twitter handle “@HarnaazSandhu” got deactivated, “@harnaazsandhu03” again became active. Till the time of filing this story, this handle had garnered around 83K followers. The bio section mentions that the handle belongs to Miss Universe 2021 Harnaaz Kaur Sandhu. Real Harnaaz speaks up Harnaaz has a verified Instagram account called “@harnaazsandhu_03”. She posted a story on this account, saying that her actual Twitter account is “@HarnaazKaur”.  Last checked, the Twitter account “@HarnaazKaur” had over 14,000 followers and counting. We all hope this is the right profile! INDIA TODAY FACT CHECK      ClaimThis tweet was posted from the current Twitter handle of Miss Universe 2021 Harnaaz Kaur Sandhu.ConclusionThis tweet was posted from an account impersonating Harnaaz Kaur Sandhu. After she won the Miss Universe title, several such handles in her name cropped up, of which one was even verified and then suspended by Twitter.JHOOTH BOLE KAUVA KAATEThe number of crows determines the intensity of the lie.1 Crow: Half True2 Crows: Mostly lies3 Crows: Absolutely false Want to send us something for verification? Please share it on our  at 73 7000 7000  You can also send us an email at factcheck@intoday.com",NA,https://www.indiatoday.in/fact-check/story/fact-check-oops-twitter-s-blue-bird-crowns-the-wrong-harnaaz-sandhu-1888202-2021-12-15
4,fact-check,NA,NA,NA,NA,https://www.indiatoday.in/fact-check/video/fact-check-video-old-video-image-shared-as-of-recent-indonesia-earthquake-1888164-2021-12-15
5,fact-check,"Fact Check: Old video, image shared as that of earthquake that struck Indonesia","(14, 12, 2021)","On December 14, Indonesia was struck by an undersea earthquake of magnitude 7.6 on the Richter scale, triggering a tsunami warning. Panicky netizens took to social media, posting videos and images of earthquakes, claiming them to be of the tremors in Indonesia.

One such video posted on Twitter shows visuals taken inside a vigorously shaking house. Another image of rescue workers walking alongside a razed building is also circulating on social media with the same claim. India Today Anti Fake News War Room (AFWA) has found the above claims to be misleading. While the viral video was shot in Alaska in November 2018, the picture was taken in January 2021 when an earthquake struck Indonesia's West Sulawesi province.The viral posts are archived here, here and here.The viral video With the help of InVID tool and reverse image search, we found that the viral video has been shared earlier with different claims. In August 2021, it was shared as the Haiti earthquake.The same video was also in circulation in 2018, with users saying it was from Alaska.We found that the original video was tweeted by one James Easton in December 2018. While the viral video is 16 seconds long, the original video posted by Easton was 33 seconds long. In the caption, he wrote, "" just a little bit shaken this morning.""On November 30, 2018, Alaska was hit by an earthquake with a magnitude of 7.0 on the Richter scale. It damaged several buildings, roads and highways in Anchorage and the rest of south-central Alaska.#akearthquake #Earthquake .@Ch2KTUU just a little bit shaken this morning. pic.twitter.com/IdVpcqdVI1— James Easton (@JamesEastonCFO) November 30, 2018
Easton had also replied to tweets by several media houses that the video was shot by him during the tremors.When someone wanted to know the condition of the aquarium that can be seen in the video, Easton replied, ""Yes! I was running up from downstairs right as the camera tipped (under the tank) and could feel the water splashing on me. It's the first thing I checked afterwards. Lost about an inch of water. But found my Old TiVo remote.""He also posted a picture of the same.The viral image With the help of reverse search, we found the viral image on multiple international news websites. It was published on ""Al Jazeera"" on January 17, 2021.The original photograph was taken by Yusuf Wahil of ""Associated Press"". The caption of the photo reads, ""Damaged roads and bridges, power blackouts and lack of heavy equipment hampered Indonesia's rescuers."" As per news reports, dozens of people were killed and roads and buildings damaged in a massive earthquake in Indonesia's West Sulawesi province in January this year.Therefore, it is confirmed that an old video from Alaska and an old image of an earthquake in Indonesia have been shared in the context of the recent earthquake in Indonesia.(With inputs from Sonali Khatta) INDIA TODAY FACT CHECK      ClaimThis image and video show the extent of the recent earthquake in Indonesia. ConclusionThe viral video was shot in Alaska in late 2018. The viral image was taken after an earthquake struck Indonesia’s West Sulawesi province in January 2021.JHOOTH BOLE KAUVA KAATEThe number of crows determines the intensity of the lie.1 Crow: Half True2 Crows: Mostly lies3 Crows: Absolutely false Want to send us something for verification? Please share it on our  at 73 7000 7000  You can also send us an email at factcheck@intoday.com","['Indonesia video', ' Indonesia earthquake', ' Indonesia tremors video']",https://www.indiatoday.in/fact-check/story/fact-check-old-video-image-shared-as-of-recent-indonesia-earthquake-1887854-2021-12-14
6,fact-check,Fact Check: This emotional note by an ‘Army veteran’ is not linked to the Bipin Rawat chopper crash,"(14, 12, 2021)","It’s been almost a week since the tragic chopper crash that killed CDS Bipin Rawat and 12 others. Condolences continue to pour in on social media, and so do emotional stories on the lives of our soldiers.

One such moving tale, purportedly by a Wing Commander Venki Iyer, is circulating on social media. The long note speaks about Iyer’s experience in meeting an Army veteran who recently lost his son Vikram Singh in an IAF chopper crash.Several social media users have assumed Vikram Singh to be one of those on board with CDS Rawat in the ill-fated chopper. The full message can be seen below. India Today Anti Fake News War Room (AFWA) has found that the note in question has been circulating on the Internet for almost a decade and is not related to CDS Rawat’s chopper crash.AFWA PROBECDS Rawat, his wife Madhulika and defence adviser Brigadier LS Lidder were among the 13 people killed in the helicopter crash on December 8 near Coonoor in Tamil Nadu. However, there was no one by the name Vikram Singh on board with the CDS.Lt Col Harjinder Singh, Lance Naik B Sai Teja, Lance Naik Vivek Kumar, Lance Naik Jitender Kumar, Naik Gursevak Singh, Havildar Satpal Rai, Wg Cdr PS Chauhan, Sqn Ldr Kuldeep, JWO RP Das and JWO A Pradeep were the other fatalities in the incident. Group Captain Varun Singh, the lone survivor of the crash, is undergoing treatment at the Command Hospital in Bengaluru. Moreover, when we searched for the source of the viral message, we found that the same note has been in circulation for almost a decade. The same note was posted by a Facebook user in July 2013.Multiple other blogs have published the same message over the years.According to the message in circulation, Army veteran Lachhman Singh Rathore lost his two sons (Captain Ghanshyam Singh of Gurkha Rifles and Major Bir Singh) in the 1962 and 1965 wars. Vikram Singh, who died in a chopper crash, was his third son.However, we could not find any credible site carrying the emotional story of this father who lost three of his sons in the line of duty.We also checked the website “Honourpoint” that contains the list of Indian soldiers who died in the line of duty.However, we could not find the names of Captain Ghanshyam Singh or Major Bir Singh among the list of soldiers who died in the 1962 Indo-China war or in the 1965 Indo-Pakistan war.We checked the Indian government’s gazette list of soldiers declared killed in action against Pakistan in August-September 1965. Here too, we could not find the name “Bir Singh” among officers with ‘Major’ rank.Also, according to the viral post, the note has been written by Wing Commander Venki Iyer. While it has not given his complete name, we found the name of one Wing Commander Kolar Visweshwara Venkatesh Iyer on a few websites.However, the officer retired from service in 1999. We have reached out to the Indian Air Force to know whether the note was written by Cdr Iyer. The copy will be updated once we receive a response from Cdr Iyer or his family.We cannot ascertain whether the story in the message is completely fictitious or true. But evidently, it is old and not related to the recent chopper crash in Coonoor. INDIA TODAY FACT CHECK      ClaimThis is an emotional story about an Army veteran who lost his son in an IAF chopper crash. The man had already lost two other sons in different wars. Netizens assume the son to be a victim of the Coonoor chopper crash that claimed the lives of CDS Bipin Rawat and 12 others. ConclusionThis message has been in circulation on the internet at least since 2013 and is not related to the Coonoor chopper crash.JHOOTH BOLE KAUVA KAATEThe number of crows determines the intensity of the lie.1 Crow: Half True2 Crows: Mostly lies3 Crows: Absolutely false Want to send us something for verification? Please share it on our  at 73 7000 7000  You can also send us an email at factcheck@intoday.com",NA,https://www.indiatoday.in/fact-check/story/fact-check-army-veteran-emotional-note-not-linked-cds-bipin-rawat-chopper-crash-1887844-2021-12-14
7,fact-check,Fact Check: These vehicle graveyards are not in Japan but United States,"(14, 12, 2021)","Stunning images of hundreds of cars lined up in rows have caught the attention of netizens who claim that these photos are of vehicle graveyards in Japan. Vehicle graveyards are places when abandoned vehicles are kept for dismantling or recycling.

Several Facebook users have posted these pictures with the caption, “Car cemetery in Japan”. India Today Anti Fake News War Room (AFWA) has found that the pictures are of vehicle graveyards in the United States. One of them is a digital creation of a vehicle graveyard in New Mexico by Turkish artist Aydn Büyükta. The other two were taken by Reuters photographer Lucy Nicholson in California in 2018.ALSO READ: Fact Check: Animation goes viral as satellite visuals of chopper crash that killed CDS Gen RawatWith the help of reverse image search, we traced the sources of all the three pictures. We have numbered them for easy identification.First image This is a digital recreation of a photograph taken at a vehicle graveyard in New Mexico, United States. Visual effects artist Aydin Büyükta digitally bends photographs toward the sky to recreate images that give a surreal effect.The Istanbul-based artist had posted this photograph on Facebook in 2017 with the caption “in New Mexico”. The image was also published on other websites on creative photography such as “Collater.al”.Aydin Büyükta has also posted this photograph on his Instagram page in 2020 with captions, “What good and #actsofkindness have you noticed in an upside-down world? Turkish photographer & digital artist Aydn Büyükta creates Inception-like scenes by warping landscapes.” Second and third images These two images were taken by Reuters photographer Lucy Nicholson as part of a set in 2018. According to the caption, “Reacquired Volkswagen and Audi diesel cars sit in a desert graveyard near Victorville, California, March 28, 2018. Volkswagen has taken parking lots to a whole new level in the United States and will not be emptying them soon.”ALSO READ: Fact Check: Pak handles share Faridabad brutality video as atrocities on Muslims in India Hence, it is confirmed that all three photographs were taken in the US and not in Japan.ALSO READ: Fact Check: Old video of Mi-17 crash-land shared as chopper mishap that killed CDS Rawat  INDIA TODAY FACT CHECK      ClaimThese are pictures of vehicle graveyards in Japan. ConclusionThese are pictures of vehicle graveyards in the US. One of them is a digital recreation of a vehicle graveyard in New Mexico by Turkish artist Aydın Büyüktaş. The other two were taken by Reuters photographer Lucy Nicholson in California in 2018. JHOOTH BOLE KAUVA KAATEThe number of crows determines the intensity of the lie.1 Crow: Half True2 Crows: Mostly lies3 Crows: Absolutely false Want to send us something for verification? Please share it on our  at 73 7000 7000  You can also send us an email at factcheck@intoday.com",NA,https://www.indiatoday.in/fact-check/story/fact-check-these-vehicle-graveyards-are-not-in-japan-but-united-states-1887443-2021-12-14
8,fact-check,NA,NA,NA,NA,https://www.indiatoday.in/fact-check/video/fact-check-animation-goes-viral-satellite-visuals-gen-rawat-chopper-crash-1887185-2021-12-13
9,fact-check,Fact Check: Animation goes viral as satellite visuals of chopper crash that killed CDS Gen Rawat,"(12, 12, 2021)","The nation is yet to recover from the shocking death of CDS Bipin Rawat, his wife and 11 others in a chopper crash in Tamil Nadu. The Internet is filled with theories about the cause of death even as a tri-service commission is probing the matter.

Amid this, a video showing aerial shots of a chopper flying and then crashing into the hills has gone viral with the claim that these are satellite visuals of the crash that killed CDS Rawat.""Satellite video of helicopter crash in Conoor. It appears the tail rotor got snapped and the chopper suddenly turned in reverse direction and crashed within 2 seconds. No reaction time,"" reads the caption along with the video. India Today Anti Fake News War Room (AFWA) has found that the viral video is actually an animation created by a Tamil news channel. The channel never claimed it to be satellite imagery. The video just tried to explain how the crash took place.The archived versions of the posts are saved here and here.AFWA probe The viral video appeared to be a digital creation and not real, especially in the last portion where the chopper is shown crashing down and getting engulfed in flames.There is also a ""News 7"" watermark on the video and Tamil text overlaid on it. News 7 is a Tamil news channel that also has a YouTube page.Taking this as a clue, we looked for recent news clips of the channel on Rawat's death and found a bulletin uploaded on December 10 with the same viral clip. Nowhere on the bulletin did the channel claim that it was satellite imagery. It was an animation created to show the helicopter's route.The ill-fated Mi-17V5 chopper carrying CDS Rawat and others crashed in Tamil Nadu's Coonoor on December 8. The government has appointed a tri-service inquiry commission led by a senior Indian Air Force (IAF) officer to investigate the crash. INDIA TODAY FACT CHECK      ClaimThis is the satellite video of the helicopter crash that killed CDS Bipin Rawat. It appears that the tail rotor got snapped and the chopper turned in the reverse direction, leading to the crash.ConclusionThis is an animation created by a Tamil news channel. The channel never claimed it to be satellite imagery. The video just tried to explain how the crash took place. The incident is being probed by a tri-service commission.JHOOTH BOLE KAUVA KAATEThe number of crows determines the intensity of the lie.1 Crow: Half True2 Crows: Mostly lies3 Crows: Absolutely false Want to send us something for verification? Please share it on our  at 73 7000 7000  You can also send us an email at factcheck@intoday.com","['rawat helicopter crash', ' bipin rawat chopper crash', ' tamil nadu crash video', ' iaf chopper crash video']",https://www.indiatoday.in/fact-check/story/fact-check-animation-goes-viral-as-satellite-visuals-of-chopper-crash-that-killed-cds-rawat-1887014-2021-12-12
10,fact-check,NA,NA,NA,NA,https://www.indiatoday.in/fact-check/video/fact-check-video-unrelated-videos-images-go-viral-as-crash-that-killed-cds-rawat-1886142-2021-12-09
11,fact-check,Fact Check: Pak handles share Faridabad brutality video as atrocities on Muslims in India,"(9, 12, 2021)","In yet another sickening incident in Pakistan, four women were thrashed and paraded naked by a mob in Faisalabad on allegations of shoplifting. In a video that has now gone viral, the women are seen begging for mercy, evoking strong response from netizens across the globe, including from India.

Soon after, Pakistani social media handles started sharing a video of a man being brutally thrashed as an example of atrocities on Muslims in India. The video shows two men beating up a third with a hammer and rod, even as another person pins the victim down.The Pakistani handles are sharing the video with the hashtag #SolidariTea4Kashmir, implying that the incident is from Kashmir.“And this is India on Daily basis against minorities. It is shameful that US, Human rights orgs and Western media are keeping a blind eye for their own business benefits. #Faisalabad #SolidariTea4Kashmir,” reads one such caption. The archived version of the post can be seen here India Today Anti Fake News War Room (AFWA) has found the claim along with the video to be misleading. The incident took place recently in Faridabad on the outskirts of Delhi. The accused and the victim are all Hindus, and the incident was the fallout of personal rivalry.AFWA probe Upon closely observing the video, one can clearly see a board with “Faridabad” written on it. The incident was widely covered by the Indian media. It took place at Badkhal Chowk in Faridabad on December 6, 2021. While the accused were identified as Pradeep, Lalit and Sachin, the name of the victim is Manish.According to media reports, the three accused arrived in a car and hit Manish, who was riding a bike, from behind.Manish fell down, after which the three men got out of the car and started hitting him with a hammer and rod. While Pradeep and Lalit were caught by the police, Sachin escaped.As stated in the official press release of Haryana police, Manish had attacked Pradeep’s brother Yogesh in 2020, and this attack was in revenge. We also contacted Faridabad Deputy Commissioner of Police Nitish Aggarwal, who rubbished claims that the incident is from Kashmir or there’s any communal angle to the matter. INDIA TODAY FACT CHECK      ClaimThis video of a man being thrashed with a hammer and rod shows how minorities are treated every day in IndiaConclusionThe video shows a recent incident that took place in Faridabad near Delhi. All the accused and the victim are Hindus. The victim was beaten up due to personal rivalry.JHOOTH BOLE KAUVA KAATEThe number of crows determines the intensity of the lie.1 Crow: Half True2 Crows: Mostly lies3 Crows: Absolutely false Want to send us something for verification? Please share it on our  at 73 7000 7000  You can also send us an email at factcheck@intoday.com",NA,https://www.indiatoday.in/fact-check/story/fact-check-pak-handles-share-faridabad-brutality-video-as-atrocities-on-muslims-in-india-1885753-2021-12-09
12,fact-check,Fact Check: Old video of Mi-17 crash-land shared as chopper mishap that killed CDS Rawat ,"(8, 12, 2021)","Shock and grief gripped India as news of CDS Bipin Rawat’s death in a chopper crash broke out. His wife and 11 others were also killed in the fatal mishap that took place in Coonoor, Tamil Nadu.

Soon after, a video of a chopper crash-landing in the middle of a jungle in a hilly area started circulating on social media with the claim that this was the crash that killed CDS Rawat. Those filming the video are also seen running away as the chopper makes a rough landing. India Today Anti Fake News War Room (AWFA) has found the claim along with the video to be misleading. This is the video of an IAF Mi-17 helicopter that crash-landed in eastern Arunachal Pradesh on November 18.The viral posts have been archived here, here and here.AFWA probe Using InVID and reverse image search, we found that the viral video was published by multiple news outlets last month.According to these reports, an IAF Mi-17 helicopter had crash-landed in eastern Arunachal Pradesh with two pilots and three crew members on board on November 18.The helicopter was carrying out a maintenance sortie from Hayuliang to Rochham when the incident took place near Rochham helipad. ITBP troops rescued all the passengers safely.News agency ANI had posted the same video on November 18, and said a local had videographed the incident.#WATCH video of the Indian Air Force Mi-17 helicopter that crash-landed near a helipad in Eastern Arunachal Pradesh today with two pilots and three crew members. All of them are safe with minor injuries.(Source: a local person) pic.twitter.com/cTUbzZRT3J— ANI (@ANI) November 18, 2021
Therefore, it is clear that an unrelated video is being shared as of the crash that killed CDS Rawat. AFWA has debunked several images and videos that have falsely claimed to be of the fatal mishap. INDIA TODAY FACT CHECK      ClaimThis is the video of the chopper crash that killed CDS General Bipin Rawat, his wife Madhulika Rawat and 11 others. ConclusionThis is the video of an IAF Mi-17 helicopter that crash-landed in eastern Arunachal Pradesh on November 18. The two pilots and three crew members received minor injuries. CDS Rawat, his wife and 11 others died in a chopper crash in Tamil Nadu on December 8.JHOOTH BOLE KAUVA KAATEThe number of crows determines the intensity of the lie.1 Crow: Half True2 Crows: Mostly lies3 Crows: Absolutely false Want to send us something for verification? Please share it on our  at 73 7000 7000  You can also send us an email at factcheck@intoday.com",NA,https://www.indiatoday.in/fact-check/story/old-video-mi-17-crash-land-shared-as-chopper-mishap-cds-bipin-rawat-death-1885719-2021-12-08
