SN,category,headline,date,content,keywords,link
1,fact-check,"Fact Check: No, RBI has not stopped supply of Rs 2,000 currency notes","(3, 12, 2020)","A post circulating on social media says that the Reserve Bank of India (RBI) has stopped supply of Rs 2,000 currency notes. The claim further says that due to this, only Rs 100, Rs 200 and Rs 500 currency notes can be withdrawn from ATMs. 

The claim in Hindi says, “Now Rs 2,000 notes won’t be available in ATMs. The Reserve Bank has stopped issuing Rs 2,000 notes. Banks have started removing Rs 2,000 note calibers from ATMs. It has been started by Central Bank of India, which has removed Rs 2,000 note calibers from 58 ATMs. Other banks are also saying that only Rs 100, Rs 200 and Rs 500 notes are being loaded in ATMs.” India Today Anti Fake News War Room (AFWA) has found the claim to be misleading. Although the RBI has reduced printing of Rs 2,000 notes, it has not yet stopped supply of the currency.The archived versions of similar posts can be seen here, here and here.AFWA probe A decision of withdrawing Rs 2,000 notes would have made big news. However, no official statement regarding the same has come from either the RBI or the Centre. All official notifications by the RBI can be accessed here.Earlier, in response to an RTI petition filed by India Today, RBI had confirmed that not a single Rs 2,000 note was printed for two years between June 2018 and June 2020.However, according to information provided to India Today by RBI, the total number of Rs 2,000 currency notes in circulation by the end of March 2020 stood at “27,398 lakh pieces”. The RBI’s latest annual report confirms that the number of Rs 2,000 notes in circulation came down from 33,632 lakh pieces by March 2018 to 27,398 lakh pieces by March 2020. So it is clear that though the number of Rs 2000 notes printed by RBI has fallen, the central bank has not yet stopped supplying currency notes of the denomination. The Press Information Bureau has also confirmed that the viral claim is false and RBI has not yet stopped the supply of Rs 2,000 notes.  INDIA TODAY FACT CHECK      ClaimRBI has stopped supply of Rs 2,000 currency notes, due to which only Rs 100, Rs 200 and Rs 500 notes can be withdrawn from ATMs. ConclusionThough the number of Rs 2,000 notes printed by RBI has fallen, the central bank has not yet stopped supply of the currency.JHOOTH BOLE KAUVA KAATEThe number of crows determines the intensity of the lie.1 Crow: Half True2 Crows: Mostly lies3 Crows: Absolutely false Want to send us something for verification? Please share it on our  at 73 7000 7000  You can also send us an email at factcheck@intoday.com",NA,https://www.indiatoday.in/fact-check/story/fact-check-no-rbi-has-not-stopped-supply-of-rs-2-000-currency-notes-1746462-2020-12-03
2,fact-check,Fact Check: Old image from Jat agitation revived as ongoing farmers’ protest ,"(3, 12, 2020)","A picture of a woman driving a tractor with the Tricolour fluttering in front and a number of people seated behind is circulating on social media with the claim that the group is on its way to join the farmers’ protest at the Delhi border.

The caption along with the image says, “A contingent from Haryana, with tractor driven by a woman, from yesterday’s march to Tikri Border. Source: Twitter #FarmersProtest #DelhiChalo”. India Today Anti Fake News War Room (AFWA) has found that this is a 2017 image of Jat women in Haryana reaching a dharna site during an agitation for reservation.The archived versions of similar posts can be seen here and here. AFWA probe Using reverse image search, we found that the picture was taken during the Jat agitation in Haryana almost four years back. The picture was carried in a report by “Hindustan Times”, dated February 6, 2017.The caption of the image reads, “Jat women protesters on way to Jassia village during their agitation for reservation in Rohtak.” According to the report, the Jat community was demanding quota in government jobs and education. The same picture was also carried by “Outlook”. It is true that many women have joined their male counterparts at the ongoing farmers’ agitation near Delhi against the new farm laws. But the viral picture is almost four years old and it shows Jat reservation protesters in Haryana.Live TV--- ENDS ---READ MORE | Farmers' protest: Talks with Centre remain inconclusive, another round on December 3 | 10 pointsREAD MORE | Farmers at Delhi borders: Why protest over farm laws may end with mere assuranceWATCH | No breakthrough in talks between Centre and farmers, next round of talks on Dec 3 INDIA TODAY FACT CHECK      ClaimPicture shows a woman driving a tractor full of protesters for the farmers’ agitation near Delhi. ConclusionThis is a 2017 image of Jats reaching a dharna site during an agitation for reservation in Haryana.JHOOTH BOLE KAUVA KAATEThe number of crows determines the intensity of the lie.1 Crow: Half True2 Crows: Mostly lies3 Crows: Absolutely false Want to send us something for verification? Please share it on our  at 73 7000 7000  You can also send us an email at factcheck@intoday.com","['Farmers Protest LIVE Updates', ' Farmers Protest', ' agriculture minister', ' farm laws', ' singhu border', ' tikri border', ' delhi', ' delhi traffic', ' delhi haryana border', ' farmers', ' punjab farmers', ' ']",https://www.indiatoday.in/fact-check/story/fact-check-old-image-jat-agitation-revived-ongoing-farmers-protest-1746193-2020-12-03
3,fact-check,Fact Check: This banner against Lord Ram is not from the ongoing farmers’ protest ,"(3, 12, 2020)","Were anti-Hindu slogans and banners raised during the ongoing farmers’ agitation near Delhi? An image of a banner with a slogan against Lord Ram has created a controversy on social media, triggering strong reactions from users.

Many Twitter and Facebook users have posted an image of a black banner on which is written in Hindi, “Na Modi, na Yogi, na Jai Shri Ram, desh par raaj karega mazdoor-kisan!! (Not Modi or Yogi or Jai Shri Ram but workers and farmers will rule this country)”.Social media users have said that slogans against PM Modi and CM Yogi are fine, but if it is a farmers’ movement, why were slogans opposing Lord Ram and Hindus used? India Today Anti Fake News War Room (AFWA) has found that the picture is two years old. On November 30, 2018, various Left-affiliated farmers’ unions had organised a rally in New Delhi, and this banner was spotted at Jantar Mantar.The archived versions of the posts are saved here, here and here.The controversial banner Using reverse image search, we found that the picture was tweeted by several users in 2019 and 2018.We narrowed down our search to only 2018 by customising the time in Google image search and found the same banner in a similar photo tweeted by “BloombergQuint” on November 30, 2018. The picture credit was given to news agency ANI.This tweet also has a web link for “The Quint” article.As per this news report, the All India Kisan Sangharsh Coordination Committee (AIKSCC), in collaboration with dozens of farmers’ outfits, had organised a two-day protest rally on November 29-30, 2018, to push for farmers’ demands, including debt relief and remunerative prices for produce.As per the “BloombergQuint” tweet, the banner with the slogan against Lord Ram was spotted near Jantar Mantar. A closer look reveals it belonged to the Left-affiliated All India Kisan Mahasabha (AIKM).Zooming in to the picture, we found the same building at the background and the same green bamboo sticks holding the banner; even the side-folds of the banner match with the one in the viral picture. We found several news reports published around the same time in 2018 when the farmers’ unions attempted to march from Ramlila Maidan to Parliament. The ANI video can be seen here.Hence, it can be concluded that the viral banner is two years old and has no connection to the ongoing farmers’ agitation near the Delhi border.Live TV--- ENDS ---READ MORE | Farmers' protest: Talks with Centre remain inconclusive, another round on December 3 | 10 pointsREAD MORE | Farmers at Delhi borders: Why protest over farm laws may end with mere assuranceWATCH | No breakthrough in talks between Centre and farmers, next round of talks on Dec 3 INDIA TODAY FACT CHECK      ClaimAnti-Hindu slogans and banners against Lord Ram were raised at the ongoing farmers’ protest near Delhi. ConclusionThe picture is two years old. Left-affiliated farmers’ unions had organised a rally on November 30, 2018, in New Delhi, and this banner was spotted at Jantar Mantar. JHOOTH BOLE KAUVA KAATEThe number of crows determines the intensity of the lie.1 Crow: Half True2 Crows: Mostly lies3 Crows: Absolutely false Want to send us something for verification? Please share it on our  at 73 7000 7000  You can also send us an email at factcheck@intoday.com","['fact check', "" farmers' protest"", ' anti ram slogan']",https://www.indiatoday.in/fact-check/story/fact-check-banner-against-lord-ram-not-from-ongoing-farmers-protest-1746189-2020-12-03
4,fact-check,"Fact Check: Canadian MP Jack Harris, not Kamala Harris, tweeted on farmers’ stir in India","(2, 12, 2020)","Several Canadian leaders, including their Prime Minister Justin Trudeau, extended support to the farmers’ protests in India. The Ministry of External Affairs in response termed Trudeau’s remarks “ill-informed” and “unwarranted”.

Amid this, some social media users are claiming that United States Vice President-elect Kamala Harris has joined the list of world leaders supporting the farmers’ stir in India.Along with the claim is attached the screenshot of a tweet, purportedly made by Kamala, which says, “We are shocked to see the Indian government’s suppression of farmers protesting new laws which will endanger their livelihood. Instead of using water cannons and tear gas, the Indian government needs to engage in open dialogue with farmers.”A Facebook user posted the tweet screenshot with the caption, “New Vice President of USA Kamala Harris Support #FarmerProtest people who were upset on the Justin Trudeau statement in support of Farmers, what's there thoughts now...” India Today Anti Fake News War Room (AFWA) has found that the tweet was posted by Canadian MP Jack Harris and not Kamala Harris.Several Facebook users have shared the post believing it to be true. The archived version of the viral post can be seen here.Did Kamala tweet about farmers’ protests? We did not find any such tweet resembling the viral screenshot or any other post on the farmers’ protests in India on Kamala’s Twitter handle. No archived version was found either. Also, there is no credible media report of Kamala saying anything on the ongoing farmers’ protest.However, through a tweet on November 27, she had expressed gratitude towards the efforts of the farm workers and the food bank staff to ensure food security.Thankful for our farm workers and food bank staff whose hard work has put food on the tables for millions of families across our country.— Kamala Harris (@KamalaHarris) November 26, 2020
In the reply section of this tweet, several Indian Twitter users posted pictures of the ongoing farmers’ demonstrations in India.Truth behind the viral tweet We found a November 28 tweet by Canadian MP Jack Harris which has the exact text as the viral tweet in Kamala’s name.We are shocked to see the Indian government's suppression of farmers protesting new laws which will endanger their livelihood. Instead of using water cannons and tear gas, the Indian government needs to engage in open dialogue with farmers.— Jack Harris (@JackHarrisNDP) November 27, 2020
The viral tweet shows the date and time as November 28 and 12.45 am, the exact date and time Jack Harris made the tweet. It is unlikely that Kamala copied the entire text out of Jack’s tweet and posted it from her Twitter account at exactly the same time.Therefore, it is clear that a tweet made by Canadian MP Jack Harris has been morphed and passed off as Kamala Harris’s support to protesting farmers in India.Live TV--- ENDS ---ALSO READ | Fact Check: Man with bandaged eye viral as ex-armyman injured during farmers’ protest INDIA TODAY FACT CHECK      ClaimKamala Harris has condemned the Indian government’s handling of the ongoing farmers’ protests. ConclusionA morphed version of Canadian MP Jack Harris’s tweet is being shared in the name of Kamala Harris.JHOOTH BOLE KAUVA KAATEThe number of crows determines the intensity of the lie.1 Crow: Half True2 Crows: Mostly lies3 Crows: Absolutely false Want to send us something for verification? Please share it on our  at 73 7000 7000  You can also send us an email at factcheck@intoday.com","['farmers’ stir', ' farmers’ protest', ' Kamala Harris']",https://www.indiatoday.in/fact-check/story/fact-check-canadian-mp-jack-harris-not-kamala-harris-tweeted-on-farmers-stir-in-india-1746162-2020-12-02
5,fact-check,Fact Check: Man with bandaged eye viral as ex-armyman injured during farmers’ protest,"(1, 12, 2020)","Two pictures, one of a Sikh man with a bandage to the left eye and another of a Sikh man in military uniform, are viral on social media with the claim that they are the same person a retired Army officer who was injured during the ongoing farmers’ protests near Delhi.

The Hindi caption along with one such post translates to, “Both pictures are of the same person. One is a protector of our borders and the other is fighting for farmers’ rights after retirement. He is PPS Dhillon. For the IT cell, he’s a Khalistani.” India Today Anti Fake News War Room (AFWA) has found the claim to be misleading. The man in military uniform is indeed retired Indian Army Captain Pirthipal Singh Dhillon, but he is not participating in the farmers’ protest.The archived versions of similar posts can be seen here, here and here.AFWA probe With the help of reverse image search, we found Dhillon’s picture on the Facebook page “Sikh Military History Forum”. The picture was uploaded by one “Sukhwinder Singh Sarpanch Uboke” on November 29.The caption says, “Today is my father’s birthday. Hon. Captain pirthipal Singh Dhillon. Retired in 1993, 17 sikh regiment. He is one of those soldiers who fought the battles of 1965,1971 and 1989-90(sri lanka). God bless you dad”.We also found a similar picture from the birthday celebration uploaded on the same day on Sukhwinder Singh’s personal Facebook profile. 


AFWA reached out to Sukhwinder Singh over Facebook, who confirmed to us that the retired Captain seen in the viral image is his father Pirthipal Singh Dhillon and he is not participating in the farmers’ protest.  “The person seen in the picture is my father (Retd) Captain Pirthipal Singh Dhillon. It was his 74th birthday on November 29. He is still at home and not participating in the protest. The other image of a Sikh man with an injured eye is not my father,” said Sukhwinder Singh. AFWA could not independently verify the identity of the injured man in the viral image. However, this picture too has been circulating since November 29 on social media, identified as a farmer who was injured during the ongoing protest.  , ! #FarmProtests pic.twitter.com/XqB45X44Ch— Ramandeep Singh Mann (@ramanmann1974) November 29, 2020
A video of the same man was also uploaded by a Twitter user on November 29. 'Shame' is a small word for you !! Take back your farmers' against Bill..More power to our #Farmers "" RESPECT FARMERS ""#SupportFarmers #IStandWithFarmers #FarmersProtest pic.twitter.com/LYmjscvW5N— AMIT KUMAR (@AMITKUM930) November 29, 2020
However, it is clear that the man with the bandaged eye is not retired Army Captain Pirthipal Singh Dhillon. The latter is not participating in the ongoing farmers’ protest.  INDIA TODAY FACT CHECK      ClaimImages show retired Army Captain PPS Dhillon who was injured during the ongoing farmers’ protest near Delhi. ConclusionDhillon’s family confirmed that he is not participating in the farmers’ protest and the injured man is not him.JHOOTH BOLE KAUVA KAATEThe number of crows determines the intensity of the lie.1 Crow: Half True2 Crows: Mostly lies3 Crows: Absolutely false Want to send us something for verification? Please share it on our  at 73 7000 7000  You can also send us an email at factcheck@intoday.com",['Fact Check: Man with bandaged eye viral as ex-armyman injured during farmers’ protest '],https://www.indiatoday.in/fact-check/story/fact-check-man-with-bandaged-eye-viral-as-ex-armyman-injured-during-farmers-protest-1745830-2020-12-01
6,fact-check,Fact Check: Did cops nab Muslim SDPI activist disguised as Sikh in farmers' protest?,"(1, 12, 2020)","Amid the ongoing farmers' protest near Delhi, a video of policemen removing the turban of a man has gone viral with the claim that a Muslim disguised as a Sikh has been apprehended in Haryana.

Several Facebook users posted the 13-second video on November 30 with the caption, ""Lofer Nazir Mohammed an SDPI worker, dressed as a Sardarji in farmers strike in Hariyaana is arrested this morning."" India Today Anti Fake News War Room (AFWA) has found that the video is from 2011. The man is a Sikh who was apprehended while taking part in a protest by retrenched veterinary employees in Punjab's Mohali.The archived versions of the posts can be seen here, here and here.Old video revivedWe found through keyword search that the video was uploaded by several YouTubers in 2011. Website ""sikhnet.com"" had also written about the incident. All of them reported that the incident took place on March 28, 2011, near PCA Stadium in Punjab's Mohali.We looked for related news reports and found that The Times of India and The Indian Express had covered the incident at that time. According to these reports, the incident was the fallout of a standoff between protesting rural veterinary pharmacists and Punjab police near Mohali's PCA Stadium. The protest took place on March 28, 2011 - two days before the high-voltage ICC World Cup semi-final between India and Pakistan at Mohali stadium.According to ""The Indian Express"", at around 12.45 pm on that day, hundreds of retrenched veterinary pharmacists, who were already in an indefinite protest seeking restoration and regularisation of their services, began marching towards the stadium. Police tried to disperse the crowd forcefully when they tried to enter the high-security zone.United Sikhs, a global organisation of the community, had filed a complaint against Punjab police before the Mohali judicial magistrate for removing a Sikh youth's turban. On March 31, 2011, The Times of India had reported that two gazetted officers of Punjab police - an SP and an SHO - were suspended over the incident.Late last year, AFWA had published a fact-check article when the same video went viral falsely linking it to the anti-CAA protests.Hence, it is clear that the viral video of police removing a man's turban has nothing to do with the ongoing farmers' protest near Delhi. The video is from 2011 and the man was not a Muslim but a Sikh.Live TV--- ENDS ---ALSO READ | Fact Check: Old video of Khalistan supporters linked to ongoing farmers’ protestALSO READ | Fact Check: BrahMos launch video shared with false claims of failure  INDIA TODAY FACT CHECK      ClaimPolice arrested a Muslim SDPI worker disguised as a Sikh in a turban from the farmers' agitation in Haryana.ConclusionThe video is from 2011. The man is a Sikh who was apprehended while taking part in a protest by retrenched veterinary employees in Punjab's Mohali.JHOOTH BOLE KAUVA KAATEThe number of crows determines the intensity of the lie.1 Crow: Half True2 Crows: Mostly lies3 Crows: Absolutely false Want to send us something for verification? Please share it on our  at 73 7000 7000  You can also send us an email at factcheck@intoday.com","['farmers protest', ' protest farmers']",https://www.indiatoday.in/fact-check/story/did-cops-nab-muslim-sdpi-activist-disguised-sikh-farmers-protest-1745535-2020-12-01
7,fact-check,Fact Check: Old photo of farmers' long march revived as ongoing protests near Delhi,"(30, 11, 2020)","Several pictures of the ongoing farmers' agitation at the Delhi-Haryana border have flooded social media, evoking mixed responses. Amid these, an image of a mass gathering is circulating with the claim that these are the protesting farmers camping outside Delhi, facing inclement weather conditions.

Many Facebook users have posted the picture showing a massive number of people gathered on a road at night.The caption in Hindi says these are the protesting farmers waiting under the open sky near the Delhi border, bracing the harsh weather. If they lose their patience, they can flood Delhi and nobody will be able to stop them, the post says. But though thousands of farmers are presently camping at the Delhi border, India Today Anti-Fake News War Room (AFWA) has found that this particular picture was taken in 2018 when farmers in Maharashtra were marching towards Mumbai to gherao the state legislature.The archived versions of the posts can be seen here, here and here.The viral pictureWe noticed that the viral picture has the watermark of ""mumbailive.com"". Using reverse image search, we found that the Twitter handle of news website ""Mumbai Live"" had posted this image on March 10, 2018.According to the tweet, about 25,000 farmers had gathered at the Eastern Express Highway, opposite Viviana Mall in Thane. These farmers were marching towards Mumbai against the government's ""anti-farmer"" policies.About 25,000 farmers have been marching to towards #Mumbai to protest against the anti-farmer policies.They have gathered at the Eastern Expressway Highway, opposite Viviana mall in #Thane. pic.twitter.com/ROlvkePsjH— Mumbai Live (@MumbaiLiveNews) March 10, 2018The same picture was also published by The Indian Express on March 11, 2018. As per this news report, the farmers' ""long march"" heading towards Mumbai was then supported by political parties such as Shiv Sena, MNS and AAP.The same image was also tweeted by Kerala chief minister Pinarayi Vijayan and CPI(M) on March 11, 2018.Hence, it can be concluded that though the farmers' agitation at the Delhi-Haryana border has elicited huge response on and off social media, this particular viral image is nearly three years old and from Maharashtra.Live TV--- ENDS ---ALSO READ | Fact Check: Old video of Khalistan supporters linked to ongoing farmers’ protestALSO READ | Fact Check: BrahMos launch video shared with false claims of failure  INDIA TODAY FACT CHECK      ClaimPicture shows a massive gathering of protesting farmers at the Delhi border.ConclusionThough thousands of farmers are presently camping at the Delhi border, this particular picture was taken in 2018 when farmers in Maharashtra were marching towards Mumbai to gherao the state legislature.JHOOTH BOLE KAUVA KAATEThe number of crows determines the intensity of the lie.1 Crow: Half True2 Crows: Mostly lies3 Crows: Absolutely false Want to send us something for verification? Please share it on our  at 73 7000 7000  You can also send us an email at factcheck@intoday.com","['farmers protest', ' protest farmers']",https://www.indiatoday.in/fact-check/story/old-photo-farmer-long-march-revived-protests-delhi-1745530-2020-11-30
8,fact-check,Fact Check: Old video of Khalistan supporters linked to ongoing farmers’ protest,"(29, 11, 2020)","Thousands of farmers are camping near Delhi, trying to make their way into the Capital, in protest against the new farm laws. Several politicians, including Haryana chief minister Manohar Lal Khattar, have alleged the presence of Khalistani separatists in the farmers’ agitation.

In this context, a video showing a group of men chanting pro-Khalistan, pro-Pakistan and anti-Modi slogans is going viral on social media with the claim that it is a scene from the farmers’ protest. The men, some of whom are wearing turbans, are also seen holding Pakistani flags and Khalistani banners.The Hindi caption along with one such 15-second video translates to, “Raising anti-Modi slogans can be understood, but why slogans in favour of Pakistan and Khalistan? Is it farmers’ protest or Khalistani terror?”India Today Anti Fake News War Room (AFWA) has found that the video is from the ICC World Cup 2019 in the United Kingdom.The archived versions of similar posts can be seen here, here and here.AFWA probeUsing InVID tool and appropriate keywords, we found a clearer version of the same video uploaded by a Twitter user on June 30, 2019. In this version of the video, it can be seen that the men are raising slogans from a gallery in a stadium. —- pic.twitter.com/jTLt2hDVGU— Afzal (@mohafzals) June 30, 2019
Taking a cue from this, we searched the Internet further and found the same video in a report uploaded by ANI on its official YouTube channel. The caption of the video says, “Sikhs in the UK denounce pro-Khalistan slogans during World Cup matches”.According to the video description, some Sikhs, along with Pakistan fans, had raised pro-Khalistan and pro-Pakistan slogans during ICC World Cup 2019 matches in the UK. Here is a screengrab from the ANI report. As per news reports, this particular incident took place during a Pakistan vs Afghanistan match on June 29, 2019.We also found media reports on similar instances where anti-India and pro-Khalistan slogans were raised at various grounds during the ICC World Cup 2019. Many of the protesters were evicted from the stadiums.Hence, it is clear that the viral video is over a year old and from the United Kingdom. It has nothing to do with the ongoing farmers’ protest.Live TV--- ENDS ---ALSO READ | Fact Check: This white wonderland is not a street in KarachiALSO READ | Fact Check: BrahMos launch video shared with false claims of failure INDIA TODAY FACT CHECK      ClaimVideo shows protesting Sikh farmers chanting pro-Khalistan and pro-Pakistan slogans.ConclusionThis video is from the ICC World Cup 2019 in the United Kingdom.JHOOTH BOLE KAUVA KAATEThe number of crows determines the intensity of the lie.1 Crow: Half True2 Crows: Mostly lies3 Crows: Absolutely false Want to send us something for verification? Please share it on our  at 73 7000 7000  You can also send us an email at factcheck@intoday.com","['farmers protest in punjab today', ' latest news on farmers protest', ' kisan protest today', ' farmer protest news', ' farmers protest in delhi today', ' protest in delhi today', ' news on farmers protest', ' farmers protest today', ' farmers protest', ' delhi protest', ' farmers protest delhi', ' farmer protest', ' protest in delhi', ' punjab protest', ' farmers protest in delhi', ' farmers protest news', ' punjab farmers protest', ' kisan protest', ' farmers protest haryana', ' delhi news', ' farmers protest in punjab', ' farmers protest latest news', ' farmers protest live', ' farmers protest reason', ' farmers protest gurgaon', ' farm bills 2020', ' new farm bills 2020', ' new farm bills', ' farm bills india', ' fact check']",https://www.indiatoday.in/fact-check/story/fact-check-old-video-of-khalistan-supporters-linked-to-ongoing-farmers-protest-1745126-2020-11-29
9,fact-check,Fact Check: BrahMos launch video shared with false claims of failure,"(28, 11, 2020)","On November 24, India successfully test-fired a land-attack version of the BrahMos supersonic cruise missile from the Andaman and Nicobar Islands. Meanwhile, some social media users are claiming that India has failed to launch a surface-to-surface missile.

A video of a missile launch is being shared with the caption, “Once again India has been failed in testing the surface-to-surface supersonic cruise missile.” The 12-second video shows a missile taking off and then descending some distance away amid a trail of smoke.Once again India has been failed in testing the surface-to-surface supersonic cruise missile. pic.twitter.com/ChRmFzaTnq— Irmak Idoya (@Irmaknepal) November 25, 2020
India Today Anti Fake News War Room (AFWA) has found that the caption along with the video is false. The video is of the November 24 launch of BrahMos missile.Many Twitter users have made similar claims. The archived version can be seen here.AFWA probe With the help of keyword search, we found that the official Twitter handle of Indian Army, Southern Command, Pune, had posted the same video in a horizontal format on November 24.The video was shared with the caption, “Indian Army successfully launched its BrahMos supersonic cruise missile on 24 Nov 2020 in a top-attack configuration, hitting a target in the Bay of Bengal with pinpoint accuracy.”Indian Army successfully launched its BrahMos supersonic cruise missile on 24 Nov 2020 in a top-attack configuration, hitting a target in the Bay of Bengal with pin point accuracy.#IndianArmy#SouthernCommand @DRDO_India#WarriorsoftheSouth#BrahMosMissile@adgpi pic.twitter.com/vec6Txdqgo— Southern Command INDIAN ARMY (@IaSouthern) November 24, 2020
News agency ANI had shared the same video on Twitter.Several media reports were published about the launch, some of which can be seen here and here. The Press Information Bureau has also refuted the viral claim, calling it fake.We found that the same Twitter user had earlier shared a fake claim of China shooting down an Indian Sukhoi jet, which was refuted by PIB.Thus, it is clear that the recent launch video of BrahMos is being shared as India’s failure to launch a supersonic cruise missile. INDIA TODAY FACT CHECK      ClaimIndia has failed to test-fire surface-to-surface supersonic cruise missile. ConclusionIndia successfully tested the land attack version of BrahMos supersonic cruise missile on November 24. The video is of the missile launch.JHOOTH BOLE KAUVA KAATEThe number of crows determines the intensity of the lie.1 Crow: Half True2 Crows: Mostly lies3 Crows: Absolutely false Want to send us something for verification? Please share it on our  at 73 7000 7000  You can also send us an email at factcheck@intoday.com",['Fact Check: BrahMos launch video shared with false claims of failure '],https://www.indiatoday.in/fact-check/story/fact-check-brahmos-launch-video-shared-with-false-claims-of-failure-1745001-2020-11-28
10,fact-check,Fact Check: Picture of Pele mourning at Maradona's grave is morphed ,"(28, 11, 2020)","Amid a global outpouring of grief, football legend Diego Maradona was laid to rest at a cemetery outside Argentina's Buenos Aires on November 26. While thousands flooded the streets of Buenos Aires as the footballer's coffin made its way for burial, Maradona's funeral was a private ceremony attended only by family and close friends.

Sixty-year-old Maradona had died of cardiac arrest on November 25.Now, an image purportedly showing Brazilian football legend Pele mourning at Maradona's grave is viral on social media with emotional captions. The caption of one such image reads, ""Pele bids farewell to Maradona. That's painful"". Another caption says, ""Million dollar picture"". India Today Anti Fake News War Room (AFWA) has found that the picture is photoshopped. Pele did express grief on social media, but till the time of filing this article, there has been no report of him visiting Maradona's grave.The archived versions of the posts can be seen here, here, here and here.AFWA probeA reverse image search on the Russian search engine Yandex revealed that the viral picture is photoshopped.We found the original photo on Getty Images. Over the years, several websites related to funeral services have used the same picture. Here is a comparison of the viral and original images. On November 25, after news broke of Maradona's death, Pele on his verified Twitter handle had paid tribute to the Argentine icon. This tweet has a picture of Maradona celebrating the World Cup victory in 1986.Que notícia triste. Eu perdi um grande amigo e o mundo perdeu uma lenda. Ainda há muito a ser dito, mas por agora, que Deus dê força para os familiares. Um dia, eu espero que possamos jogar bola juntos no céu. pic.twitter.com/6Li76HTikA— Pelé (@Pele) November 25, 2020
However, we could not find any credible report on Pele attending the last rites of Maradona. Here are some pictures of the funeral ceremony.Therefore, it is clear that the viral image purportedly showing Pele at the grave of Maradona is photoshopped. INDIA TODAY FACT CHECK      ClaimPicture of Brazilian football great Pele mourning at the grave of Argentine soccer legend Diego Maradona who passed away on November 25. ConclusionThis is a morphed picture. Though Pele did pay tribute to Maradona on social media, he has not visited the latter's grave till the filing of this story. JHOOTH BOLE KAUVA KAATEThe number of crows determines the intensity of the lie.1 Crow: Half True2 Crows: Mostly lies3 Crows: Absolutely false Want to send us something for verification? Please share it on our  at 73 7000 7000  You can also send us an email at factcheck@intoday.com","[""Fact Check: Picture of Pele mourning at Maradona's grave is morphed\xa0""]",https://www.indiatoday.in/fact-check/story/picture-of-pele-mourning-at-maradona-grave-is-morphed-1744930-2020-11-28
11,fact-check,Fact Check: This massive crowd does not show the funeral procession of legendary Maradona,"(27, 11, 2020)","Hundreds of mourners lined the streets of Buenos Aires as Diego Maradona's coffin was driven to the football legend's funeral on November 26. ) 60-year-old Maradona died of heart attack on November 25.

While football fans are still grieving his loss, a video of Maradona's alleged funeral procession has gone viral. The video shows a street densely packed with people, waving flags. An announcement can also be heard in the video.The video has been shared by a verified Facebook Page 'Vega Entertainment' with a caption which reads, ""Diego Maradona's funeral procession today. He is neither a president nor a prime minister of any country. Who gets so much of love, adulation & respect these days? He will remain immortal in the hearts of football fans."" The archived version of the post (2) Watch | Facebook ) can be seen hereIndia Today Anti Fake News War Room (AFWA) has found that the viral video is old and has nothing to do with Maradona's funeral procession. The video is, in fact, of a rally which took place in October 2019 in support of the former Argentinian President Mauricio Macri.Apart from Facebook, the video is viral on Twitter as well.People had mixed feelings about the video. While one user wrote ""RIP legend"", another commented, ""Look at this crowd! Very soon thousands will die due to Covid.""AFWA PROBEWith the help of reverse image search, we found that the viral video is related to a rally which took place in Buenos Aires, Argentina in October 2019. It was organised in support of Mauricio Macri, the then President.Argentinian media had reported this rally as the most crowded rally of Macri's political career. Although, just a few days after this rally, Macri lost the election ( Argentina election: Centre-left Alberto Fernández wins presidency - BBC News ) to his rival Alberto Fernández.Using the Invid tool we found an aerial shot of the rally shared in a tweet by Macri posted on October 20, 2019.On comparing a screenshot of the video with the image shared by Macri, we found several similarities. We also found a video of the same rally shared by a Twitter user, possibly a Macri supporter, on October 20, 2019. The viral video has close resemblance to this video.Earlier this year, the same video had gone viral with another claim. AFP had debunked the misleading claim accompanying the video then.Hence, it is clear that the viral video has no connection to Maradona's funeral procession. INDIA TODAY FACT CHECK      ClaimDiego Maradona's fans came out in huge numbers during his funeral procession to offer a last tribute to their hero. ConclusionThis video shows a political rally in Buenos Aires, Argentina in October 2019.JHOOTH BOLE KAUVA KAATEThe number of crows determines the intensity of the lie.1 Crow: Half True2 Crows: Mostly lies3 Crows: Absolutely false Want to send us something for verification? Please share it on our  at 73 7000 7000  You can also send us an email at factcheck@intoday.com",['Fact Check: This massive crowd does not show the funeral procession of legendary Maradona'],https://www.indiatoday.in/fact-check/story/fact-check-this-massive-crowd-does-not-show-the-funeral-procession-of-legendary-maradona-1744724-2020-11-27
12,fact-check,"Fact Check: No, this is not Congress leader Ahmed Patel's funeral procession","(27, 11, 2020)","Senior Congress leader and Rajya Sabha MP from Gujarat, Ahmed Patel, passed away at 71 on November 25, 2020 after battling Covid-19. Patel, the Congress party's main trouble-shooter and key strategist was laid to rest on November 26. Hundreds of people were part of the veteran Congress leader’s funeral ceremony. Besides former party president Rahul Gandhi, several other Congress leaders too were in attendance.

Now, a 44-second video of a mass Islamic funeral procession is viral on social media with the claim that these are visuals from the last rites of Ahmed Patel.The caption to one such video reads, ""Last rites of Ahmed Patel @ Bharuch Gujarat. May his soul rest in peace. It's a sad for me"".India Today Anti Fake News War Room (AFWA) has found that the claim is false. The video is from the funeral procession of Jameel Shaikh, a Maharashtra Navnirman Sena (MNS) leader. Shaikh was shot dead in Thane on November 23, 2020.The archived versions of similar posts can be seen here, here and here.AFWA PROBEWhile checking for reports of Ahmed Patel's funeral procession, we found that the coffin seen in the viral video is different from that of Patel's. Patel was laid to rest on November 26 at his native Piraman village at Ankleshwar in Gujarat's Bharuch district.However, the video which claims to be from Patel's funeral procession, was found in a news report uploaded on November 25 by a verified YouTube channel Aapka Prahar Times.The caption to the video in Hindi translates to, ""Thousands of people joined MNS leader Jameel Shaikh 's funeral"". Taking a cue from this, we further searched and found a similar video taken from a different angle uploaded by Mumbai Mirror and TV9 on November 25 as the funeral procession of the MNS leader.According to the report by Mumbai Mirror, Shaikh, MNS leader and president of a civic ward in Thane city was shot dead by two bike-borne assailants in the Rabodi area on November 23. Flouting all social distancing norms mandatory due to the spread of the coronavirus pandemic, thousands of people attended the funeral procession of Shaikh on November 25, the report added.Hence, it is clear that the viral video is from the November 25 funeral procession of an MNS leader who was shot dead in Maharashtra's Thane. Congress veteran Ahmed Patel was laid to rest on November 26. INDIA TODAY FACT CHECK      ClaimVideo shows the funeral procession of Congress veteran Ahmed Patel. ConclusionThis video is of the funeral procession of Jameel Shaikh, a leader from MNS who was shot dead in Thane on November 23, 2020. JHOOTH BOLE KAUVA KAATEThe number of crows determines the intensity of the lie.1 Crow: Half True2 Crows: Mostly lies3 Crows: Absolutely false Want to send us something for verification? Please share it on our  at 73 7000 7000  You can also send us an email at factcheck@intoday.com","['Fact Check: No', "" this is not Congress leader Ahmed Patel's funeral procession""]",https://www.indiatoday.in/fact-check/story/no-this-is-not-congress-leader-ahmed-patel-funeral-procession-1744639-2020-11-27
