SN,category,headline,date,content,keywords,link
1,fact-check,Fact Check: Edited clip shared as foreign minister Jaishankar violating Covid norms during G7,"(10, 5, 2021)","Two members of an Indian delegation led by external affairs minister S Jaishankar to the G7 foreign ministers meeting in London had tested positive for Covid-19 in the first week of May. The summit was the “first in-person” meeting of the Ministers of G7 and partner countries after the pandemic began.

Now, a clipping from a news report is viral on social media claiming that the minister refused to quarantine during the summit despite two of his team members testing positive for Covid-19. The 2-minute-20-second video also says Jaishankar violated Covid protocols by meeting United States Secretary of State Antony Blinken and British Home Secretary Preeti Patel during the summit.Also read | Only locals in 18+ group to get vaccines in UP, migrants in Noida, Ghaziabad worryThe caption of one such video reads, “Foreign media reports that Indians behave carelessly at G7. Indian team insulted and advised not to take part in next months meeting......”India Today Anti Fake News War Room (AFWA) has found the claim to be misleading. The video in circulation is doctored and a different narration was added to a report by “Sky News”. Jaishankar met Blinken and Patel before his team members tested positive for Covid. After the test results were out, he participated in the summit virtually.The archived versions of similar posts can be seen here, here and here.AFWA probe Upon closely observing the video in circulation, we can see the logo of British news channel “Sky News” on the top left corner. The video begins by saying two officials from the Indian delegation headed by Jaishankar tested positive for coronavirus and had to stay in isolation in their hotel rooms.However, after a minute into the video, we notice a change in presentation style and narration. It is in this part of the video that the narrator says Jaishankar flouted quarantine norms.We went through the “Sky News” reports on the recent G7 meeting on their YouTube channel and found the first minute of the video in question carried by a report published on May 6.However, in this video, we were unable to find the segment that claims the external affairs minister violated quarantine norms. Also, in this report, UK foreign secretary Dominic Raab is heard saying that immediately after two Indian delegates were tested positive for coronavirus, the entire team went into self-isolation.Also, according to multiple news reports on the G7 summit, Jaishankar met Blinken and Patel on May 3 night and May 4 morning. The reports, also say that from May 5, Jaishankar and three of his teammates went into quarantine after two other members of the delegation tested Covid-positive. Here on, the minister joined the summit virtually.On May 5, Jaishankar had tweeted that he was informed of his exposure to Covid-19 on May 4 evening, and hence, he will be participating in the G7 meeting virtually.Was made aware yesterday evening of exposure to possible Covid positive cases. As a measure of abundant caution and also out of consideration for others, I decided to conduct my engagements in the virtual mode. That will be the case with the G7 Meeting today as well.— Dr. S. Jaishankar (@DrSJaishankar) May 5, 2021
However, a still in the viral video showing Jaishankar attending the summit without a mask is real and was tweeted, by the minister himself. But it is clear that the video in question is doctored and the claim about Jaishankar violating isolation norms during the G7 summit is misleading.Live TVRead |  70% Delhiites in favour of Covid lockdown extension by 2 weeks: Study INDIA TODAY FACT CHECK      ClaimExternal affairs minister S Jaishankar refused to quarantine despite two of his team members testing Covid-positive during the G7 summit in London. He also violated Covid protocols by meeting US Secretary of State and British Home Secretary during the summit. ConclusionThe “Sky News” report in circulation is doctored. Jaishankar attended the G7 meeting virtually after two of his team members tested positive for Covid-19. He met the US Secretary of State and British Home Secretary before the test results.JHOOTH BOLE KAUVA KAATEThe number of crows determines the intensity of the lie.1 Crow: Half True2 Crows: Mostly lies3 Crows: Absolutely false Want to send us something for verification? Please share it on our  at 73 7000 7000  You can also send us an email at factcheck@intoday.com",NA,https://www.indiatoday.in/fact-check/story/fact-check-edited-clip-shared-as-foreign-minister-jaishankar-violating-covid-norms-during-g7-1800887-2021-05-10
2,fact-check,Fact Check: Old video from Brazil shared as BJP worker hacked to death in West Bengal,"(8, 5, 2021)","Ever since the Trinamool Congress’s thumping victory in the recently held assembly elections in West Bengal, widespread violence has broken out in the state. There have been reports of targeted killings of political workers, loot and arson of properties, and people fleeing their homes in fear. Pictures and videos claiming to be of the violence have filled social media too.

Amid these gory tales of brutality, a disturbing video of a man being hacked to death by some people is circulating on Internet as visuals of post-poll violence in Bengal. Social media users claim this was the killing of BJP activist Uttam Ghosh, who was beaten to death by suspected TMC workers at Gangnapur in Nadia district.The caption of the video is a quote attributed to Ghosh’s wife. The text in Hindi translates to: TMC workers dragged my husband out of the house and told him, “Now say Jai Shri Ram. Where are your BJP supporters? Who will save you now?” Saying this, they killed my husband. India Today Anti Fake News War Room (AFWA) has found the claim along with the video to be misleading. This is a 2017 video from Brazil and not related to the ongoing violence in Bengal.The archived versions of the posts can be seen here and here.AFWA probeWith the help of InVID tool and Yandex search engine, we did a reverse image search of keyframes of the video and found them in some Brazilian news reports from early 2018.According to these reports, the video is of a murder that took place on December 30, 2017, in Fortaleza, the capital of the Brazilian state of Ceara. As per the reports published in January 2018, the video shows 17-year-old Wesley Tiago de Sausa Carvalho being beaten to death with axes, stones, and sticks, following a dispute between two rival groups. Police had arrested two people in connection with the incident. Hence, it is clear that the video in question is from Brazil and not related to the ongoing post-poll violence in West Bengal.READ | Fact Check: Unrelated video passed off as TMC men attacking cops in Bengal post-poll violenceREAD | Fact Check: This rape and murder incident in Bengal is not a fallout of post-poll violence INDIA TODAY FACT CHECK      ClaimVideo shows a BJP worker in West Bengal being hacked to death by Trinamool Congress workers during post-poll violence in the state. ConclusionThis is a 2017 video from Brazil where a youth was beaten to death by rival gang members. However, widespread violence has broken out in Bengal since the results of the assembly elections were announced on May 2.JHOOTH BOLE KAUVA KAATEThe number of crows determines the intensity of the lie.1 Crow: Half True2 Crows: Mostly lies3 Crows: Absolutely false Want to send us something for verification? Please share it on our  at 73 7000 7000  You can also send us an email at factcheck@intoday.com",NA,https://www.indiatoday.in/fact-check/story/fact-check-old-video-from-brazil-shared-as-bjp-worker-hacked-to-death-in-west-bengal-1800080-2021-05-08
3,fact-check,NA,NA,NA,NA,https://www.indiatoday.in/fact-check/video/fact-check-video-from-odisha-passed-off-as-tmc-men-attacking-cops-in-bengal-post-poll-violence-1799386-2021-05-06
4,fact-check,Fact Check: This rape and murder incident in Bengal is not a fallout of post-poll violence,"(5, 5, 2021)","Several images of a girl have recently gone viral on social media with the claim that she is the latest victim of post-poll violence in West Bengal.

Many Facebook and Twitter users have shared the pictures and claimed that this 20-year-old girl from West Midnapore district was gang-raped and murdered by “Rohingya and Bangladeshi jihadis” for supporting BJP. India Today Anti Fake News War Room (AFWA) has found that though the rape and murder incident is true, but according to family members and police, there is no communal or political angle to it. Two masons and their female aide were arrested. Both the victim and accused are from the same religion.The archived versions of the posts are saved here and here.The victim’s father spoke to India Today and ruled out any political angle to the incident. He said, “After lunch, she’d gone to clean the utensils as usual, but went missing since then. We started searching all around and finally found her body in an under-construction house next to ours. Three masons, including a woman, were working there and we filed an FIR at the police station.”Based on FIR filed by the victim’s family at Pingla police station, local police arrested the three accused. They have been identified as B Murmu from Belda, Chhotu Munda from Jharkhand and Tapati Patra from Sabang.India Today spoke to Rana Mukherjee, additional SP, Kharagpur. “There is no communal or political angle to the incident. Based on the FIR, we arrested the accused. They are from the SC/ST community. They have confessed to the crime. We are reconstructing the crime scene. DNA reports have confirmed rape,” said the IPS officer over phone.There are several reports of post-poll violence in Bengal. But this particular rape and murder incident is not connected to the ongoing violence in the state. INDIA TODAY FACT CHECK      ClaimA 20-year-old Hindu girl in West Midnapore has become the latest victim of post-poll violence in West Bengal. She was gang-raped and murdered by “Rohingyas and Bangladeshi jihadis” for supporting BJP.ConclusionThough the rape and murder incident is true, but according to family members and police, there is no communal or political angle to it. Two masons and their female aide were arrested. Both the victim and accused are from the same religion.JHOOTH BOLE KAUVA KAATEThe number of crows determines the intensity of the lie.1 Crow: Half True2 Crows: Mostly lies3 Crows: Absolutely false Want to send us something for verification? Please share it on our  at 73 7000 7000  You can also send us an email at factcheck@intoday.com",NA,https://www.indiatoday.in/fact-check/story/fact-check-this-rape-and-murder-incident-in-bengal-is-not-a-fallout-of-post-poll-violence-1799255-2021-05-05
5,fact-check,Fact Check: Is it safe to use oxygen concentrator in a closed room?,"(5, 5, 2021)","Recently, actor and philanthropist Sonu Sood advised people to use oxygen concentrator with doors and windows open as it extracts oxygen from open air. He said it is harmful to keep the room shut and turn on the AC while using this device.

The message went viral, with netizens either sharing screenshot of Sood’s tweet or posting similar messages on Facebook.During the shortage of oxygen cylinders for Covid patients, oxygen concentrators have emerged as a helpful device to provide supplementary oxygen to patients with respiratory disorders. Oxygen concentrators are devices that help concentrate oxygen from the ambient air and deliver pure oxygen to individuals by removing nitrogen. India Today Anti Fake News War Room (AFWA) has found that there is no danger of oxygen levels depleting in a room when one uses an oxygen concentrator. Pulmonologists say a well-ventilated room is advisable for Covid patients, but there is no such advisory for using an oxygen concentrator.The archived versions of the posts are saved here, here and here.Expert speakAFWA spoke to two leading pulmonologists in the country to know the usage and effect of oxygen concentrators in the perspective of the viral claim.All India Institute of Medical Science (AIIMS) director Dr Randeep Guleria straightaway called the claim “fake”. “It extracts oxygen from the air it sucks in and absorbs the nitrogen. That is how it works. Rooms have enough air and ventilation. This does not happen. Chronic lung disease patients have been using concentrators for almost 10 to 20 years with no such problem,” said Dr Guleria.Dr JC Suri, director and head of department at Fortis hospital, Vasant Kunj, said, “It is always advisable that a Covid patient should stay in a well-ventilated room, but there is no such specific advisory for using an oxygen concentrator.”We studied the manuals of a few leading companies that manufacture oxygen concentrators and did not find any caution against using the device in a closed-door, air-conditioned room. Rather, in some manuals, it says, “There is never a danger of depleting the oxygen in a room when you use your oxygen concentrator.”How does oxygen concentrator work?  An oxygen concentrator takes in room air, removes nitrogen from it, and provides up to 95 per cent pure oxygen. The device does not store oxygen but concentrates oxygen from the ambient air and delivers it to the user.The intended function and use of an oxygen concentrator are to provide supplementary oxygen to patients with mild or medium respiratory disorders. But it should not be used as a device for supporting or for sustaining life. Patients with critical respiratory conditions need other life-supporting devices and critical care. INDIA TODAY FACT CHECK      ClaimPeople using an oxygen concentrator should keep doors and windows open as it extracts oxygen from open air. It is harmful to shut the room and turn on AC while using a concentrator. ConclusionThere is no danger of oxygen levels depleting in a room when one uses an oxygen concentrator. Pulmonologists say a well ventilated room is advisable for Covid patients, but there is no such advisory for using an oxygen concentrator.JHOOTH BOLE KAUVA KAATEThe number of crows determines the intensity of the lie.1 Crow: Half True2 Crows: Mostly lies3 Crows: Absolutely false Want to send us something for verification? Please share it on our  at 73 7000 7000  You can also send us an email at factcheck@intoday.com",['Fact Check: Is it safe to use oxygen concentrator in a closed room? '],https://www.indiatoday.in/fact-check/story/fact-check-is-it-safe-to-use-oxygen-concentrator-in-a-closed-room-1799021-2021-05-05
6,fact-check,Fact Check: Unrelated video passed off as TMC men attacking cops in Bengal post-poll violence,"(4, 5, 2021)","Violence broke out in West Bengal soon after results of the assembly elections were announced on May 2. Several political workers, mainly of Opposition parties, have been killed or injured, and party offices, houses and shops targeted according to reports.

On social media, a video of a mob attacking a police van is circulating with the claim that it shows Trinamool Congress supporters attacking cops who’d come to control post-poll clashes. The caption with the video says, “#PresidentRuleInBengal Policeman came to control the situation & then TMC goons attacks on Police. #tmcgoons #BengalViolence”.India Today Anti Fake News War Room (AFWA) has found the claim along with the video to be misleading. The video is of a clash that broke out between police and locals over the death of a youth in Odisha in January 2021.The archived versions of the posts can be seen here and here.AFWA probeGoing through the comments under the viral video, we found several netizens pointing out that it is an old incident from Odisha.Taking a cue from this, we did a reverse image search of key frames of the video with appropriate keywords and found that the same video was carried in a report published on January 14, 2021, by Odisha-based YouTube channel “ONA Khabar”. The caption of the video says, “Protest over the man’s death At Bhadrak”. On further search, we found similar visuals carried on the verified YouTube channel of Kalinga TV, an Odisha-based news channel.According to these reports published on January 13, 2021, the video shows locals of Tihidi block in Odisha’s Bhadrak district attacking a police jeep over the alleged death of a youth.Several news portals from Odisha had also reported the incident on the same day.As per these reports, the youth, identified as Bapi Mahalik of Hatuari village, was interrogated by police regarding a case. His body was later recovered from a village pond.The death triggered massive unrest in the village with the family alleging that the youth killed himself over police brutality. Following this, villagers blocked the Bhadrak-Chandbali highway near Allinagar by keeping the youth’s body on the road. When police reached the protest site to disperse the crowd and clear the roadblock, the protesters set the police van on fire.India Today’s Odisha bureau also confirmed to us that the video in question is from Tihidi block of Bhadrak district. Hence, it is clear that the viral video is not related to the recent post-poll clashes in West Bengal. INDIA TODAY FACT CHECK      ClaimVideo shows Trinamool Congress workers attacking policemen who came to control post-poll clashes in West Bengal. ConclusionThis is a January 2021 video from Odisha’s Bhadrak where locals clashed with police over the death of a youth.JHOOTH BOLE KAUVA KAATEThe number of crows determines the intensity of the lie.1 Crow: Half True2 Crows: Mostly lies3 Crows: Absolutely false Want to send us something for verification? Please share it on our  at 73 7000 7000  You can also send us an email at factcheck@intoday.com",NA,https://www.indiatoday.in/fact-check/story/fact-check-unrelated-video-passed-off-as-tmc-men-attacking-cops-in-bengal-post-poll-violence-1798816-2021-05-04
7,fact-check,NA,NA,NA,NA,https://www.indiatoday.in/fact-check/video/covipri-the-fake-remdesivir-injection-1798598-2021-05-04
8,fact-check,Fact Check: Did Mamata say she would quit politics if defeated in Nandigram?,"(4, 5, 2021)","Even though the Trinamool Congress romped to victory in West Bengal, party supremo Mamata Banerjee had to bite the dust in Nandigram to her former lieutenant Suvendu Adhikari. In the meantime, a Facebook post claims that Mamata had earlier said she would quit politics if defeated in Nandigram.

Several Facebook users have posted a picture of Mamata and Suvendu with a caption in Hindi which translates to, “Is she shameless? She has been defeated by 1,622 votes, but will now take back her words as she’d said she would quit politics if defeated in Nandigram.” India Today Anti Fake News War Room (AFWA) has found it was not Mamata but Suvendu who had said he would defeat her by 50,000 votes or quit politics. Suvendu beat Mamata in Nandigram by a narrow margin of 1,956 votes.The archived versions of the Facebook posts are saved here, here and here.What AFWA foundIn January this year, Mamata surprised everyone by suddenly announcing that she would contest the assembly elections in Bengal from Suvendu’s bastion of Nandigram.The decision was seen as an open challenge by the Trinamool supremo to Suvendu, the sitting MLA of Nandigram and her former aide, who had jumped ship to the BJP.On the same day, Adhikari replied that he would beat her by at least 50,000 votes. This was widely reported by the mainstream media. In a neck-and-neck contest, Mamata was defeated by Suvendu in Nandigram by a narrow margin of 1,956 votes. While Suvendu garnered 1,10,764 votes or 48.49 per cent of the vote share, Mamata secured 1,08,808 votes or 47.64 per cent of the vote share.Addressing an election campaign in Bengal, Union Home minister Amit Shah exuded confidence of BJP emerging victorious in the state and said Mamata will have to exit politics as she will be defeated in Nandigram.We have not found a single news report that says Mamata has ever said she would quit politics if she is defeated in Nandigram. Hence, it can be concluded that the viral claim is misleading.READ | Why the BJP’s spirited campaign against Mamata failed to work in BengalREAD | Can Mamata Banerjee become chief minister after losing Nandigram? Has it happened in past? INDIA TODAY FACT CHECK      ClaimMamata Banerjee had promised to quit politics if she got defeated in Nandigram. Now that she lost by 1,622 votes, see how shameless she can be.ConclusionIt was not Mamata but BJP’s Suvendu Adhikari who had said that he would defeat her by 50,000 votes or quit politics. Suvendu beat Mamata in Nandigram by a narrow margin of 1,956 votes.JHOOTH BOLE KAUVA KAATEThe number of crows determines the intensity of the lie.1 Crow: Half True2 Crows: Mostly lies3 Crows: Absolutely false Want to send us something for verification? Please share it on our  at 73 7000 7000  You can also send us an email at factcheck@intoday.com","['west bengal', ' west bengal elections result', ' nandigram', ' nandigram election result', ' mamata banerjee', ' suvendu adhikari', ' west bengal election', ' tmc wins', ' mamata wins']",https://www.indiatoday.in/fact-check/story/fact-check-did-mamata-say-she-would-quit-politics-if-defeated-in-nandigram-1798481-2021-05-04
9,fact-check,"Fact Check: Beware of ‘Covipri’, the fake Remdesivir injection circulating on social media","(3, 5, 2021)","At a time people are desperately looking for treatment against Covid-19, an injection named “Covipri” is circulating on social media, with many referring to it as the Remdesivir injection.

Remdesivir is not a magic drug against Covid, but doctors are using it on a case-to-case basis to reduce severity of the infection. Hence, this medicine is on high demand and there is shortage of supply.In the meantime, an image of “Covipri” packets, with “Remdesivir” injection written on them, is being shared on Facebook. Many users are claiming that the drug is available and people who need these for Covid patients can contact them. India Today Anti Fake News War Room (AFWA) has found that “Covipri” is a fake medicine and not a Remdesivir injection. Delhi Police has warned people that no Remdesivir injection by the name “Covipri” exists. The racket has been busted by Delhi Police, but some injections are still in circulation and authorities have warned people not to buy them from unverified sources.The archived versions of the Facebook posts are saved here, here and here.The fake “Remdesivir”The viral image of “Covipri” circulated on social media raises several questions on the authenticity of the drug as it is punctuated with grammatical errors. For example, it is written, “For used in India only. Not for export”, which is wrong English. The “Caution” part says, “It is a dangerous to take this preparation Except under medical supervision”, which again is a grammatically wrong sentence. The address given as manufacturer’s details is also grossly incorrect. Two places are mentioned Mettupalayam and Singtam with the claim that both are in Sikkim. But while Singtam is in Sikkim, Mettupalayam is in Tamil Nadu. Delhi Police recently arrested five people and unearthed a ‘pharmaceutical’ unit at Kothdwar in Uttarakhand manufacturing large quantities of fake Remdevisir injections (COVIPRI) sold at over Rs 25,000.AFWA spoke to Monika Bhardwaj, DCP (Crime), Delhi Police, who is investigating the matter. She revealed that “Covipri” is a fake drug and not a Remdesivir injection. “We initially suspected that they were only black-marketing the drug, but digging deeper, we found that a fake drug manufacturer was behind the racket,” she said.As revealed by the DCP, the accused have used the name of a different manufacturer and printed the address and other details on their own. The IPS officer said that though they’ve busted the racket, some injections may still be in circulation. She cautioned people not to buy this drug from unverified sources.Live TVRead | 5 big takeaways from 5 assembly elections INDIA TODAY FACT CHECK      Claim“Covipri” is a Remdesivir injection. It is available in the market for those who need treatment for Covid.Conclusion“Covipri” is a fake medicine and not a Remdesivir injection. Delhi Police has warned people that no Remdesivir by the name “Covipri” exists.JHOOTH BOLE KAUVA KAATEThe number of crows determines the intensity of the lie.1 Crow: Half True2 Crows: Mostly lies3 Crows: Absolutely false Want to send us something for verification? Please share it on our  at 73 7000 7000  You can also send us an email at factcheck@intoday.com",NA,https://www.indiatoday.in/fact-check/story/fact-check-beware-of-covipri-the-fake-remdesivir-injection-circulating-on-social-media-1798150-2021-05-03
10,fact-check,"Fact Check: Ticket distribution, not oxygen shortage led to BJP workers ransacking party office ","(2, 5, 2021)","A video of some people with BJP flags in hand, including a woman, vandalising what looks like a BJP office is viral on social media with the claim that saffron camp workers are wrecking their own party office over lack of oxygen. India at present is facing acute shortage of liquid medical oxygen for treatment of critical Covid patients.

One such caption in Hindi with the video translates to, “BJP workers vandalise their own party office after not getting oxygen”India Today Anti Fake News War Room (AFWA) has found the claim along with the video to be misleading. The video is of BJP workers damaging their party office in Gazole assembly constituency of Malda district in West Bengal, demanding that the party candidate be changed.The archived version of similar posts can be seen here, here and here.AFWA probeWe could not find any credible media report of BJP workers vandalising their own party office over oxygen shortage.In the video, people are heard talking in Bengali, and banners in Bengali are also seen. Taking a cue from this, we did a reverse image search of key frames of the video with appropriate keywords, and found a screenshot of the same video in a report published by “ABP Ananda” on March 23.According to the report, the woman in the video is Sagarika Sarkar, a Zilla Parishad member and BJP leader from Malda. Dissatisfied over the BJP’s ticket distribution for the assembly elections, she’d vandalised the party block office in Gazole in March.An “ETV Bharat” report published on March 24 also confirms the incident.Quoting BJP district president Gobinda Chandra Mondal, the report said Sagarika had submitted a candidate application for Gazole assembly seat, which was rejected by the party. Furious, Sagarika and a group of her supporters then vandalised the party office in Gazole. The BJP district unit later suspended her for the act.Reports also say that within hours of the suspension, Sagarika joined the Trinamool Congress.A different video of the same group of people, including Sagarika in the same attire as seen in the viral video, protesting against BJP’s Malda district president was uploaded on March 19 by local news website “WTV News” on Facebook.According to media reports, on March 18, the BJP had announced the candidate list for Malda district. Soon after, a section of disgruntled BJP workers hit the streets and even vandalised party offices in the district, demanding replacement of candidates.India Today’s Malda correspondent also clarified to us that the video has nothing to do with oxygen shortage.Also, while the viral video has been available on the Internet at least since March 19, the issue of oxygen shortage gained momentum in the country much later. Hence, it is clear that the viral video is not of BJP workers vandalising their own party office over oxygen shortage. INDIA TODAY FACT CHECK      ClaimVideo shows BJP workers vandalising their own party office over oxygen shortage. ConclusionThe video is of disgruntled BJP workers vandalising their party office at Gazole in West Bengal’s Malda district over ticket distribution before the assembly election. JHOOTH BOLE KAUVA KAATEThe number of crows determines the intensity of the lie.1 Crow: Half True2 Crows: Mostly lies3 Crows: Absolutely false Want to send us something for verification? Please share it on our  at 73 7000 7000  You can also send us an email at factcheck@intoday.com","['Fact Check: Ticket distribution', ' not oxygen shortage led to BJP workers ransacking party office\xa0']",https://www.indiatoday.in/fact-check/story/fact-check-fake-new-bjp-office-oxygen-shortage-gazole-assembly-1798082-2021-05-02
11,fact-check,Fact Check: This video is not of villagers chasing away Covid vaccination squads ,"(30, 4, 2021)","As India steps up inoculation against Covid-19, a video of a mob chasing and pelting stones at security personnel is being circulated on social media with the claim that coronavirus testing and vaccination squads were driven out of an Indian village.

One such caption with the video reads, ""INDIA: Villagers chase out the testing & vaccination squads. They see through the V-fraud!""India Today Anti Fake News War Room (AFWA) has found the claim along with the video to be misleading. The incident is from April 23, 2021, when policemen were attacked in Jharkhand's Saraikela for trying to stop a crowded village fair held amid the Covid crisis.The same video was shared by a website ""bitchute.com"" with a similar claim. The archived versions can be seen here, here and here.AFWA probeUsing InVID tool and appropriate keywords, we did a reverse image search of key frames of the video and found that the same clip was carried in an NDTV report published on April 23.According to the report, the local administration and police went to stop a crowded fair conducted amid the Covid-19 crisis at Bamni village in Jharkhand's Saraikela. As the officers tried to convince organisers to stop the fair where hundreds of people had already gathered, the negotiation failed, and villagers chased them away with sticks and stones.The incident was covered by other media houses as well. According to a report by India Today, eight people were arrested following the incident.AFWA also spoke to Saraikela SP Mohammad Arshi to understand whether there was any attack on healthcare workers and police during vaccination drives in the district.The SP said, ""No such mob attack was reported during Covid testing or vaccination drive in Saraikela. Also, the video in circulation is not related to the vaccination drive. It happened when our officers tried to stop a fair where hundreds of locals had gathered violating Covid protocols. The situation was later brought under control.""India Today's Jharkhand correspondent also confirmed that no case of mob attack on police or healthcare workers on vaccination duty was reported from the state recently.Hence, it is clear that the video in circulation shows a mob chasing policemen who tried to stop a crowded fair amid the Covid crisis. The crowd was not chasing a Covid testing and vaccination team as is being claimed. INDIA TODAY FACT CHECK      ClaimVideo shows mob chasing away a Covid-19 testing and vaccination team at a village in India. ConclusionThe incident is from April 23, 2021, when policemen were attacked in Jharkhand's Saraikela for trying to stop a crowded village fair held amid the Covid crisis. JHOOTH BOLE KAUVA KAATEThe number of crows determines the intensity of the lie.1 Crow: Half True2 Crows: Mostly lies3 Crows: Absolutely false Want to send us something for verification? Please share it on our  at 73 7000 7000  You can also send us an email at factcheck@intoday.com",['Fact Check: This video is not of villagers chasing away Covid vaccination squads\xa0'],https://www.indiatoday.in/fact-check/story/fact-check-this-video-is-not-of-villagers-chasing-away-covid-vaccination-squads-1796769-2021-04-30
12,fact-check,Fact Check: Al Bayt Stadium in Qatar passed off as Covid centre built by RSS at Indore ,"(30, 4, 2021)","An aerial view of a large complex is being shared on social media with the claim that it shows a 6,000-bed Covid care centre built by the RSS in Indore. Text superimposed on the picture reads, “2nd largest Covid care center in India. RSS has built 6000-bed Covid care centre and 4 oxygen plants in 45 acres of land in Indore”.

Many WhatsApp and Facebook users are sharing the image. The archived version can be seen here. India Today Anti Fake News War Room (AFWA) has found that the image is actually of a football stadium in Qatar named Al Bayt. In Indore, a 6,000-bed capacity Covid centre was recently launched by the Madhya Pradesh government in the community satsang complex of Radha Soami Satsang Beas. Though the RSS hasn’t built this centre, its members are volunteering in it.AFWA probe Using reverse search, we found the viral image in a report by ""Qatar Tribune"". The report clearly mentions that the picture is of Al Bayt Stadium in Al Khor city of Qatar. This stadium is the venue of 2022 FIFA World Cup, as per the latter’s official website. We compared the satellite view of Al Bayt Stadium with the viral image. Similarities between the two can be easily spotted. The Indore Covid centre Recently, the Radha Soami Satsang Beas ashram located on Khandwa Road in Indore was converted into Madhya Pradesh’s largest Covid care centre. As per “All India Radio”, this centre was started with 600 beds, but its capacity can be increased to 6,000.Covid-19 nodal officer for Indore Dr Amit Malakar told us, “The Covid care centre which was recently started at the Radha Soami Satsang Beas ground was named ‘Maa Ahilya Covid Care Centre’. RSS hasn’t built it but its members are volunteering in it.”A spokesperson of Radha Soami Satsang Beas told us, “Sometime back, one of our campuses in Delhi was converted into a Covid centre. After that, the Madhya Pradesh government approached us and told us that they are planning to start a Covid centre in Indore for patients who don’t require oxygen or hospitalisation primarily, for people who do not have home isolation facility. We gave them permission to use our community satsang complex.”“There’s no link between the RSS and Radha Soami Satsang Beas,” the spokesperson added.Part of the Madhya Pradesh government’s Covid-19 advisory committee and a member of RSS in Indore, Dr Nishant Khare elaborated the role of the Sangh at Maa Ahilya Covid Care Centre.He said, “Maa Ahilya Covid Care Centre has been launched by the Indore administration. Radha Soami Satsang Beas gave permission to use their ground. RSS, on the other hand, is providing support in the peripheral areas such as helping sevadars (people directly interacting with Covid patients), security, packing of food, etc.”“In other words, green zone activities that do not involve patient interaction are being taken care of by RSS volunteers. Around 75 members of RSS are volunteering every day at the centre,” Khare said.We sent the viral picture to India Today’s Indore correspondent Dharmendra Kumar Sharma. He confirmed that the picture is not of the Radha Soami Satsang Beas complex in Indore. He sent us some pictures of an aerial view of the complex. Looking at these pictures, it becomes clear that the viral image is of a completely different structure. Therefore, it is clear that the viral picture is of Al Bayt Stadium in Qatar and not Maa Ahilya Covid Care Centre at Indore. This centre was launched by the Madhya Pradesh government at the satsang complex of Radha Saomi Satsang Beas. RSS members are volunteering at this Covid centre.(Inputs from Anil Kumar) INDIA TODAY FACT CHECK      ClaimPicture of 6,000-bed Covid care centre built by RSS at Indore. ConclusionThe picture is of Al Bayt Stadium in Qatar. The 6,000-bed capacity Maa Ahilya Covid Centre at Indore has been set up by the MP government in a Radha Soami Satsang Beas complex. RSS hasn’t built this centre, but its members are volunteering in it.JHOOTH BOLE KAUVA KAATEThe number of crows determines the intensity of the lie.1 Crow: Half True2 Crows: Mostly lies3 Crows: Absolutely false Want to send us something for verification? Please share it on our  at 73 7000 7000  You can also send us an email at factcheck@intoday.com",NA,https://www.indiatoday.in/fact-check/story/fact-check-al-bayt-stadium-in-qatar-passed-off-as-covid-centre-built-by-rss-at-indore-1796717-2021-04-30
