SN,category,headline,date,content,keywords,link
1,trending-news,Lemonade seller's hatke jingle is amusing netizens. Video goes viral,"(11, 4, 2022)","Street vendors in India use unique ways to sell their goods and there are multiple examples on the internet. If you’re a regular on social media, you have definitely come across the guava seller whose way of selling fruit went viral. And who can forget Bhuban Badyakar’s Kacha Badam song?

Now, a man selling lemon soda has gone viral for his unique way. Shared on Instagram, the video shows the man surrounded by customers while he prepares the drinks. The man starts by pressing some lemons into glasses. He then adds soda and black salt while describing the process in rhymes. He ends the drink with an amusing “Thanda paa” that leaves the onlookers giggling.Take a look:View this post on InstagramA post shared by Gourav Sagar (@13_gouravsagar05)
The video has garnered over 9 lakh likes and tons of comments. People thoroughly enjoyed the vendor’s hatke style of selling lemonade. Many expressed that they would like to have his special drink.  What do you think of this video?Live TV--- ENDS ---Also Read | Dog reunites with owner in war-torn city of Bucha in Ukraine. Viral video will leave you teary-eyed","['lemonade', ' street vendor', ' jingle', ' hatke', ' quirky', ' funny', ' viral video', ' instagram', '']",https://www.indiatoday.in/trending-news/story/lemonade-seller-s-hatke-jingle-is-amusing-netizens-video-goes-virallemonade-seller-s-hatke-jingle-is-amusing-netizens-video-goes-viral-1936203-2022-04-11
2,trending-news,This adorable video of a panda lazing around will make you crave for the weekend already. Viral,"(11, 4, 2022)","Let’s just say pandas are unarguably the cutest creatures alive. Don’t you think? There isn’t one panda video on the internet that you would want to skip. They are such adorable creatures. Now, a video that has gone viral on social media features a panda lazing around without any care. The video will make you crave for the weekend already. The clip was posted by Buitengebieden and has over 2 million views.

In the now-viral video, the panda can be seen flipping from one place to the other. “Wondering how does this species survive in the wild (sic),” the video caption reads.Watch the video here:Wondering how does this species survive in the wild.. pic.twitter.com/ONgk2qeL56— Buitengebieden (@buitengebieden_) April 10, 2022
The internet absolutely loved the viral video. “The panda videos made my day (sic),” a user wrote.See some of the comments below:The panda videos make my day— Sam MacNamara (@manfy90) April 11, 2022
I just love— Anita Cawley (@anita11091) April 10, 2022
Looks like me getting out of bed in the morning— (@Mikki_RN_) April 11, 2022
and they may use the world as a playground— Christa Wölfel (@Violine_Dreamer) April 10, 2022
You should watch Kung Fu Panda!— Metal Monkey (@MetalMonkeyThe7) April 11, 2022
I watched an excellent doco on Pandas years ago, narrated by David Attenborough, they followed one male panda and all he did was eat and sleep, a female would come on heat and he’d be like “oh yeah, but wait, food, sleep, more food”. It was hilarious— Tank Girl (@TankVaxxed) April 11, 2022
What do you think about this video? Tell us in the comments section below.Live TV--- ENDS ---ALSO READ| Twitter blasts tourists who drove their Audi through Ladakh’s Pangong Lake. Video goes viral","['panda', ' panda video', ' panda viral video']",https://www.indiatoday.in/trending-news/story/this-adorable-video-of-a-panda-lazing-around-will-make-you-crave-for-the-weekend-already-viral-1936198-2022-04-11
3,trending-news,9-yr-old girl’s heartbreaking letter to mother who died during Russia-Ukraine war leaves Internet teary-eyed,"(11, 4, 2022)","The brutal Russian invasion has ravaged several cities of Ukraine and the terrible visuals and photos prove that. Many people were forced to leave their homes, jobs and even their loved ones behind to seek refuge elsewhere. Many children were orphaned and the list of atrocities is too long to describe.

Amid such horrifying tales, a heartbreaking letter written by a 9-year-old girl from Borodyanka in Ukraine has left netizens teary-eyed. Shared on Twitter by Anton Gerashchenko, the Adviser to the Minister of Internal Affairs of Ukraine, the post shows the hand-written letter.“Here's the letter from a 9-year-old girl to her mom who died in #Borodianka. ‘Mom! You're the best mom in the whole world. I'll never forget you. I wish you'll get in Heaven and be happy there. I'll do my best to be a good person and get in Heaven too. See you in Heaven! Galia xx’,” read the caption.Take a look:Here's the letter from 9-old girl to her mom who died in #Borodianka.""Mom!You're the best mom in the whole world. I'll never forget you. I wish you'll get in Heaven and be happy there. I'll do my best to be a good person and get in Heaven too. See you in Heaven!Galia xx"". pic.twitter.com/07l7vfQxM4— Anton Gerashchenko (@Gerashchenko_en) April 8, 2022
The post has received several reactions from netizens. People shared messages of condolence for the little girl. It is bound to make your eyes misty as well.This poor baby. I wish her the very best. God be with her. Very heartbreaking. The results of how many families and lives are destroyed for one man's desire.— Lisa Morris. (@lisamorris218) April 10, 2022
Very painful to read such emotions of nine year kid.— Dharmbir singh (@Dharmbi57335931) April 10, 2022
Heartbreaking, no words, utmost painful,— AKG (@AKG39334214) April 10, 2022
Gut wrenching— Lynda Deutsch Eisenstein (@LyndaEisenstein) April 10, 2022
Stay strong Ukraine.Live TV--- ENDS ---Also Read | Internet hails Ukraine government for adopting cat rescued from a bombed city","['ukraine', ' russia', ' war', ' heartwarmin letter', ' viral post', ' ministry of internal affairs', ' ']",https://www.indiatoday.in/trending-news/story/9-yr-old-girl-s-heartbreaking-letter-to-mother-who-died-during-russia-ukraine-war-leaves-internet-teary-eyed-1936174-2022-04-11
4,trending-news,"Mumbai Police band plays cover of Egyptian song Ya Mustafa in viral video. Excellent, says Internet","(11, 4, 2022)","Mumbai Police band Khaki Studio started the week on a melodious note by sharing the instrumental cover of the Egyptian song Ya Mustafa. Mumbai Police’s official social media handles shared the video of their band performing a rendition of the famous song.

The band’s cover was also posted on Mumbai Police’s YouTube channel. The Khaki Studio members can be seen playing several musical instruments, including clarinet, saxophone, trumpet and flute.“'Ya Mustafa', is a well-known multilingual song from Egypt, composed by famous Egyptian Musician Mohamed Fawzi to feature in an Egyptian movie, and which has then been recorded in many different languages for its unique and catchy tunes. Several different versions, including parodies, have been recorded. The song first became popular in Europe with the help of singer Bob Azzam, who released it in 1960 in France (sic),” the video caption reads.Watch the video here:The internet absolutely loved the viral video. The comments section is replete with words like “excellent”, “awesome” and “melodious”.See some of the comments below: Earlier, Khaki Studio had shared a video of the band members playing the famous song Srivalli from the film Pushpa.Watch the video here:#KhakiStudio Rukhega Nahi!We noticed Mumbaikars swaying to the tunes of ‘Srivalli’ and decided to join in!#MusicalMonday#MumbaiPoliceBand#Pushpahttps://t.co/MhFLOTgl84— Mumbai Police (@MumbaiPolice) March 14, 2022
Did you like the video? Tell us in the comments section below.Live TV--- ENDS ---ALSO READ| Internet hails Ukraine government for adopting cat rescued from a bombed city","['Mumbai police', ' mumbai police band', ' Ya Mustafa', ' egyptian song']",https://www.indiatoday.in/trending-news/story/mumbai-police-band-plays-cover-of-egyptian-song-ya-mustafa-in-viral-video-excellent-says-internet-1936119-2022-04-11
5,trending-news,"Pakistani YouTuber sings Ramzan song in viral Kacha Badam tune, gets trolled","(11, 4, 2022)","The craze regarding the viral Bengali song Kacha Badam has refused to die down. Even now, if you scroll through Instagram reels or Facebook, numerous videos featuring netizens dancing to the peppy track by peanut seller Bhuban Badyakar will pop up. The popularity of the song had reached far and beyond and netizens from Korea and the US also participated in the viral dance challenge.

Now, a Pakistani YouTuber, Yasir Soharwardi, has shared a music video based on the popular tune of Kacha Badam. Titled Roza Rakhunga, the song is about keeping fast during Ramzan.In the song, Yasir can be seen holding a bird and a cat and singing how everyone should keep Roza for Ramzan.Take a look:The video has gone viral with over 110k views and the numbers are steadily increasing. The video was shared on Twitter as well. While some enjoyed the song and wrote about how music can bridge the gap between nations, others had a lot of funny things to share about the track.Many were not at all impressed with the use of animals to promote Roza.Take a look:They took Kacha badams tune to the next level— Omar Khan (@OmarKhan70) April 8, 2022
pic.twitter.com/SlhMjG6rks— Kinza Tariq (@Kinnzayyy) April 8, 2022
pic.twitter.com/iAPlASzZmx— (@Aneesnabii) April 9, 2022
Animals were hurt during the making of this. https://t.co/1vXGueasK9— Tea. (@chadoorgirl) April 9, 2022
The song Kacha Badam was composed by Bhuban Badyakar, a peanut seller from West Bengal. The song went viral with over millions of views and Badyakar became a celebrity with multiple appearances at events.Listen to the song here:What are your thoughts on the Pakistani singer’s track?Live TV--- ENDS ---Also Read | The viral Kacha Badam song is trending again. Here's everything you need to know about it","['pakistani', ' youtuber', ' ramzan', ' kacha badam', ' bhuban badyakar', ' west bengal', ' karachi', ' twitter', ' trolled', '']",https://www.indiatoday.in/trending-news/story/pakistani-youtuber-sings-ramzan-song-in-viral-kacha-badam-tune-gets-trolled-1936130-2022-04-11
6,trending-news,Internet hails Ukraine government for adopting cat rescued from a bombed city,"(11, 4, 2022)","It has been 46 days since Russian President Vladimir Putin declared war on Ukraine. Since then, horrifying stories of people losing their loved ones, pets and homes have surfaced on the internet. However, some heartwarming stories of animal rescues have restored people’s faith in humanity and the story of this cat from Borodyanka in Ukraine is a wonderful example.

The cat was rescued from the rubble of a bombed building in the ill-fated city. And it has indeed proved that felines have the blessing of nine lives. According to a Twitter post by Anton Gerashchenko, the Adviser to the Minister of Internal Affairs of Ukraine, the brave cat has been adopted by the government.“Remember the survivor cat from #Borodianka? I was sent a happy sequel to his story! He now lives in the Ministry of Internal affairs, fed, bathed, and loved. He will participate in all important meetings, of course,” read the caption.Take a look:Remember the survivor cat from #Borodianka? I was sent a happy sequel to his story! He now lives in the Ministry of Internal affairs, fed, bathed, and loved. He will participate in all important meetings, of course.#UkraineUnderAttack #StandWithUkraine pic.twitter.com/yvQYy6QljC— Anton Gerashchenko (@Gerashchenko_en) April 9, 2022
The post has garnered over 32k likes and reactions. While some couldn’t stop thanking the government regarding the adoption, others lauded the cat’s bravery during the shocking situation.He might want to serve & protect, like that book, ""A Cat's Revenge"" by Claude Balls...— Zora's Turn (@ZoTurn) April 9, 2022
Thanks to all the people who do not leave animals in this horror— Katrin (@oberlo11) April 9, 2022
 pic.twitter.com/L5hJGWLORf— Ukrainian Border (@BorderUkrainian) April 9, 2022
 poor baby..so glad he's safe for now..I only wish the whole country could have the same..fed, safe & warm #StandWithUkraine #StandUpForUkraine— NY Graciela Blue (@GracielaBerton4) April 9, 2022
The best Caturday post ever! Thank you, sir.— Lorenzo The Cat (@LorenzoTheCat) April 9, 2022
Did this story warm your heart as well?Live TV--- ENDS ---Also Read | Dog reunites with owner in war-torn city of Bucha in Ukraine. Viral video will leave you teary-eyed","['ukraine', ' cat', ' animal rescue', ' ministry of internal affairs', ' viral story', ' heartwarming', '']",https://www.indiatoday.in/trending-news/story/internet-hails-ukraine-government-for-adopting-cat-rescued-from-a-bombed-city-1936104-2022-04-11
7,trending-news,Twitter blasts tourists who drove their Audi through Ladakh’s Pangong Lake. Video goes viral,"(11, 4, 2022)","When we as tourists visit ecologically sensitive areas in India or across the world, it is our foremost duty to preserve it. Creating a ruckus or putting the habitat at risk under the pretext of enjoying is the last thing expected of us. A video from Ladakh which has surfaced online shows a group of tourists showing irresponsible behavior. A Twitter user named Jigmat Ladakhi shared a video of a few men driving their car through the pristine Pangong Lake in Ladakh. The video has shocked social media users who demanded strict actions against the perpetrators.

In the now-viral video, three men can be seen in an Audi and driving through Pangong Lake. You can also see a foldable table and chair placed right in the lake with bottles of alcohol atop. While it is certain that the video has been captured in Ladakh, the exact date of this incident cannot be determined. Nevertheless, it is indeed a careless tourist behaviour.“I am sharing again another shameful video. Such irresponsible tourists are killing Ladakh . Do you know? Ladakh has more than 350 bird species and lakes like Pangong are the home of many bird species. Such an act may have risked the habitat of many bird species (sic),” the video caption reads.Watch the video here:I am sharing again an another shameful video . Such irresponsible tourists are killing ladakh . Do you know? Ladakh have a more than 350 birds species and lakes like pangong are the home of many bird species. Such act may have risked the habitat of many bird species. pic.twitter.com/ZuSExXovjp— Jigmat Ladakhi (@nontsay) April 9, 2022
The internet criticised this behavior shown by a group of tourists in Ladakh. “Hon. Minister, this shameful behaviour by so-called tourists should not go unpunished. Or else, it will spoil the natural beauty of the destination (sic),” a user wrote.“Environment is no one's property to destroy it's everyone's responsibility to protect (sic),” another user wrote.See some of the comments below:@kishanreddybjp @tourismgoi Hon. Minister, this shameful behaviour by so called tourists should not go unpunished. Or else, it will spoil the natural beauty of the destination.— Narayan Mallapur (@mallapur123) April 10, 2022
Environment is no one's property to destroy it's everyone's responsibility to protect.— Jigmat Ladakhi (@nontsay) April 10, 2022
SHAME.https://t.co/8JtSV9VOyA— (@Unapolo84225325) April 10, 2022
Most of the tourism revenue comes from visitors from HR,Del as they visit HP,UK,Ladakh.Yes we should respect nature,but all plots,land masses,infrastructure have been built after capturing land from wildlife,flora-fauna has been destroyed.All constructions in UK are on river beds— Surender S Shekhawat (@surender_sandy) April 10, 2022
Blaming locals, police, government and all but not the tourists.It's a basic common sense & civility that's lacking in these newly rich quick money his, who got it without earning— ... I'm the devine power... (@nikkyrachit) April 10, 2022
Mr Jigmat having lived for 3 years in the region I'm well aware how fragile the unique ecosystem is & already stressed with excessive militarization. Post 2019 it has become a central dominion & your MP doesn't give a hoot. Please save it if you can— Harsaran Singh | (@Harsarans) April 10, 2022
Pangong Lake is situated at an altitude of 14,100 ft in the Eastern sector of Ladakh, at a distance of 150 km from Leh across Changla pass (17,000ft). This lake is one of the largest and most beautiful natural brackish lakes in the country.Live TV--- ENDS ---ALSO READ| Anand Mahindra's Monday Motivation post includes a powerful message. Don't miss","['Pangong Lake', ' Pangong Lake viral video', ' audi in ladakh', ' audi in pangong lake']",https://www.indiatoday.in/trending-news/story/twitter-blasts-tourists-who-drove-their-audi-into-ladakh-s-pangong-lake-video-goes-viral-1936089-2022-04-11
8,trending-news,SpiceJet air hostess made the most of her time on an empty flight doing this. Don't miss viral video,"(11, 4, 2022)","A video that has gone viral on social media features a SpiceJet air hostess dancing on an empty flight. Of late, you must have witnessed numerous videos of flight attendants dancing on flights. It all started when an IndiGo air hostess had shared a video of herself dancing to Manika Mage Hithe. Of course, many followed suit. Now, SpiceJet air hostess Uma Meenakshi shared a video of herself grooving to Kareena Kapoor and Saif Ali Khan’s song from the film Raabta.

In the now-viral video, the air hostess can be seen lip-syncing to the song Raabta. She breaks into a little dance in the flight while no passenger is on board.Watch the video here:View this post on InstagramA post shared by UMA MEENAKSHI (@yamtha.uma)
Watch the original music video here:Of course, netizens loved the viral video. It is replete with heart and love-struck emojis. See some of the comments here: What do you think about this video? Tell us in the comments section below.Live TV--- ENDS ---ALSO READ| Scuba diver gets teeth cleaned by shrimp in viral video. Internet is shocked","['saidf ali khan', ' kareena kapoor', ' spicejet air hostess', ' viral video']",https://www.indiatoday.in/trending-news/story/spicejet-air-hostess-made-the-most-of-her-time-on-an-empty-flight-doing-this-don-t-miss-viral-video-1936063-2022-04-11
9,trending-news,BTS’s Taehyung gives a special gift to fan during Las Vegas concert. Video goes viral,"(11, 4, 2022)","K-pop boy band BTS just wrapped up their first part of the Permission to Dance (PTD) on-stage concert at the Allegiant Stadium in Las Vegas. With both the dates fully sold out, the members gave the fans a power-packed performance and many memories to cherish.

However, one fan got a special gift from a member that will probably be the best gift of her life. BTS member Taehyung shared his ARMY bomb (the light stick used by fans to cheer for BTS during concerts) with a female fan who didn’t have one.In a video that has now gone viral, Taehyung can be seen throwing the light stick to the fan. The woman almost faints at the unexpected gift as Taehyung returns to ask her not to let the staff know about it.Take a look at the video:taehyung gave an army bomb to the girl behind me bc she didn’t have one during the army bomb wave and then came back to tell her to not tell the staff pic.twitter.com/yl4BjPvrQi— diane (@fanfanmunnie) April 10, 2022
The clip has garnered over 375k views and tons of reactions. Netizens couldn’t believe their eyes and wrote about how lucky the woman was. Many also pointed out how sweet Taehyung was to give his ARMY bomb to the fan. Some were low-key jealous of the lucky fan as well.The Twitter user who shared the video also posted a photo of herself while holding the ARMY bomb gifted to the fans.Also bless that army’s soul for letting me hold the army bomb that tae gave her LOOOOL pic.twitter.com/kKNClRuSCm— diane (@fanfanmunnie) April 10, 2022
Here's how others reacted:@myjksafespace we need to be this luckyGood for me I still don't have an Army bomb I have hopes— ShirinP (@ShIrIN_pat) April 11, 2022
Kim Taehyung's precious heart I love this man so much pic.twitter.com/03ZKcqnQD0— Winter¹¹ KTH1 IS COMING (@Areyoumybesti) April 11, 2022
I'm gonna cry like she get an Army bomb free by ""The Kim Taehyung"" himself like whhhat when my time come to go the concert but happy for her pic.twitter.com/0S86XzhdbL— ebullient_K (@ebullient_k) April 11, 2022
imagine getting a free army bomb from KIM TAEHYUNG like bro what did u do in ur past life HSJAKAKAKA URE LUCKYYY— jayy (@jayixhere) April 11, 2022
staff : we have a missing army bomb so lucky and V's little — MangHobi | TXT Memories TINGI PH GO (@MangHobi6) April 11, 2022
BTS is set to perform again in Las Vegas on April 15 and 16. The concerts held on April 8 and 9 were huge successes as fans were elated to see their favourite boy band’s performance live.Live TV--- ENDS ---Also Read | Las Vegas lights up in purple to welcome BTS before concert. Trending now","['bts', ' taehyung', ' ARMY', ' fans', ' army bomb', ' las vegas', ' on stage concert', ' viral video', '']",https://www.indiatoday.in/trending-news/story/bts-s-taehyung-gives-a-special-gift-to-fan-during-las-vegas-concert-video-goes-viral-1936064-2022-04-11
10,trending-news,Sunil Gavaskar asks British commentator about Kohinoor during IPL match. Twitter reacts,"(11, 4, 2022)","Former India cricketer Sunil Gavaskar is not someone to mince his words. Be it on the field or in the commentator’s box, Gavaskar’s words always manage to impress as well as entertain people. Keeping up with his streak of witty remarks, Gavaskar again hit the ball out of the stadium during an IPL match between Rajasthan Royals and Lucknow Super Giants.

During the match break, while the screen was showing the beautifully lit Marine Drive in Mumbai, Gavaskar had a request from his fellow British commentator Alan Wilkins. While comparing Marine Drive to the Queen’s necklace, Gavaskar told Wilkins, “We are still awaiting the Kohinoor diamond”.As the duo started laughing at the remark, Gavaskar continued to ask Wilkins if he had any special influence so that he could request the British government to give back the priceless diamond.Take a look:#SunnyGavaskar demands the Kohinoor pic.twitter.com/TyE95ZqNFT— Mohit Dinodia (@MohitDinodia) April 10, 2022
The internet was highly amused at the cheeky remark. While some lauded his humour, others wrote about how fun the interaction was.Sunil Gavaskar just asked fellow commentator @alanwilkins22 to return the Kohinoor. “If you have any influence, maybe you can ask the Queen to return it.”Gavaskar Sir ko Bharat Ratna when?— Siddharth's Echelon (@SiddharthKG7) April 10, 2022
Sunil Gavaskar ribbing Alan Wilkins about the British taking away the Kohinoor after Wilkins made a comment about Marine Drive being called the Queen’s Necklace is GOLD! #TATAIPL2022— Aniruddha Guha (@AniGuha) April 10, 2022
Oh LORD!Sunil Gavaskar just did it!!He asked Alan Wilkins to wiggle around his influence all the way up to the royalty in order secure the Kohinoor back for India while commentating live on TV in front of the millions. Casually!An Absolute Gem! #IPL2022 #LSGvsRR— Adam Rego (@mindfulprostate) April 10, 2022
What are your thoughts on this?Live TV--- ENDS ---Also Read | Scuba diver gets teeth cleaned by shrimp in viral video. Internet is shocked","['sunil gavaskar', ' alan wilkins', ' IPL', ' tata', ' commentary', ' viral video', ' twitter', ' kohinoor', ' british government', '']",https://www.indiatoday.in/trending-news/story/sunil-gavaskar-asks-british-commentator-about-kohinoor-during-ipl-match-twitter-reacts-1936025-2022-04-11
11,trending-news,Anand Mahindra's Monday Motivation post includes a powerful message. Don't miss,"(11, 4, 2022)","Industrialist Anand Mahindra is an avid social media user and often shares million-dollar videos with his followers on Twitter. His Twitter feed is a goldmine of quirky and fun videos, fun facts and so much more. The 66-year-old businessman shared a video as a part of his Monday Motivation post. He had a million-dollar message to share with all his followers struggling with one problem or the other. The video was shot in Uttarakhand’s Johar Valley. It was initially posted on Facebook account named Shubyatra in May 2020.

The viral video shows people seated on a truck and making their way to Milam in Johar Valley. The condition of the road isn’t quite favourable. However, the truck continues moving through the narrow roads. Anand Mahindra in his post said that Mondays can be precarious but he asked his followers struggling to hang in there. “Sometimes, a Monday morning can feel as precarious as this but you always make it through the week without falling off the cliff hang in there (sic),” the Mahindra Group Chairman wrote.See video here:Sometimes, a Monday morning can feel as precarious as thisBut you always make it through the week without falling off the cliffHang in there. #MondayMotivation pic.twitter.com/gnwzJ621Wk— anand mahindra (@anandmahindra) April 11, 2022
Watch the original video shared on Facebook here:Netizens shared their views after watching this video. Some called it dangerous, while others called the ride thrilling. See some of the comments below:It is so thirilling dekh kar hi pait me Jo thirll wali gudgudi hoti hain hone lagi— DD (@dabral78) April 11, 2022
— Sanjay Rathod (@SanjayR73265423) April 11, 2022
Well sir, i.looked at it like the magic carpet of Aladin. So, it is a monday motivation indeed— Krishna Kumar (@KKadyar) April 11, 2022
how do you get these kinds of videos sir...? really amazing— Muthu Bharathy (@BharathyMuthu) April 11, 2022
Hope is the key absolutely.— Vivek Rai (@vivrai21) April 11, 2022
What do you think about this video? Tell us in the comments section below.Live TV--- ENDS ---ALSO READ| Scuba diver gets teeth cleaned by shrimp in viral video. Internet is shocked","['anand mahindra', ' anand mahindra video', ' monday motivation']",https://www.indiatoday.in/trending-news/story/anand-mahindra-s-monday-motivation-post-includes-a-powerful-message-don-t-miss-1936014-2022-04-11
12,trending-news,Scuba diver gets teeth cleaned by shrimp in viral video. Internet is shocked,"(11, 4, 2022)","If you need to get your teeth cleaned, in all probability, you will visit a dentist to get your work done. However, in a video that has gone viral on social media, a scuba diver can be seen getting his teeth cleaned by a shrimp underwater. Can you believe it? If not, you need to watch this video posted on Amazing Nature’s Twitter handle. The video has over 1 lakh views.

In the now-viral video, a scuba diver can be seen underwater and suddenly he opens his mouth so that the White-banded Cleaner Shrimp can clean his teeth. The diver patiently waited as the crustacean cleaned his teeth.Watch the viral video here:Need Teeth Clean Contact me pic.twitter.com/7GSJdQjHjx— Amazing Nature (@AmazingNature00) April 8, 2022
While some were left shocked after seeing the viral video, others questioned if the shrimp was actually cleaning the diver’s teeth.See some of the comments below:What IS this? Is it really looking for food in the teeth, or something else?— Last Trade Worrier (@daelite16) April 8, 2022
These animals have a symbiotic relationship with a few sea animals. They feed on what's left on animals' teeth. In the process they clean the animals' teeth!— YAMA (@XDYAMAA) April 9, 2022
pic.twitter.com/ilxYD6juRe— Ramonchis88 (@ramonchis88) April 8, 2022
pic.twitter.com/cBSxpAyiPu— JUSTJEN (@jlf0404) April 8, 2022
pic.twitter.com/Vq0Mg4HvYK— Michard (@MichardSmichard) April 9, 2022
pic.twitter.com/kktQtGlZjp— Melissa Ptree (@thephalange) April 8, 2022
how the heck did he open his mouth under water— Harshda Puri (@HarshdaPuri) April 10, 2022
No thanks, I’ll settle for this super cool thing called toothbrush.— Harry (@__Hrry__) April 8, 2022
What do you think about this video? Tell us in the comments section below.Live TV--- ENDS ---ALSO READ| Bengal girl nails backflip in a saree. Incredible viral video","['scuba diver', ' shrimp cleans teeth', ' White-banded Cleaner Shrimp', ' viral video']",https://www.indiatoday.in/trending-news/story/scuba-diver-gets-teeth-cleaned-by-shrimp-in-viral-video-internet-is-shocked-1935968-2022-04-11
