SN,category,headline,date,content,keywords,link
1,trending-news,Pic of textbook listing 'merits of dowry' goes viral. Internet is furious,"(4, 4, 2022)","A picture of a college book page featuring the “merits of dowry” has gone viral online. The image was posted on Twitter by a user named Aparna and is from the Textbook of Sociology for Nurses. The post was shared on Sunday and has prompted a wave of shocked and angry reactions from netizens.

The textbook is authored by TK Indrani and is for students as per the Indian Nursing Council syllabus. A page of it lists the “merits and advantages of dowry”. The first point states that “dowry is helpful in establishing new households with furniture, appliances such as refrigerators and vehicles.” It also says that an indirect advantage of the system is that parents have started educating their girls so as to give less dowry.Lastly, it mentions that ugly looking girls can be married off with an attractive dowry.“College textbook in India,” reads the caption of the post.See post here:College textbook in India. pic.twitter.com/LOM4grizJq— Aparna (@chhuti_is) April 3, 2022
After being shared online, the post went viral on Twitter, drawing flak and furious reactions from netizens.“This is from a college textbook. Really shocking,” a user wrote.Another user commented, “This is outrageous. Textbook of Sociology for nurses propagating the merits of dowry! This needs to be removed from circulation.”See the comments here:Disgusting https://t.co/5y3iuCADYG— meara (@ishqteraledooba) April 4, 2022
This is from a college textbook. Really Shocking!! https://t.co/BXB59oTXLa— Smarajeet Mohapatra (@SmarajeetM) April 4, 2022
ban. now. https://t.co/IMCjJQmMf6— Ava | I'm in auhstin (@Tarzanification) April 4, 2022
This is outrageous. Textbook of Sociology for nurses propagating merits of dowry! This needs to be removed from circulation @dpradhanbjp @sandeep4justice @ashatrust https://t.co/HsCiwPrh0c— Rutuja Chhajed (@rutu_rr) April 4, 2022
OMG I can't believe is this for real? https://t.co/luTz0Bv23k— Ronak (@ronakkotecha) April 4, 2022
Wowww...Merits of Dowry Is this real?? Haven't come across such horrible thing in recent times. https://t.co/rTKdKWrcgL— Ritwika Dhar #TeamIndia #MilJhul Forever (@RituD307) April 4, 2022
I can’t breathe https://t.co/143LH5dYAH pic.twitter.com/hN4lCuBG4A— Busted Keaton (@BabaODook) April 3, 2022
Shameful. Obnoxious. Ridiculous. https://t.co/eu1CEdp5lO— Sunanda De (@sunandade23) April 4, 2022
In fact, Shiv Sena leader and Rajya Sabha MP Priyanka Chaturvedi requested Minister of Education Dharmendra Pradhan to remove such books from circulation. “I request Shri @dpradhanbjp ji to remove such books from circulation. That a textbook elaborating the merits of dowry can actually exist in our curriculum is a shame for the nation and its constitution,” she wrote.Take a look:I request Shri @dpradhanbjp ji to remove such books from circulation. That a textbook elaborating the merits of dowry can actually exist in our curriculum is a shame for the nation and its constitution. https://t.co/qQVE1FaOEw— Priyanka Chaturvedi (@priyankac19) April 3, 2022
What are your thoughts? Tell us in the comments section below.Live TVALSO READ | CRED's latest viral ad has an Antakshari twist to it. Internet is nostalgic",NA,https://www.indiatoday.in/trending-news/story/pic-of-textbook-listing-merits-of-dowry-goes-viral-internet-is-furious-1933451-2022-04-04
2,trending-news,Olivia Rodrigo drops and breaks one of her Grammy Awards. Her reaction is now a viral video,"(4, 4, 2022)","The 64th Annual Grammy awards was a star-studded affair and was a treat for all music lovers out there. It was also a big night for American singer Olivia Rodrigo as she took home three Grammys for The Best New Artist, Best Pop Vocal Album for Sour and Best Pop Solo Performance for Drivers License. However, her night was not so perfect backstage. Read on to find out further.

The 19-year-old singer was basking in glory when she went backstage to click pictures and talk to the reporters. However, one of her three trophies fell to the ground and broke in half. Yes, you read that right. The singer looked absolutely stunned after dropping her award but it looked like it was fixed afterwards as she posed for the shutterbugs again.The video of the whole incident was posted by Variety on Twitter and has gone viral online with over 43k views.Watch the viral video here:#Grammy winner Olivia Rodrigo poses for photos with her trophies backstage (and drops one of them). https://t.co/rjX2S54hkr pic.twitter.com/UwON0TZa2w— Variety (@Variety) April 4, 2022
The Grammys were held in Las Vegas on Sunday, April 3.Live TVALSO READ | BTS member V gets a kiss on the cheek from Lady Gaga at Grammys 2022. Fans react as pics go viral",NA,https://www.indiatoday.in/trending-news/story/olivia-rodrigo-drops-and-breaks-one-of-her-grammy-awards-her-reaction-is-now-a-viral-video-1933429-2022-04-04
3,trending-news,"Maharashtra traffic cop offers water to thirsty monkey in viral video. This is humanity, says Internet","(4, 4, 2022)","The internet is a haven for content that can put a smile on your face and warm your heart. Don’t believe us? We have proof. So, in a heartwarming video that has gone viral online, a traffic police officer can be seen offering water to a thirsty monkey. The incident happened in Malshej Ghat, Maharashtra and the clip was posted on Twitter by IFS officer Susanta Nanda.

In the now-viral video, a traffic police officer named Sanjay Ghude can be seen offering water to a thirsty monkey. He gently held the bottle while the parched animal drank from it. Passersby stood and watched while another person recorded the wholesome moment.“Be kind wherever possible. This video of constable Sanjay Ghude is circulating on social media for all the good reasons,” reads the caption of the post.Watch the viral video here:Be kind wherever possibleThis video of constable Sanjay Ghude is circulating in SM for all the good reasons pic.twitter.com/oEWFC2c5Kx— Susanta Nanda IFS (@susantananda3) April 3, 2022
After being shared online, the video garnered over 43k views. Netizens hailed the kindness of Sanjay Ghude and flooded the comments section with their opinions.“Tears in my eyes after seeing this video,” a user wrote.Another user commented, “Well done sir. This is humanity.”See the comments here:This is the real side of Mr Sanjay Ghude. Whatever Good words v gv, the less it is. Wish the Forest Dept. to take note of this kind action.Wish Mr Sanjay Ghude a lot of success in his life.— Anthony Fernandes (@Toe_n_nee) April 4, 2022
I really love people helping animals wherever they are. They r my true friends even though they don't know me..— Rajithajay (@rajithajay) April 3, 2022
Appreciate the action by the officer.— Sravan Kumar (@Sravan_66) April 3, 2022
Well-done Sir. This is Humanity.— Md Shahid Raza (@MdShahi50056870) April 4, 2022
Love and kindness is such a wonderful feelings who knows only they can feel. My Salute to all.— Guruji Gopal Bhai Patnaik (@GurujiGopalBhai) April 4, 2022
hat's off you sir . pic.twitter.com/UIbTTCAd0N— *HARSHITH* (@HARSHIT90286658) April 4, 2022
So wholesome!Live TVALSO READ | This cover of Chaand Baaliyan by a Dutch singer is such a delightful treat. Viral video",NA,https://www.indiatoday.in/trending-news/story/maharashtra-traffic-cop-offers-water-to-thirsty-monkey-in-viral-video-this-is-humanity-says-internet-1933374-2022-04-04
4,trending-news,This cover of Chaand Baaliyan by a Dutch singer is such a delightful treat. Viral video,"(4, 4, 2022)","Chaand Baliyaan by Aditya A has been furiously trending online and the song is a superhit, especially on Instagram. The melodious tunes of the number can be heard behind every second reel on the app and netizens obviously can’t get enough of it. Now, a video of a Dutch singer singing the popular song has gone viral online and the internet cannot stop watching it on loop.

The now-viral video was posted on Instagram by Dutch singer Emma Heesters. The artist covered the trending song in the short video and sang with gusto. Her pronunciation was absolutely on-point and her soothing voice with the peppy music is just too good to miss out on.“Chaand Baaliyan. Most requested song of last week! What song should I sing next week?” reads the caption of the post.Watch the viral video here:View this post on InstagramA post shared by Emma Heesters (@emmaheesters)
After being shared online, the video amassed close to 9 lakh views. Netizens were simply delighted and couldn’t get enough of Emma’s performance. The comments section was replete with heart and fire emojis.Take a look:  Chaand Baaliyan is a song by Aditya A and released in 2020.Listen to the song here:What are your thoughts on Emma’s performance?Live TVALSO READ | CRED's latest viral ad has an Antakshari twist to it. Internet is nostalgic",NA,https://www.indiatoday.in/trending-news/story/this-cover-of-chaand-baaliyan-by-a-dutch-singer-is-such-a-delightful-treat-viral-video-1933361-2022-04-04
5,trending-news,CRED's latest viral ad has an Antakshari twist to it. Internet is nostalgic,"(4, 4, 2022)","Indian fintech company CRED is known for its creative advertisements and they go absolutely viral in no time. Well, we have proof too. So, if you are a 90s kid, you definitely might know about the hit show Antakshari. It was hosted by Annu Kapoor and Renuka Shahane and it was downright entertaining.

Now, CRED has created an advertisement with an Antakshari twist to it. And yes, it has obviously gone viral online.In the now-viral video, contestants can be seen playing Antakshari. The show is hosted by Annu Kapoor and Renuka Shahane just like old times. However, instead of popular Bollywood songs, the competitors sang about CRED Bounty.“The only way to play Antakshari,” reads the caption of the post by CRED on Twitter.Watch the viral video here:The only way to play Antakshari. pic.twitter.com/QHnHb0LMaf— CRED (@CRED_club) April 3, 2022
After being shared online, the video garnered close to 3 lakh views. Netizens couldn’t get enough of it and were hit by a serious dose of nostalgia.“The spunk in their approach is inspiring,” a user wrote.Another user commented, “Surviving purely on nostalgia.”See the comments here:You can't beat them at advertising.Too Quirky. @cred @kunalb11Hilarious https://t.co/bmpkNHFqAS— JJ (@jayeshjain24) April 4, 2022
True nostalgia @renukash @annukapoor_ https://t.co/NWAfdTSSAT— Rupesh Jha (@rupeshjha07) April 4, 2022
Can't. Get. This. Out. Of. My. Head https://t.co/MuMvsFdNpC— Alter ego and 2 others (@buttermilkoreo) April 4, 2022
More than the nostalgia I am laughing so hard at Annu Kapoor going sooooo extra. It's beautiful. https://t.co/rzTvlTE8cK— Sahil Shah (@SahilBulla) April 4, 2022
If there's any brand that's really hit the Bulls eye with nostalgia of the 1980-1990s and product marketing with no correlation whatsoever, it is CRED. https://t.co/u8EqyulW7g— Shaina (@shaina_sh1) April 4, 2022
The spunk in their approach is inspiring. https://t.co/uzhKJsdad9— Hari / Pickyourtrail (@HariPyt) April 3, 2022
What happens when you give a 90's kid insane creative potential to re-create and communicate some extraordinary points home . @kunalb11 https://t.co/C7VEnVJfXY— Sai Sharan (@sai193423) April 3, 2022
Oh god! Can it get more creative? https://t.co/ARYDoXWeGq— Chirag Dogra (@MrLimitless8) April 4, 2022
Surviving purely on nostalgia https://t.co/J7KjFfFpkh— (@AnantikaMehra) April 3, 2022
I want someone to be obsessed with me the way CRED is obsessed with 90’s, is that too much to ask for? https://t.co/xStNxFdCPL— N (@issaaa___02) April 3, 2022
What do you think of the advertisement?Live TVALSO READ | BTS’s Kim Taehyung and Olivia Rodrigo had a 'flirty' moment during Grammys 2022. Army can barely keep calm",NA,https://www.indiatoday.in/trending-news/story/cred-s-latest-viral-ad-has-an-antakshari-twist-to-it-internet-is-nostalgic-1933325-2022-04-04
6,trending-news,10-yr-old girl from Manipur attends class while babysitting sister. Viral pic leaves Internet emotional,"(4, 4, 2022)","If compassion and empathy for a fellow human are instilled from a very young age, it shows in every situation that the child faces. And well, we have proof. A picture of a little girl attending school while babysitting her sister has gone viral online. The image was posted on Twitter by Manipur’s Minister for Power and Forest Biswajit Thongam and has prompted a wave of reactions from netizens.

In the now-viral picture, a 10-year-old girl named Meiningsinliu Pamei from Tamenglong, Manipur was attending school while babysitting her sister. Actually, her parents were out farming and Meiningsinliu attended her class while her baby sister slept in her arms. Biswajit Thongam was moved by the dedication shown by the little girl and shared the picture from his official Twitter handle.“Her dedication to education is what left me amazed! This 10-year-old girl named Meiningsinliu Pamei from Tamenglong, Manipur attends school babysitting her sister, as her parents were out for farming & studies while keeping her younger sister in her lap,” reads the caption of the post.See post here:Her dedication for education is what left me amazed!This 10-year-old girl named Meiningsinliu Pamei from Tamenglong, Manipur attends school babysitting her sister, as her parents were out for farming & studies while keeping her younger sister in her lap. pic.twitter.com/OUIwQ6fUQR— Th.Biswajit Singh (@BiswajitThongam) April 2, 2022
Netizens were incredibly emotional after looking at the picture and flooded the comments section with their opinions.“Kudos !! Bow to this young fighter who knows what education will bring to her,” a user wrote.Another user commented, “Picture worth a thousand words.”See the comments here:Such dedicated children leave us speechless but proud of this nation who keeps giving us such strong children who are the reason of this nations might.— (@shivanginipatha) April 3, 2022
Salute to the child. You did your job as the voted representative. Bhagwan child. her heart will bless you— Dharmic Warrior (@idhuthan) April 2, 2022
Kudos !! Bow to this young fighter who know what education will bring to her.— #BeTheChange (@dontstageit) April 3, 2022
It is absolutely heartening and her dedication at this tender age is commendable..— Cdr Gauri Mishra (@CdrGauri) April 3, 2022
Salute. And a huge thank you to teachers and school to allow this methodology. It's diversity includiveness— bharat m. mody (@bratmody11) April 3, 2022
Picture worth a thousand wordsThis should be awarded the best photograph of the year. May Goddess Saraswati shower blessings on this little girl!!— monoTone (@Simran94979810) April 2, 2022
Biswajit Thongam also informed that he was able to get in touch with the family and asked them to bring Meiningsinliu to Imphal. He also added that he would take care of the little girl’s education until her graduation.“As soon as I noticed this news on social media, we traced her family & asked them to bring her Imphal. Spoke to her family that I will personally take care of her education till she graduates. Proud of her dedication,” he wrote.See here:As soon I noticed this news on social media, we trace her family & asked them to bring her Imphal.Spoke to her family that I will personally take care of her education till she graduates.Proud of her dedication!— Th.Biswajit Singh (@BiswajitThongam) April 2, 2022
What are your thoughts?Live TVALSO READ | Little girl consoles her emotional classmate in heartwarming viral video from Arunachal Pradesh",NA,https://www.indiatoday.in/trending-news/story/10-yr-old-girl-from-manipur-attends-class-while-babysitting-sister-viral-pic-leaves-internet-emotional-1933310-2022-04-04
7,trending-news,BTS member V gets a kiss on the cheek from Lady Gaga at Grammys 2022. Fans react as pics go viral,"(4, 4, 2022)","South Korean band BTS’s fans, fondly called the ARMY, were left swooning after the Bangtan boys pulled off a smashing performance at the Grammys 2022. The band occupied the top spot in the trends list after their performance of their hit song Butter. It is safe to say that they absolutely stole the show at the awards. While their entertaining act was the talk of the town, it was Kim Taehyung aka V’s social skills that also grabbed eyeballs.

While fans were still reeling from V’s pictures of ‘flirting’ with Olivia Rodrigo during their performance, his adorable posing session with Lady Gaga also went crazy viral online.V posed for the shutterbugs with the Poker Face singer at the 64th Annual Grammy Awards. While Lady Gaga looked absolutely sensational in an aqua-blue feather gown, V looked dapper in an all-black suit.See here: Lady Gaga posed with BTS member V at the Grammys 2022. Lady Gaga looked sensational in an aqua-blue gown with V looking dapper in an all-black suit.The gorgeous duo got papped together on the red carpet and V even got a sweet kiss from Lady Gaga on his cheek.Take a look: Lady Gaga also gave a sweet kiss on V's cheek.Fans couldn't keep calm and flooded Twitter with their opinions as the pictures went viral.See comments here: Collab collab collab @ladygaga @bts_bighit @BTS_twt— A (@nocturnelarity) April 4, 2022
who is jealous no one pic.twitter.com/7wCrCWAVuY— () (@33_ugh_) April 4, 2022
I LOVE THIS !!!pic.twitter.com/VHp6icLuDr— AURILANDChristmasTree (@BTS_auriland) April 4, 2022
Absolutely adooore Lady Gaga and she killed it tonight per usual. A collab with BTS would be a dream!!— Extennial (@extennial) April 4, 2022
Lady G and Tae really out here looking like they're taking prom photos. I love it.— Words & Whimsy (@WordsWhimsy) April 4, 2022
This is just the sweetest thing. I'm just so completely endeared but then both.— Rachel (@dyreerawrs) April 4, 2022
BTS consists of 7 members - RM, Jin, J-Hope, Suga, Jimin, V and Jungkook. The K-Pop band was nominated for the Best pop duo/group at the Grammys for the second year in a row. The award went to Doja Cat and SZA for their track Kiss Me More.Live TVALSO READ | Snoop Dogg confirms collaboration with K-Pop band BTS for upcoming song",NA,https://www.indiatoday.in/trending-news/story/bts-member-v-gets-a-kiss-on-the-cheek-from-lady-gaga-at-grammys-2022-fans-react-as-pics-go-viral-1933270-2022-04-04
8,trending-news,BTS’s Kim Taehyung and Olivia Rodrigo had a 'flirty' moment during Grammys 2022. Army can barely keep calm,"(4, 4, 2022)","Singer Olivia Rodrigo who won big at Grammys 2022, had a 'flirty' moment with BTS’ Kim Taehyung. You can’t believe it? Well, that did happen. Before taking the stage with his band members to perform their chartbuster song Butter, V had a moment with Olivia sitting in the audience. He was seen chatting with the 19-year-old singer with his hand resting on her chair before he leaned in to whisper something into her ear. The video of their interaction is viral. BTS army is really keen on knowing what did V whisper into Olivia’s ears. Some fans also pleaded with them to collaborate on a music video.

In the now-viral video, you can see Olivia's jaws drop after V whispered something in her ears, following which he presented her with a card that he tossed into the air. Though the moment appeared to be a part of the performance, it is still unclear if Olivia was aware that she was going to be included in the skit.Watch the video here:Kim Taehyung and Olivia Rodrigo’s skit during BTS Butter performance at Grammys #GRAMMYs pic.twitter.com/uNEnLT3TQ4— TTP (@thetaeprint) April 4, 2022
The performance started with BTS's youngest member, Jungkook, arriving on the stage perched on top of a crane. Watch a part of BTS' performance here:bts are INSANE for this pic.twitter.com/ufzdonRzhF— (@yoongistune) April 4, 2022
The moment, of course, created a frenzy among netizens. They absolutely loved this little interaction between Olivia and Kim Taehyung.See some of the reactions here:.@BTS_twt V with Olivia Rodrigo at the 2022 #GRAMMYs pic.twitter.com/rVnKti2e0A— BTS Charts & Translations (@charts_k) April 4, 2022
can’t believe i’m saying this, but i actually wanted to be olivia rodrigo for 17 seconds— bts (@kkukstudio) April 4, 2022
Kim Taehyung with Olivia RodrigoBTS BTS BTS#GRAMMYs #BTSARMY #YouAreNot7WithUs pic.twitter.com/1fIUL8qiEL— BTS Only (@BTSlockdownonly) April 4, 2022
HOW TO BE OLIVIA RODRIGO??? #BTS #BTSinGRAMMYs pic.twitter.com/DvBbLUzNBP— K. (@713kook) April 4, 2022
BTS’ V and Olivia Rodrigo during the ‘Butter’ #GRAMMYs performance. pic.twitter.com/Ps3PznyuGp— Pop Base (@PopBase) April 4, 2022
when someone asked bts who they wanted to collab with v said “olivia [rodrigo]” and now this- #GRAMMYs pic.twitter.com/57jnM9ZBE3— agapé kanthony’s pr team (@agapethamar) April 4, 2022
Olivia Rodrigo was one of the biggest winners of the night as she took home three awards, including Best New Artist and Best Pop Vocal Album. BTS was nominated in the Best Pop Duo/Group Performance category for Butter but lost out to Doja Cat and SZA's Kiss Me More.ALSO READ| India's Ricky Kej greets audience with a namaste after winning second Grammy AwardLive TV",NA,https://www.indiatoday.in/trending-news/story/bts-s-kim-taehyung-and-olivia-rodrigo-had-a-flirty-moment-during-grammys-2022-army-can-barely-keep-calm-1933264-2022-04-04
9,trending-news,"After CSK’s three successive defeats in IPL 2022, Suresh Raina memes trend online. Best ones","(4, 4, 2022)","Chennai Super Kings suffered their third successive defeat in IPL 2022 after a batting collapse in their match against Punjab Kings at Brabourne Stadium on Sunday, April 3. Punjab Kings bowled CSK out for 124 to seal a 54-run win in the 11th match of IPL 2022 in Mumbai. This was also the first time since 2018 that Chennai Super Kings were bowled out before even completing their 20 overs in an innings.

Well, after three successive defeats, Twitter users criticised the team's performance. CSK fans were disappointed and they shared tweets demanding Suresh Raina’s return to the team. What followed next were some hilarious memes on Twitter. Raina even booked a spot on Twitter's trend list.Raina during commentary #CSKvsPBKS #IPL pic.twitter.com/DPUrYvW1OX— Abhishek Kumar (@iamabhishekk005) April 3, 2022
#CSKvsPBKS2020 without #Raina CskPerformance very worst.2021 with #Raina #CSK won theTrophy2022without #Raina Same resultBecause @ImRaina was lucky charmFor @ChennaiIPL #IPL2022 pic.twitter.com/tRudJbEBbE— V I J A Y V E N K A T (@vijayvenkat333) April 3, 2022
#CSKvsPBKSLiam Livingston pic.twitter.com/uWHJKvgCwL— ... (@_Mementos) April 3, 2022
This one meme starring Rajpal Yadav from Hulchul:#IPL #IPL2022 #CSKvsPBKS #CSKvPBKS #PBKSvsCSK #PBKSvCSK #RCB #PBKS #PunjabKings#CSK loses 3rd match in a row. pic.twitter.com/L7PhhAbaFl— AnuragKetchup (@anuragkechup) April 3, 2022
Here's one from Andaz Apna Apna:Position of Csk , Mi & Srh from bottom of the points table... #CSKvsPBKS #IPL2022 pic.twitter.com/xUBArLhcEF— Shiva Tripathi (@shivatripathii) April 3, 2022
Can You Imagine a Body without it's soul...?A Heart Without Heartbeat...?It's CSK without Suresh Raina....#CSK #Dhoni #ChennaiSuperKings #CSKvsPBKS #CSK #Raina #SureshRaina #WhistlePodu #IPL#IPL2022 #WhistlePodu #chinathala pic.twitter.com/zWpbuzfo7z— chaitali (@Chaitali67) April 4, 2022
Meanwhile, CSK supporters were like:Hug to all CSK fans. #CSKvsPBKS pic.twitter.com/HRhUyVu4ym— Prayag (@theprayagtiwari) April 3, 2022
Defending Champions CSK have now lost the first three games in IPL 2022. They went down to Kolkata Knight Riders in the season opener on Saturday, failed to defend 210 against Lucknow Super Giants on Thursday and now they suffered a batting collapse to lose against Punjab Kings. This is the first time CSK have lost their first three matches in an IPL season.ALSO READ|CSK vs PBKS: Chennai's nightmare continues, slump to 3rd successive defeat as Livingstone stars for PunjabLive TV",NA,https://www.indiatoday.in/trending-news/story/after-csk-s-three-successive-defeats-in-ipl-2022-suresh-raina-memes-started-trending-online-1933209-2022-04-04
10,trending-news,Video of toddler dancing to Sara Ali Khan’s Chaka Chak will kill your Monday blues. 1 million views already!,"(4, 4, 2022)","While Sara Ali Khan and Dhanush’s Atrangi Re (which released last year) managed to draw mixed reviews from fans and followers, the songs from the film garnered a roaring response, especially Chaka Chak. The song picturised majorly on Sara became a major hit with fans and followers upon release. Such is the craze around the song that people still can’t stop listening and grooving to it. Case in point is this video of a toddler dancing to Chaka Chak. Her adorable expression is definitely the highlight of the video, which has garnered over 1 million views so far.

The video was posted on Instagram handle named Avyanna Keneisha. The cutie patootie can be seen standing in front of an LCD screen and copying each step ditto. She gets the expression and each step right. That’s quite something for a kid of that age. We are absolutely in love with her expressions and dance and moves and we bet you are going to love it too.“Don't miss seeing her expression till the last part (sic),” the video caption reads.Watch the video here:View this post on InstagramA post shared by Avyanna keneisha (@avyannakeneisha)
Of course, netizens absolutely love this viral video. The comments section is replete with words like “cute”, “sweet” and “amazing”. See some of the comments below: Watch the music video here:What do you think about this video? Tell us in the comments section below.Live TVALSO READ| Woman dances to Sara Ali Khan’s song Chaka Chak in viral video with 1 million views. Watch",NA,https://www.indiatoday.in/trending-news/story/video-of-toddler-dancing-to-sara-ali-khan-s-chaka-chak-will-kill-your-monday-blues-1-million-views-already-1933179-2022-04-04
11,trending-news,"Wordle 289 word of the day, April 4. We’ll help you with clues and hints as well, by the way","(4, 4, 2022)","Did you check and solve today’s Wordle? It is indeed easy-peesy lemon squeezy! But if you’ve used up all your tries while solving the puzzle, let us help you with some hints. For starters, today’s Wordle word of the day is something that comes very handy on a cold day.

HOW TO PLAY WORDLE?Wordle is a viral word game and requires the player to guess a five-letter word in six tries. The game is available on the website (https://www.nytimes.com/games/wordle/index.html) and you can play it from your mobile as well as on the desktop. There is a grid and a keyboard on the Wordle website and you can choose your letters from it.The rules are simple. If the player gets the letter that was a part of the word, then the tile turns yellow. If the player, however, guesses a letter that is in the word and the position is correct as well, the tile turns green. If the player guesses anything else, the tile turns grey.STRATEGIES TO PLAY WORDLE BETTERTip #1: While playing Wordle, try to use letters that are common. The most common letters in the English language are e, t, a, i, o, n, s, h, and r. Try using these in the first few attempts.Tip #2: Don't waste your attempts on words that have a letter you've already eliminated, or letters in a position that they cannot be in.Tip #3: During your initial attempts, if a letter is marked yellow, it cannot be in the same position in any of the following guesses. It will also not be in any position that has already turned green. This means that you do not have to try all four remaining slots for a yellow letter.Tip #4: Think of words with common letters and give them a shot.WORDLE AND ITS INDIA CONNECTWordle was invented by Josh Wardle, a software engineer from Brooklyn, for his Indian partner, Palak Shah, who loves word games. So sweet, no? The name of the game is in line with the creator’s surname Wardle. Palak and Josh played the game for several months before its release in October 2021, The New York Times reports. Wordle has been sold to the New York Times.WORDLE 289 HINTSToday’s Wordle starts with the letter SThe word means a kind of clothing that can be used during winter.The word ends with the letter LSPOILER AHEAD!Today’s Wordle word of the day is SHAWL.Live TVAlso Read | Wordle 288 word of the day, April 3. We’ll help you with clues and hints as well, by the way",NA,https://www.indiatoday.in/trending-news/story/wordle-289-word-of-the-day-april-4-we-ll-help-you-with-clues-and-hints-as-well-by-the-way-1933152-2022-04-04
12,trending-news,Neither Oscars nor Grammys paid tribute to Lata Mangeshkar and Bappi Lahiri. Twitter is upset,"(4, 4, 2022)","It was really upsetting for fans from India after both Grammys and Oscars missed mentioning the names of legendary singers Lata Mangeshkar and Bappi Lahiri in their In Memoriam section.

The 2022 Grammys’ In Memoriam segment paid tribute to late Broadway composer Stephen Sondheim. Taylor Hawkins and Tom Parker were also remembered. However, there was no mention of Lata Mangeshkar or Bappi Lahiri who passed away this year. This left fans pretty miffed at they took to Twitter to address their grievances.“How did you miss the iconic and legendary singer #LataMangeshkar, @mangeshkarlata, in the In Memoriam segment this evening?” a user tweeted.How did you miss the iconic and legendary singer #LataMangeshkar, @mangeshkarlata, in the memoriam segment this evening?— nita kastuar (@nitasays) April 4, 2022
“#GRAMMYs #LataMangeshkar Grammys just remembered #all musicians who died last year. Missing #LataMangeshkar they missed big (sic),” another tweet read.#GRAMMYs #LataMangeshkar Grammys just remembered #all musicians who died last year. Missing #LataMangeshkar they missed big— Split into two (@delchicago1) April 4, 2022
See more tweets below:#GRAMMYs didn't pay tribute to the greatest singer of Indian history: #LataMangeshkar or #bappilahiri— Philosopher (@SpiritualityMe) April 4, 2022
Wow @RecordingAcad What a way to Go Forgetting #LataMangeshkar ,the Legend— Simran Wahla (@WahlaSimran) April 4, 2022
Wow Grammys didn't even to bother mentioning #LataMangeshkar . Do you even know her level and contribution to song and music?#GRAMMYs— bigmonu (@bigmonu) April 4, 2022
#GRAMMYs skipping #LataMangeshkar tribute. Skipping #GRAMMYs for life.— Ankita Shah (@ankita294) April 4, 2022
Seriously?? @RecordingAcad couldn’t even honor the living legend #LataMangeshkar at the #GRAMMYs on @CBS what a shame !!— Vik Da Mon (@vikdmon) April 4, 2022
Telling me one of the world’s BIGGEST music icon #LataMangeshkar died this year and couldn’t get mention in the Grammy “in memoriam”? Truly a rubbish show indeed.— Jassodra from Trinidad (@JLorna1813) April 4, 2022
Earlier, the Academy had featured Irrfan Khan, Bhanu Athaiya, Sushant Singh Rajput and Rishi Kapoor in its In Memoriam section. Therefore, fans were baffled when the legendary singers’ names were not mentioned in the In Memorium section in both Oscars and Grammys.Lata Mangeshkar breathed her last on February 6 this year, while Bappi Lahiri passed away on February 15.The 64th Grammy Awards was held on April 4 at 5:30 am (IST). This year, the ceremony took place at Las Vegas’ MGM Grand Garden Area. Trevor Noah hosted the show for the second year in a row.Live TVALSO READ| Grammy Awards 2022 Live Updates: Jon Batiste wins Album of the Year for We Are",NA,https://www.indiatoday.in/trending-news/story/neither-oscars-nor-grammys-paid-tribute-to-lata-mangeshkar-and-bappi-lahiri-twitter-is-upset-1933142-2022-04-04
