SN,category,headline,date,content,keywords,link
1,trending-news,Pic of 'are you a terrorist' question for flyers at US airport goes viral. Internet reacts,"(6, 4, 2022)","A post by a freelance journalist on Twitter about an “advanced level of security” at the US airport has gone viral and triggered a wave of responses from users. The post features an image of a self-check-in counter where the built-in system asks a person if they are a terrorist or not. It also offers “yes” and “no” options. However, the authenticity of the image cannot be confirmed by India Today.

Asaad Sam Hanna took to Twitter to share a screenshot of the security system at the US airport’s kiosk. The picture featured “Are you a terrorist?” in bold. Below it were the options “yes” or “no” that the person answering had to choose.“Advanced level of security at the US airport,” reads the caption of the post.See post here:Advanced level of security at the US airport. pic.twitter.com/j1AapagjbM— Asaad Sam Hanna (@AsaadHannaa) April 5, 2022
After being shared, the post went viral with close to 2k likes. It also prompted a plethora of reactions from netizens. While some people saw the hilarious side of it, others were downright confused.“Definitely don’t wanna have fat fingers and hit the wrong button,” a user wrote.Another user commented, “This has to be a joke.”See the comments here:loved when this was tweeted yesterday https://t.co/K9o61GO4Xn— legal observer (@legalobserver1) April 5, 2022
I really don't understand how, since 9/11, our airport check-in has become more computerized, w much less human to human interactions. Given past observations by agents who have noticed suspicious behavior, seems like a bad thing for security.— Kerry Troup (@kerryktroup) April 5, 2022
Wait is this really real???— cC (@CoralDiBell) April 5, 2022
there should a third option: ""Yes"" ""No"" ""It's complicated""— Andrés Spokoiny (@Spokoiny) April 5, 2022
Anyone know what happens if you press yes?— Chris Rennie (@Legsakimbo3) April 5, 2022
3rd option.I might be I don't know yet— PRJOEKTZII (@projektzii1) April 5, 2022
What a smart way— - (@hajrimt01) April 5, 2022
What are your thoughts regarding this?Live TV--- ENDS ---ALSO READ | Anand Mahindra's viral post featuring a stunning view of Mount Everest is all about looking at the bigger picture","['airport', ' us', ' are you a terrorist', ' question', ' post', ' viral', ' internet', ' reacts', ' twitter']",https://www.indiatoday.in/trending-news/story/pic-of-are-you-a-terrorist-question-for-flyers-at-us-airport-goes-viral-internet-reacts-1934287-2022-04-06
2,trending-news,Elephant charges towards bus in Kerala's Munnar. Viral video shows what happened next,"(6, 4, 2022)","Elephants are gentle animals and usually mean no harm. However, a video of an elephant charging towards a government bus has surfaced online. The clip was posted on Twitter by IAS officer Supriya Sahu and the driver’s cool behaviour during the whole situation is being applauded online.

The incident happened near the Munnar Deputy Superintendent of Police office on Tuesday, according to local media reports. In the short video, a driver of the government bus stopped after he saw an elephant walking on the road. However, seconds later, the elephant charged towards the bus while the passengers inside started shouting and panicking. The animal even cracked the windshield but the driver didn’t lose his cool. He calmly handled the whole situation and drove away after the animal retreated.“Don't know who the driver of this government bus is but he is certainly Mr Cool. The way he handled the supervision check by Mr Elephant, it was like business as usual between them,” reads the caption of the post.Watch the video here:Don't know who is the driver of this Government Bus but he is certainly Mr Cool The way he handled the supervision check by Mr Elephant it was like bussiness as usual between them. video shared by K.Vijay #elephants #noconflict pic.twitter.com/WHxQStNv7K— Supriya Sahu IAS (@supriyasahuias) April 6, 2022
The video got over 15k views after being shared online. Netizens hailed the presence of mind and courage shown by the driver.“Wonderful display of courage and presence of mind by the driver,” a user wrote.Another user commented, “Yes. He is really cool. It even broke the wind-screen, yet he maintained his cool.”See the comments here:Wonderful post Supriya. Great to see lovely Man-Animal interactions. He looked real curious.— Krsna (@narayan_krs) April 6, 2022
Driver has guts really! I wouldn’t have done this scary!! But beautiful to watch !— Prem (@Premtwt) April 6, 2022
Wonderful display of courage and presence of mind by the driver— srinivasan (@ainipala) April 6, 2022
@transport_state your driver is super cool here , nice handling of the situation. Good work!— Suresh Kumar A (@NikeSuresh25) April 6, 2022
Yes. He is really Cool. It even broke the wind screen yet he maintained his cool— SivaKumar_IND (@IndSivakumar) April 6, 2022
Hope the bus receives blessings from the elephant— Jofert Sam (@joferts) April 6, 2022
As per local media reports, the elephant is fondly called Padayappa.What are your thoughts on the driver's reaction?Live TV--- ENDS ---ALSO READ | Grandpa sings What a Wonderful World for grandson with down syndrome on his birthday. Heartwarming viral video","['ELEPHANT', ' VIRAL', ' VIDEO', ' CHARGES', ' AT BUS', ' MUNNAR', ' GOVERNMENT', ' COOL REACTION', ' DRIVER', ' SUPRIYA SAHU', ' IAS OFFICER']",https://www.indiatoday.in/trending-news/story/elephant-charges-towards-bus-in-kerala-s-munnar-viral-video-shows-what-happened-next-1934322-2022-04-06
3,trending-news,Grandpa sings What a Wonderful World for grandson with down syndrome on his birthday. Heartwarming viral video,"(6, 4, 2022)","If you are suffering from any sort of mid-week blues, we have just the perfect video that will totally brighten up your day. In a clip that has gone viral, a grandfather sang What a Wonderful World for his grandson who has down syndrome. The man gave the beautiful performance on the little boy’s birthday and we are sure the clip will tug at your heartstrings, just like ours.

The viral video was posted by the Good News Correspondent on Twitter. In the 1-minute video, the grandfather can be seen singing the beautiful song while his grandson Joseph sat on his lap. The way he performed the song will melt your heart and move you.“Grandfather sings What a Wonderful World to his grandson, Joseph, who has down syndrome. A lovely birthday gift,” reads the caption of the post.Watch the viral video here:Grandfather sings ‘What A Wonderful World’ to his grandson, Joseph, who has down syndrome. A lovely birthday gift! HAPPY BIRTHDAY . (:mysticalmeghan).pic.twitter.com/No4DbbjXoe— GoodNewsCorrespondent (@GoodNewsCorres1) April 5, 2022
After being shared online, the video amassed over 3 lakh views. Netizens simply loved the touching performance by Joseph’s grandfather and called it beautiful.“So touching when that child lays his head on his grandfather's chest. Can't beat that moment,” a user wrote.Another user commented, “I think that is just about the most beautiful thing I have seen here on Twitter in a long time.”See the comments here:If you didn't shed a tear watching this, check yourself for a pulse— Buds4life (@Buds4life2) April 5, 2022
yes , thank you Anna pic.twitter.com/pDgxiwbcV7— Eva A.Colin #WeAreTheCavalry NO DMS (@EvaColin9) April 5, 2022
""What A Wonderful World"" it is to see so much love between the two of youGreatest gift everThanks for sharingHappy Birthday Joseph— Char (@ceb1199) April 5, 2022
So touching when that child lays his head on his grandfather's chest --- love. Can't beat that moment.— Skeptical_Texan (@Skeptical_Texan) April 6, 2022
Completely undone by this video in the best way possible. I’m off to bed with a smile on my face and mascara running through it. There truly are better angels.— Dr. Fully Boosted (@makethataplattr) April 6, 2022
I think that is just about the most beautiful thing I have seen here on the Twitters in a long time.— looooool (@loooooo02942311) April 5, 2022
What a Wonderful World released in 1967 and the vocals of the song were given by Louis Asrmstrong.Listen to the song here:So precious!Live TVALSO READ | 22-year-old Punjab boy sells golgappa, chaat dressed in suit. Watch viral video to know the reason",NA,https://www.indiatoday.in/trending-news/story/grandpa-sings-what-a-wonderful-world-for-grandson-with-down-syndrome-on-his-birthday-heartwarming-viral-video-1934297-2022-04-06
4,trending-news,Anand Mahindra's viral post featuring a stunning view of Mount Everest is all about looking at the bigger picture,"(6, 4, 2022)","Mahindra Group Chairman Anand Mahindra is an avid social media user and surely knows how to keep his followers hooked. He often delights his fans and followers with million-dollar videos and pictures. Now, the industrialist took to Twitter to share a stunning 360 degrees view of Mount Everest with an inspiring caption. The post has obviously gone viral and you should definitely check it out.

Anand Mahindra took to Twitter to post a breathtaking 360 degrees view of Mount Everest. The short clip was originally shared by Amazing Nature and features the majestic beauty of the highest mountain range.“A 360 degree view from the top of Mount Everest. Sometimes, when you have to make hard decisions, it helps to imagine you’re on top of Everest with an unobstructed view of the world. It becomes easier to see the big picture,” reads the caption of the post.Watch the viral video here:360 degree view from the top of Mount Everest. Sometimes, when you have to make hard decisions, it helps to imagine you’re on top of Everest with an unobstructed view of the world. Becomes easier to see the ‘big picture.’pic.twitter.com/qciTw4L7j4— anand mahindra (@anandmahindra) April 5, 2022
After being shared online, the clip garnered over 4 lakh views. Netizens simply loved the video and the motivating caption with it.“A spectacular view from the top,” a user wrote.Another user commented, “I am right at the top of the world launging cozily on my sofa and not feeling the chills at all. The mountaineer has done the job for me. Thanks for sharing @anandmahindra.”See the comments here:Bravo https://t.co/vK2aahZvTK— Sabin (@Sabin46496104) April 6, 2022
@anandmahindra Thank you for this Amazing view, of one of the rare seen part of our Earth . https://t.co/oISOMolQQU— Health Chakra Pvt Ltd (@healthchakra1) April 6, 2022
Definitely view is changed when you are at the top.change for positive..: https://t.co/FRj98CGFvF— Pushpendra Thakkar (@pramukh999) April 6, 2022
I am benifited by this video. Guess how.I am right at the top of the world launging cozily on my sofa and not feeling the chills at all. The mountaineer has done the job for me.Thanks for sharing @anandmahindra https://t.co/bh9mKgP7z6— Mandar Dhavale (@MandarDhavale26) April 6, 2022
A spectacular view from the Top! https://t.co/00JLZNLFDh— jadav kakoti (@kakoti2011jadav) April 5, 2022
And such views also makes you realize how tiny and temporary you are in this world. There were no Himalayas before millions of years and there would be none after millions of years. Nothing is permanent. So what are we holding on to? https://t.co/koyRHom7Hy— Anukriti Sharma, IPS (@ipsanukriti14) April 5, 2022
Beautiful, isn’t it?Live TVALSO READ | Canadian couple turns resort into home for Ukrainian refugees. Full story here",NA,https://www.indiatoday.in/trending-news/story/anand-mahindra-s-viral-post-featuring-a-stunning-view-of-mount-everest-is-all-about-looking-at-the-bigger-picture-1934257-2022-04-06
5,trending-news,"22-year-old Punjab boy sells golgappa, chaat dressed in suit. Watch viral video to know the reason","(6, 4, 2022)","‘Koi kaam chhota ya bada nahi hota’ is an old aphorism often cited by our parents and elders. Likewise, it is not necessary that dress codes have to be followed by top officials and corporates in boardrooms or offices. This 22-year-old boy from Punjab is taking the internet by storm for a very special reason. He has a roadside eatery where he sells an array of chaats papri chaat, golgappa and dahi bhalla. While his eatery sells some delectable chaats, he has garnered a lot of attention online for his dress code. The young boy sells golgappe and chaat wearing a business suit. YouTuber Harry Uppal, who visited the shop recently, documented his journey in a video and also the reason why he wears a suit while attending to his customers. The clip which was uploaded on March 24 and has over 5 lakh views.

Food vlogger Harry Uppal shared this video about two brothers who run a roadside eatery in Mohali. They have been working really hard for the past few months to make their business a big success. So, why does he wear a suit while working at his food cart? Well, “ye bas hotel management ka sign hai (this is just a sign that I have done hotel management). “I have a degree in hotel management and we want people to know it and people do know our story,” the 22-year-old said.Watch the video here:Of course, netizens were all praise for the hardworking brothers. These Young Chefs are on their way to becoming Millionaires.. I'm not sure who is saying that they are not doing the right work.. I would never do the job and i'm going to be doing what these young guys are doing and their dress code just makes them more professional. Amazing and Salute to them and hope few more young people learn from these Greats (sic),” a user wrote.See more comments below: What do you think about this video? Tell us in the comments section below.Live TVALSO READ| 'How to Murder Your Husband' author goes on trial for her spouse's murder. Viral story",NA,https://www.indiatoday.in/trending-news/story/22-year-old-punjab-boy-sells-golgappa-chaat-dressed-in-suit-watch-viral-video-to-know-the-reason-1934238-2022-04-06
6,trending-news,"Zomato, Swiggy down due to technical snag. Twitter responds with hilarious memes","(6, 4, 2022)","Food delivery apps Zomato and Swiggy reported a brief nationwide technical outage. Issues were reported by a lot of users on Twitter. People were not able to order food or even refresh the app on April 6. For those who were able to place an order, their delivery was delayed. The glitch caused by Amazon Web Services is reportedly the reason behind the two apps crashing.

Zomato and Swiggy were back within a few minutes. However, soon enough, #Zomato and #Swiggy started trending online and Twitter was flooded with memes. Some of the memes are so hilarious that they will surely tickle your funny bone.In this article, we have compiled some of the best reactions and memes posted by users on Twitter and you should definitely check them out.Take a look: @zomato down for 15 mins and Janta be like...BTW zomato bro, jaldi build deploy kardo mera khaana bhee on the way..#zomato #zomatodown #down pic.twitter.com/u48bUQx0UL— Rachit (@rachitkay) April 6, 2022
As #swiggy & #zomato are down,Nearby restaurants be like - pic.twitter.com/0QpVQxPjeu— Kaagaz Apps (@KaagazS) April 6, 2022
I’m dead hungry but #swiggy and #zomato decided to not work at the same time.The app isn’t working and crashing what to do?Why @swiggy_in and whyyyyy @zomato are you killing us with hunger— Deepanshi (@indianalways02) April 6, 2022
The apple I was planning on skipping after ordering food from Zomato. @zomato@zomatocare #Zomato #zomatodown pic.twitter.com/z90y6gYgmT— Lalit Kumar (@kumarspace97) April 6, 2022
Just me leaving the comfort of my home out into the hot Chennai afternoon to eat lunch.. Thanks #Swiggy and #Zomato pic.twitter.com/az0lFEsVKJ— Sivakaminathan Muthusamy (@rsiva229) April 6, 2022
Zomato got hit by buri duas of 100s of Desi Moms. #zomato #zomatodown pic.twitter.com/OOGodQJ7Xa— Pnect (@Pnect_) April 6, 2022
That's God way of saying I need to lose few inches #zomatodown #zomato #zomatoinstant @zomato @zomatocare @ZomatoProHelp pic.twitter.com/AjxCTJYuJ6— Richi Bhatnagar (@richibhatnagar) April 6, 2022
So, which one is your favourite?Live TVALSO READ | 'How to Murder Your Husband' author goes on trial for her spouse's murder. Viral story",NA,https://www.indiatoday.in/trending-news/story/zomato-swiggy-down-due-to-technical-snag-twitter-responds-with-hilarious-memes-1934225-2022-04-06
7,trending-news,Barack Obama refers to Joe Biden as ‘vice president’ at White House event. See what happened next in viral video,"(6, 4, 2022)","Barack Obama jokingly referred to Joe Biden as 'vice-president' on his return to the White House for the first time since 2017. Obama, who served two terms as president from 2009 to 2017, was there to celebrate the passage of his signature Affordable Care Act (ACA), alongside Biden who served with him in White House for two terms. As he addressed the people at the joint event, he jokingly referred to the current US President as ‘vice president’.

“It’s good to be back in the White House. It’s been a while,” he said after Vice President Kamala Harris introduced him in the East Room. Obama opened by referring to Biden as “vice president” before acknowledging that was a “set-up” joke and embracing his former No 2. He then goes on to give the US President a hug as the audience applauded them.Obama also said he and Biden accomplished “a lot” in their eight years but “nothing made me prouder than providing better health care and more protections to millions of people across this country.”Watch the video here:Obama: Thank you Vice President Biden That was a joke pic.twitter.com/8PqMwws28M— Acyn (@Acyn) April 5, 2022
Last week, during the Commissioning Commemoration Ceremony of the USS Delaware, Biden referred to Michelle Obama as the ‘vice president’. “I’m deeply proud of the work she is doing as First Lady with the Joining Forces initiative she started with Michelle Obama when she was Vice President and now carries on”,he said in the video.Watch the video here:Does Biden think Michelle Obama was Vice President?pic.twitter.com/SyzKLsu378— Benny (@bennyjohnson) April 2, 2022
The Affordable Care Act has survived repeated repeal attempts by Republicans. Obama was last at the White House on January 20, 2017, when he left to escort Donald Trump.Live TVALSO READ| Joe Biden refers to Michelle Obama as ‘Vice President’ during event. Internet reacts to viral video",NA,https://www.indiatoday.in/trending-news/story/barack-obama-refers-to-joe-biden-as-vice-president-at-white-house-event-see-what-happened-next-in-viral-video-1934211-2022-04-06
8,trending-news,Canadian couple turns resort into home for Ukrainian refugees. Full story here,"(6, 4, 2022)","The Russian invasion of Ukraine on February 24 sparked the biggest refugee crisis in Europe since World War II. Millions of people have left behind their homes and belongings. Many neighboring countries and people from all over the world have offered to help and provided shelter and a Canadian couple are among them too.

Brian and Sharon Holowaychuk, a couple based in Vancouver Island, have come up with a creative way to help the refugees. They are opening the doors to their homes, however, in a bigger way. How, you ask? Well, the couple are converting their 15,000-square-foot resort into a refugee home and are calling it the Ukrainian Safe Haven. Since Brian’s grandparents come from Ukraine, the issue is very close to their hearts.We’re in a position, in a place, in a time where we could help make a bit of a difference. And I thought, you know, it’s time to stand up and be counted,” Brian said to Global News. “My personal goal is 100 people. We’ve got 19 people booked to be coming in about two to three weeks,” he added.As per a report in Global News, The Holowaychuks bought the resort in East Sooke, known as the Grouse Nest, last year. It is built on a total of 33 hectares and is surrounded by trees, wildlife and overlooking the ocean waterfront. Initially, they thought of converting it into an art gallery and events centre and they had even started the remodeling process.The couple have also shared photos of the transformation process on Facebook. “Working on the small kitchen, the flooring is looking great, another great volunteer. It's great to have such seasoned pros helping. And the custom scaffolding build is going up so we can fix a broken window. It's a ton of work when access is so difficult,"" reads the caption of the post.See post here:Brian informed that he wants the refugees coming to Canada to feel safe and find the Ukrainian Safe Haven a place to rest for as long as they want. Moreover, the local community has shown huge support for the project. According to Global News, a Victoria-based lawyer, Stewart Johnston, decided to help by registering the project as a non-profit at no cost.“This is an extremely important cause and I’m really impressed with what they’re doing to help,” Johnston said. “I wanted to help out,” he added.Live TVALSO READ | Delivery boy breaks down after close shave with multiple accidents. Comedian Sahil Shah shares story in viral thread",NA,https://www.indiatoday.in/trending-news/story/canadian-couple-turns-resort-into-home-for-ukrainian-refugees-full-story-here-1934209-2022-04-06
9,trending-news,Delivery boy breaks down after close shave with multiple accidents. Comedian Sahil Shah shares story in viral thread,"(6, 4, 2022)","When you order your meal from food aggregators like Zomato and Swiggy and the delivery boy fails to show up at your doorstep on time, in all probability, you end up chiding him for being late. However, have you ever considered asking him the reason behind his late arrival? Was he involved in an accident? Was there any health emergency? Not everyone considers doing this. Comedian Sahil Shah posted on Twitter how a food delivery guy broke down in front of him because he almost had three accidents while delivering the food. In his post, he requested customers to be patient and nice because “a little bit of goodwill goes a long way.”

Needless to mention, Sahil Shah’s Twitter thread is viral. “Today I had a food delivery guy breakdown cause he almost had 3 accidents trying to deliver my food. I gave him water and a good tip and then apologised TO HIM cause my 500 buck dinner should NEVER be worth his life. Please be nice to your delivery people. They are doing their best (sic),” he wrote.Today I had a food delivery guy breakdown cause he almost had 3 accidents trying to deliver my food. I gave him water and a good tip and then apologised TO HIM cause my 500 buck dinner should NEVER be worth his life. Pls be nice to your delivery people.They are doing their best— Sahil Shah (@SahilBulla) April 4, 2022
“If you're food is late it's fine. I understand the anger. But they are risking their live's to get it to you and no matter how hungry you are...it should never be at the cost of someone's life (sic),” he mentioned in a subsequent tweet.If you're food is late it's fine. I understand the anger. But they are risking their live's to get it to you and no matter how hungry you are...it should never be at the cost of someone's life.— Sahil Shah (@SahilBulla) April 4, 2022
“Tip your delivery people. They don't get enough respect or money. Tip them. Be nice to them. Talk to them. Respect them. A little bit of goodwill goes a long way (sic),” Sahil Shah added.Tip your delivery people. They don't get enough respect or money. Tip them. Be nice to them. Talk to them. Respect them. A little bit of goodwill goes a long way.— Sahil Shah (@SahilBulla) April 4, 2022
He ended the Twitter thread saying, “Yeah there are bad incidents too. I agree. I've NEVER been rude to a single delivery person because I understand where they maybe coming from. The guy today said I was the first person in 10 years who spoke and understood him without complaining. Just be nice. That's all (sic).”Yeah there are bad incidents too. I agree. I've NEVER been rude to a single delivery person because I understand where they maybe coming from. The guy today said I was the first person in 10 years who spoke and understood him without complaining.Just be nice. That's all.— Sahil Shah (@SahilBulla) April 4, 2022
Of course, there were an array of reactions to Sahil Shah’s tweets. Some also looked concerned about Zomato’s newly-launched 10-minute delivery service. “Govt should come fwd regularizing this kind of speedy delivery. Hey @deepigoyal, you should stop this 10 minute instant delivery too. Learn from Dominos. They shut down their 30-minute pizza (sic),” a user wrote.Govt should come fwd regularizing this kind of speedy delivery.Hey @deepigoyal, you should stop this 10 minute instant delivery too.Learn from Dominos. They shut down their 30 minute pizza.— Sachin (@Really_sachin) April 4, 2022
“I don’t understand this, why people should be the one empathetic, providing tips, and all good gestures while the food delivery companies keep on doing promise which they can’t meet (sic),” another user wrote.I don’t understand this, why people should be the one empathetic, providing tips, and all good gestures while the food delivery companies keep on doing promise which they can’t meet.— Aditya Singh (@Singh_Iam_) April 6, 2022
See more comments below:Many a times I have experienced this.. you can't even schedule or delay the delivery.. the restaurants/ delivery crew can't help and are helpless as they are penalised for any delay!— Mukesh (@amibeingcynical) April 5, 2022
Figure out the eateries in your nearest marketOrder from thereSimple hai yaarEk aad baar swiggy zomato bhi theek hai...— Amit Kumar (@msgingamit) April 5, 2022
Once ordered some food in my clg and the Zomato app showed the delivery guy a totally wrong route. Lad was stuck at a place for 15 mins and I had to WhatsApp him my location. He felt so guilty he wouldn't even accept the tip. Told him it's alright & the tip was for his troubles.— send notes (@kotkar_kunal) April 4, 2022
I always enquire and hear them out on why the food's late. I never resort to anger because they've been through a lot. I always tip them and give them 5 star rating regardless.— Imthiaz Muhassin (@ImthiazMuhassin) April 4, 2022
The safety of food delivery partners and their working conditions has been a much-discussed issue for a very long time. On several occasions, these food aggregators have been accused of exploiting their delivery boys. Last month, after Zomato launched its 10-minute delivery service, the company received flak from a section of netizens.Live TVALSO READ| Zomato faces heat over 10-minute food delivery service, founder clarifies how it will work",NA,https://www.indiatoday.in/trending-news/story/delivery-boy-breaks-down-after-close-shave-with-multiple-accidents-comedian-sahil-shah-shares-story-in-viral-thread-1934112-2022-04-06
10,trending-news,'How to Murder Your Husband' author goes on trial for her spouse's murder. Viral story,"(6, 4, 2022)","The trial of a self-published romance writer accused of fatally shooting her chef husband started Monday.

Nancy Crampton Brophy has remained in custody since her arrest in September 2018, facing a murder charge in the death of Daniel Brophy, 63, The Oregonian/OregonLive reported.He was killed as he prepped for work at the Oregon Culinary Institute in Southwest Portland around 7:30 a.m. on June 2.Nancy Crampton Brophy is a self-published romance writer who years before her husband’s death penned an essay titled “How to Murder Your Husband.” Brophy’s death remained a mystery until his wife’s arrest, and authorities have never publicly disclosed another suspect.Investigators determined there were no signs of force or struggle and no signs of robbery. Brophy still had his wallet, cellphone, and car keys with him, documents said.Traffic cameras show Crampton Brophy’s minivan approaching and departing from city streets near the institute close to the apparent time of the shooting, court documents said.Multnomah County Senior Deputy District Attorney Shawn Overstreet told jurors Monday that Crampton Brophy was motivated by greed and a $1.4 million insurance policy.Lead defense attorney Lisa Maxfield said Crampton Brophy and her finances both deteriorated after Brophy’s death, far from the prosecution’s claim that she profited from ill-gotten gains.She previously entered not guilty plea to the charge.The trial is expected to last seven weeks.Live TVALSO READ| Little girl applies makeup to look like her pet dog. Adorable video is viral with over 8 million views",NA,https://www.indiatoday.in/trending-news/story/-how-to-murder-your-husband-author-goes-on-trial-for-her-spouse-s-murder-viral-story-1934067-2022-04-06
11,trending-news,Little girl applies makeup to look like her pet dog. Adorable video is viral with over 8 million views,"(6, 4, 2022)","If you are a fan of cute animal and kids’ videos, you must not miss this one under any circumstance. This little girl loves her pet dog very much and wants to look at him. What does she do, you ask? Well, she used makeup to look somewhat close to her pet dog. Don’t believe us? You need to watch this cute video of the toddler whose face is completely covered in makeup. The video appears to have been recorded by her mother and it is really adorable. The video was posted by Good News Movement’s Instagram account. It has close to 9 million views.

In the now-viral video, when the little girl is asked by her mother why she is applying that makeup, her response is pure gold. “Because I want to look like my dog Francisco,” pat came the answer. The camera then pans towards her pet dog and we can safely say that she sort of got the colour tones right, no kidding. The mother could barely hold back her laughter.Watch the video here:View this post on InstagramA post shared by Good News Movement (@goodnews_movement)
The internet absolutely loved this video. “She did a good job, very talented got the color scheme right and effectively put it on her face (sic),” a user wrote.See more comments below: We absolutely love this little girl’s honest attempt to look like her furry friend. What do you think?Live TVALSO READ| Telangana woman rubs chilli powder on son's eyes to punish him for ganja addiction. Viral video divides Internet",NA,https://www.indiatoday.in/trending-news/story/little-girl-applies-makeup-to-look-like-her-pet-dog-adorable-video-is-viral-with-over-8-million-views-1934058-2022-04-06
12,trending-news,"Wordle 291 word of the day, April 6. We’ll help you with clues and hints as well, by the way","(6, 4, 2022)","Were you able to solve today’s Wordle? If you haven’t been able to solve Wordle 291, fret not, because we have got you covered. This one is really easy, but if you are finding it difficult to crack the code, we will help you with hints. For starters, today’s Wordle word of the day is a punctuation mark used in sentences. It also means a pause Did you get it now? If not, read on for more clues.

HOW TO PLAY WORDLE?Wordle is a simple word-guessing game and requires the player to guess a five-letter word in six tries. The game is available on a website (https://www.nytimes.com/games/wordle/index.html) and you can play it from your mobile as well as laptop or computer. There is a grid and a keyboard on the Wordle website and you can choose your letters from it.To start, you have to type your first five-letter word guess. That forms the top row of the grid. If you get one of the letters correct in the grid, that box will turn green. If the letter that you guessed is in the word but not in the correct box, that space will turn yellow. If the player guesses anything else, the tile’s colour remains unchanged.STRATEGIES TO PLAY WORDLE BETTERTip #1: While playing Wordle, try to use letters that are common. The most common letters in the English language are e, t, a, i, o, n, s, h, and r. Try using these in the first few attempts.Tip #2: Don't waste your attempts on words that have a letter you've already eliminated, or letters in a position that they cannot be in.Tip #3: During your initial attempts, if a letter is marked yellow, it cannot be in the same position in any of the following guesses. It will also not be in any position that has already turned green. This means that you do not have to try all four remaining slots for a yellow letter.Tip #4: Think of words with common letters and give it a shot.WORDLE AND ITS INDIA CONNECTWordle was invented by Josh Wardle, a software engineer from Brooklyn, for his Indian partner, Palak Shah, who loves word games. So sweet, no? The name of the game is in line with the creator’s surname Wardle. Palak and Josh played the game for several months before its release in October 2021, The New York Times reports. Wordle has been sold to the New York Times.WORDLE 291 HINTSIt has two vowels.The first letter is a consonant.The word is a noun.THAT HINT WHICH WILL HELP YOU TO SOLVE IN A JIFFYIt starts with the letter C.It ends with the letter A.WORDLE 291 ANSWERThe answer for Wordle 291 is COMMA.Live TVALSO READ| Wordle 290 word of the day, April 5. We’ll help you with clues and hints as well, by the way",NA,https://www.indiatoday.in/trending-news/story/wordle-291-word-of-the-day-april-6-we-ll-help-you-with-clues-and-hints-as-well-by-the-way-1934051-2022-04-06
